candidate,validation_season,position_scope,feature,selection_rank,selection_score,selected_feature_count
stable_core_room_et_all_points__end_to_end_null,2022,ALL,lag2_rush_first_down_rate,1,0.03075262464650607,248
stable_core_room_et_all_points__end_to_end_null,2022,ALL,lag1_receiving_fumbles,2,0.030263506574658646,248
stable_core_room_et_all_points__end_to_end_null,2022,ALL,lag2_rush_yards_per_carry,3,0.029760143780982126,248
stable_core_room_et_all_points__end_to_end_null,2022,ALL,lag2_rushing_first_downs,4,0.02890885240881474,248
stable_core_room_et_all_points__end_to_end_null,2022,ALL,lag2_rushing_12,5,0.028220748721952876,248
stable_core_room_et_all_points__end_to_end_null,2022,ALL,lag2_rushing_yards,6,0.027901172521529776,248
stable_core_room_et_all_points__end_to_end_null,2022,ALL,lag2_fumbles_total,7,0.026304993472666897,248
stable_core_room_et_all_points__end_to_end_null,2022,ALL,lag2_rushing_10,8,0.025881215492894027,248
stable_core_room_et_all_points__end_to_end_null,2022,ALL,lag2_carries,9,0.02564759944470655,248
stable_core_room_et_all_points__end_to_end_null,2022,ALL,lag2_rushing_40,10,0.02498861343738684,248
stable_core_room_et_all_points__end_to_end_null,2022,ALL,lag1_receiving_fumbles_lost,11,0.022831411518085674,248
stable_core_room_et_all_points__end_to_end_null,2022,ALL,lag2_rush_20_rate,12,0.022216153238106554,248
stable_core_room_et_all_points__end_to_end_null,2022,ALL,lag2_rushing_fumbles,13,0.021022395256205792,248
stable_core_room_et_all_points__end_to_end_null,2022,ALL,lag2_fumbles_lost_total,14,0.02096892720624367,248
stable_core_room_et_all_points__end_to_end_null,2022,ALL,lag2_games,15,0.020902276084296477,248
stable_core_room_et_all_points__end_to_end_null,2022,ALL,lag2_rushing_20,16,0.02033598166123875,248
stable_core_room_et_all_points__end_to_end_null,2022,ALL,lag2_rushing_tds,17,0.01972366125904382,248
stable_core_room_et_all_points__end_to_end_null,2022,ALL,combine_cone,18,0.0190417096950209,248
stable_core_room_et_all_points__end_to_end_null,2022,ALL,missing_combine_cone,19,0.018980599434290306,248
stable_core_room_et_all_points__end_to_end_null,2022,ALL,lag2_history_available,20,0.01884930932089837,248
stable_core_room_et_all_points__end_to_end_null,2022,ALL,lag3_rush_yards_per_carry,21,0.01884298142518401,248
stable_core_room_et_all_points__end_to_end_null,2022,ALL,lag2_receptions,22,0.018784747858898478,248
stable_core_room_et_all_points__end_to_end_null,2022,ALL,lag3_rushing_12,23,0.018699099321497024,248
stable_core_room_et_all_points__end_to_end_null,2022,ALL,lag2_roster_weeks,24,0.018675391756887018,248
stable_core_room_et_all_points__end_to_end_null,2022,ALL,missing_combine_broad_jump,25,0.01841487051445468,248
stable_core_room_et_all_points__end_to_end_null,2022,ALL,lag2_sack_fumbles,26,0.017368488754061998,248
stable_core_room_et_all_points__end_to_end_null,2022,ALL,missing_combine_vertical,27,0.017099530329803984,248
stable_core_room_et_all_points__end_to_end_null,2022,ALL,lag2_sack_fumbles_lost,28,0.016884401882647664,248
stable_core_room_et_all_points__end_to_end_null,2022,ALL,lag3_rushing_yards,29,0.01673013960964245,248
stable_core_room_et_all_points__end_to_end_null,2022,ALL,combine_shuttle,30,0.016661936320542994,248
stable_core_room_et_all_points__end_to_end_null,2022,ALL,lag2_receiving_first_downs,31,0.016501295724111405,248
stable_core_room_et_all_points__end_to_end_null,2022,ALL,lag2_receiving_yards,32,0.015848649792902177,248
stable_core_room_et_all_points__end_to_end_null,2022,ALL,lag3_receiving_yards_per_reception,33,0.015781058414788527,248
stable_core_room_et_all_points__end_to_end_null,2022,ALL,missing_combine_shuttle,34,0.015761231993621384,248
stable_core_room_et_all_points__end_to_end_null,2022,ALL,combine_broad_jump,35,0.015672644227436323,248
stable_core_room_et_all_points__end_to_end_null,2022,ALL,lag3_rushing_10,36,0.015553645300522792,248
stable_core_room_et_all_points__end_to_end_null,2022,ALL,lag2_receiving_yards_per_reception,37,0.015524800182638116,248
stable_core_room_et_all_points__end_to_end_null,2022,ALL,lag3_rush_first_down_rate,38,0.015343923828075671,248
stable_core_room_et_all_points__end_to_end_null,2022,ALL,lag2_receiving_first_down_rate,39,0.01484158177136522,248
stable_core_room_et_all_points__end_to_end_null,2022,ALL,lag2_rushing_fumbles_lost,40,0.01480645352181787,248
stable_core_room_et_all_points__end_to_end_null,2022,ALL,lag3_receiving_first_down_rate,41,0.014778732158758027,248
stable_core_room_et_all_points__end_to_end_null,2022,ALL,lag4_receiving_yards_per_reception,42,0.014647593476319852,248
stable_core_room_et_all_points__end_to_end_null,2022,ALL,room_lag1_nonzero_competitors_receiving_yards,43,0.014571808092625944,248
stable_core_room_et_all_points__end_to_end_null,2022,ALL,lag3_receiving_16,44,0.014564160489683405,248
stable_core_room_et_all_points__end_to_end_null,2022,ALL,lag3_rushing_first_downs,45,0.014556128174779453,248
stable_core_room_et_all_points__end_to_end_null,2022,ALL,lag2_receiving_10,46,0.01452726117615828,248
stable_core_room_et_all_points__end_to_end_null,2022,ALL,lag3_games,47,0.01445365671267658,248
stable_core_room_et_all_points__end_to_end_null,2022,ALL,lag2_receiving_tds,48,0.014185874335801492,248
stable_core_room_et_all_points__end_to_end_null,2022,ALL,lag4_receiving_first_down_rate,49,0.014036667746216331,248
stable_core_room_et_all_points__end_to_end_null,2022,ALL,lag3_rushing_tds,50,0.013937258752105651,248
stable_core_room_et_all_points__end_to_end_null,2022,ALL,lag3_receiving_20_rate,51,0.013416178748398006,248
stable_core_room_et_all_points__end_to_end_null,2022,ALL,room_lag1_margin_receiving_yards,52,0.013184345248993165,248
stable_core_room_et_all_points__end_to_end_null,2022,ALL,lag3_rush_20_rate,53,0.013134832487843369,248
stable_core_room_et_all_points__end_to_end_null,2022,ALL,lag3_roster_weeks,54,0.013123016445383197,248
stable_core_room_et_all_points__end_to_end_null,2022,ALL,lag1_rushing_fumbles_lost,55,0.013034198890965623,248
stable_core_room_et_all_points__end_to_end_null,2022,ALL,combine_vertical,56,0.012853367145297704,248
stable_core_room_et_all_points__end_to_end_null,2022,ALL,lag1_receiving_yards,57,0.012659327577818852,248
stable_core_room_et_all_points__end_to_end_null,2022,ALL,lag3_rushing_20,58,0.012337346182880805,248
stable_core_room_et_all_points__end_to_end_null,2022,ALL,room_lag1_nonzero_competitors_attempts,59,0.01203500450920016,248
stable_core_room_et_all_points__end_to_end_null,2022,ALL,lag2_receiving_16,60,0.012034348781292697,248
stable_core_room_et_all_points__end_to_end_null,2022,ALL,lag2_passing_interceptions,61,0.01195570754322954,248
stable_core_room_et_all_points__end_to_end_null,2022,ALL,lag3_receiving_10,62,0.011787189269093114,248
stable_core_room_et_all_points__end_to_end_null,2022,ALL,lag3_history_available,63,0.01142027956261879,248
stable_core_room_et_all_points__end_to_end_null,2022,ALL,lag3_carries,64,0.011066115304131588,248
stable_core_room_et_all_points__end_to_end_null,2022,ALL,lag4_rushing_20,65,0.010857628597588088,248
stable_core_room_et_all_points__end_to_end_null,2022,ALL,lag4_rush_20_rate,66,0.01081721700056424,248
stable_core_room_et_all_points__end_to_end_null,2022,ALL,room_lag1_margin_attempts,67,0.010646612369124658,248
stable_core_room_et_all_points__end_to_end_null,2022,ALL,lag2_receiving_20,68,0.010561390285875985,248
stable_core_room_et_all_points__end_to_end_null,2022,ALL,lag3_interception_rate,69,0.010457290962055535,248
stable_core_room_et_all_points__end_to_end_null,2022,ALL,room_lag1_nonzero_competitors_receptions,70,0.010296415673681867,248
stable_core_room_et_all_points__end_to_end_null,2022,ALL,lag3_receiving_first_downs,71,0.010217959823692793,248
stable_core_room_et_all_points__end_to_end_null,2022,ALL,lag1_carries,72,0.010104508132659845,248
stable_core_room_et_all_points__end_to_end_null,2022,ALL,room_lag1_margin_rushing_yards,73,0.010092077939697243,248
stable_core_room_et_all_points__end_to_end_null,2022,ALL,lag1_receiving_20,74,0.010075884991387746,248
stable_core_room_et_all_points__end_to_end_null,2022,ALL,lag4_history_available,75,0.009951013535939881,248
stable_core_room_et_all_points__end_to_end_null,2022,ALL,lag3_receiving_20,76,0.009902415891266126,248
stable_core_room_et_all_points__end_to_end_null,2022,ALL,room_lag1_other_attempts,77,0.009894689009802043,248
stable_core_room_et_all_points__end_to_end_null,2022,ALL,lag2_sack_yards_lost,78,0.009794833275755577,248
stable_core_room_et_all_points__end_to_end_null,2022,ALL,lag4_receiving_20_rate,79,0.009774427375868465,248
stable_core_room_et_all_points__end_to_end_null,2022,ALL,lag3_receiving_yards,80,0.009696595436398942,248
stable_core_room_et_all_points__end_to_end_null,2022,ALL,lag2_interception_rate,81,0.009687331599773329,248
stable_core_room_et_all_points__end_to_end_null,2022,ALL,lag4_receiving_16,82,0.009671514309948141,248
stable_core_room_et_all_points__end_to_end_null,2022,ALL,combine_bench,83,0.009509920868987158,248
stable_core_room_et_all_points__end_to_end_null,2022,ALL,lag3_completions,84,0.009236062502691381,248
stable_core_room_et_all_points__end_to_end_null,2022,ALL,lag4_receiving_yards,85,0.009220851957124965,248
stable_core_room_et_all_points__end_to_end_null,2022,ALL,lag2_passing_40,86,0.009187944489823706,248
stable_core_room_et_all_points__end_to_end_null,2022,ALL,lag3_passing_yards,87,0.009180298930494659,248
stable_core_room_et_all_points__end_to_end_null,2022,ALL,lag3_receptions,88,0.00911661044402167,248
stable_core_room_et_all_points__end_to_end_null,2022,ALL,lag4_receiving_first_downs,89,0.009035888330900093,248
stable_core_room_et_all_points__end_to_end_null,2022,ALL,lag1_rushing_first_downs,90,0.008973073110892169,248
stable_core_room_et_all_points__end_to_end_null,2022,ALL,lag3_passing_interceptions,91,0.008909316422597003,248
stable_core_room_et_all_points__end_to_end_null,2022,ALL,lag3_sack_fumbles_lost,92,0.008711102224322125,248
stable_core_room_et_all_points__end_to_end_null,2022,ALL,lag4_rushing_fumbles,93,0.008696163150608066,248
stable_core_room_et_all_points__end_to_end_null,2022,ALL,lag2_receiving_40,94,0.00863075501708406,248
stable_core_room_et_all_points__end_to_end_null,2022,ALL,lag2_sacks_suffered,95,0.008524677393284455,248
stable_core_room_et_all_points__end_to_end_null,2022,ALL,lag1_receptions,96,0.008492833533528858,248
stable_core_room_et_all_points__end_to_end_null,2022,ALL,lag4_games,97,0.00845674630322069,248
stable_core_room_et_all_points__end_to_end_null,2022,ALL,missing_age,98,0.008401317686546719,248
stable_core_room_et_all_points__end_to_end_null,2022,ALL,lag2_receiving_20_rate,99,0.008394783205057803,248
stable_core_room_et_all_points__end_to_end_null,2022,ALL,lag1_rushing_40,100,0.008360475230678866,248
stable_core_room_et_all_points__end_to_end_null,2022,ALL,lag1_history_available,101,0.008283319119158772,248
stable_core_room_et_all_points__end_to_end_null,2022,ALL,lag4_receiving_10,102,0.008251534687658678,248
stable_core_room_et_all_points__end_to_end_null,2022,ALL,lag2_receiving_fumbles,103,0.008179234825579817,248
stable_core_room_et_all_points__end_to_end_null,2022,ALL,lag2_receiving_fumbles_lost,104,0.008108828241840019,248
stable_core_room_et_all_points__end_to_end_null,2022,ALL,lag3_passing_first_downs,105,0.00802938640437817,248
stable_core_room_et_all_points__end_to_end_null,2022,ALL,lag1_receiving_yards_per_reception,106,0.007985018727878199,248
stable_core_room_et_all_points__end_to_end_null,2022,ALL,missing_combine_bench,107,0.007934874751389804,248
stable_core_room_et_all_points__end_to_end_null,2022,ALL,lag1_rushing_tds,108,0.007807436748651941,248
stable_core_room_et_all_points__end_to_end_null,2022,ALL,lag1_receiving_first_downs,109,0.007689169917580415,248
stable_core_room_et_all_points__end_to_end_null,2022,ALL,missing_combine_forty,110,0.007689076334706572,248
stable_core_room_et_all_points__end_to_end_null,2022,ALL,lag4_roster_weeks,111,0.007681423379487007,248
stable_core_room_et_all_points__end_to_end_null,2022,ALL,lag3_passing_40,112,0.007676168799810075,248
stable_core_room_et_all_points__end_to_end_null,2022,ALL,lag1_rushing_fumbles,113,0.007538573793348052,248
stable_core_room_et_all_points__end_to_end_null,2022,ALL,lag2_passing_20,114,0.007527283231926954,248
stable_core_room_et_all_points__end_to_end_null,2022,ALL,lag3_attempts,115,0.007362439246516868,248
stable_core_room_et_all_points__end_to_end_null,2022,ALL,lag4_fumbles_total,116,0.007354519276490135,248
stable_core_room_et_all_points__end_to_end_null,2022,ALL,room_lag1_other_passing_yards,117,0.007314445865052197,248
stable_core_room_et_all_points__end_to_end_null,2022,ALL,room_lag1_margin_receptions,118,0.007019017630059034,248
stable_core_room_et_all_points__end_to_end_null,2022,ALL,lag4_receptions,119,0.0070030616657208,248
stable_core_room_et_all_points__end_to_end_null,2022,ALL,height,120,0.00699752566565528,248
stable_core_room_et_all_points__end_to_end_null,2022,ALL,lag1_receiving_20_rate,121,0.006960235000572961,248
stable_core_room_et_all_points__end_to_end_null,2022,ALL,room_lag1_other_carries,122,0.006921549631884337,248
stable_core_room_et_all_points__end_to_end_null,2022,ALL,lag3_sack_fumbles,123,0.006740347221452966,248
stable_core_room_et_all_points__end_to_end_null,2022,ALL,lag1_rushing_12,124,0.006561201936552241,248
stable_core_room_et_all_points__end_to_end_null,2022,ALL,lag4_rushing_fumbles_lost,125,0.006313443731696624,248
stable_core_room_et_all_points__end_to_end_null,2022,ALL,lag3_receiving_fumbles_lost,126,0.006282228081300568,248
stable_core_room_et_all_points__end_to_end_null,2022,ALL,lag1_rush_first_down_rate,127,0.0062729190397730296,248
stable_core_room_et_all_points__end_to_end_null,2022,ALL,lag3_passing_10,128,0.006268974298805552,248
stable_core_room_et_all_points__end_to_end_null,2022,ALL,lag1_receiving_16,129,0.006239044372700893,248
stable_core_room_et_all_points__end_to_end_null,2022,ALL,lag1_receiving_10,130,0.006049456637752015,248
stable_core_room_et_all_points__end_to_end_null,2022,ALL,room_lag1_margin_carries,131,0.006002875214825661,248
stable_core_room_et_all_points__end_to_end_null,2022,ALL,years_exp,132,0.005948703559996852,248
stable_core_room_et_all_points__end_to_end_null,2022,ALL,lag1_roster_weeks,133,0.005885312571652121,248
stable_core_room_et_all_points__end_to_end_null,2022,ALL,lag4_pass_td_rate,134,0.005879380892472376,248
stable_core_room_et_all_points__end_to_end_null,2022,ALL,lag1_rushing_yards,135,0.005856640435672552,248
stable_core_room_et_all_points__end_to_end_null,2022,ALL,weight,136,0.005782998927433762,248
stable_core_room_et_all_points__end_to_end_null,2022,ALL,lag1_fumbles_total,137,0.005762552814535919,248
stable_core_room_et_all_points__end_to_end_null,2022,ALL,lag4_receiving_tds,138,0.005733785860217357,248
stable_core_room_et_all_points__end_to_end_null,2022,ALL,lag3_completion_rate,139,0.005512795240325903,248
stable_core_room_et_all_points__end_to_end_null,2022,ALL,missing_years_exp,140,0.005505658115447423,248
stable_core_room_et_all_points__end_to_end_null,2022,ALL,lag1_receiving_40,141,0.005448104128827922,248
stable_core_room_et_all_points__end_to_end_null,2022,ALL,lag3_rushing_fumbles_lost,142,0.005436028482387459,248
stable_core_room_et_all_points__end_to_end_null,2022,ALL,lag3_fumbles_total,143,0.005364049390938289,248
stable_core_room_et_all_points__end_to_end_null,2022,ALL,lag3_passing_tds,144,0.005350235433433738,248
stable_core_room_et_all_points__end_to_end_null,2022,ALL,lag1_passing_40,145,0.005250364360282608,248
stable_core_room_et_all_points__end_to_end_null,2022,ALL,lag3_rushing_fumbles,146,0.005187928338798919,248
stable_core_room_et_all_points__end_to_end_null,2022,ALL,lag2_attempts,147,0.005186571043380727,248
stable_core_room_et_all_points__end_to_end_null,2022,ALL,room_lag1_nonzero_competitors_rushing_yards,148,0.005114690683101939,248
stable_core_room_et_all_points__end_to_end_null,2022,ALL,lag4_interception_rate,149,0.0051107171785459374,248
stable_core_room_et_all_points__end_to_end_null,2022,ALL,lag2_passing_10,150,0.004960767510172153,248
stable_core_room_et_all_points__end_to_end_null,2022,ALL,lag1_passing_16,151,0.004954856099502458,248
stable_core_room_et_all_points__end_to_end_null,2022,ALL,lag1_receiving_first_down_rate,152,0.004951334001351845,248
stable_core_room_et_all_points__end_to_end_null,2022,ALL,lag4_receiving_20,153,0.004934956575259207,248
stable_core_room_et_all_points__end_to_end_null,2022,ALL,lag1_receiving_tds,154,0.004922273435595531,248
stable_core_room_et_all_points__end_to_end_null,2022,ALL,lag2_passing_16,155,0.004860608469306749,248
stable_core_room_et_all_points__end_to_end_null,2022,ALL,lag2_completions,156,0.004817118791938674,248
stable_core_room_et_all_points__end_to_end_null,2022,ALL,lag1_sacks_suffered,157,0.004804553474463798,248
stable_core_room_et_all_points__end_to_end_null,2022,ALL,lag4_receiving_40,158,0.004734057165790023,248
stable_core_room_et_all_points__end_to_end_null,2022,ALL,lag2_passing_tds,159,0.004663114382314625,248
stable_core_room_et_all_points__end_to_end_null,2022,ALL,lag1_passing_yards,160,0.00462870124456636,248
stable_core_room_et_all_points__end_to_end_null,2022,ALL,lag1_passing_10,161,0.0046188045656872494,248
stable_core_room_et_all_points__end_to_end_null,2022,ALL,missing_draft_number,162,0.004514978546670971,248
stable_core_room_et_all_points__end_to_end_null,2022,ALL,missing_height,163,0.004514978546670971,248
stable_core_room_et_all_points__end_to_end_null,2022,ALL,missing_is_rookie,164,0.004514978546670971,248
stable_core_room_et_all_points__end_to_end_null,2022,ALL,missing_team_changed,165,0.004514978546670971,248
stable_core_room_et_all_points__end_to_end_null,2022,ALL,missing_was_drafted,166,0.004514978546670971,248
stable_core_room_et_all_points__end_to_end_null,2022,ALL,missing_weight,167,0.004514978546670971,248
stable_core_room_et_all_points__end_to_end_null,2022,ALL,position_QB,168,0.004514978546670971,248
stable_core_room_et_all_points__end_to_end_null,2022,ALL,position_RB,169,0.004514978546670971,248
stable_core_room_et_all_points__end_to_end_null,2022,ALL,position_TE,170,0.004514978546670971,248
stable_core_room_et_all_points__end_to_end_null,2022,ALL,position_WR,171,0.004514978546670971,248
stable_core_room_et_all_points__end_to_end_null,2022,ALL,lag1_sack_fumbles_lost,172,0.00449934700267568,248
stable_core_room_et_all_points__end_to_end_null,2022,ALL,lag4_pass_yards_per_attempt,173,0.004377531033378921,248
stable_core_room_et_all_points__end_to_end_null,2022,ALL,lag3_pass_td_rate,174,0.0043590403159681846,248
stable_core_room_et_all_points__end_to_end_null,2022,ALL,lag1_rushing_10,175,0.004307671258702654,248
stable_core_room_et_all_points__end_to_end_null,2022,ALL,lag1_passing_20,176,0.004304512737723723,248
stable_core_room_et_all_points__end_to_end_null,2022,ALL,lag1_sack_yards_lost,177,0.004290269681027376,248
stable_core_room_et_all_points__end_to_end_null,2022,ALL,is_rookie,178,0.004243675210089206,248
stable_core_room_et_all_points__end_to_end_null,2022,ALL,lag3_pass_yards_per_attempt,179,0.004224937334476022,248
stable_core_room_et_all_points__end_to_end_null,2022,ALL,lag4_rushing_40,180,0.004160872147245248,248
stable_core_room_et_all_points__end_to_end_null,2022,ALL,lag2_passing_first_downs,181,0.004061407898778699,248
stable_core_room_et_all_points__end_to_end_null,2022,ALL,lag4_passing_20,182,0.004059305821440939,248
stable_core_room_et_all_points__end_to_end_null,2022,ALL,lag1_passing_first_downs,183,0.003682451498413,248
stable_core_room_et_all_points__end_to_end_null,2022,ALL,lag4_rush_first_down_rate,184,0.0035466610110353445,248
stable_core_room_et_all_points__end_to_end_null,2022,ALL,lag4_receiving_fumbles,185,0.003406215152384479,248
stable_core_room_et_all_points__end_to_end_null,2022,ALL,lag1_sack_fumbles,186,0.003363339068839194,248
stable_core_room_et_all_points__end_to_end_null,2022,ALL,lag1_completions,187,0.003321721270504712,248
stable_core_room_et_all_points__end_to_end_null,2022,ALL,lag1_fumbles_lost_total,188,0.0032964881779473025,248
stable_core_room_et_all_points__end_to_end_null,2022,ALL,room_lag1_margin_passing_yards,189,0.003283004164256392,248
stable_core_room_et_all_points__end_to_end_null,2022,ALL,lag3_fumbles_lost_total,190,0.003265751425447273,248
stable_core_room_et_all_points__end_to_end_null,2022,ALL,lag4_passing_40,191,0.0032126261449805173,248
stable_core_room_et_all_points__end_to_end_null,2022,ALL,lag1_pass_td_rate,192,0.003144723786267936,248
stable_core_room_et_all_points__end_to_end_null,2022,ALL,lag3_passing_16,193,0.0030676321283512626,248
stable_core_room_et_all_points__end_to_end_null,2022,ALL,lag3_receiving_40,194,0.0030300419305535867,248
stable_core_room_et_all_points__end_to_end_null,2022,ALL,room_lag1_other_receiving_yards,195,0.00287522731678368,248
stable_core_room_et_all_points__end_to_end_null,2022,ALL,lag4_rushing_tds,196,0.002847195322350811,248
stable_core_room_et_all_points__end_to_end_null,2022,ALL,room_lag1_other_rushing_yards,197,0.0027611278207451484,248
stable_core_room_et_all_points__end_to_end_null,2022,ALL,lag4_sack_fumbles_lost,198,0.002664555753031461,248
stable_core_room_et_all_points__end_to_end_null,2022,ALL,draft_number,199,0.002620281399640027,248
stable_core_room_et_all_points__end_to_end_null,2022,ALL,lag1_rush_yards_per_carry,200,0.0026029158604093396,248
stable_core_room_et_all_points__end_to_end_null,2022,ALL,lag2_passing_yards,201,0.0025555614694506112,248
stable_core_room_et_all_points__end_to_end_null,2022,ALL,room_competitor_count,202,0.002539828835412563,248
stable_core_room_et_all_points__end_to_end_null,2022,ALL,lag4_sack_yards_lost,203,0.002515802150593121,248
stable_core_room_et_all_points__end_to_end_null,2022,ALL,lag1_interception_rate,204,0.0023325636664022218,248
stable_core_room_et_all_points__end_to_end_null,2022,ALL,lag2_completion_rate,205,0.0023063201865537457,248
stable_core_room_et_all_points__end_to_end_null,2022,ALL,lag1_rushing_20,206,0.0021757730414266197,248
stable_core_room_et_all_points__end_to_end_null,2022,ALL,room_lag1_nonzero_competitors_passing_yards,207,0.0021084719360505337,248
stable_core_room_et_all_points__end_to_end_null,2022,ALL,missing_draft_round,208,0.002064777782823784,248
stable_core_room_et_all_points__end_to_end_null,2022,ALL,lag4_receiving_fumbles_lost,209,0.0020543453592789885,248
stable_core_room_et_all_points__end_to_end_null,2022,ALL,room_lag1_nonzero_competitors_carries,210,0.0020483043682039113,248
stable_core_room_et_all_points__end_to_end_null,2022,ALL,lag4_rushing_yards,211,0.0020227707668304586,248
stable_core_room_et_all_points__end_to_end_null,2022,ALL,lag1_games,212,0.0019428741891696483,248
stable_core_room_et_all_points__end_to_end_null,2022,ALL,lag2_pass_yards_per_attempt,213,0.0019129525642672769,248
stable_core_room_et_all_points__end_to_end_null,2022,ALL,lag4_sack_fumbles,214,0.001854892109701976,248
stable_core_room_et_all_points__end_to_end_null,2022,ALL,room_lag1_other_receptions,215,0.0018024181437448852,248
stable_core_room_et_all_points__end_to_end_null,2022,ALL,lag3_passing_20,216,0.0017945479689752204,248
stable_core_room_et_all_points__end_to_end_null,2022,ALL,lag1_passing_tds,217,0.0017909110907239816,248
stable_core_room_et_all_points__end_to_end_null,2022,ALL,lag4_sacks_suffered,218,0.0017795695557244076,248
stable_core_room_et_all_points__end_to_end_null,2022,ALL,age,219,0.0017304856155959582,248
stable_core_room_et_all_points__end_to_end_null,2022,ALL,lag4_fumbles_lost_total,220,0.0016766826096697115,248
stable_core_room_et_all_points__end_to_end_null,2022,ALL,lag4_completion_rate,221,0.0016547627524126833,248
stable_core_room_et_all_points__end_to_end_null,2022,ALL,lag4_passing_16,222,0.0016154676853672473,248
stable_core_room_et_all_points__end_to_end_null,2022,ALL,lag4_attempts,223,0.001518979059890283,248
stable_core_room_et_all_points__end_to_end_null,2022,ALL,lag4_passing_interceptions,224,0.0014992999344472773,248
stable_core_room_et_all_points__end_to_end_null,2022,ALL,lag3_receiving_fumbles,225,0.0014704207213220206,248
stable_core_room_et_all_points__end_to_end_null,2022,ALL,draft_round,226,0.0014234876377782954,248
stable_core_room_et_all_points__end_to_end_null,2022,ALL,lag4_rushing_first_downs,227,0.0014080936490250004,248
stable_core_room_et_all_points__end_to_end_null,2022,ALL,combine_forty,228,0.001342287644287104,248
stable_core_room_et_all_points__end_to_end_null,2022,ALL,lag3_rushing_40,229,0.001223875968246086,248
stable_core_room_et_all_points__end_to_end_null,2022,ALL,lag4_passing_tds,230,0.0012070481499405039,248
stable_core_room_et_all_points__end_to_end_null,2022,ALL,lag4_rushing_10,231,0.00108763847729656,248
stable_core_room_et_all_points__end_to_end_null,2022,ALL,lag3_receiving_tds,232,0.000958516411928409,248
stable_core_room_et_all_points__end_to_end_null,2022,ALL,lag1_attempts,233,0.0009032958980104824,248
stable_core_room_et_all_points__end_to_end_null,2022,ALL,lag4_passing_first_downs,234,0.0007632739900652321,248
stable_core_room_et_all_points__end_to_end_null,2022,ALL,lag4_rushing_12,235,0.0007136930288468228,248
stable_core_room_et_all_points__end_to_end_null,2022,ALL,lag3_sack_yards_lost,236,0.0006897874087837702,248
stable_core_room_et_all_points__end_to_end_null,2022,ALL,lag3_sacks_suffered,237,0.0006868532924344291,248
stable_core_room_et_all_points__end_to_end_null,2022,ALL,was_drafted,238,0.0006448868789979247,248
stable_core_room_et_all_points__end_to_end_null,2022,ALL,lag4_completions,239,0.00062947452210333,248
stable_core_room_et_all_points__end_to_end_null,2022,ALL,lag1_completion_rate,240,0.0005663478494394495,248
stable_core_room_et_all_points__end_to_end_null,2022,ALL,lag1_rush_20_rate,241,0.0005514490969791186,248
stable_core_room_et_all_points__end_to_end_null,2022,ALL,lag4_passing_10,242,0.00044958757066557506,248
stable_core_room_et_all_points__end_to_end_null,2022,ALL,lag4_rush_yards_per_carry,243,0.0003955492823532267,248
stable_core_room_et_all_points__end_to_end_null,2022,ALL,lag2_pass_td_rate,244,0.00032950659951091235,248
stable_core_room_et_all_points__end_to_end_null,2022,ALL,lag1_pass_yards_per_attempt,245,0.00029458649304821695,248
stable_core_room_et_all_points__end_to_end_null,2022,ALL,lag4_carries,246,7.042167539218045e-05,248
stable_core_room_et_all_points__end_to_end_null,2022,ALL,lag1_passing_interceptions,247,4.418014443977504e-05,248
stable_core_room_et_all_points__end_to_end_null,2022,ALL,lag4_passing_yards,248,1.5435915486382734e-06,248
stable_core_room_et_all_points__end_to_end_null,2023,ALL,lag2_rush_first_down_rate,1,0.0331785181257365,248
stable_core_room_et_all_points__end_to_end_null,2023,ALL,lag2_rushing_first_downs,2,0.032445706958232505,248
stable_core_room_et_all_points__end_to_end_null,2023,ALL,lag2_rushing_12,3,0.030460952476148336,248
stable_core_room_et_all_points__end_to_end_null,2023,ALL,lag2_rushing_yards,4,0.029703853759902962,248
stable_core_room_et_all_points__end_to_end_null,2023,ALL,lag2_rush_yards_per_carry,5,0.029285951458854473,248
stable_core_room_et_all_points__end_to_end_null,2023,ALL,lag2_carries,6,0.028934504138820212,248
stable_core_room_et_all_points__end_to_end_null,2023,ALL,lag1_receiving_fumbles,7,0.0289305828299377,248
stable_core_room_et_all_points__end_to_end_null,2023,ALL,lag2_rushing_10,8,0.02892392431988959,248
stable_core_room_et_all_points__end_to_end_null,2023,ALL,lag2_fumbles_total,9,0.02655285185552708,248
stable_core_room_et_all_points__end_to_end_null,2023,ALL,lag2_games,10,0.022870843587980333,248
stable_core_room_et_all_points__end_to_end_null,2023,ALL,lag2_rushing_40,11,0.022861476572807963,248
stable_core_room_et_all_points__end_to_end_null,2023,ALL,lag1_receiving_fumbles_lost,12,0.022344852916213853,248
stable_core_room_et_all_points__end_to_end_null,2023,ALL,lag2_rushing_fumbles,13,0.021859479886404572,248
stable_core_room_et_all_points__end_to_end_null,2023,ALL,combine_cone,14,0.021484642427363046,248
stable_core_room_et_all_points__end_to_end_null,2023,ALL,missing_combine_cone,15,0.021424816806251117,248
stable_core_room_et_all_points__end_to_end_null,2023,ALL,lag2_sack_fumbles,16,0.021165525187937073,248
stable_core_room_et_all_points__end_to_end_null,2023,ALL,lag2_rushing_tds,17,0.02105511366637651,248
stable_core_room_et_all_points__end_to_end_null,2023,ALL,missing_combine_vertical,18,0.02095276921135246,248
stable_core_room_et_all_points__end_to_end_null,2023,ALL,lag2_fumbles_lost_total,19,0.020825880121149262,248
stable_core_room_et_all_points__end_to_end_null,2023,ALL,lag2_rush_20_rate,20,0.02060665965261548,248
stable_core_room_et_all_points__end_to_end_null,2023,ALL,missing_combine_broad_jump,21,0.020345235582806005,248
stable_core_room_et_all_points__end_to_end_null,2023,ALL,lag2_receptions,22,0.019452411217337193,248
stable_core_room_et_all_points__end_to_end_null,2023,ALL,lag2_rushing_20,23,0.019416694538641494,248
stable_core_room_et_all_points__end_to_end_null,2023,ALL,lag3_rush_yards_per_carry,24,0.01928989025867072,248
stable_core_room_et_all_points__end_to_end_null,2023,ALL,combine_shuttle,25,0.018738662535171313,248
stable_core_room_et_all_points__end_to_end_null,2023,ALL,lag3_rushing_12,26,0.018717923934514245,248
stable_core_room_et_all_points__end_to_end_null,2023,ALL,combine_broad_jump,27,0.018690646363811653,248
stable_core_room_et_all_points__end_to_end_null,2023,ALL,lag2_sack_fumbles_lost,28,0.017817548209897092,248
stable_core_room_et_all_points__end_to_end_null,2023,ALL,missing_combine_shuttle,29,0.017571006332331173,248
stable_core_room_et_all_points__end_to_end_null,2023,ALL,lag2_receiving_first_downs,30,0.017485087110039526,248
stable_core_room_et_all_points__end_to_end_null,2023,ALL,combine_vertical,31,0.017432565253735308,248
stable_core_room_et_all_points__end_to_end_null,2023,ALL,lag3_rushing_yards,32,0.017215097734856268,248
stable_core_room_et_all_points__end_to_end_null,2023,ALL,lag2_history_available,33,0.017158503989514705,248
stable_core_room_et_all_points__end_to_end_null,2023,ALL,lag3_rush_first_down_rate,34,0.016727008410340416,248
stable_core_room_et_all_points__end_to_end_null,2023,ALL,lag2_receiving_yards,35,0.01631798791462939,248
stable_core_room_et_all_points__end_to_end_null,2023,ALL,lag2_rushing_fumbles_lost,36,0.01600522938121756,248
stable_core_room_et_all_points__end_to_end_null,2023,ALL,lag3_rush_20_rate,37,0.015715919078874888,248
stable_core_room_et_all_points__end_to_end_null,2023,ALL,lag2_receiving_10,38,0.015320113664760321,248
stable_core_room_et_all_points__end_to_end_null,2023,ALL,lag2_roster_weeks,39,0.015108314711469846,248
stable_core_room_et_all_points__end_to_end_null,2023,ALL,lag3_rushing_10,40,0.015032571597333446,248
stable_core_room_et_all_points__end_to_end_null,2023,ALL,lag3_rushing_first_downs,41,0.01500127743537579,248
stable_core_room_et_all_points__end_to_end_null,2023,ALL,lag2_sack_yards_lost,42,0.01496096397055088,248
stable_core_room_et_all_points__end_to_end_null,2023,ALL,lag2_receiving_tds,43,0.014912380152704813,248
stable_core_room_et_all_points__end_to_end_null,2023,ALL,lag2_passing_interceptions,44,0.014849840507901668,248
stable_core_room_et_all_points__end_to_end_null,2023,ALL,lag3_rushing_20,45,0.0147589349870563,248
stable_core_room_et_all_points__end_to_end_null,2023,ALL,lag3_games,46,0.014517500056918133,248
stable_core_room_et_all_points__end_to_end_null,2023,ALL,room_lag1_nonzero_competitors_receiving_yards,47,0.014269176819128381,248
stable_core_room_et_all_points__end_to_end_null,2023,ALL,lag2_receiving_first_down_rate,48,0.014201111692738,248
stable_core_room_et_all_points__end_to_end_null,2023,ALL,lag2_receiving_yards_per_reception,49,0.013966285041674548,248
stable_core_room_et_all_points__end_to_end_null,2023,ALL,lag4_receiving_yards_per_reception,50,0.013682844132785924,248
stable_core_room_et_all_points__end_to_end_null,2023,ALL,lag2_sacks_suffered,51,0.013600188263460891,248
stable_core_room_et_all_points__end_to_end_null,2023,ALL,lag3_rushing_tds,52,0.013498236833818565,248
stable_core_room_et_all_points__end_to_end_null,2023,ALL,lag3_passing_yards,53,0.01331535952867702,248
stable_core_room_et_all_points__end_to_end_null,2023,ALL,lag2_passing_40,54,0.013278839488551105,248
stable_core_room_et_all_points__end_to_end_null,2023,ALL,lag3_completions,55,0.013187864954481245,248
stable_core_room_et_all_points__end_to_end_null,2023,ALL,room_lag1_margin_rushing_yards,56,0.013127259727500527,248
stable_core_room_et_all_points__end_to_end_null,2023,ALL,lag2_passing_20,57,0.012866706139600538,248
stable_core_room_et_all_points__end_to_end_null,2023,ALL,room_lag1_margin_receiving_yards,58,0.012467739570222361,248
stable_core_room_et_all_points__end_to_end_null,2023,ALL,missing_combine_forty,59,0.012427110263571099,248
stable_core_room_et_all_points__end_to_end_null,2023,ALL,lag3_receiving_yards_per_reception,60,0.012399790770482524,248
stable_core_room_et_all_points__end_to_end_null,2023,ALL,lag3_receiving_16,61,0.012381520034864299,248
stable_core_room_et_all_points__end_to_end_null,2023,ALL,lag3_receiving_first_down_rate,62,0.012350317997447428,248
stable_core_room_et_all_points__end_to_end_null,2023,ALL,lag3_receiving_20_rate,63,0.012234517706401946,248
stable_core_room_et_all_points__end_to_end_null,2023,ALL,lag4_receiving_first_down_rate,64,0.012137201115319636,248
stable_core_room_et_all_points__end_to_end_null,2023,ALL,lag3_carries,65,0.01211175979339161,248
stable_core_room_et_all_points__end_to_end_null,2023,ALL,lag2_receiving_16,66,0.01191568959437053,248
stable_core_room_et_all_points__end_to_end_null,2023,ALL,lag3_interception_rate,67,0.011860917483253245,248
stable_core_room_et_all_points__end_to_end_null,2023,ALL,lag3_passing_interceptions,68,0.011555707775267047,248
stable_core_room_et_all_points__end_to_end_null,2023,ALL,lag3_roster_weeks,69,0.011541444857197625,248
stable_core_room_et_all_points__end_to_end_null,2023,ALL,lag3_passing_first_downs,70,0.011430722542206081,248
stable_core_room_et_all_points__end_to_end_null,2023,ALL,room_lag1_margin_attempts,71,0.011323484581003646,248
stable_core_room_et_all_points__end_to_end_null,2023,ALL,lag2_interception_rate,72,0.011254024995581608,248
stable_core_room_et_all_points__end_to_end_null,2023,ALL,lag3_passing_40,73,0.0112486599487035,248
stable_core_room_et_all_points__end_to_end_null,2023,ALL,room_lag1_nonzero_competitors_receptions,74,0.011245643947426541,248
stable_core_room_et_all_points__end_to_end_null,2023,ALL,lag3_sack_fumbles_lost,75,0.011098499285264402,248
stable_core_room_et_all_points__end_to_end_null,2023,ALL,lag1_receiving_yards,76,0.011051456533171071,248
stable_core_room_et_all_points__end_to_end_null,2023,ALL,lag3_attempts,77,0.010810093027349378,248
stable_core_room_et_all_points__end_to_end_null,2023,ALL,lag4_receiving_16,78,0.010606420500721497,248
stable_core_room_et_all_points__end_to_end_null,2023,ALL,lag4_receiving_20_rate,79,0.010566417245684533,248
stable_core_room_et_all_points__end_to_end_null,2023,ALL,room_lag1_other_passing_yards,80,0.010510112283735593,248
stable_core_room_et_all_points__end_to_end_null,2023,ALL,combine_bench,81,0.01049829701805394,248
stable_core_room_et_all_points__end_to_end_null,2023,ALL,lag3_history_available,82,0.010171265351735745,248
stable_core_room_et_all_points__end_to_end_null,2023,ALL,lag2_passing_16,83,0.009923718556546534,248
stable_core_room_et_all_points__end_to_end_null,2023,ALL,room_lag1_nonzero_competitors_attempts,84,0.009874744772762498,248
stable_core_room_et_all_points__end_to_end_null,2023,ALL,lag4_rush_20_rate,85,0.009857113448646341,248
stable_core_room_et_all_points__end_to_end_null,2023,ALL,missing_age,86,0.00983207636608494,248
stable_core_room_et_all_points__end_to_end_null,2023,ALL,lag3_fumbles_total,87,0.009742588236590997,248
stable_core_room_et_all_points__end_to_end_null,2023,ALL,lag4_rushing_20,88,0.009727853573783534,248
stable_core_room_et_all_points__end_to_end_null,2023,ALL,lag4_games,89,0.009665058319807034,248
stable_core_room_et_all_points__end_to_end_null,2023,ALL,lag3_receiving_10,90,0.009635748234079864,248
stable_core_room_et_all_points__end_to_end_null,2023,ALL,lag3_completion_rate,91,0.009574596617325019,248
stable_core_room_et_all_points__end_to_end_null,2023,ALL,lag1_rushing_fumbles_lost,92,0.009496424454566166,248
stable_core_room_et_all_points__end_to_end_null,2023,ALL,lag2_passing_tds,93,0.009443201147328514,248
stable_core_room_et_all_points__end_to_end_null,2023,ALL,lag3_passing_10,94,0.009398506752491915,248
stable_core_room_et_all_points__end_to_end_null,2023,ALL,lag1_history_available,95,0.009362323216117591,248
stable_core_room_et_all_points__end_to_end_null,2023,ALL,lag3_receiving_20,96,0.009354257479984328,248
stable_core_room_et_all_points__end_to_end_null,2023,ALL,lag2_receiving_20,97,0.009310913098709845,248
stable_core_room_et_all_points__end_to_end_null,2023,ALL,lag3_sack_fumbles,98,0.009306768200237722,248
stable_core_room_et_all_points__end_to_end_null,2023,ALL,lag2_passing_10,99,0.009305366570026738,248
stable_core_room_et_all_points__end_to_end_null,2023,ALL,lag2_attempts,100,0.009244788302393146,248
stable_core_room_et_all_points__end_to_end_null,2023,ALL,lag1_rushing_tds,101,0.00917916066855265,248
stable_core_room_et_all_points__end_to_end_null,2023,ALL,lag4_receiving_10,102,0.00911652023861972,248
stable_core_room_et_all_points__end_to_end_null,2023,ALL,lag3_pass_yards_per_attempt,103,0.00906339776440008,248
stable_core_room_et_all_points__end_to_end_null,2023,ALL,missing_combine_bench,104,0.008912501843662447,248
stable_core_room_et_all_points__end_to_end_null,2023,ALL,lag3_rushing_fumbles_lost,105,0.008898504495518484,248
stable_core_room_et_all_points__end_to_end_null,2023,ALL,lag4_receiving_yards,106,0.008852102571887085,248
stable_core_room_et_all_points__end_to_end_null,2023,ALL,lag3_receiving_first_downs,107,0.00883224346772959,248
stable_core_room_et_all_points__end_to_end_null,2023,ALL,lag1_carries,108,0.008822125361835837,248
stable_core_room_et_all_points__end_to_end_null,2023,ALL,room_lag1_other_carries,109,0.008738108104261039,248
stable_core_room_et_all_points__end_to_end_null,2023,ALL,lag3_passing_tds,110,0.008666402884021769,248
stable_core_room_et_all_points__end_to_end_null,2023,ALL,lag4_history_available,111,0.00862442225154708,248
stable_core_room_et_all_points__end_to_end_null,2023,ALL,lag2_receiving_40,112,0.008618633940338032,248
stable_core_room_et_all_points__end_to_end_null,2023,ALL,lag2_completions,113,0.00861565476978004,248
stable_core_room_et_all_points__end_to_end_null,2023,ALL,lag1_receiving_20,114,0.008594113444950783,248
stable_core_room_et_all_points__end_to_end_null,2023,ALL,lag3_receiving_fumbles_lost,115,0.008330421857242996,248
stable_core_room_et_all_points__end_to_end_null,2023,ALL,lag3_rushing_fumbles,116,0.008305197847920345,248
stable_core_room_et_all_points__end_to_end_null,2023,ALL,room_lag1_margin_receptions,117,0.008151935405336264,248
stable_core_room_et_all_points__end_to_end_null,2023,ALL,lag2_passing_first_downs,118,0.008112514193464752,248
stable_core_room_et_all_points__end_to_end_null,2023,ALL,lag3_receptions,119,0.008059962309071128,248
stable_core_room_et_all_points__end_to_end_null,2023,ALL,lag4_receiving_first_downs,120,0.008009643042351071,248
stable_core_room_et_all_points__end_to_end_null,2023,ALL,lag1_roster_weeks,121,0.007958248573385856,248
stable_core_room_et_all_points__end_to_end_null,2023,ALL,lag1_receptions,122,0.00794552706400999,248
stable_core_room_et_all_points__end_to_end_null,2023,ALL,lag1_rushing_first_downs,123,0.007779734081878175,248
stable_core_room_et_all_points__end_to_end_null,2023,ALL,lag1_rushing_fumbles,124,0.007742243728773474,248
stable_core_room_et_all_points__end_to_end_null,2023,ALL,lag1_receiving_first_downs,125,0.007705990765938525,248
stable_core_room_et_all_points__end_to_end_null,2023,ALL,room_lag1_margin_carries,126,0.007659529525960158,248
stable_core_room_et_all_points__end_to_end_null,2023,ALL,lag3_receiving_yards,127,0.007649817474476827,248
stable_core_room_et_all_points__end_to_end_null,2023,ALL,lag3_pass_td_rate,128,0.007359272078982691,248
stable_core_room_et_all_points__end_to_end_null,2023,ALL,lag4_pass_td_rate,129,0.007278722340702893,248
stable_core_room_et_all_points__end_to_end_null,2023,ALL,lag4_receiving_tds,130,0.007226445806724096,248
stable_core_room_et_all_points__end_to_end_null,2023,ALL,room_lag1_other_attempts,131,0.007182472011935189,248
stable_core_room_et_all_points__end_to_end_null,2023,ALL,room_competitor_count,132,0.007139909675871221,248
stable_core_room_et_all_points__end_to_end_null,2023,ALL,lag3_passing_16,133,0.007028122089408459,248
stable_core_room_et_all_points__end_to_end_null,2023,ALL,lag1_fumbles_total,134,0.0070189754899245265,248
stable_core_room_et_all_points__end_to_end_null,2023,ALL,lag4_rushing_fumbles,135,0.006980906111806282,248
stable_core_room_et_all_points__end_to_end_null,2023,ALL,lag4_roster_weeks,136,0.006936975908117538,248
stable_core_room_et_all_points__end_to_end_null,2023,ALL,room_lag1_other_rushing_yards,137,0.006856801305531098,248
stable_core_room_et_all_points__end_to_end_null,2023,ALL,lag2_passing_yards,138,0.006748369284719106,248
stable_core_room_et_all_points__end_to_end_null,2023,ALL,lag1_rushing_12,139,0.006593269307954033,248
stable_core_room_et_all_points__end_to_end_null,2023,ALL,lag2_receiving_20_rate,140,0.0065143512795146526,248
stable_core_room_et_all_points__end_to_end_null,2023,ALL,lag1_receiving_tds,141,0.0064996483704397486,248
stable_core_room_et_all_points__end_to_end_null,2023,ALL,lag2_receiving_fumbles_lost,142,0.006418703920250113,248
stable_core_room_et_all_points__end_to_end_null,2023,ALL,room_lag1_nonzero_competitors_passing_yards,143,0.006384971319986503,248
stable_core_room_et_all_points__end_to_end_null,2023,ALL,lag3_fumbles_lost_total,144,0.006316780755607558,248
stable_core_room_et_all_points__end_to_end_null,2023,ALL,lag4_receptions,145,0.006269414046678048,248
stable_core_room_et_all_points__end_to_end_null,2023,ALL,lag4_receiving_20,146,0.006244851476591925,248
stable_core_room_et_all_points__end_to_end_null,2023,ALL,lag3_passing_20,147,0.0062006133365081935,248
stable_core_room_et_all_points__end_to_end_null,2023,ALL,lag4_rushing_fumbles_lost,148,0.005988169127671794,248
stable_core_room_et_all_points__end_to_end_null,2023,ALL,lag4_rushing_40,149,0.005986792380511788,248
stable_core_room_et_all_points__end_to_end_null,2023,ALL,lag1_receiving_16,150,0.005933392114794387,248
stable_core_room_et_all_points__end_to_end_null,2023,ALL,weight,151,0.005906540752964767,248
stable_core_room_et_all_points__end_to_end_null,2023,ALL,lag4_sack_yards_lost,152,0.005858040519999395,248
stable_core_room_et_all_points__end_to_end_null,2023,ALL,lag1_receiving_10,153,0.005824872549449797,248
stable_core_room_et_all_points__end_to_end_null,2023,ALL,lag4_rush_first_down_rate,154,0.005667619495210792,248
stable_core_room_et_all_points__end_to_end_null,2023,ALL,lag1_rushing_yards,155,0.005621234978754382,248
stable_core_room_et_all_points__end_to_end_null,2023,ALL,room_lag1_nonzero_competitors_rushing_yards,156,0.005536545085109598,248
stable_core_room_et_all_points__end_to_end_null,2023,ALL,is_rookie,157,0.005401939993935124,248
stable_core_room_et_all_points__end_to_end_null,2023,ALL,missing_years_exp,158,0.005285326831455163,248
stable_core_room_et_all_points__end_to_end_null,2023,ALL,lag1_rush_first_down_rate,159,0.0052817930833579455,248
stable_core_room_et_all_points__end_to_end_null,2023,ALL,lag4_sacks_suffered,160,0.0052166824326584475,248
stable_core_room_et_all_points__end_to_end_null,2023,ALL,lag4_passing_20,161,0.005171599885358456,248
stable_core_room_et_all_points__end_to_end_null,2023,ALL,lag1_receiving_20_rate,162,0.005149685280661977,248
stable_core_room_et_all_points__end_to_end_null,2023,ALL,lag1_receiving_yards_per_reception,163,0.0051127888014021764,248
stable_core_room_et_all_points__end_to_end_null,2023,ALL,lag1_fumbles_lost_total,164,0.0050549634256967435,248
stable_core_room_et_all_points__end_to_end_null,2023,ALL,lag4_receiving_fumbles,165,0.004995568299408282,248
stable_core_room_et_all_points__end_to_end_null,2023,ALL,lag1_sack_fumbles_lost,166,0.004953809501125911,248
stable_core_room_et_all_points__end_to_end_null,2023,ALL,lag2_pass_td_rate,167,0.004930288652294344,248
stable_core_room_et_all_points__end_to_end_null,2023,ALL,lag1_receiving_40,168,0.004757962418037465,248
stable_core_room_et_all_points__end_to_end_null,2023,ALL,years_exp,169,0.004756122808749437,248
stable_core_room_et_all_points__end_to_end_null,2023,ALL,combine_forty,170,0.004721145631163901,248
stable_core_room_et_all_points__end_to_end_null,2023,ALL,lag2_receiving_fumbles,171,0.004671982235037223,248
stable_core_room_et_all_points__end_to_end_null,2023,ALL,missing_draft_round,172,0.004555645764482043,248
stable_core_room_et_all_points__end_to_end_null,2023,ALL,height,173,0.004537152781576168,248
stable_core_room_et_all_points__end_to_end_null,2023,ALL,missing_draft_number,174,0.00450798142474044,248
stable_core_room_et_all_points__end_to_end_null,2023,ALL,missing_height,175,0.00450798142474044,248
stable_core_room_et_all_points__end_to_end_null,2023,ALL,missing_is_rookie,176,0.00450798142474044,248
stable_core_room_et_all_points__end_to_end_null,2023,ALL,missing_team_changed,177,0.00450798142474044,248
stable_core_room_et_all_points__end_to_end_null,2023,ALL,missing_was_drafted,178,0.00450798142474044,248
stable_core_room_et_all_points__end_to_end_null,2023,ALL,missing_weight,179,0.00450798142474044,248
stable_core_room_et_all_points__end_to_end_null,2023,ALL,position_QB,180,0.00450798142474044,248
stable_core_room_et_all_points__end_to_end_null,2023,ALL,position_RB,181,0.00450798142474044,248
stable_core_room_et_all_points__end_to_end_null,2023,ALL,position_TE,182,0.00450798142474044,248
stable_core_room_et_all_points__end_to_end_null,2023,ALL,position_WR,183,0.00450798142474044,248
stable_core_room_et_all_points__end_to_end_null,2023,ALL,lag1_rushing_10,184,0.0044986661612493855,248
stable_core_room_et_all_points__end_to_end_null,2023,ALL,draft_round,185,0.004345497435166309,248
stable_core_room_et_all_points__end_to_end_null,2023,ALL,lag4_fumbles_total,186,0.00430261234832447,248
stable_core_room_et_all_points__end_to_end_null,2023,ALL,lag4_rushing_first_downs,187,0.0041092696502847345,248
stable_core_room_et_all_points__end_to_end_null,2023,ALL,lag1_rushing_20,188,0.004083291818296816,248
stable_core_room_et_all_points__end_to_end_null,2023,ALL,lag4_pass_yards_per_attempt,189,0.004062193796899592,248
stable_core_room_et_all_points__end_to_end_null,2023,ALL,lag1_receiving_first_down_rate,190,0.004037045602700611,248
stable_core_room_et_all_points__end_to_end_null,2023,ALL,lag3_sacks_suffered,191,0.0036344484971374963,248
stable_core_room_et_all_points__end_to_end_null,2023,ALL,draft_number,192,0.003541691615610888,248
stable_core_room_et_all_points__end_to_end_null,2023,ALL,room_lag1_margin_passing_yards,193,0.0035319659739513395,248
stable_core_room_et_all_points__end_to_end_null,2023,ALL,lag1_completion_rate,194,0.003524829916199625,248
stable_core_room_et_all_points__end_to_end_null,2023,ALL,lag3_sack_yards_lost,195,0.0035071389492429203,248
stable_core_room_et_all_points__end_to_end_null,2023,ALL,lag4_rushing_tds,196,0.00336079134882066,248
stable_core_room_et_all_points__end_to_end_null,2023,ALL,lag4_passing_tds,197,0.0032579246869042077,248
stable_core_room_et_all_points__end_to_end_null,2023,ALL,was_drafted,198,0.003256635178511073,248
stable_core_room_et_all_points__end_to_end_null,2023,ALL,lag1_passing_40,199,0.0032237661823540714,248
stable_core_room_et_all_points__end_to_end_null,2023,ALL,lag4_passing_16,200,0.0031714403765376173,248
stable_core_room_et_all_points__end_to_end_null,2023,ALL,lag4_passing_40,201,0.0030946957103969593,248
stable_core_room_et_all_points__end_to_end_null,2023,ALL,lag4_carries,202,0.00308789514699929,248
stable_core_room_et_all_points__end_to_end_null,2023,ALL,lag1_games,203,0.0030696881906846726,248
stable_core_room_et_all_points__end_to_end_null,2023,ALL,lag4_passing_interceptions,204,0.0027600015914797655,248
stable_core_room_et_all_points__end_to_end_null,2023,ALL,lag4_rushing_10,205,0.0027437530173010293,248
stable_core_room_et_all_points__end_to_end_null,2023,ALL,lag4_receiving_40,206,0.0027101764099225576,248
stable_core_room_et_all_points__end_to_end_null,2023,ALL,lag1_pass_yards_per_attempt,207,0.002648733653313449,248
stable_core_room_et_all_points__end_to_end_null,2023,ALL,lag1_sacks_suffered,208,0.002627127769015507,248
stable_core_room_et_all_points__end_to_end_null,2023,ALL,lag4_rushing_12,209,0.002599548989845527,248
stable_core_room_et_all_points__end_to_end_null,2023,ALL,lag1_passing_interceptions,210,0.0025140875113260673,248
stable_core_room_et_all_points__end_to_end_null,2023,ALL,lag1_rush_20_rate,211,0.002507652129165827,248
stable_core_room_et_all_points__end_to_end_null,2023,ALL,lag1_rush_yards_per_carry,212,0.0024870327121480516,248
stable_core_room_et_all_points__end_to_end_null,2023,ALL,lag4_sack_fumbles,213,0.002453551630060248,248
stable_core_room_et_all_points__end_to_end_null,2023,ALL,room_lag1_nonzero_competitors_carries,214,0.0024205163214681778,248
stable_core_room_et_all_points__end_to_end_null,2023,ALL,lag4_fumbles_lost_total,215,0.0024160355409474496,248
stable_core_room_et_all_points__end_to_end_null,2023,ALL,lag1_attempts,216,0.0024047664686742665,248
stable_core_room_et_all_points__end_to_end_null,2023,ALL,lag4_rush_yards_per_carry,217,0.00230431716761141,248
stable_core_room_et_all_points__end_to_end_null,2023,ALL,lag1_sack_yards_lost,218,0.002280958692858026,248
stable_core_room_et_all_points__end_to_end_null,2023,ALL,lag1_rushing_40,219,0.00209528105323908,248
stable_core_room_et_all_points__end_to_end_null,2023,ALL,room_lag1_other_receiving_yards,220,0.0020457167618524925,248
stable_core_room_et_all_points__end_to_end_null,2023,ALL,lag2_pass_yards_per_attempt,221,0.0020279642993628957,248
stable_core_room_et_all_points__end_to_end_null,2023,ALL,lag4_sack_fumbles_lost,222,0.002012523817153081,248
stable_core_room_et_all_points__end_to_end_null,2023,ALL,lag1_passing_20,223,0.0019992963622151375,248
stable_core_room_et_all_points__end_to_end_null,2023,ALL,lag1_passing_16,224,0.0017124677891703869,248
stable_core_room_et_all_points__end_to_end_null,2023,ALL,lag4_receiving_fumbles_lost,225,0.0016735414455832233,248
stable_core_room_et_all_points__end_to_end_null,2023,ALL,lag4_passing_first_downs,226,0.0016309451441757301,248
stable_core_room_et_all_points__end_to_end_null,2023,ALL,lag4_completion_rate,227,0.0016151437105394691,248
stable_core_room_et_all_points__end_to_end_null,2023,ALL,lag1_passing_yards,228,0.0015772947885536836,248
stable_core_room_et_all_points__end_to_end_null,2023,ALL,lag3_receiving_tds,229,0.0013651365445093262,248
stable_core_room_et_all_points__end_to_end_null,2023,ALL,room_lag1_other_receptions,230,0.0013122448485866623,248
stable_core_room_et_all_points__end_to_end_null,2023,ALL,lag1_passing_10,231,0.0012800491847900512,248
stable_core_room_et_all_points__end_to_end_null,2023,ALL,lag2_completion_rate,232,0.0011921290462928872,248
stable_core_room_et_all_points__end_to_end_null,2023,ALL,lag1_sack_fumbles,233,0.001191390849698623,248
stable_core_room_et_all_points__end_to_end_null,2023,ALL,lag1_passing_first_downs,234,0.0009554877329552331,248
stable_core_room_et_all_points__end_to_end_null,2023,ALL,lag4_interception_rate,235,0.0009136063451605742,248
stable_core_room_et_all_points__end_to_end_null,2023,ALL,age,236,0.0008230731811877259,248
stable_core_room_et_all_points__end_to_end_null,2023,ALL,lag1_passing_tds,237,0.0008011044835613409,248
stable_core_room_et_all_points__end_to_end_null,2023,ALL,lag4_passing_yards,238,0.0007886975966917648,248
stable_core_room_et_all_points__end_to_end_null,2023,ALL,lag1_interception_rate,239,0.0005883016211150856,248
stable_core_room_et_all_points__end_to_end_null,2023,ALL,lag3_receiving_fumbles,240,0.0005628795124560575,248
stable_core_room_et_all_points__end_to_end_null,2023,ALL,lag1_completions,241,0.0005622020649112137,248
stable_core_room_et_all_points__end_to_end_null,2023,ALL,lag4_passing_10,242,0.00039966902594547955,248
stable_core_room_et_all_points__end_to_end_null,2023,ALL,lag1_pass_td_rate,243,0.00032398261768729167,248
stable_core_room_et_all_points__end_to_end_null,2023,ALL,lag4_completions,244,0.00023941949047870742,248
stable_core_room_et_all_points__end_to_end_null,2023,ALL,lag3_rushing_40,245,0.0002227919864067364,248
stable_core_room_et_all_points__end_to_end_null,2023,ALL,lag3_receiving_40,246,8.446390384483786e-05,248
stable_core_room_et_all_points__end_to_end_null,2023,ALL,lag4_rushing_yards,247,4.77691344123567e-05,248
stable_core_room_et_all_points__end_to_end_null,2023,ALL,lag4_attempts,248,2.6019711521674474e-05,248
stable_core_room_et_all_points__end_to_end_null,2024,ALL,lag2_rush_first_down_rate,1,0.031132250507540125,248
stable_core_room_et_all_points__end_to_end_null,2024,ALL,lag2_rushing_first_downs,2,0.030838461530321992,248
stable_core_room_et_all_points__end_to_end_null,2024,ALL,lag2_rushing_12,3,0.030474118938093125,248
stable_core_room_et_all_points__end_to_end_null,2024,ALL,lag1_receiving_fumbles,4,0.02967839543318935,248
stable_core_room_et_all_points__end_to_end_null,2024,ALL,lag2_rushing_10,5,0.02870285163122858,248
stable_core_room_et_all_points__end_to_end_null,2024,ALL,lag2_rushing_yards,6,0.028148162150171244,248
stable_core_room_et_all_points__end_to_end_null,2024,ALL,lag2_carries,7,0.027382907287877744,248
stable_core_room_et_all_points__end_to_end_null,2024,ALL,lag2_rush_yards_per_carry,8,0.026882752584054606,248
stable_core_room_et_all_points__end_to_end_null,2024,ALL,lag2_fumbles_total,9,0.024294327299882883,248
stable_core_room_et_all_points__end_to_end_null,2024,ALL,lag2_rushing_fumbles,10,0.02367573300410526,248
stable_core_room_et_all_points__end_to_end_null,2024,ALL,lag1_receiving_fumbles_lost,11,0.023416230468681347,248
stable_core_room_et_all_points__end_to_end_null,2024,ALL,lag2_games,12,0.021939241170939032,248
stable_core_room_et_all_points__end_to_end_null,2024,ALL,lag2_fumbles_lost_total,13,0.02111548406685569,248
stable_core_room_et_all_points__end_to_end_null,2024,ALL,lag2_rushing_tds,14,0.020812230949938657,248
stable_core_room_et_all_points__end_to_end_null,2024,ALL,lag2_rushing_40,15,0.020728452178571243,248
stable_core_room_et_all_points__end_to_end_null,2024,ALL,lag2_receptions,16,0.0202026595756961,248
stable_core_room_et_all_points__end_to_end_null,2024,ALL,lag2_sack_fumbles,17,0.02007476846305263,248
stable_core_room_et_all_points__end_to_end_null,2024,ALL,lag3_rushing_12,18,0.020068768522138864,248
stable_core_room_et_all_points__end_to_end_null,2024,ALL,lag2_rush_20_rate,19,0.019622891291846044,248
stable_core_room_et_all_points__end_to_end_null,2024,ALL,lag2_rushing_20,20,0.019266390338679613,248
stable_core_room_et_all_points__end_to_end_null,2024,ALL,lag3_rush_yards_per_carry,21,0.018556376663827593,248
stable_core_room_et_all_points__end_to_end_null,2024,ALL,combine_cone,22,0.018180081614432114,248
stable_core_room_et_all_points__end_to_end_null,2024,ALL,lag2_rushing_fumbles_lost,23,0.018117767625015067,248
stable_core_room_et_all_points__end_to_end_null,2024,ALL,lag2_receiving_first_downs,24,0.01773934207072319,248
stable_core_room_et_all_points__end_to_end_null,2024,ALL,missing_combine_cone,25,0.017358526184087827,248
stable_core_room_et_all_points__end_to_end_null,2024,ALL,lag3_rush_first_down_rate,26,0.017349350284727498,248
stable_core_room_et_all_points__end_to_end_null,2024,ALL,lag2_receiving_yards,27,0.017055775238495954,248
stable_core_room_et_all_points__end_to_end_null,2024,ALL,missing_combine_vertical,28,0.01695639419364746,248
stable_core_room_et_all_points__end_to_end_null,2024,ALL,lag2_sack_fumbles_lost,29,0.016792514164840996,248
stable_core_room_et_all_points__end_to_end_null,2024,ALL,lag2_receiving_yards_per_reception,30,0.016662169613487394,248
stable_core_room_et_all_points__end_to_end_null,2024,ALL,missing_combine_broad_jump,31,0.01666090653331792,248
stable_core_room_et_all_points__end_to_end_null,2024,ALL,lag2_history_available,32,0.01665224019331878,248
stable_core_room_et_all_points__end_to_end_null,2024,ALL,lag3_rushing_yards,33,0.016635971904699967,248
stable_core_room_et_all_points__end_to_end_null,2024,ALL,lag2_receiving_first_down_rate,34,0.015859371881323237,248
stable_core_room_et_all_points__end_to_end_null,2024,ALL,lag2_roster_weeks,35,0.01573704474309944,248
stable_core_room_et_all_points__end_to_end_null,2024,ALL,lag3_rushing_first_downs,36,0.015412697598551744,248
stable_core_room_et_all_points__end_to_end_null,2024,ALL,lag2_receiving_10,37,0.015378425992424836,248
stable_core_room_et_all_points__end_to_end_null,2024,ALL,combine_shuttle,38,0.015247696737141592,248
stable_core_room_et_all_points__end_to_end_null,2024,ALL,lag3_rushing_10,39,0.01493814052070672,248
stable_core_room_et_all_points__end_to_end_null,2024,ALL,lag3_rush_20_rate,40,0.014893791700241563,248
stable_core_room_et_all_points__end_to_end_null,2024,ALL,room_lag1_nonzero_competitors_receiving_yards,41,0.014828767304935462,248
stable_core_room_et_all_points__end_to_end_null,2024,ALL,lag2_receiving_tds,42,0.014818530422939178,248
stable_core_room_et_all_points__end_to_end_null,2024,ALL,lag2_sack_yards_lost,43,0.014535496360002299,248
stable_core_room_et_all_points__end_to_end_null,2024,ALL,room_lag1_margin_receiving_yards,44,0.014522620344752572,248
stable_core_room_et_all_points__end_to_end_null,2024,ALL,lag2_passing_interceptions,45,0.01411037027692183,248
stable_core_room_et_all_points__end_to_end_null,2024,ALL,combine_bench,46,0.01401570722962339,248
stable_core_room_et_all_points__end_to_end_null,2024,ALL,lag3_rushing_20,47,0.013896539549888592,248
stable_core_room_et_all_points__end_to_end_null,2024,ALL,lag3_interception_rate,48,0.013786125822137469,248
stable_core_room_et_all_points__end_to_end_null,2024,ALL,lag3_games,49,0.013772628090922598,248
stable_core_room_et_all_points__end_to_end_null,2024,ALL,missing_combine_shuttle,50,0.013631606374817693,248
stable_core_room_et_all_points__end_to_end_null,2024,ALL,lag4_receiving_first_down_rate,51,0.013507435073703595,248
stable_core_room_et_all_points__end_to_end_null,2024,ALL,combine_broad_jump,52,0.013378023542632846,248
stable_core_room_et_all_points__end_to_end_null,2024,ALL,lag3_receiving_first_down_rate,53,0.013258378515065894,248
stable_core_room_et_all_points__end_to_end_null,2024,ALL,combine_vertical,54,0.013232804486139994,248
stable_core_room_et_all_points__end_to_end_null,2024,ALL,lag2_sacks_suffered,55,0.013181169447452717,248
stable_core_room_et_all_points__end_to_end_null,2024,ALL,lag3_receiving_20_rate,56,0.013177120983105618,248
stable_core_room_et_all_points__end_to_end_null,2024,ALL,lag3_receiving_yards_per_reception,57,0.013165832067563749,248
stable_core_room_et_all_points__end_to_end_null,2024,ALL,lag3_rushing_tds,58,0.013117278028929844,248
stable_core_room_et_all_points__end_to_end_null,2024,ALL,lag2_passing_40,59,0.013111989701878745,248
stable_core_room_et_all_points__end_to_end_null,2024,ALL,lag3_passing_40,60,0.01301533796085357,248
stable_core_room_et_all_points__end_to_end_null,2024,ALL,lag1_receiving_yards,61,0.01288254855242774,248
stable_core_room_et_all_points__end_to_end_null,2024,ALL,lag4_receiving_yards_per_reception,62,0.012881350128706092,248
stable_core_room_et_all_points__end_to_end_null,2024,ALL,lag2_receiving_16,63,0.012793967938907832,248
stable_core_room_et_all_points__end_to_end_null,2024,ALL,lag3_passing_interceptions,64,0.01274930867860611,248
stable_core_room_et_all_points__end_to_end_null,2024,ALL,lag3_receiving_16,65,0.012644347192080196,248
stable_core_room_et_all_points__end_to_end_null,2024,ALL,missing_combine_bench,66,0.012380185445966948,248
stable_core_room_et_all_points__end_to_end_null,2024,ALL,lag3_carries,67,0.012196702633374393,248
stable_core_room_et_all_points__end_to_end_null,2024,ALL,lag3_roster_weeks,68,0.012027486162483843,248
stable_core_room_et_all_points__end_to_end_null,2024,ALL,room_lag1_nonzero_competitors_attempts,69,0.011887572979060748,248
stable_core_room_et_all_points__end_to_end_null,2024,ALL,lag1_carries,70,0.011611951777140452,248
stable_core_room_et_all_points__end_to_end_null,2024,ALL,room_lag1_nonzero_competitors_receptions,71,0.01137654731375351,248
stable_core_room_et_all_points__end_to_end_null,2024,ALL,lag3_passing_yards,72,0.011359174464672495,248
stable_core_room_et_all_points__end_to_end_null,2024,ALL,room_lag1_margin_attempts,73,0.011302806135158506,248
stable_core_room_et_all_points__end_to_end_null,2024,ALL,lag3_completions,74,0.011124783169639607,248
stable_core_room_et_all_points__end_to_end_null,2024,ALL,lag3_rushing_fumbles,75,0.010704754290791424,248
stable_core_room_et_all_points__end_to_end_null,2024,ALL,lag4_receiving_16,76,0.010672171016467323,248
stable_core_room_et_all_points__end_to_end_null,2024,ALL,lag3_history_available,77,0.010577779552565584,248
stable_core_room_et_all_points__end_to_end_null,2024,ALL,lag2_receiving_20,78,0.010454122363813389,248
stable_core_room_et_all_points__end_to_end_null,2024,ALL,lag1_rushing_first_downs,79,0.010440366613616544,248
stable_core_room_et_all_points__end_to_end_null,2024,ALL,lag2_interception_rate,80,0.010377473705107287,248
stable_core_room_et_all_points__end_to_end_null,2024,ALL,lag4_receiving_20_rate,81,0.010354873472599013,248
stable_core_room_et_all_points__end_to_end_null,2024,ALL,lag2_passing_20,82,0.010299710942757409,248
stable_core_room_et_all_points__end_to_end_null,2024,ALL,lag3_receiving_20,83,0.01023202946023892,248
stable_core_room_et_all_points__end_to_end_null,2024,ALL,lag1_receiving_20,84,0.010219535433473922,248
stable_core_room_et_all_points__end_to_end_null,2024,ALL,lag3_rushing_fumbles_lost,85,0.010092237907102095,248
stable_core_room_et_all_points__end_to_end_null,2024,ALL,lag3_receiving_10,86,0.01007791625934703,248
stable_core_room_et_all_points__end_to_end_null,2024,ALL,lag1_receptions,87,0.010067943242615403,248
stable_core_room_et_all_points__end_to_end_null,2024,ALL,room_lag1_nonzero_competitors_carries,88,0.009972916489831387,248
stable_core_room_et_all_points__end_to_end_null,2024,ALL,lag3_sack_fumbles_lost,89,0.009861249723041051,248
stable_core_room_et_all_points__end_to_end_null,2024,ALL,lag4_receiving_10,90,0.009787244720327668,248
stable_core_room_et_all_points__end_to_end_null,2024,ALL,room_lag1_margin_receptions,91,0.009539553205296055,248
stable_core_room_et_all_points__end_to_end_null,2024,ALL,missing_age,92,0.009483260432224052,248
stable_core_room_et_all_points__end_to_end_null,2024,ALL,room_lag1_other_passing_yards,93,0.009394123786913402,248
stable_core_room_et_all_points__end_to_end_null,2024,ALL,lag1_fumbles_total,94,0.009344169750765744,248
stable_core_room_et_all_points__end_to_end_null,2024,ALL,lag3_sack_fumbles,95,0.009288008966672923,248
stable_core_room_et_all_points__end_to_end_null,2024,ALL,lag3_receiving_first_downs,96,0.009267378616422774,248
stable_core_room_et_all_points__end_to_end_null,2024,ALL,lag3_passing_first_downs,97,0.00924853049329486,248
stable_core_room_et_all_points__end_to_end_null,2024,ALL,lag1_receiving_yards_per_reception,98,0.009194096912807726,248
stable_core_room_et_all_points__end_to_end_null,2024,ALL,lag4_rushing_20,99,0.009164277125012497,248
stable_core_room_et_all_points__end_to_end_null,2024,ALL,lag4_rush_20_rate,100,0.009142816095253664,248
stable_core_room_et_all_points__end_to_end_null,2024,ALL,lag1_rushing_12,101,0.0091340922357793,248
stable_core_room_et_all_points__end_to_end_null,2024,ALL,lag3_attempts,102,0.009120913541776198,248
stable_core_room_et_all_points__end_to_end_null,2024,ALL,lag3_passing_tds,103,0.009062025111403981,248
stable_core_room_et_all_points__end_to_end_null,2024,ALL,lag2_passing_tds,104,0.009061297378123863,248
stable_core_room_et_all_points__end_to_end_null,2024,ALL,lag1_receiving_first_downs,105,0.00903970768941162,248
stable_core_room_et_all_points__end_to_end_null,2024,ALL,lag2_passing_16,106,0.009025500284032966,248
stable_core_room_et_all_points__end_to_end_null,2024,ALL,lag1_rushing_yards,107,0.009016250262171054,248
stable_core_room_et_all_points__end_to_end_null,2024,ALL,lag4_receiving_tds,108,0.008989539421398938,248
stable_core_room_et_all_points__end_to_end_null,2024,ALL,lag3_fumbles_total,109,0.00888064492101556,248
stable_core_room_et_all_points__end_to_end_null,2024,ALL,lag2_receiving_20_rate,110,0.008860973194000619,248
stable_core_room_et_all_points__end_to_end_null,2024,ALL,lag2_passing_10,111,0.008805331000462897,248
stable_core_room_et_all_points__end_to_end_null,2024,ALL,lag4_receiving_first_downs,112,0.008766047403234943,248
stable_core_room_et_all_points__end_to_end_null,2024,ALL,room_lag1_other_receiving_yards,113,0.00876301206934335,248
stable_core_room_et_all_points__end_to_end_null,2024,ALL,lag1_receiving_16,114,0.008721811114223254,248
stable_core_room_et_all_points__end_to_end_null,2024,ALL,lag1_receiving_10,115,0.008643065798300865,248
stable_core_room_et_all_points__end_to_end_null,2024,ALL,lag3_receptions,116,0.008513331487916229,248
stable_core_room_et_all_points__end_to_end_null,2024,ALL,lag2_attempts,117,0.00843614660033557,248
stable_core_room_et_all_points__end_to_end_null,2024,ALL,lag2_completions,118,0.008428774662699265,248
stable_core_room_et_all_points__end_to_end_null,2024,ALL,lag3_receiving_yards,119,0.008425164916221358,248
stable_core_room_et_all_points__end_to_end_null,2024,ALL,lag1_receiving_tds,120,0.008402936756127752,248
stable_core_room_et_all_points__end_to_end_null,2024,ALL,lag1_rushing_tds,121,0.008355186361777345,248
stable_core_room_et_all_points__end_to_end_null,2024,ALL,lag3_passing_10,122,0.008238074880503488,248
stable_core_room_et_all_points__end_to_end_null,2024,ALL,lag2_passing_first_downs,123,0.008124937638242324,248
stable_core_room_et_all_points__end_to_end_null,2024,ALL,lag3_pass_td_rate,124,0.008049089639438445,248
stable_core_room_et_all_points__end_to_end_null,2024,ALL,lag4_receiving_yards,125,0.00804818678903825,248
stable_core_room_et_all_points__end_to_end_null,2024,ALL,missing_combine_forty,126,0.008036313566148935,248
stable_core_room_et_all_points__end_to_end_null,2024,ALL,lag1_rushing_10,127,0.008012941264445458,248
stable_core_room_et_all_points__end_to_end_null,2024,ALL,lag1_rushing_20,128,0.00794381697755645,248
stable_core_room_et_all_points__end_to_end_null,2024,ALL,lag1_receiving_40,129,0.007864420981697148,248
stable_core_room_et_all_points__end_to_end_null,2024,ALL,height,130,0.007798233750046439,248
stable_core_room_et_all_points__end_to_end_null,2024,ALL,lag4_history_available,131,0.007797511268072044,248
stable_core_room_et_all_points__end_to_end_null,2024,ALL,lag4_games,132,0.007759748400733146,248
stable_core_room_et_all_points__end_to_end_null,2024,ALL,lag1_receiving_20_rate,133,0.0075899028042614725,248
stable_core_room_et_all_points__end_to_end_null,2024,ALL,lag3_completion_rate,134,0.007567889911232711,248
stable_core_room_et_all_points__end_to_end_null,2024,ALL,lag1_rushing_fumbles_lost,135,0.007507840588192705,248
stable_core_room_et_all_points__end_to_end_null,2024,ALL,lag3_pass_yards_per_attempt,136,0.007433473232808022,248
stable_core_room_et_all_points__end_to_end_null,2024,ALL,lag1_history_available,137,0.007304835141663388,248
stable_core_room_et_all_points__end_to_end_null,2024,ALL,lag1_rush_first_down_rate,138,0.007160034261270766,248
stable_core_room_et_all_points__end_to_end_null,2024,ALL,lag2_receiving_40,139,0.007067851313963988,248
stable_core_room_et_all_points__end_to_end_null,2024,ALL,room_lag1_other_receptions,140,0.006922296457948458,248
stable_core_room_et_all_points__end_to_end_null,2024,ALL,lag3_receiving_fumbles_lost,141,0.006803357641947236,248
stable_core_room_et_all_points__end_to_end_null,2024,ALL,lag1_fumbles_lost_total,142,0.006676618152033768,248
stable_core_room_et_all_points__end_to_end_null,2024,ALL,lag3_fumbles_lost_total,143,0.006675430969456896,248
stable_core_room_et_all_points__end_to_end_null,2024,ALL,lag3_passing_16,144,0.006672465538463345,248
stable_core_room_et_all_points__end_to_end_null,2024,ALL,room_lag1_other_attempts,145,0.006655320444662718,248
stable_core_room_et_all_points__end_to_end_null,2024,ALL,weight,146,0.00660422762697816,248
stable_core_room_et_all_points__end_to_end_null,2024,ALL,lag2_passing_yards,147,0.006596895695247819,248
stable_core_room_et_all_points__end_to_end_null,2024,ALL,lag4_receiving_20,148,0.006464766808346715,248
stable_core_room_et_all_points__end_to_end_null,2024,ALL,lag1_rush_yards_per_carry,149,0.006414388386137133,248
stable_core_room_et_all_points__end_to_end_null,2024,ALL,lag1_games,150,0.006317978428442072,248
stable_core_room_et_all_points__end_to_end_null,2024,ALL,lag4_roster_weeks,151,0.006288705276028392,248
stable_core_room_et_all_points__end_to_end_null,2024,ALL,lag4_fumbles_total,152,0.006081574786690373,248
stable_core_room_et_all_points__end_to_end_null,2024,ALL,lag1_rush_20_rate,153,0.006066466378444736,248
stable_core_room_et_all_points__end_to_end_null,2024,ALL,lag2_receiving_fumbles_lost,154,0.006063489286002449,248
stable_core_room_et_all_points__end_to_end_null,2024,ALL,lag1_receiving_first_down_rate,155,0.006039952777900402,248
stable_core_room_et_all_points__end_to_end_null,2024,ALL,lag4_receptions,156,0.00589253597029311,248
stable_core_room_et_all_points__end_to_end_null,2024,ALL,lag4_pass_td_rate,157,0.0058713718356249835,248
stable_core_room_et_all_points__end_to_end_null,2024,ALL,lag3_passing_20,158,0.005705442777850173,248
stable_core_room_et_all_points__end_to_end_null,2024,ALL,lag1_sack_fumbles_lost,159,0.0055032829331903045,248
stable_core_room_et_all_points__end_to_end_null,2024,ALL,lag3_sacks_suffered,160,0.005498015825859051,248
stable_core_room_et_all_points__end_to_end_null,2024,ALL,lag3_sack_yards_lost,161,0.005388765015532322,248
stable_core_room_et_all_points__end_to_end_null,2024,ALL,room_lag1_margin_rushing_yards,162,0.005329481398621881,248
stable_core_room_et_all_points__end_to_end_null,2024,ALL,lag4_receiving_40,163,0.005267011744556121,248
stable_core_room_et_all_points__end_to_end_null,2024,ALL,lag4_rushing_40,164,0.005122285515148797,248
stable_core_room_et_all_points__end_to_end_null,2024,ALL,missing_years_exp,165,0.005095641946303332,248
stable_core_room_et_all_points__end_to_end_null,2024,ALL,lag4_rush_first_down_rate,166,0.005085113624324466,248
stable_core_room_et_all_points__end_to_end_null,2024,ALL,room_competitor_count,167,0.005005814355091246,248
stable_core_room_et_all_points__end_to_end_null,2024,ALL,lag1_roster_weeks,168,0.0047597925820677955,248
stable_core_room_et_all_points__end_to_end_null,2024,ALL,lag4_rushing_fumbles_lost,169,0.0046049489701328675,248
stable_core_room_et_all_points__end_to_end_null,2024,ALL,lag1_completion_rate,170,0.00457275075718895,248
stable_core_room_et_all_points__end_to_end_null,2024,ALL,lag4_sack_yards_lost,171,0.004527081461296434,248
stable_core_room_et_all_points__end_to_end_null,2024,ALL,lag4_rushing_fumbles,172,0.004521512141483196,248
stable_core_room_et_all_points__end_to_end_null,2024,ALL,missing_draft_number,173,0.00450166909814914,248
stable_core_room_et_all_points__end_to_end_null,2024,ALL,missing_height,174,0.00450166909814914,248
stable_core_room_et_all_points__end_to_end_null,2024,ALL,missing_is_rookie,175,0.00450166909814914,248
stable_core_room_et_all_points__end_to_end_null,2024,ALL,missing_team_changed,176,0.00450166909814914,248
stable_core_room_et_all_points__end_to_end_null,2024,ALL,missing_was_drafted,177,0.00450166909814914,248
stable_core_room_et_all_points__end_to_end_null,2024,ALL,missing_weight,178,0.00450166909814914,248
stable_core_room_et_all_points__end_to_end_null,2024,ALL,position_QB,179,0.00450166909814914,248
stable_core_room_et_all_points__end_to_end_null,2024,ALL,position_RB,180,0.00450166909814914,248
stable_core_room_et_all_points__end_to_end_null,2024,ALL,position_TE,181,0.00450166909814914,248
stable_core_room_et_all_points__end_to_end_null,2024,ALL,position_WR,182,0.00450166909814914,248
stable_core_room_et_all_points__end_to_end_null,2024,ALL,lag4_receiving_fumbles,183,0.004376007888850309,248
stable_core_room_et_all_points__end_to_end_null,2024,ALL,years_exp,184,0.004190985637280654,248
stable_core_room_et_all_points__end_to_end_null,2024,ALL,lag4_sacks_suffered,185,0.003996710217922502,248
stable_core_room_et_all_points__end_to_end_null,2024,ALL,lag4_rushing_first_downs,186,0.0039549700158354895,248
stable_core_room_et_all_points__end_to_end_null,2024,ALL,is_rookie,187,0.003920196736963088,248
stable_core_room_et_all_points__end_to_end_null,2024,ALL,lag1_pass_yards_per_attempt,188,0.003908725897217784,248
stable_core_room_et_all_points__end_to_end_null,2024,ALL,lag4_rushing_12,189,0.0038515496386990833,248
stable_core_room_et_all_points__end_to_end_null,2024,ALL,lag4_fumbles_lost_total,190,0.003802942910562355,248
stable_core_room_et_all_points__end_to_end_null,2024,ALL,lag2_pass_td_rate,191,0.003671583605050335,248
stable_core_room_et_all_points__end_to_end_null,2024,ALL,lag4_passing_20,192,0.003598696422418004,248
stable_core_room_et_all_points__end_to_end_null,2024,ALL,lag4_rushing_10,193,0.003525252836290282,248
stable_core_room_et_all_points__end_to_end_null,2024,ALL,lag1_attempts,194,0.0034293474015897516,248
stable_core_room_et_all_points__end_to_end_null,2024,ALL,lag4_receiving_fumbles_lost,195,0.0033229147638264276,248
stable_core_room_et_all_points__end_to_end_null,2024,ALL,lag1_rushing_fumbles,196,0.0032432565823980186,248
stable_core_room_et_all_points__end_to_end_null,2024,ALL,lag4_pass_yards_per_attempt,197,0.0031660579999700693,248
stable_core_room_et_all_points__end_to_end_null,2024,ALL,draft_round,198,0.0030856606959109886,248
stable_core_room_et_all_points__end_to_end_null,2024,ALL,lag1_passing_interceptions,199,0.002937403058965983,248
stable_core_room_et_all_points__end_to_end_null,2024,ALL,room_lag1_nonzero_competitors_passing_yards,200,0.0028714586047376626,248
stable_core_room_et_all_points__end_to_end_null,2024,ALL,room_lag1_nonzero_competitors_rushing_yards,201,0.002849813647305254,248
stable_core_room_et_all_points__end_to_end_null,2024,ALL,combine_forty,202,0.002773867230355268,248
stable_core_room_et_all_points__end_to_end_null,2024,ALL,lag1_passing_tds,203,0.002764138867865272,248
stable_core_room_et_all_points__end_to_end_null,2024,ALL,lag4_passing_40,204,0.00273333820353165,248
stable_core_room_et_all_points__end_to_end_null,2024,ALL,lag4_passing_interceptions,205,0.0025501186524029573,248
stable_core_room_et_all_points__end_to_end_null,2024,ALL,lag1_sack_yards_lost,206,0.002243937502464511,248
stable_core_room_et_all_points__end_to_end_null,2024,ALL,lag4_passing_16,207,0.0022409796354407488,248
stable_core_room_et_all_points__end_to_end_null,2024,ALL,lag4_passing_tds,208,0.00219970368684916,248
stable_core_room_et_all_points__end_to_end_null,2024,ALL,lag1_sacks_suffered,209,0.0021225965313838684,248
stable_core_room_et_all_points__end_to_end_null,2024,ALL,room_lag1_margin_passing_yards,210,0.002112628268076921,248
stable_core_room_et_all_points__end_to_end_null,2024,ALL,lag4_sack_fumbles_lost,211,0.0019291944768918751,248
stable_core_room_et_all_points__end_to_end_null,2024,ALL,lag4_rushing_tds,212,0.0016935998679148308,248
stable_core_room_et_all_points__end_to_end_null,2024,ALL,lag4_sack_fumbles,213,0.001574978410403652,248
stable_core_room_et_all_points__end_to_end_null,2024,ALL,age,214,0.0015415151700328758,248
stable_core_room_et_all_points__end_to_end_null,2024,ALL,lag3_receiving_tds,215,0.001528063314668774,248
stable_core_room_et_all_points__end_to_end_null,2024,ALL,lag2_receiving_fumbles,216,0.001527106377067565,248
stable_core_room_et_all_points__end_to_end_null,2024,ALL,lag1_completions,217,0.001337685246548198,248
stable_core_room_et_all_points__end_to_end_null,2024,ALL,lag1_sack_fumbles,218,0.001198321371088555,248
stable_core_room_et_all_points__end_to_end_null,2024,ALL,lag4_rush_yards_per_carry,219,0.0011466688197087128,248
stable_core_room_et_all_points__end_to_end_null,2024,ALL,lag4_passing_first_downs,220,0.0011366067620158485,248
stable_core_room_et_all_points__end_to_end_null,2024,ALL,lag1_rushing_40,221,0.0011352584347852303,248
stable_core_room_et_all_points__end_to_end_null,2024,ALL,lag4_carries,222,0.001055863319994816,248
stable_core_room_et_all_points__end_to_end_null,2024,ALL,draft_number,223,0.0010521974814235169,248
stable_core_room_et_all_points__end_to_end_null,2024,ALL,lag4_completion_rate,224,0.0009816548111635207,248
stable_core_room_et_all_points__end_to_end_null,2024,ALL,missing_draft_round,225,0.0009398091482219893,248
stable_core_room_et_all_points__end_to_end_null,2024,ALL,lag2_pass_yards_per_attempt,226,0.0008408646012461206,248
stable_core_room_et_all_points__end_to_end_null,2024,ALL,lag1_passing_40,227,0.0007377302212617142,248
stable_core_room_et_all_points__end_to_end_null,2024,ALL,room_lag1_other_carries,228,0.0006699832682557281,248
stable_core_room_et_all_points__end_to_end_null,2024,ALL,lag4_attempts,229,0.0006690765109601288,248
stable_core_room_et_all_points__end_to_end_null,2024,ALL,lag3_receiving_fumbles,230,0.0006624383163795017,248
stable_core_room_et_all_points__end_to_end_null,2024,ALL,lag1_passing_first_downs,231,0.0006149971514522665,248
stable_core_room_et_all_points__end_to_end_null,2024,ALL,lag4_rushing_yards,232,0.000587582975105892,248
stable_core_room_et_all_points__end_to_end_null,2024,ALL,lag1_pass_td_rate,233,0.00043192244754332825,248
stable_core_room_et_all_points__end_to_end_null,2024,ALL,lag1_passing_yards,234,0.00034381895962981145,248
stable_core_room_et_all_points__end_to_end_null,2024,ALL,lag2_completion_rate,235,0.000306966924919121,248
stable_core_room_et_all_points__end_to_end_null,2024,ALL,lag4_passing_yards,236,0.00027604372067721784,248
stable_core_room_et_all_points__end_to_end_null,2024,ALL,was_drafted,237,0.0002674368103855627,248
stable_core_room_et_all_points__end_to_end_null,2024,ALL,lag1_passing_10,238,0.00024289415391896696,248
stable_core_room_et_all_points__end_to_end_null,2024,ALL,lag4_completions,239,0.00023814781215331308,248
stable_core_room_et_all_points__end_to_end_null,2024,ALL,lag4_interception_rate,240,0.0001972497063032462,248
stable_core_room_et_all_points__end_to_end_null,2024,ALL,lag1_interception_rate,241,0.0001624689446085341,248
stable_core_room_et_all_points__end_to_end_null,2024,ALL,lag1_passing_16,242,0.00015434034838999084,248
stable_core_room_et_all_points__end_to_end_null,2024,ALL,lag4_passing_10,243,0.00014808410588113387,248
stable_core_room_et_all_points__end_to_end_null,2024,ALL,lag3_receiving_40,244,0.00014601772070338786,248
stable_core_room_et_all_points__end_to_end_null,2024,ALL,room_lag1_other_rushing_yards,245,0.00014014307921344184,248
stable_core_room_et_all_points__end_to_end_null,2024,ALL,lag3_rushing_40,246,0.0001240473183199662,248
stable_core_room_et_all_points__end_to_end_null,2024,ALL,room_lag1_margin_carries,247,5.3344075298547436e-05,248
stable_core_room_et_all_points__end_to_end_null,2024,ALL,lag1_passing_20,248,2.2828635347781943e-05,248
stable_core_room_et_all_points__end_to_end_null,2025,ALL,lag2_rush_first_down_rate,1,0.02926213314493531,248
stable_core_room_et_all_points__end_to_end_null,2025,ALL,lag2_rushing_first_downs,2,0.02781020135483505,248
stable_core_room_et_all_points__end_to_end_null,2025,ALL,lag2_rushing_yards,3,0.027192233713982626,248
stable_core_room_et_all_points__end_to_end_null,2025,ALL,lag2_rushing_12,4,0.026873311687666674,248
stable_core_room_et_all_points__end_to_end_null,2025,ALL,lag2_rush_yards_per_carry,5,0.025772256497497977,248
stable_core_room_et_all_points__end_to_end_null,2025,ALL,lag2_rushing_10,6,0.025696206891921813,248
stable_core_room_et_all_points__end_to_end_null,2025,ALL,lag2_carries,7,0.025534901817726007,248
stable_core_room_et_all_points__end_to_end_null,2025,ALL,lag1_receiving_fumbles,8,0.024078323694981016,248
stable_core_room_et_all_points__end_to_end_null,2025,ALL,lag2_fumbles_total,9,0.023703640278011785,248
stable_core_room_et_all_points__end_to_end_null,2025,ALL,lag2_fumbles_lost_total,10,0.02051523169788289,248
stable_core_room_et_all_points__end_to_end_null,2025,ALL,lag2_games,11,0.020067298792980102,248
stable_core_room_et_all_points__end_to_end_null,2025,ALL,lag2_rushing_fumbles,12,0.01874336660145661,248
stable_core_room_et_all_points__end_to_end_null,2025,ALL,lag1_receiving_fumbles_lost,13,0.018524794544881987,248
stable_core_room_et_all_points__end_to_end_null,2025,ALL,lag2_receptions,14,0.018508660786961954,248
stable_core_room_et_all_points__end_to_end_null,2025,ALL,lag2_sack_fumbles,15,0.017656066401763034,248
stable_core_room_et_all_points__end_to_end_null,2025,ALL,lag2_receiving_yards_per_reception,16,0.017654673152588687,248
stable_core_room_et_all_points__end_to_end_null,2025,ALL,lag3_rushing_12,17,0.017360504782826903,248
stable_core_room_et_all_points__end_to_end_null,2025,ALL,lag2_rush_20_rate,18,0.017033003378314156,248
stable_core_room_et_all_points__end_to_end_null,2025,ALL,lag3_rush_yards_per_carry,19,0.017022511884840722,248
stable_core_room_et_all_points__end_to_end_null,2025,ALL,lag2_rushing_tds,20,0.016949297122679678,248
stable_core_room_et_all_points__end_to_end_null,2025,ALL,lag3_rush_first_down_rate,21,0.016791410208717356,248
stable_core_room_et_all_points__end_to_end_null,2025,ALL,lag2_rushing_20,22,0.016461552407109913,248
stable_core_room_et_all_points__end_to_end_null,2025,ALL,room_lag1_nonzero_competitors_receiving_yards,23,0.01617816120771858,248
stable_core_room_et_all_points__end_to_end_null,2025,ALL,lag2_rushing_40,24,0.015949266211963888,248
stable_core_room_et_all_points__end_to_end_null,2025,ALL,lag2_receiving_yards,25,0.015778660802918315,248
stable_core_room_et_all_points__end_to_end_null,2025,ALL,lag2_rushing_fumbles_lost,26,0.015506680832006051,248
stable_core_room_et_all_points__end_to_end_null,2025,ALL,missing_combine_vertical,27,0.015420966961904307,248
stable_core_room_et_all_points__end_to_end_null,2025,ALL,combine_shuttle,28,0.014937611656750735,248
stable_core_room_et_all_points__end_to_end_null,2025,ALL,lag3_rushing_yards,29,0.014935580270023344,248
stable_core_room_et_all_points__end_to_end_null,2025,ALL,combine_cone,30,0.014933595913775233,248
stable_core_room_et_all_points__end_to_end_null,2025,ALL,lag2_receiving_first_downs,31,0.014750318231608455,248
stable_core_room_et_all_points__end_to_end_null,2025,ALL,missing_combine_cone,32,0.014445308325295671,248
stable_core_room_et_all_points__end_to_end_null,2025,ALL,lag3_interception_rate,33,0.01440773746631134,248
stable_core_room_et_all_points__end_to_end_null,2025,ALL,lag2_sack_fumbles_lost,34,0.014398483198883831,248
stable_core_room_et_all_points__end_to_end_null,2025,ALL,lag3_rushing_first_downs,35,0.014351893917558818,248
stable_core_room_et_all_points__end_to_end_null,2025,ALL,lag3_rush_20_rate,36,0.014279869090755213,248
stable_core_room_et_all_points__end_to_end_null,2025,ALL,missing_combine_broad_jump,37,0.014015712227799165,248
stable_core_room_et_all_points__end_to_end_null,2025,ALL,missing_combine_shuttle,38,0.013792515091616065,248
stable_core_room_et_all_points__end_to_end_null,2025,ALL,lag3_rushing_10,39,0.013660541333576184,248
stable_core_room_et_all_points__end_to_end_null,2025,ALL,lag3_passing_yards,40,0.0135387937422636,248
stable_core_room_et_all_points__end_to_end_null,2025,ALL,lag2_receiving_first_down_rate,41,0.013399149390556819,248
stable_core_room_et_all_points__end_to_end_null,2025,ALL,lag3_completions,42,0.0133772808621376,248
stable_core_room_et_all_points__end_to_end_null,2025,ALL,lag2_history_available,43,0.013313996731217687,248
stable_core_room_et_all_points__end_to_end_null,2025,ALL,room_lag1_nonzero_competitors_receptions,44,0.013259820390125026,248
stable_core_room_et_all_points__end_to_end_null,2025,ALL,room_lag1_other_passing_yards,45,0.013135926549574515,248
stable_core_room_et_all_points__end_to_end_null,2025,ALL,lag3_rushing_20,46,0.013088697759412527,248
stable_core_room_et_all_points__end_to_end_null,2025,ALL,lag3_passing_40,47,0.013007633088922357,248
stable_core_room_et_all_points__end_to_end_null,2025,ALL,lag3_passing_interceptions,48,0.012919167283646692,248
stable_core_room_et_all_points__end_to_end_null,2025,ALL,lag2_receiving_10,49,0.012912732655456111,248
stable_core_room_et_all_points__end_to_end_null,2025,ALL,combine_vertical,50,0.012804171485258812,248
stable_core_room_et_all_points__end_to_end_null,2025,ALL,lag2_sack_yards_lost,51,0.01267146561170731,248
stable_core_room_et_all_points__end_to_end_null,2025,ALL,lag2_passing_interceptions,52,0.01264287784428863,248
stable_core_room_et_all_points__end_to_end_null,2025,ALL,lag2_roster_weeks,53,0.012578111076681577,248
stable_core_room_et_all_points__end_to_end_null,2025,ALL,lag3_games,54,0.012435299776165212,248
stable_core_room_et_all_points__end_to_end_null,2025,ALL,lag1_receiving_yards,55,0.012214339251219118,248
stable_core_room_et_all_points__end_to_end_null,2025,ALL,lag3_attempts,56,0.01202848211494491,248
stable_core_room_et_all_points__end_to_end_null,2025,ALL,room_lag1_margin_receiving_yards,57,0.011987975085717185,248
stable_core_room_et_all_points__end_to_end_null,2025,ALL,combine_broad_jump,58,0.011958127976793487,248
stable_core_room_et_all_points__end_to_end_null,2025,ALL,lag3_carries,59,0.011888467794715592,248
stable_core_room_et_all_points__end_to_end_null,2025,ALL,combine_bench,60,0.01185897629599701,248
stable_core_room_et_all_points__end_to_end_null,2025,ALL,lag3_passing_first_downs,61,0.011737254842471031,248
stable_core_room_et_all_points__end_to_end_null,2025,ALL,lag2_receiving_tds,62,0.01168452927133781,248
stable_core_room_et_all_points__end_to_end_null,2025,ALL,lag2_sacks_suffered,63,0.011570090981315345,248
stable_core_room_et_all_points__end_to_end_null,2025,ALL,lag2_receiving_16,64,0.011238952993428723,248
stable_core_room_et_all_points__end_to_end_null,2025,ALL,lag3_passing_10,65,0.011232426311696042,248
stable_core_room_et_all_points__end_to_end_null,2025,ALL,lag3_completion_rate,66,0.01108641670230431,248
stable_core_room_et_all_points__end_to_end_null,2025,ALL,lag3_rushing_tds,67,0.010830038144203734,248
stable_core_room_et_all_points__end_to_end_null,2025,ALL,lag2_receiving_40,68,0.010744024553835626,248
stable_core_room_et_all_points__end_to_end_null,2025,ALL,room_lag1_margin_rushing_yards,69,0.010687944995947853,248
stable_core_room_et_all_points__end_to_end_null,2025,ALL,lag3_passing_tds,70,0.010629875815579937,248
stable_core_room_et_all_points__end_to_end_null,2025,ALL,room_lag1_margin_attempts,71,0.010623635095854764,248
stable_core_room_et_all_points__end_to_end_null,2025,ALL,lag3_pass_td_rate,72,0.01046358083202919,248
stable_core_room_et_all_points__end_to_end_null,2025,ALL,room_lag1_nonzero_competitors_attempts,73,0.010454026847570371,248
stable_core_room_et_all_points__end_to_end_null,2025,ALL,lag3_receiving_16,74,0.010420434274134463,248
stable_core_room_et_all_points__end_to_end_null,2025,ALL,missing_age,75,0.010247235994540832,248
stable_core_room_et_all_points__end_to_end_null,2025,ALL,lag2_passing_40,76,0.010231193042036277,248
stable_core_room_et_all_points__end_to_end_null,2025,ALL,lag3_receiving_first_down_rate,77,0.010204595036198041,248
stable_core_room_et_all_points__end_to_end_null,2025,ALL,lag3_pass_yards_per_attempt,78,0.010203321426012896,248
stable_core_room_et_all_points__end_to_end_null,2025,ALL,lag3_receiving_20_rate,79,0.010143431905422013,248
stable_core_room_et_all_points__end_to_end_null,2025,ALL,lag3_receiving_yards_per_reception,80,0.01004998410355143,248
stable_core_room_et_all_points__end_to_end_null,2025,ALL,lag1_rushing_fumbles_lost,81,0.009976566584564927,248
stable_core_room_et_all_points__end_to_end_null,2025,ALL,missing_combine_bench,82,0.0099360204815257,248
stable_core_room_et_all_points__end_to_end_null,2025,ALL,lag3_sack_fumbles,83,0.009766457277572175,248
stable_core_room_et_all_points__end_to_end_null,2025,ALL,lag3_passing_16,84,0.009681670581483627,248
stable_core_room_et_all_points__end_to_end_null,2025,ALL,lag3_roster_weeks,85,0.00958773983526077,248
stable_core_room_et_all_points__end_to_end_null,2025,ALL,lag4_receiving_first_down_rate,86,0.009573809133571677,248
stable_core_room_et_all_points__end_to_end_null,2025,ALL,lag1_receiving_yards_per_reception,87,0.00938873543471948,248
stable_core_room_et_all_points__end_to_end_null,2025,ALL,lag2_receiving_20,88,0.009367917647863799,248
stable_core_room_et_all_points__end_to_end_null,2025,ALL,lag1_carries,89,0.009348722351408052,248
stable_core_room_et_all_points__end_to_end_null,2025,ALL,lag1_receptions,90,0.009252029266272924,248
stable_core_room_et_all_points__end_to_end_null,2025,ALL,lag1_receiving_20,91,0.0092303254901234,248
stable_core_room_et_all_points__end_to_end_null,2025,ALL,lag2_receiving_20_rate,92,0.009181488710717358,248
stable_core_room_et_all_points__end_to_end_null,2025,ALL,lag3_sack_fumbles_lost,93,0.009037056293521755,248
stable_core_room_et_all_points__end_to_end_null,2025,ALL,lag4_receiving_yards_per_reception,94,0.00900797751577893,248
stable_core_room_et_all_points__end_to_end_null,2025,ALL,lag3_rushing_fumbles_lost,95,0.008924069581045389,248
stable_core_room_et_all_points__end_to_end_null,2025,ALL,lag2_interception_rate,96,0.00854135695208648,248
stable_core_room_et_all_points__end_to_end_null,2025,ALL,height,97,0.008502246061770788,248
stable_core_room_et_all_points__end_to_end_null,2025,ALL,lag3_history_available,98,0.008359485506520149,248
stable_core_room_et_all_points__end_to_end_null,2025,ALL,lag1_receiving_40,99,0.008210004957716083,248
stable_core_room_et_all_points__end_to_end_null,2025,ALL,lag1_receiving_first_downs,100,0.008171640488586781,248
stable_core_room_et_all_points__end_to_end_null,2025,ALL,lag3_receiving_fumbles_lost,101,0.00815241232242096,248
stable_core_room_et_all_points__end_to_end_null,2025,ALL,lag2_passing_20,102,0.008130527387472922,248
stable_core_room_et_all_points__end_to_end_null,2025,ALL,lag3_sacks_suffered,103,0.008084524053095527,248
stable_core_room_et_all_points__end_to_end_null,2025,ALL,lag4_rushing_20,104,0.007865077578149896,248
stable_core_room_et_all_points__end_to_end_null,2025,ALL,lag3_rushing_fumbles,105,0.007834288499976945,248
stable_core_room_et_all_points__end_to_end_null,2025,ALL,lag3_sack_yards_lost,106,0.007815968595005812,248
stable_core_room_et_all_points__end_to_end_null,2025,ALL,lag3_receiving_10,107,0.007758673648740707,248
stable_core_room_et_all_points__end_to_end_null,2025,ALL,lag3_passing_20,108,0.007718145043902182,248
stable_core_room_et_all_points__end_to_end_null,2025,ALL,missing_combine_forty,109,0.007688359235672378,248
stable_core_room_et_all_points__end_to_end_null,2025,ALL,lag3_fumbles_total,110,0.0076839445258102225,248
stable_core_room_et_all_points__end_to_end_null,2025,ALL,lag1_receiving_10,111,0.007603652822552058,248
stable_core_room_et_all_points__end_to_end_null,2025,ALL,lag4_rush_20_rate,112,0.007536010994482531,248
stable_core_room_et_all_points__end_to_end_null,2025,ALL,lag3_receiving_20,113,0.007456320335231252,248
stable_core_room_et_all_points__end_to_end_null,2025,ALL,lag1_receiving_16,114,0.007410678724173012,248
stable_core_room_et_all_points__end_to_end_null,2025,ALL,lag3_receiving_first_downs,115,0.0072320276824217955,248
stable_core_room_et_all_points__end_to_end_null,2025,ALL,lag1_fumbles_total,116,0.007200860577333609,248
stable_core_room_et_all_points__end_to_end_null,2025,ALL,lag2_passing_10,117,0.007172312312955961,248
stable_core_room_et_all_points__end_to_end_null,2025,ALL,lag2_attempts,118,0.007136824155153962,248
stable_core_room_et_all_points__end_to_end_null,2025,ALL,lag4_pass_td_rate,119,0.007128476360021833,248
stable_core_room_et_all_points__end_to_end_null,2025,ALL,lag1_receiving_tds,120,0.007127083367447257,248
stable_core_room_et_all_points__end_to_end_null,2025,ALL,lag4_receiving_tds,121,0.006995028063089038,248
stable_core_room_et_all_points__end_to_end_null,2025,ALL,lag2_passing_16,122,0.006990288271829149,248
stable_core_room_et_all_points__end_to_end_null,2025,ALL,room_lag1_nonzero_competitors_carries,123,0.0069323686755493495,248
stable_core_room_et_all_points__end_to_end_null,2025,ALL,room_lag1_margin_receptions,124,0.006740434987735049,248
stable_core_room_et_all_points__end_to_end_null,2025,ALL,room_lag1_margin_passing_yards,125,0.006739199630613953,248
stable_core_room_et_all_points__end_to_end_null,2025,ALL,room_lag1_other_carries,126,0.006712315332614807,248
stable_core_room_et_all_points__end_to_end_null,2025,ALL,lag1_receiving_20_rate,127,0.006688914460968275,248
stable_core_room_et_all_points__end_to_end_null,2025,ALL,lag4_receiving_10,128,0.006539473454924171,248
stable_core_room_et_all_points__end_to_end_null,2025,ALL,lag3_receptions,129,0.00652370499253915,248
stable_core_room_et_all_points__end_to_end_null,2025,ALL,lag4_receiving_16,130,0.006523450231447592,248
stable_core_room_et_all_points__end_to_end_null,2025,ALL,lag1_rushing_first_downs,131,0.006503988372078089,248
stable_core_room_et_all_points__end_to_end_null,2025,ALL,lag1_rushing_yards,132,0.006486650265677006,248
stable_core_room_et_all_points__end_to_end_null,2025,ALL,lag1_receiving_first_down_rate,133,0.006454124977267145,248
stable_core_room_et_all_points__end_to_end_null,2025,ALL,lag4_receiving_20_rate,134,0.006397927800272247,248
stable_core_room_et_all_points__end_to_end_null,2025,ALL,room_lag1_other_attempts,135,0.006385873468938665,248
stable_core_room_et_all_points__end_to_end_null,2025,ALL,lag1_history_available,136,0.006355369796254593,248
stable_core_room_et_all_points__end_to_end_null,2025,ALL,lag4_history_available,137,0.006329942506707809,248
stable_core_room_et_all_points__end_to_end_null,2025,ALL,lag4_receiving_40,138,0.006223511723310045,248
stable_core_room_et_all_points__end_to_end_null,2025,ALL,lag2_completions,139,0.006215711830338324,248
stable_core_room_et_all_points__end_to_end_null,2025,ALL,lag2_passing_tds,140,0.006127407096714782,248
stable_core_room_et_all_points__end_to_end_null,2025,ALL,lag2_passing_first_downs,141,0.005961194986369801,248
stable_core_room_et_all_points__end_to_end_null,2025,ALL,lag3_receiving_yards,142,0.005799078060226553,248
stable_core_room_et_all_points__end_to_end_null,2025,ALL,lag4_sack_yards_lost,143,0.005738410745279973,248
stable_core_room_et_all_points__end_to_end_null,2025,ALL,lag4_games,144,0.00569745818924356,248
stable_core_room_et_all_points__end_to_end_null,2025,ALL,lag1_rushing_12,145,0.005650276287260609,248
stable_core_room_et_all_points__end_to_end_null,2025,ALL,lag4_rushing_40,146,0.005642342244613827,248
stable_core_room_et_all_points__end_to_end_null,2025,ALL,lag4_passing_40,147,0.005595660762091545,248
stable_core_room_et_all_points__end_to_end_null,2025,ALL,room_lag1_other_receiving_yards,148,0.005575450289486486,248
stable_core_room_et_all_points__end_to_end_null,2025,ALL,lag4_passing_20,149,0.005449910810457516,248
stable_core_room_et_all_points__end_to_end_null,2025,ALL,room_lag1_other_rushing_yards,150,0.005360016303212944,248
stable_core_room_et_all_points__end_to_end_null,2025,ALL,lag4_receiving_first_downs,151,0.005352652026794739,248
stable_core_room_et_all_points__end_to_end_null,2025,ALL,lag4_sacks_suffered,152,0.005276114920660339,248
stable_core_room_et_all_points__end_to_end_null,2025,ALL,room_lag1_nonzero_competitors_passing_yards,153,0.005164763287769863,248
stable_core_room_et_all_points__end_to_end_null,2025,ALL,weight,154,0.005156085162915462,248
stable_core_room_et_all_points__end_to_end_null,2025,ALL,lag4_rush_first_down_rate,155,0.005086921462303148,248
stable_core_room_et_all_points__end_to_end_null,2025,ALL,lag4_rushing_12,156,0.0049938309548005514,248
stable_core_room_et_all_points__end_to_end_null,2025,ALL,lag1_games,157,0.004943917015129158,248
stable_core_room_et_all_points__end_to_end_null,2025,ALL,lag4_rushing_10,158,0.004930365362597547,248
stable_core_room_et_all_points__end_to_end_null,2025,ALL,missing_years_exp,159,0.0049240269219487705,248
stable_core_room_et_all_points__end_to_end_null,2025,ALL,lag1_rush_yards_per_carry,160,0.004856693136285277,248
stable_core_room_et_all_points__end_to_end_null,2025,ALL,lag4_receiving_yards,161,0.004826178188129113,248
stable_core_room_et_all_points__end_to_end_null,2025,ALL,room_lag1_margin_carries,162,0.004772210609348409,248
stable_core_room_et_all_points__end_to_end_null,2025,ALL,lag1_rushing_tds,163,0.004692999313258268,248
stable_core_room_et_all_points__end_to_end_null,2025,ALL,lag3_fumbles_lost_total,164,0.004653617467923246,248
stable_core_room_et_all_points__end_to_end_null,2025,ALL,lag4_pass_yards_per_attempt,165,0.0045971530036372135,248
stable_core_room_et_all_points__end_to_end_null,2025,ALL,missing_draft_number,166,0.004479170328332736,248
stable_core_room_et_all_points__end_to_end_null,2025,ALL,missing_height,167,0.004479170328332736,248
stable_core_room_et_all_points__end_to_end_null,2025,ALL,missing_is_rookie,168,0.004479170328332736,248
stable_core_room_et_all_points__end_to_end_null,2025,ALL,missing_team_changed,169,0.004479170328332736,248
stable_core_room_et_all_points__end_to_end_null,2025,ALL,missing_was_drafted,170,0.004479170328332736,248
stable_core_room_et_all_points__end_to_end_null,2025,ALL,missing_weight,171,0.004479170328332736,248
stable_core_room_et_all_points__end_to_end_null,2025,ALL,position_QB,172,0.004479170328332736,248
stable_core_room_et_all_points__end_to_end_null,2025,ALL,position_RB,173,0.004479170328332736,248
stable_core_room_et_all_points__end_to_end_null,2025,ALL,position_TE,174,0.004479170328332736,248
stable_core_room_et_all_points__end_to_end_null,2025,ALL,position_WR,175,0.004479170328332736,248
stable_core_room_et_all_points__end_to_end_null,2025,ALL,lag1_rushing_fumbles,176,0.004468437420138191,248
stable_core_room_et_all_points__end_to_end_null,2025,ALL,lag1_roster_weeks,177,0.004434440386900762,248
stable_core_room_et_all_points__end_to_end_null,2025,ALL,lag2_passing_yards,178,0.004343086132198135,248
stable_core_room_et_all_points__end_to_end_null,2025,ALL,lag2_receiving_fumbles_lost,179,0.004326052171302698,248
stable_core_room_et_all_points__end_to_end_null,2025,ALL,room_competitor_count,180,0.004295921081341421,248
stable_core_room_et_all_points__end_to_end_null,2025,ALL,lag4_fumbles_total,181,0.00429497322663898,248
stable_core_room_et_all_points__end_to_end_null,2025,ALL,lag1_rushing_10,182,0.004275810973718968,248
stable_core_room_et_all_points__end_to_end_null,2025,ALL,lag4_passing_16,183,0.004267516840453614,248
stable_core_room_et_all_points__end_to_end_null,2025,ALL,lag4_roster_weeks,184,0.0042289432213174155,248
stable_core_room_et_all_points__end_to_end_null,2025,ALL,lag1_rush_first_down_rate,185,0.0039989336961679224,248
stable_core_room_et_all_points__end_to_end_null,2025,ALL,lag4_passing_interceptions,186,0.0039510448557679,248
stable_core_room_et_all_points__end_to_end_null,2025,ALL,lag1_sack_fumbles,187,0.003800149863637886,248
stable_core_room_et_all_points__end_to_end_null,2025,ALL,lag4_rushing_first_downs,188,0.003790660856112415,248
stable_core_room_et_all_points__end_to_end_null,2025,ALL,lag1_passing_yards,189,0.0037772164693153664,248
stable_core_room_et_all_points__end_to_end_null,2025,ALL,lag4_rushing_fumbles_lost,190,0.0036573230424486497,248
stable_core_room_et_all_points__end_to_end_null,2025,ALL,lag4_passing_tds,191,0.0036248983885882476,248
stable_core_room_et_all_points__end_to_end_null,2025,ALL,lag4_rushing_fumbles,192,0.0036220315928362826,248
stable_core_room_et_all_points__end_to_end_null,2025,ALL,lag1_interception_rate,193,0.0035961182731313202,248
stable_core_room_et_all_points__end_to_end_null,2025,ALL,lag1_rushing_20,194,0.00352464517981069,248
stable_core_room_et_all_points__end_to_end_null,2025,ALL,is_rookie,195,0.003511443130312863,248
stable_core_room_et_all_points__end_to_end_null,2025,ALL,lag1_fumbles_lost_total,196,0.0034584905687346373,248
stable_core_room_et_all_points__end_to_end_null,2025,ALL,lag4_receptions,197,0.00342633350982144,248
stable_core_room_et_all_points__end_to_end_null,2025,ALL,lag1_passing_10,198,0.0033175027493147612,248
stable_core_room_et_all_points__end_to_end_null,2025,ALL,lag4_completion_rate,199,0.003314261217399534,248
stable_core_room_et_all_points__end_to_end_null,2025,ALL,room_lag1_other_receptions,200,0.0033037837128004986,248
stable_core_room_et_all_points__end_to_end_null,2025,ALL,lag4_sack_fumbles,201,0.0032909234252146377,248
stable_core_room_et_all_points__end_to_end_null,2025,ALL,lag4_passing_first_downs,202,0.0032029485881426675,248
stable_core_room_et_all_points__end_to_end_null,2025,ALL,lag4_rushing_tds,203,0.003153459829684748,248
stable_core_room_et_all_points__end_to_end_null,2025,ALL,draft_round,204,0.0031426248620102567,248
stable_core_room_et_all_points__end_to_end_null,2025,ALL,lag1_sack_yards_lost,205,0.0030958511314571817,248
stable_core_room_et_all_points__end_to_end_null,2025,ALL,lag1_passing_40,206,0.0030673070549206874,248
stable_core_room_et_all_points__end_to_end_null,2025,ALL,lag1_passing_first_downs,207,0.003063052354628518,248
stable_core_room_et_all_points__end_to_end_null,2025,ALL,lag1_passing_16,208,0.003030184030228325,248
stable_core_room_et_all_points__end_to_end_null,2025,ALL,lag4_receiving_20,209,0.002859726724276817,248
stable_core_room_et_all_points__end_to_end_null,2025,ALL,lag4_fumbles_lost_total,210,0.0027794139076405735,248
stable_core_room_et_all_points__end_to_end_null,2025,ALL,lag1_passing_20,211,0.0027391202326891954,248
stable_core_room_et_all_points__end_to_end_null,2025,ALL,lag1_sacks_suffered,212,0.00273874908105226,248
stable_core_room_et_all_points__end_to_end_null,2025,ALL,years_exp,213,0.0026737848536948455,248
stable_core_room_et_all_points__end_to_end_null,2025,ALL,lag4_passing_yards,214,0.0026009333239139193,248
stable_core_room_et_all_points__end_to_end_null,2025,ALL,lag3_receiving_tds,215,0.0023819740824269895,248
stable_core_room_et_all_points__end_to_end_null,2025,ALL,lag3_rushing_40,216,0.002363263096047144,248
stable_core_room_et_all_points__end_to_end_null,2025,ALL,lag4_completions,217,0.0023335263850378847,248
stable_core_room_et_all_points__end_to_end_null,2025,ALL,lag1_pass_yards_per_attempt,218,0.0023314499785212313,248
stable_core_room_et_all_points__end_to_end_null,2025,ALL,combine_forty,219,0.002321933145429719,248
stable_core_room_et_all_points__end_to_end_null,2025,ALL,lag4_attempts,220,0.002271315301156389,248
stable_core_room_et_all_points__end_to_end_null,2025,ALL,lag1_rushing_40,221,0.0020708015442545335,248
stable_core_room_et_all_points__end_to_end_null,2025,ALL,lag2_completion_rate,222,0.001979413502234983,248
stable_core_room_et_all_points__end_to_end_null,2025,ALL,lag4_passing_10,223,0.001904604600401257,248
stable_core_room_et_all_points__end_to_end_null,2025,ALL,lag2_pass_yards_per_attempt,224,0.0017608248322566289,248
stable_core_room_et_all_points__end_to_end_null,2025,ALL,lag1_rush_20_rate,225,0.001668498806522562,248
stable_core_room_et_all_points__end_to_end_null,2025,ALL,lag1_sack_fumbles_lost,226,0.0016179581224528938,248
stable_core_room_et_all_points__end_to_end_null,2025,ALL,age,227,0.0013921958928705608,248
stable_core_room_et_all_points__end_to_end_null,2025,ALL,lag4_carries,228,0.0012688346490498505,248
stable_core_room_et_all_points__end_to_end_null,2025,ALL,lag1_completions,229,0.0010990361809189195,248
stable_core_room_et_all_points__end_to_end_null,2025,ALL,lag4_rushing_yards,230,0.0010728196140217762,248
stable_core_room_et_all_points__end_to_end_null,2025,ALL,lag1_passing_tds,231,0.0010523264171703023,248
stable_core_room_et_all_points__end_to_end_null,2025,ALL,lag4_interception_rate,232,0.0010523242486845683,248
stable_core_room_et_all_points__end_to_end_null,2025,ALL,missing_draft_round,233,0.0010247207264068982,248
stable_core_room_et_all_points__end_to_end_null,2025,ALL,lag4_rush_yards_per_carry,234,0.0008645488342198985,248
stable_core_room_et_all_points__end_to_end_null,2025,ALL,lag3_receiving_40,235,0.0007621937524726846,248
stable_core_room_et_all_points__end_to_end_null,2025,ALL,lag1_pass_td_rate,236,0.0006723903171644131,248
stable_core_room_et_all_points__end_to_end_null,2025,ALL,draft_number,237,0.0006405444153548608,248
stable_core_room_et_all_points__end_to_end_null,2025,ALL,lag4_sack_fumbles_lost,238,0.0005718740588589752,248
stable_core_room_et_all_points__end_to_end_null,2025,ALL,lag3_receiving_fumbles,239,0.0005028374741719184,248
stable_core_room_et_all_points__end_to_end_null,2025,ALL,lag4_receiving_fumbles,240,0.00042525498464210046,248
stable_core_room_et_all_points__end_to_end_null,2025,ALL,lag1_completion_rate,241,0.0002933185739921391,248
stable_core_room_et_all_points__end_to_end_null,2025,ALL,lag2_pass_td_rate,242,0.0002769184160581764,248
stable_core_room_et_all_points__end_to_end_null,2025,ALL,room_lag1_nonzero_competitors_rushing_yards,243,0.00025866022112596787,248
stable_core_room_et_all_points__end_to_end_null,2025,ALL,lag2_receiving_fumbles,244,0.00025830199627626684,248
stable_core_room_et_all_points__end_to_end_null,2025,ALL,lag1_passing_interceptions,245,0.0002365817174293826,248
stable_core_room_et_all_points__end_to_end_null,2025,ALL,lag1_attempts,246,0.0001469441132331623,248
stable_core_room_et_all_points__end_to_end_null,2025,ALL,was_drafted,247,9.965642471923183e-05,248
stable_core_room_et_all_points__end_to_end_null,2025,ALL,lag4_receiving_fumbles_lost,248,6.356797046224292e-06,248
