candidate,validation_season,feature_rank,feature
extra_trees_all_leaf20,2017,1,lag1_late6_targets
extra_trees_all_leaf20,2017,2,lag1_receiving_yards_after_catch
extra_trees_all_leaf20,2017,3,lag1_receiving_first_downs
extra_trees_all_leaf20,2017,4,lag1_receptions
extra_trees_all_leaf20,2017,5,lag1_receiving_10
extra_trees_all_leaf20,2017,6,lag1_late6_receptions
extra_trees_all_leaf20,2017,7,lag1_games
extra_trees_all_leaf20,2017,8,lag1_targets
extra_trees_all_leaf20,2017,9,lag1_late6_receiving_yards
extra_trees_all_leaf20,2017,10,lag1_receiving_yards
extra_trees_all_leaf20,2017,11,lag1_late6_receiving_yards_after_catch
extra_trees_all_leaf20,2017,12,lag1_receiving_16
extra_trees_all_leaf20,2017,13,lag1_late6_receiving_first_downs
extra_trees_all_leaf20,2017,14,lag1_receiving_20
extra_trees_all_leaf20,2017,15,lag1_receiving_yards_per_target
extra_trees_all_leaf20,2017,16,lag1_receiving_20_rate
extra_trees_all_leaf20,2017,17,lag1_receiving_yards_per_reception
extra_trees_all_leaf20,2017,18,lag1_receiving_tds
extra_trees_all_leaf20,2017,19,lag1_receiving_first_down_rate
extra_trees_all_leaf20,2017,20,lag1_late6_receiving_20
extra_trees_all_leaf20,2017,21,lag1_receiving_yards_after_catch_per_reception
extra_trees_all_leaf20,2017,22,lag1_late6_receiving_air_yards
extra_trees_all_leaf20,2017,23,lag1_roster_weeks
extra_trees_all_leaf20,2017,24,lag1_receiving_air_yards
extra_trees_all_leaf20,2017,25,lag1_catch_rate
extra_trees_all_leaf20,2017,26,lag2_receptions
extra_trees_all_leaf20,2017,27,lag2_targets
extra_trees_all_leaf20,2017,28,lag2_receiving_yards
extra_trees_all_leaf20,2017,29,lag2_receiving_first_downs
extra_trees_all_leaf20,2017,30,lag1_offense_snaps
extra_trees_all_leaf20,2017,31,lag2_receiving_yards_after_catch
extra_trees_all_leaf20,2017,32,lag1_fumbles_total
extra_trees_all_leaf20,2017,33,lag2_receiving_16
extra_trees_all_leaf20,2017,34,lag2_receiving_10
extra_trees_all_leaf20,2017,35,lag2_receiving_20
extra_trees_all_leaf20,2017,36,lag1_receiving_air_yards_per_target
extra_trees_all_leaf20,2017,37,lag2_receiving_yards_per_target
extra_trees_all_leaf20,2017,38,lag1_receiving_40
extra_trees_all_leaf20,2017,39,injury_lag2_designation_count
extra_trees_all_leaf20,2017,40,injury_lag2_injury_report_weeks
extra_trees_all_leaf20,2017,41,missing_draft_number
extra_trees_all_leaf20,2017,42,missing_draft_round
extra_trees_all_leaf20,2017,43,was_drafted
extra_trees_all_leaf20,2017,44,lag1_late6_carries
extra_trees_all_leaf20,2017,45,lag2_receiving_yards_per_reception
extra_trees_all_leaf20,2017,46,lag1_carries
extra_trees_all_leaf20,2017,47,lag2_receiving_first_down_rate
extra_trees_all_leaf20,2017,48,lag2_receiving_20_rate
extra_trees_all_leaf20,2017,49,lag1_rushing_yards
extra_trees_all_leaf20,2017,50,lag1_rush_yards_per_carry
extra_trees_all_leaf20,2017,51,lag2_receiving_yards_after_catch_per_reception
extra_trees_all_leaf20,2017,52,lag2_catch_rate
extra_trees_all_leaf20,2017,53,lag2_games
extra_trees_all_leaf20,2017,54,lag2_receiving_tds
extra_trees_all_leaf20,2017,55,lag3_receiving_16
extra_trees_all_leaf20,2017,56,lag2_receiving_air_yards
extra_trees_all_leaf20,2017,57,lag1_late6_rushing_yards
extra_trees_all_leaf20,2017,58,injury_lag2_injury_reported
extra_trees_all_leaf20,2017,59,lag3_receiving_20
extra_trees_all_leaf20,2017,60,lag3_receiving_yards_after_catch
extra_trees_all_leaf20,2017,61,lag3_receptions
extra_trees_all_leaf20,2017,62,lag3_targets
extra_trees_all_leaf20,2017,63,lag3_receiving_yards
extra_trees_all_leaf20,2017,64,lag3_receiving_first_downs
extra_trees_all_leaf20,2017,65,lag1_rushing_first_downs
extra_trees_all_leaf20,2017,66,lag3_receiving_10
extra_trees_all_leaf20,2017,67,lag3_receiving_20_rate
extra_trees_all_leaf20,2017,68,lag1_rushing_10
extra_trees_all_leaf20,2017,69,lag1_late6_rushing_first_downs
extra_trees_all_leaf20,2017,70,lag1_fumbles_lost_total
extra_trees_all_leaf20,2017,71,lag1_rushing_12
extra_trees_all_leaf20,2017,72,lag2_receiving_air_yards_per_target
extra_trees_all_leaf20,2017,73,combine_broad_jump
extra_trees_all_leaf20,2017,74,combine_vertical
extra_trees_all_leaf20,2017,75,lag3_receiving_yards_per_reception
extra_trees_all_leaf20,2017,76,lag3_receiving_yards_after_catch_per_reception
extra_trees_all_leaf20,2017,77,lag3_receiving_yards_per_target
extra_trees_all_leaf20,2017,78,lag1_rush_first_down_rate
extra_trees_all_leaf20,2017,79,lag2_roster_weeks
extra_trees_all_leaf20,2017,80,lag1_rushing_20
extra_trees_all_leaf20,2017,81,injury_lag3_designation_count
extra_trees_all_leaf20,2017,82,injury_lag3_injury_report_weeks
extra_trees_all_leaf20,2017,83,lag3_receiving_first_down_rate
extra_trees_all_leaf20,2017,84,lag3_receiving_tds
extra_trees_all_leaf20,2017,85,combine_bench
extra_trees_all_leaf20,2017,86,lag1_rush_20_rate
extra_trees_all_leaf20,2017,87,lag3_catch_rate
extra_trees_all_leaf20,2017,88,injury_lag3_injury_reported
extra_trees_all_leaf20,2017,89,lag4_receiving_yards_after_catch
extra_trees_all_leaf20,2017,90,lag4_receiving_first_downs
extra_trees_all_leaf20,2017,91,lag4_receptions
extra_trees_all_leaf20,2017,92,lag4_receiving_20
extra_trees_all_leaf20,2017,93,lag4_targets
extra_trees_all_leaf20,2017,94,lag4_receiving_16
extra_trees_all_leaf20,2017,95,lag4_receiving_10
extra_trees_all_leaf20,2017,96,lag3_receiving_air_yards
extra_trees_all_leaf20,2017,97,lag3_games
extra_trees_all_leaf20,2017,98,lag1_receiving_fumbles
extra_trees_all_leaf20,2017,99,lag4_receiving_yards
extra_trees_all_leaf20,2017,100,lag1_rushing_tds
extra_trees_all_leaf20,2017,101,missing_combine_forty
extra_trees_all_leaf20,2017,102,lag2_fumbles_total
extra_trees_all_leaf20,2017,103,missing_combine_bench
extra_trees_all_leaf20,2017,104,lag4_receiving_20_rate
extra_trees_all_leaf20,2017,105,lag4_receiving_first_down_rate
extra_trees_all_leaf20,2017,106,lag2_rush_yards_per_carry
extra_trees_all_leaf20,2017,107,lag4_receiving_yards_after_catch_per_reception
extra_trees_all_leaf20,2017,108,lag4_receiving_yards_per_reception
extra_trees_all_leaf20,2017,109,lag2_carries
extra_trees_all_leaf20,2017,110,lag4_receiving_tds
extra_trees_all_leaf20,2017,111,lag1_rushing_fumbles
extra_trees_all_leaf20,2017,112,lag4_receiving_yards_per_target
extra_trees_all_leaf20,2017,113,injury_lag4_designation_count
extra_trees_all_leaf20,2017,114,injury_lag4_injury_report_weeks
extra_trees_all_leaf20,2017,115,lag2_receiving_40
extra_trees_all_leaf20,2017,116,lag2_history_available
extra_trees_all_leaf20,2017,117,lag2_rushing_yards
extra_trees_all_leaf20,2017,118,missing_combine_broad_jump
extra_trees_all_leaf20,2017,119,lag2_rushing_10
extra_trees_all_leaf20,2017,120,lag3_receiving_air_yards_per_target
extra_trees_all_leaf20,2017,121,lag2_rushing_first_downs
extra_trees_all_leaf20,2017,122,lag3_fumbles_total
extra_trees_all_leaf20,2017,123,lag2_rush_first_down_rate
extra_trees_all_leaf20,2017,124,lag3_carries
extra_trees_all_leaf20,2017,125,missing_combine_vertical
extra_trees_all_leaf20,2017,126,injury_lag4_injury_reported
extra_trees_all_leaf20,2017,127,lag4_catch_rate
extra_trees_all_leaf20,2017,128,lag3_receiving_40
extra_trees_all_leaf20,2017,129,lag1_late6_rushing_20
extra_trees_all_leaf20,2017,130,lag4_receiving_40
extra_trees_all_leaf20,2017,131,lag3_rush_yards_per_carry
extra_trees_all_leaf20,2017,132,lag4_receiving_air_yards
extra_trees_all_leaf20,2017,133,lag2_rushing_12
extra_trees_all_leaf20,2017,134,lag3_rushing_yards
extra_trees_all_leaf20,2017,135,lag3_rushing_10
extra_trees_all_leaf20,2017,136,lag3_roster_weeks
extra_trees_all_leaf20,2017,137,lag4_fumbles_total
extra_trees_all_leaf20,2017,138,lag2_offense_snaps
extra_trees_all_leaf20,2017,139,lag2_fumbles_lost_total
extra_trees_all_leaf20,2017,140,lag3_rushing_first_downs
extra_trees_all_leaf20,2017,141,lag4_games
extra_trees_all_leaf20,2017,142,lag4_carries
extra_trees_all_leaf20,2017,143,lag4_receiving_air_yards_per_target
extra_trees_all_leaf20,2017,144,lag3_rushing_20
extra_trees_all_leaf20,2017,145,lag1_late6_mean_delta_carries
extra_trees_all_leaf20,2017,146,lag3_fumbles_lost_total
extra_trees_all_leaf20,2017,147,lag3_rushing_12
extra_trees_all_leaf20,2017,148,lag3_rush_20_rate
extra_trees_all_leaf20,2017,149,lag3_rush_first_down_rate
extra_trees_all_leaf20,2017,150,lag1_late6_mean_delta_targets
extra_trees_all_leaf20,2017,151,lag4_rushing_yards
extra_trees_all_leaf20,2017,152,lag1_late6_mean_delta_rushing_yards
extra_trees_all_leaf20,2017,153,lag4_rush_yards_per_carry
extra_trees_all_leaf20,2017,154,lag2_rushing_tds
extra_trees_all_leaf20,2017,155,lag1_rushing_fumbles_lost
extra_trees_all_leaf20,2017,156,lag4_rushing_first_downs
extra_trees_all_leaf20,2017,157,lag1_late6_mean_delta_receiving_air_yards
extra_trees_all_leaf20,2017,158,lag1_history_available
extra_trees_all_leaf20,2017,159,lag2_rushing_20
extra_trees_all_leaf20,2017,160,lag3_rushing_tds
extra_trees_all_leaf20,2017,161,lag2_rush_20_rate
extra_trees_all_leaf20,2017,162,lag4_fumbles_lost_total
extra_trees_all_leaf20,2017,163,lag4_rushing_10
extra_trees_all_leaf20,2017,164,lag4_rush_first_down_rate
extra_trees_all_leaf20,2017,165,lag1_receiving_fumbles_lost
extra_trees_all_leaf20,2017,166,lag2_receiving_fumbles
extra_trees_all_leaf20,2017,167,is_rookie
extra_trees_all_leaf20,2017,168,lag1_rushing_40
extra_trees_all_leaf20,2017,169,lag1_weekly_slope_targets
extra_trees_all_leaf20,2017,170,years_exp
extra_trees_all_leaf20,2017,171,lag1_weekly_slope_carries
extra_trees_all_leaf20,2017,172,lag1_weekly_slope_receptions
extra_trees_all_leaf20,2017,173,lag4_rushing_12
extra_trees_all_leaf20,2017,174,lag3_receiving_fumbles
extra_trees_all_leaf20,2017,175,lag1_late6_mean_delta_receptions
extra_trees_all_leaf20,2017,176,lag3_history_available
extra_trees_all_leaf20,2017,177,draft_round
extra_trees_all_leaf20,2017,178,draft_number
extra_trees_all_leaf20,2017,179,injury_lag5_designation_count
extra_trees_all_leaf20,2017,180,injury_lag5_injury_report_weeks
extra_trees_all_leaf20,2017,181,position_QB
extra_trees_all_leaf20,2017,182,lag2_rushing_fumbles
extra_trees_all_leaf20,2017,183,injury_lag5_injury_reported
extra_trees_all_leaf20,2017,184,lag4_roster_weeks
extra_trees_all_leaf20,2017,185,lag4_receiving_fumbles
extra_trees_all_leaf20,2017,186,position_WR
extra_trees_all_leaf20,2017,187,missing_combine_shuttle
extra_trees_all_leaf20,2017,188,position_K
extra_trees_all_leaf20,2017,189,lag4_rushing_fumbles
extra_trees_all_leaf20,2017,190,lag4_rushing_tds
extra_trees_all_leaf20,2017,191,lag4_rushing_fumbles_lost
extra_trees_all_leaf20,2017,192,lag4_rushing_20
extra_trees_all_leaf20,2017,193,lag1_weekly_slope_receiving_air_yards
extra_trees_all_leaf20,2017,194,lag1_weekly_slope_rushing_first_downs
extra_trees_all_leaf20,2017,195,lag1_late6_mean_delta_rushing_first_downs
extra_trees_all_leaf20,2017,196,lag1_late6_mean_delta_receiving_yards
extra_trees_all_leaf20,2017,197,lag4_rush_20_rate
extra_trees_all_leaf20,2017,198,lag1_weekly_slope_receiving_first_downs
extra_trees_all_leaf20,2017,199,lag1_weekly_slope_rushing_yards
extra_trees_all_leaf20,2017,200,weight
extra_trees_all_leaf20,2017,201,lag3_rushing_fumbles
extra_trees_all_leaf20,2017,202,missing_age
extra_trees_all_leaf20,2017,203,lag4_history_available
extra_trees_all_leaf20,2017,204,lag1_weekly_slope_receiving_yards
extra_trees_all_leaf20,2017,205,lag3_rushing_fumbles_lost
extra_trees_all_leaf20,2017,206,lag3_receiving_fumbles_lost
extra_trees_all_leaf20,2017,207,lag2_receiving_fumbles_lost
extra_trees_all_leaf20,2017,208,lag1_pat_made
extra_trees_all_leaf20,2017,209,lag1_pat_att
extra_trees_all_leaf20,2017,210,lag1_pat_make_rate
extra_trees_all_leaf20,2017,211,lag1_field_goal_make_rate
extra_trees_all_leaf20,2017,212,lag1_made_field_goal_mean_distance
extra_trees_all_leaf20,2017,213,lag1_fg_made_distance
extra_trees_all_leaf20,2017,214,lag1_fg_att
extra_trees_all_leaf20,2017,215,lag1_fg_made
extra_trees_all_leaf20,2017,216,position_TE
extra_trees_all_leaf20,2017,217,lag2_rushing_40
extra_trees_all_leaf20,2017,218,lag1_missed_field_goal_mean_distance
extra_trees_all_leaf20,2017,219,lag1_fg_missed_distance
extra_trees_all_leaf20,2017,220,lag1_fg_missed
extra_trees_all_leaf20,2017,221,lag1_fg_made_40_49
extra_trees_all_leaf20,2017,222,lag1_fg_made_20_29
extra_trees_all_leaf20,2017,223,lag1_late6_pat_att
extra_trees_all_leaf20,2017,224,lag1_late6_fg_made
extra_trees_all_leaf20,2017,225,lag1_late6_fg_att
extra_trees_all_leaf20,2017,226,lag1_fg_made_30_39
extra_trees_all_leaf20,2017,227,combine_shuttle
extra_trees_all_leaf20,2017,228,missing_combine_cone
extra_trees_all_leaf20,2017,229,lag2_pat_att
extra_trees_all_leaf20,2017,230,lag2_pat_made
extra_trees_all_leaf20,2017,231,lag3_rushing_40
extra_trees_all_leaf20,2017,232,lag2_fg_att
extra_trees_all_leaf20,2017,233,lag2_fg_made_distance
extra_trees_all_leaf20,2017,234,lag2_fg_made
extra_trees_all_leaf20,2017,235,lag2_fg_made_20_29
extra_trees_all_leaf20,2017,236,lag2_fg_made_40_49
extra_trees_all_leaf20,2017,237,lag2_field_goal_make_rate
extra_trees_all_leaf20,2017,238,lag2_made_field_goal_mean_distance
extra_trees_all_leaf20,2017,239,lag2_pat_make_rate
extra_trees_all_leaf20,2017,240,lag2_fg_missed
extra_trees_all_leaf20,2017,241,lag2_fg_missed_distance
extra_trees_all_leaf20,2017,242,lag2_missed_field_goal_mean_distance
extra_trees_all_leaf20,2017,243,lag2_fg_made_30_39
extra_trees_all_leaf20,2017,244,lag4_receiving_fumbles_lost
extra_trees_all_leaf20,2017,245,lag3_fg_made_20_29
extra_trees_all_leaf20,2017,246,lag3_fg_att
extra_trees_all_leaf20,2017,247,lag3_fg_made
extra_trees_all_leaf20,2017,248,lag3_field_goal_make_rate
extra_trees_all_leaf20,2017,249,lag3_fg_made_distance
extra_trees_all_leaf20,2017,250,lag1_weekly_slope_receiving_yards_after_catch
extra_trees_all_leaf20,2017,251,lag3_fg_made_40_49
extra_trees_all_leaf20,2017,252,lag1_fg_missed_40_49
extra_trees_all_leaf20,2017,253,lag3_made_field_goal_mean_distance
extra_trees_all_leaf20,2017,254,lag2_punt_returns
extra_trees_all_leaf20,2017,255,lag3_fg_made_30_39
extra_trees_all_leaf20,2017,256,lag3_fg_missed
extra_trees_all_leaf20,2017,257,lag3_fg_missed_distance
extra_trees_all_leaf20,2017,258,lag3_pat_att
extra_trees_all_leaf20,2017,259,lag3_pat_made
extra_trees_all_leaf20,2017,260,lag3_missed_field_goal_mean_distance
extra_trees_all_leaf20,2017,261,lag1_kickoff_returns
extra_trees_all_leaf20,2017,262,lag3_pat_make_rate
extra_trees_all_leaf20,2017,263,lag1_late6_kickoff_return_yards
extra_trees_all_leaf20,2017,264,lag2_rushing_fumbles_lost
extra_trees_all_leaf20,2017,265,lag1_late6_mean_delta_receiving_yards_after_catch
extra_trees_all_leaf20,2017,266,lag1_late6_mean_delta_passing_air_yards
extra_trees_all_leaf20,2017,267,lag1_late6_attempts
extra_trees_all_leaf20,2017,268,lag1_fg_made_50_59
extra_trees_all_leaf20,2017,269,lag1_fg_missed_50_59
extra_trees_all_leaf20,2017,270,lag1_late6_mean_delta_attempts
extra_trees_all_leaf20,2017,271,lag1_late6_passing_air_yards
extra_trees_all_leaf20,2017,272,lag1_late6_passing_20
extra_trees_all_leaf20,2017,273,lag1_late6_mean_delta_receiving_first_downs
extra_trees_all_leaf20,2017,274,lag2_fg_made_50_59
extra_trees_all_leaf20,2017,275,lag4_field_goal_make_rate
extra_trees_all_leaf20,2017,276,lag4_fg_made_40_49
extra_trees_all_leaf20,2017,277,lag1_late6_passing_first_downs
extra_trees_all_leaf20,2017,278,lag4_made_field_goal_mean_distance
extra_trees_all_leaf20,2017,279,lag4_fg_made_20_29
extra_trees_all_leaf20,2017,280,lag4_fg_made_distance
extra_trees_all_leaf20,2017,281,lag4_fg_made
extra_trees_all_leaf20,2017,282,lag4_fg_att
extra_trees_all_leaf20,2017,283,lag4_pat_att
extra_trees_all_leaf20,2017,284,lag4_pat_made
extra_trees_all_leaf20,2017,285,lag4_pat_make_rate
extra_trees_all_leaf20,2017,286,lag4_missed_field_goal_mean_distance
extra_trees_all_leaf20,2017,287,lag4_fg_made_30_39
extra_trees_all_leaf20,2017,288,lag1_kickoff_return_yards
extra_trees_all_leaf20,2017,289,lag4_fg_missed
extra_trees_all_leaf20,2017,290,lag4_fg_missed_distance
extra_trees_all_leaf20,2017,291,lag3_punt_returns
extra_trees_all_leaf20,2017,292,age
extra_trees_all_leaf20,2017,293,lag2_fg_missed_40_49
extra_trees_all_leaf20,2017,294,lag2_punt_return_yards
extra_trees_all_leaf20,2017,295,lag1_late6_passing_yards
extra_trees_all_leaf20,2017,296,lag3_fg_made_50_59
extra_trees_all_leaf20,2017,297,lag3_punt_return_yards
extra_trees_all_leaf20,2017,298,lag3_fg_missed_40_49
extra_trees_all_leaf20,2017,299,lag1_late6_punt_return_yards
extra_trees_all_leaf20,2017,300,lag4_rushing_40
extra_trees_all_leaf20,2017,301,lag1_punt_returns
extra_trees_all_leaf20,2017,302,lag4_punt_returns
extra_trees_all_leaf20,2017,303,lag1_late6_passing_yards_after_catch
extra_trees_all_leaf20,2017,304,lag1_passing_tds
extra_trees_all_leaf20,2017,305,lag1_late6_mean_delta_passing_yards_after_catch
extra_trees_all_leaf20,2017,306,lag4_fg_missed_40_49
extra_trees_all_leaf20,2017,307,lag1_pass_td_rate
extra_trees_all_leaf20,2017,308,lag1_late6_mean_delta_passing_first_downs
extra_trees_all_leaf20,2017,309,lag2_fg_missed_50_59
extra_trees_all_leaf20,2017,310,lag4_punt_return_yards
extra_trees_all_leaf20,2017,311,lag3_fg_missed_30_39
extra_trees_all_leaf20,2017,312,lag3_fg_missed_50_59
extra_trees_all_leaf20,2017,313,lag1_late6_mean_delta_passing_yards
extra_trees_all_leaf20,2017,314,lag1_attempts
extra_trees_all_leaf20,2017,315,lag1_weekly_slope_receiving_20
extra_trees_all_leaf20,2017,316,lag2_fg_missed_30_39
extra_trees_all_leaf20,2017,317,lag1_sack_fumbles
extra_trees_all_leaf20,2017,318,lag1_weekly_slope_passing_air_yards
extra_trees_all_leaf20,2017,319,lag1_passing_40
extra_trees_all_leaf20,2017,320,lag1_late6_mean_delta_passing_20
extra_trees_all_leaf20,2017,321,lag1_weekly_slope_passing_first_downs
extra_trees_all_leaf20,2017,322,lag1_passing_air_yards
extra_trees_all_leaf20,2017,323,lag4_fg_made_50_59
extra_trees_all_leaf20,2017,324,lag1_punt_return_yards
extra_trees_all_leaf20,2017,325,lag4_fg_missed_50_59
extra_trees_all_leaf20,2017,326,lag1_passing_air_yards_per_attempt
extra_trees_all_leaf20,2017,327,lag3_fg_blocked
extra_trees_all_leaf20,2017,328,lag4_fg_missed_30_39
extra_trees_all_leaf20,2017,329,lag1_weekly_slope_attempts
extra_trees_all_leaf20,2017,330,lag1_gwfg_distance
extra_trees_all_leaf20,2017,331,lag1_gwfg_att
extra_trees_all_leaf20,2017,332,lag1_special_teams_tds
extra_trees_all_leaf20,2017,333,lag1_passing_20
extra_trees_all_leaf20,2017,334,lag1_fg_blocked
extra_trees_all_leaf20,2017,335,lag2_fg_blocked
extra_trees_all_leaf20,2017,336,lag1_fg_missed_30_39
extra_trees_all_leaf20,2017,337,lag1_passing_interceptions
extra_trees_all_leaf20,2017,338,lag1_sack_fumbles_lost
extra_trees_all_leaf20,2017,339,lag1_weekly_slope_rushing_20
extra_trees_all_leaf20,2017,340,combine_cone
extra_trees_all_leaf20,2017,341,position_RB
extra_trees_all_leaf20,2017,342,height
extra_trees_all_leaf20,2017,343,lag3_gwfg_att
extra_trees_all_leaf20,2017,344,lag3_gwfg_distance
extra_trees_all_leaf20,2017,345,lag1_weekly_slope_passing_yards
extra_trees_all_leaf20,2017,346,lag1_gwfg_made
extra_trees_all_leaf20,2017,347,lag1_passing_16
extra_trees_all_leaf20,2017,348,lag1_late6_mean_delta_fg_att
extra_trees_all_leaf20,2017,349,lag1_passing_first_downs
extra_trees_all_leaf20,2017,350,lag4_kickoff_returns
extra_trees_all_leaf20,2017,351,lag4_gwfg_distance
extra_trees_all_leaf20,2017,352,lag4_gwfg_att
extra_trees_all_leaf20,2017,353,lag1_late6_mean_delta_fg_made
extra_trees_all_leaf20,2017,354,lag1_interception_rate
extra_trees_all_leaf20,2017,355,lag1_weekly_slope_passing_20
extra_trees_all_leaf20,2017,356,lag3_gwfg_made
extra_trees_all_leaf20,2017,357,lag2_gwfg_distance
extra_trees_all_leaf20,2017,358,lag2_gwfg_att
extra_trees_all_leaf20,2017,359,lag3_fg_made_0_19
extra_trees_all_leaf20,2017,360,lag1_completions
extra_trees_all_leaf20,2017,361,lag4_kickoff_return_yards
extra_trees_all_leaf20,2017,362,lag4_fg_made_0_19
extra_trees_all_leaf20,2017,363,lag3_passing_yards_after_catch_per_completion
extra_trees_all_leaf20,2017,364,lag1_completion_rate
extra_trees_all_leaf20,2017,365,lag4_fg_blocked
extra_trees_all_leaf20,2017,366,lag1_passing_yards
extra_trees_all_leaf20,2017,367,lag2_kickoff_returns
extra_trees_all_leaf20,2017,368,lag4_gwfg_made
extra_trees_all_leaf20,2017,369,lag1_pass_yards_per_attempt
extra_trees_all_leaf20,2017,370,lag1_passing_10
extra_trees_all_leaf20,2017,371,lag3_completion_rate
extra_trees_all_leaf20,2017,372,lag3_passing_yards_after_catch
extra_trees_all_leaf20,2017,373,lag2_passing_40
extra_trees_all_leaf20,2017,374,lag3_completions
extra_trees_all_leaf20,2017,375,lag2_fg_missed_20_29
extra_trees_all_leaf20,2017,376,lag3_attempts
extra_trees_all_leaf20,2017,377,lag2_gwfg_made
extra_trees_all_leaf20,2017,378,lag1_fg_made_0_19
extra_trees_all_leaf20,2017,379,lag3_passing_10
extra_trees_all_leaf20,2017,380,lag3_passing_16
extra_trees_all_leaf20,2017,381,lag1_sacks_suffered
extra_trees_all_leaf20,2017,382,lag1_late6_mean_delta_kickoff_return_yards
extra_trees_all_leaf20,2017,383,lag3_passing_20
extra_trees_all_leaf20,2017,384,lag1_sack_yards_lost
extra_trees_all_leaf20,2017,385,lag3_passing_air_yards_per_attempt
extra_trees_all_leaf20,2017,386,lag3_pass_yards_per_attempt
extra_trees_all_leaf20,2017,387,lag4_special_teams_tds
extra_trees_all_leaf20,2017,388,lag2_fg_made_0_19
extra_trees_all_leaf20,2017,389,lag3_passing_yards
extra_trees_all_leaf20,2017,390,lag3_passing_first_downs
extra_trees_all_leaf20,2017,391,lag1_late6_mean_delta_punt_return_yards
extra_trees_all_leaf20,2017,392,lag1_weekly_slope_kickoff_return_yards
extra_trees_all_leaf20,2017,393,lag2_pass_td_rate
extra_trees_all_leaf20,2017,394,lag2_passing_tds
extra_trees_all_leaf20,2017,395,lag2_passing_air_yards
extra_trees_all_leaf20,2017,396,lag3_fg_missed_20_29
extra_trees_all_leaf20,2017,397,lag3_passing_air_yards
extra_trees_all_leaf20,2017,398,lag1_late6_mean_delta_receiving_20
extra_trees_all_leaf20,2017,399,lag1_passing_yards_after_catch
extra_trees_all_leaf20,2017,400,lag3_kickoff_returns
extra_trees_all_leaf20,2017,401,lag2_special_teams_tds
extra_trees_all_leaf20,2017,402,lag2_passing_air_yards_per_attempt
extra_trees_all_leaf20,2017,403,lag2_fg_missed_60_
extra_trees_all_leaf20,2017,404,lag4_passing_40
extra_trees_all_leaf20,2017,405,lag3_fg_missed_60_
extra_trees_all_leaf20,2017,406,lag3_interception_rate
extra_trees_all_leaf20,2017,407,lag3_pat_blocked
extra_trees_all_leaf20,2017,408,lag4_pat_missed
extra_trees_all_leaf20,2017,409,lag4_passing_air_yards
extra_trees_all_leaf20,2017,410,lag4_passing_10
extra_trees_all_leaf20,2017,411,lag1_passing_yards_after_catch_per_completion
extra_trees_all_leaf20,2017,412,lag4_sack_fumbles
extra_trees_all_leaf20,2017,413,lag4_pat_blocked
extra_trees_all_leaf20,2017,414,lag2_attempts
extra_trees_all_leaf20,2017,415,lag1_late6_mean_delta_pat_att
extra_trees_all_leaf20,2017,416,lag4_passing_air_yards_per_attempt
extra_trees_all_leaf20,2017,417,lag2_sack_fumbles
extra_trees_all_leaf20,2017,418,lag2_sack_fumbles_lost
extra_trees_all_leaf20,2017,419,lag2_gwfg_missed
extra_trees_all_leaf20,2017,420,lag4_attempts
extra_trees_all_leaf20,2017,421,lag2_sack_yards_lost
extra_trees_all_leaf20,2017,422,lag2_pat_blocked
extra_trees_all_leaf20,2017,423,lag3_special_teams_tds
extra_trees_all_leaf20,2017,424,lag1_weekly_slope_passing_yards_after_catch
extra_trees_all_leaf20,2017,425,lag3_passing_interceptions
extra_trees_all_leaf20,2017,426,lag4_passing_first_downs
extra_trees_all_leaf20,2017,427,lag1_gwfg_missed
extra_trees_all_leaf20,2017,428,lag2_sacks_suffered
extra_trees_all_leaf20,2017,429,lag1_weekly_slope_pat_att
extra_trees_all_leaf20,2017,430,lag2_passing_interceptions
extra_trees_all_leaf20,2017,431,lag2_kickoff_return_yards
extra_trees_all_leaf20,2017,432,lag1_late6_mean_delta_rushing_20
extra_trees_all_leaf20,2017,433,lag4_passing_16
extra_trees_all_leaf20,2017,434,lag4_fg_missed_20_29
extra_trees_all_leaf20,2017,435,lag2_pat_missed
extra_trees_all_leaf20,2017,436,lag3_pat_missed
extra_trees_all_leaf20,2017,437,lag2_fg_made_60_
extra_trees_all_leaf20,2017,438,lag3_gwfg_missed
extra_trees_all_leaf20,2017,439,lag3_sacks_suffered
extra_trees_all_leaf20,2017,440,lag4_passing_interceptions
extra_trees_all_leaf20,2017,441,lag3_pass_td_rate
extra_trees_all_leaf20,2017,442,lag1_pat_blocked
extra_trees_all_leaf20,2017,443,lag4_passing_tds
extra_trees_all_leaf20,2017,444,lag3_sack_fumbles
extra_trees_all_leaf20,2017,445,lag4_sack_fumbles_lost
extra_trees_all_leaf20,2017,446,lag2_passing_16
extra_trees_all_leaf20,2017,447,lag1_fg_made_60_
extra_trees_all_leaf20,2017,448,lag2_interception_rate
extra_trees_all_leaf20,2017,449,lag3_passing_tds
extra_trees_all_leaf20,2017,450,lag4_pass_td_rate
extra_trees_all_leaf20,2017,451,lag1_weekly_slope_punt_return_yards
extra_trees_all_leaf20,2017,452,lag3_sack_fumbles_lost
extra_trees_all_leaf20,2017,453,lag4_passing_yards
extra_trees_all_leaf20,2017,454,lag4_pass_yards_per_attempt
extra_trees_all_leaf20,2017,455,lag2_passing_yards_after_catch_per_completion
extra_trees_all_leaf20,2017,456,lag4_interception_rate
extra_trees_all_leaf20,2017,457,lag1_fg_missed_60_
extra_trees_all_leaf20,2017,458,lag1_weekly_slope_fg_made
extra_trees_all_leaf20,2017,459,lag2_passing_first_downs
extra_trees_all_leaf20,2017,460,missing_height
extra_trees_all_leaf20,2017,461,missing_weight
extra_trees_all_leaf20,2017,462,lag2_passing_yards_after_catch
extra_trees_all_leaf20,2017,463,lag4_gwfg_missed
extra_trees_all_leaf20,2017,464,lag4_passing_yards_after_catch
extra_trees_all_leaf20,2017,465,lag3_sack_yards_lost
extra_trees_all_leaf20,2017,466,lag2_completion_rate
extra_trees_all_leaf20,2017,467,lag4_fg_made_60_
extra_trees_all_leaf20,2017,468,lag3_kickoff_return_yards
extra_trees_all_leaf20,2017,469,lag4_sack_yards_lost
extra_trees_all_leaf20,2017,470,lag2_passing_20
extra_trees_all_leaf20,2017,471,lag2_gwfg_blocked
extra_trees_all_leaf20,2017,472,lag3_gwfg_blocked
extra_trees_all_leaf20,2017,473,lag1_fg_missed_20_29
extra_trees_all_leaf20,2017,474,lag4_fg_missed_60_
extra_trees_all_leaf20,2017,475,lag2_completions
extra_trees_all_leaf20,2017,476,lag4_gwfg_blocked
extra_trees_all_leaf20,2017,477,missing_years_exp
extra_trees_all_leaf20,2017,478,combine_forty
extra_trees_all_leaf20,2017,479,lag4_passing_yards_after_catch_per_completion
extra_trees_all_leaf20,2017,480,lag2_pass_yards_per_attempt
extra_trees_all_leaf20,2017,481,lag2_passing_yards
extra_trees_all_leaf20,2017,482,lag1_gwfg_blocked
extra_trees_all_leaf20,2017,483,lag4_completion_rate
extra_trees_all_leaf20,2017,484,lag3_passing_40
extra_trees_all_leaf20,2017,485,lag4_sacks_suffered
extra_trees_all_leaf20,2017,486,lag1_pat_missed
extra_trees_all_leaf20,2017,487,lag4_passing_20
extra_trees_all_leaf20,2017,488,lag4_completions
extra_trees_all_leaf20,2017,489,lag3_fg_made_60_
extra_trees_all_leaf20,2017,490,lag1_weekly_slope_fg_att
extra_trees_all_leaf20,2017,491,lag2_passing_10
extra_trees_all_leaf20,2017,492,lag1_fg_missed_0_19
extra_trees_all_leaf20,2017,493,lag2_fg_missed_0_19
extra_trees_all_leaf20,2017,494,lag3_fg_missed_0_19
extra_trees_all_leaf20,2017,495,lag3_offense_snaps
extra_trees_all_leaf20,2017,496,lag4_fg_missed_0_19
extra_trees_all_leaf20,2017,497,lag4_offense_snaps
extra_trees_all_leaf20,2017,498,missing_is_rookie
extra_trees_all_leaf20,2017,499,missing_team_changed
extra_trees_all_leaf20,2017,500,missing_was_drafted
extra_trees_all_leaf20,2018,1,lag1_receiving_yards_after_catch
extra_trees_all_leaf20,2018,2,lag1_receptions
extra_trees_all_leaf20,2018,3,lag1_receiving_10
extra_trees_all_leaf20,2018,4,lag1_targets
extra_trees_all_leaf20,2018,5,lag1_receiving_yards
extra_trees_all_leaf20,2018,6,lag1_receiving_first_downs
extra_trees_all_leaf20,2018,7,lag1_games
extra_trees_all_leaf20,2018,8,lag1_late6_targets
extra_trees_all_leaf20,2018,9,lag1_late6_receptions
extra_trees_all_leaf20,2018,10,lag1_late6_receiving_yards
extra_trees_all_leaf20,2018,11,lag1_receiving_16
extra_trees_all_leaf20,2018,12,lag1_late6_receiving_yards_after_catch
extra_trees_all_leaf20,2018,13,lag1_receiving_20
extra_trees_all_leaf20,2018,14,lag1_late6_receiving_first_downs
extra_trees_all_leaf20,2018,15,lag1_receiving_yards_per_target
extra_trees_all_leaf20,2018,16,lag1_receiving_yards_per_reception
extra_trees_all_leaf20,2018,17,lag1_receiving_20_rate
extra_trees_all_leaf20,2018,18,lag1_receiving_tds
extra_trees_all_leaf20,2018,19,lag1_receiving_yards_after_catch_per_reception
extra_trees_all_leaf20,2018,20,lag1_receiving_first_down_rate
extra_trees_all_leaf20,2018,21,lag1_roster_weeks
extra_trees_all_leaf20,2018,22,lag1_late6_receiving_air_yards
extra_trees_all_leaf20,2018,23,lag1_late6_receiving_20
extra_trees_all_leaf20,2018,24,lag1_receiving_air_yards
extra_trees_all_leaf20,2018,25,lag1_offense_snaps
extra_trees_all_leaf20,2018,26,lag1_catch_rate
extra_trees_all_leaf20,2018,27,lag2_receptions
extra_trees_all_leaf20,2018,28,lag2_targets
extra_trees_all_leaf20,2018,29,lag2_receiving_first_downs
extra_trees_all_leaf20,2018,30,lag2_receiving_yards
extra_trees_all_leaf20,2018,31,lag2_receiving_yards_after_catch
extra_trees_all_leaf20,2018,32,lag1_fumbles_total
extra_trees_all_leaf20,2018,33,lag2_receiving_16
extra_trees_all_leaf20,2018,34,lag2_receiving_10
extra_trees_all_leaf20,2018,35,lag2_receiving_20
extra_trees_all_leaf20,2018,36,lag1_receiving_air_yards_per_target
extra_trees_all_leaf20,2018,37,lag1_receiving_40
extra_trees_all_leaf20,2018,38,lag2_receiving_yards_per_target
extra_trees_all_leaf20,2018,39,injury_lag2_injury_report_weeks
extra_trees_all_leaf20,2018,40,injury_lag2_designation_count
extra_trees_all_leaf20,2018,41,lag2_receiving_yards_per_reception
extra_trees_all_leaf20,2018,42,missing_draft_number
extra_trees_all_leaf20,2018,43,missing_draft_round
extra_trees_all_leaf20,2018,44,was_drafted
extra_trees_all_leaf20,2018,45,lag2_receiving_20_rate
extra_trees_all_leaf20,2018,46,lag2_receiving_first_down_rate
extra_trees_all_leaf20,2018,47,lag1_carries
extra_trees_all_leaf20,2018,48,lag2_games
extra_trees_all_leaf20,2018,49,lag2_receiving_air_yards
extra_trees_all_leaf20,2018,50,lag2_receiving_yards_after_catch_per_reception
extra_trees_all_leaf20,2018,51,lag1_rushing_yards
extra_trees_all_leaf20,2018,52,lag1_late6_carries
extra_trees_all_leaf20,2018,53,lag1_rush_yards_per_carry
extra_trees_all_leaf20,2018,54,lag2_catch_rate
extra_trees_all_leaf20,2018,55,lag2_receiving_tds
extra_trees_all_leaf20,2018,56,injury_lag2_injury_reported
extra_trees_all_leaf20,2018,57,lag3_receiving_yards_after_catch
extra_trees_all_leaf20,2018,58,lag1_fumbles_lost_total
extra_trees_all_leaf20,2018,59,lag1_rushing_10
extra_trees_all_leaf20,2018,60,lag1_rushing_first_downs
extra_trees_all_leaf20,2018,61,lag3_receiving_16
extra_trees_all_leaf20,2018,62,lag1_late6_rushing_yards
extra_trees_all_leaf20,2018,63,lag3_receptions
extra_trees_all_leaf20,2018,64,lag1_rushing_12
extra_trees_all_leaf20,2018,65,lag3_targets
extra_trees_all_leaf20,2018,66,lag3_receiving_yards
extra_trees_all_leaf20,2018,67,lag2_receiving_air_yards_per_target
extra_trees_all_leaf20,2018,68,lag3_receiving_first_downs
extra_trees_all_leaf20,2018,69,lag3_receiving_20
extra_trees_all_leaf20,2018,70,lag3_receiving_10
extra_trees_all_leaf20,2018,71,lag1_late6_rushing_first_downs
extra_trees_all_leaf20,2018,72,lag2_roster_weeks
extra_trees_all_leaf20,2018,73,combine_vertical
extra_trees_all_leaf20,2018,74,lag3_receiving_20_rate
extra_trees_all_leaf20,2018,75,combine_broad_jump
extra_trees_all_leaf20,2018,76,lag3_receiving_yards_after_catch_per_reception
extra_trees_all_leaf20,2018,77,injury_lag3_designation_count
extra_trees_all_leaf20,2018,78,lag3_receiving_yards_per_reception
extra_trees_all_leaf20,2018,79,injury_lag3_injury_report_weeks
extra_trees_all_leaf20,2018,80,lag1_rush_first_down_rate
extra_trees_all_leaf20,2018,81,lag3_receiving_yards_per_target
extra_trees_all_leaf20,2018,82,lag1_rushing_20
extra_trees_all_leaf20,2018,83,lag3_receiving_first_down_rate
extra_trees_all_leaf20,2018,84,injury_lag3_injury_reported
extra_trees_all_leaf20,2018,85,lag1_rush_20_rate
extra_trees_all_leaf20,2018,86,lag2_fumbles_total
extra_trees_all_leaf20,2018,87,lag3_catch_rate
extra_trees_all_leaf20,2018,88,lag3_receiving_tds
extra_trees_all_leaf20,2018,89,lag1_receiving_fumbles
extra_trees_all_leaf20,2018,90,combine_bench
extra_trees_all_leaf20,2018,91,lag3_games
extra_trees_all_leaf20,2018,92,lag2_carries
extra_trees_all_leaf20,2018,93,lag4_receiving_yards_after_catch
extra_trees_all_leaf20,2018,94,lag1_rushing_tds
extra_trees_all_leaf20,2018,95,lag2_offense_snaps
extra_trees_all_leaf20,2018,96,lag2_rush_yards_per_carry
extra_trees_all_leaf20,2018,97,lag4_receptions
extra_trees_all_leaf20,2018,98,lag4_receiving_yards
extra_trees_all_leaf20,2018,99,lag1_rushing_fumbles
extra_trees_all_leaf20,2018,100,lag4_targets
extra_trees_all_leaf20,2018,101,missing_combine_bench
extra_trees_all_leaf20,2018,102,lag4_receiving_20
extra_trees_all_leaf20,2018,103,lag4_receiving_first_downs
extra_trees_all_leaf20,2018,104,lag4_receiving_16
extra_trees_all_leaf20,2018,105,lag2_receiving_40
extra_trees_all_leaf20,2018,106,lag4_receiving_10
extra_trees_all_leaf20,2018,107,lag2_rushing_yards
extra_trees_all_leaf20,2018,108,lag4_receiving_yards_after_catch_per_reception
extra_trees_all_leaf20,2018,109,missing_combine_forty
extra_trees_all_leaf20,2018,110,lag3_receiving_air_yards
extra_trees_all_leaf20,2018,111,lag3_rush_yards_per_carry
extra_trees_all_leaf20,2018,112,lag4_receiving_20_rate
extra_trees_all_leaf20,2018,113,lag4_receiving_yards_per_reception
extra_trees_all_leaf20,2018,114,lag2_rushing_10
extra_trees_all_leaf20,2018,115,injury_lag4_injury_report_weeks
extra_trees_all_leaf20,2018,116,injury_lag4_designation_count
extra_trees_all_leaf20,2018,117,lag2_history_available
extra_trees_all_leaf20,2018,118,lag3_rushing_yards
extra_trees_all_leaf20,2018,119,lag3_carries
extra_trees_all_leaf20,2018,120,lag4_receiving_yards_per_target
extra_trees_all_leaf20,2018,121,lag2_rushing_first_downs
extra_trees_all_leaf20,2018,122,lag4_receiving_tds
extra_trees_all_leaf20,2018,123,lag4_receiving_first_down_rate
extra_trees_all_leaf20,2018,124,lag3_fumbles_total
extra_trees_all_leaf20,2018,125,injury_lag4_injury_reported
extra_trees_all_leaf20,2018,126,missing_combine_broad_jump
extra_trees_all_leaf20,2018,127,lag2_rushing_12
extra_trees_all_leaf20,2018,128,lag2_rush_first_down_rate
extra_trees_all_leaf20,2018,129,lag3_receiving_40
extra_trees_all_leaf20,2018,130,lag2_fumbles_lost_total
extra_trees_all_leaf20,2018,131,lag4_catch_rate
extra_trees_all_leaf20,2018,132,missing_combine_vertical
extra_trees_all_leaf20,2018,133,lag3_rushing_10
extra_trees_all_leaf20,2018,134,lag1_late6_rushing_20
extra_trees_all_leaf20,2018,135,lag3_roster_weeks
extra_trees_all_leaf20,2018,136,lag3_rushing_first_downs
extra_trees_all_leaf20,2018,137,lag3_rush_first_down_rate
extra_trees_all_leaf20,2018,138,lag3_receiving_air_yards_per_target
extra_trees_all_leaf20,2018,139,lag4_carries
extra_trees_all_leaf20,2018,140,lag3_rushing_12
extra_trees_all_leaf20,2018,141,lag4_fumbles_total
extra_trees_all_leaf20,2018,142,lag1_rushing_fumbles_lost
extra_trees_all_leaf20,2018,143,lag4_games
extra_trees_all_leaf20,2018,144,lag4_receiving_air_yards
extra_trees_all_leaf20,2018,145,lag4_rushing_yards
extra_trees_all_leaf20,2018,146,lag3_rushing_20
extra_trees_all_leaf20,2018,147,lag4_rush_yards_per_carry
extra_trees_all_leaf20,2018,148,lag3_rush_20_rate
extra_trees_all_leaf20,2018,149,lag4_receiving_40
extra_trees_all_leaf20,2018,150,lag4_rushing_first_downs
extra_trees_all_leaf20,2018,151,lag2_receiving_fumbles
extra_trees_all_leaf20,2018,152,lag3_fumbles_lost_total
extra_trees_all_leaf20,2018,153,lag4_rushing_10
extra_trees_all_leaf20,2018,154,lag2_rushing_20
extra_trees_all_leaf20,2018,155,lag4_receiving_air_yards_per_target
extra_trees_all_leaf20,2018,156,lag4_fumbles_lost_total
extra_trees_all_leaf20,2018,157,lag2_rush_20_rate
extra_trees_all_leaf20,2018,158,lag4_rush_first_down_rate
extra_trees_all_leaf20,2018,159,lag2_rushing_tds
extra_trees_all_leaf20,2018,160,lag1_receiving_fumbles_lost
extra_trees_all_leaf20,2018,161,lag3_history_available
extra_trees_all_leaf20,2018,162,lag4_rushing_12
extra_trees_all_leaf20,2018,163,lag1_history_available
extra_trees_all_leaf20,2018,164,lag1_rushing_40
extra_trees_all_leaf20,2018,165,lag3_rushing_tds
extra_trees_all_leaf20,2018,166,years_exp
extra_trees_all_leaf20,2018,167,is_rookie
extra_trees_all_leaf20,2018,168,lag2_rushing_fumbles
extra_trees_all_leaf20,2018,169,draft_round
extra_trees_all_leaf20,2018,170,draft_number
extra_trees_all_leaf20,2018,171,position_WR
extra_trees_all_leaf20,2018,172,lag4_roster_weeks
extra_trees_all_leaf20,2018,173,lag1_late6_mean_delta_targets
extra_trees_all_leaf20,2018,174,lag1_late6_mean_delta_receiving_air_yards
extra_trees_all_leaf20,2018,175,missing_combine_shuttle
extra_trees_all_leaf20,2018,176,position_K
extra_trees_all_leaf20,2018,177,lag4_rushing_tds
extra_trees_all_leaf20,2018,178,position_QB
extra_trees_all_leaf20,2018,179,lag4_rushing_20
extra_trees_all_leaf20,2018,180,lag3_receiving_fumbles
extra_trees_all_leaf20,2018,181,lag4_rush_20_rate
extra_trees_all_leaf20,2018,182,injury_lag5_designation_count
extra_trees_all_leaf20,2018,183,injury_lag5_injury_report_weeks
extra_trees_all_leaf20,2018,184,injury_lag5_injury_reported
extra_trees_all_leaf20,2018,185,lag4_history_available
extra_trees_all_leaf20,2018,186,lag1_late6_mean_delta_carries
extra_trees_all_leaf20,2018,187,lag3_rushing_fumbles
extra_trees_all_leaf20,2018,188,lag1_late6_mean_delta_rushing_yards
extra_trees_all_leaf20,2018,189,lag4_receiving_fumbles
extra_trees_all_leaf20,2018,190,lag4_rushing_fumbles
extra_trees_all_leaf20,2018,191,lag2_receiving_fumbles_lost
extra_trees_all_leaf20,2018,192,lag4_rushing_fumbles_lost
extra_trees_all_leaf20,2018,193,lag1_weekly_slope_targets
extra_trees_all_leaf20,2018,194,combine_shuttle
extra_trees_all_leaf20,2018,195,lag1_pat_att
extra_trees_all_leaf20,2018,196,lag1_pat_made
extra_trees_all_leaf20,2018,197,lag1_pat_make_rate
extra_trees_all_leaf20,2018,198,lag1_made_field_goal_mean_distance
extra_trees_all_leaf20,2018,199,lag1_field_goal_make_rate
extra_trees_all_leaf20,2018,200,lag1_fg_made_distance
extra_trees_all_leaf20,2018,201,lag1_fg_att
extra_trees_all_leaf20,2018,202,lag1_fg_made
extra_trees_all_leaf20,2018,203,lag1_fg_made_20_29
extra_trees_all_leaf20,2018,204,lag1_fg_made_40_49
extra_trees_all_leaf20,2018,205,lag1_missed_field_goal_mean_distance
extra_trees_all_leaf20,2018,206,lag1_fg_missed_distance
extra_trees_all_leaf20,2018,207,lag1_fg_missed
extra_trees_all_leaf20,2018,208,lag2_rushing_fumbles_lost
extra_trees_all_leaf20,2018,209,lag1_fg_made_30_39
extra_trees_all_leaf20,2018,210,lag1_late6_pat_att
extra_trees_all_leaf20,2018,211,lag1_late6_fg_made
extra_trees_all_leaf20,2018,212,lag1_late6_fg_att
extra_trees_all_leaf20,2018,213,missing_combine_cone
extra_trees_all_leaf20,2018,214,missing_age
extra_trees_all_leaf20,2018,215,lag1_weekly_slope_receiving_air_yards
extra_trees_all_leaf20,2018,216,lag3_rushing_fumbles_lost
extra_trees_all_leaf20,2018,217,lag3_receiving_fumbles_lost
extra_trees_all_leaf20,2018,218,lag2_rushing_40
extra_trees_all_leaf20,2018,219,lag2_pat_att
extra_trees_all_leaf20,2018,220,lag2_pat_made
extra_trees_all_leaf20,2018,221,lag2_fg_att
extra_trees_all_leaf20,2018,222,lag2_fg_made_distance
extra_trees_all_leaf20,2018,223,lag2_fg_made_20_29
extra_trees_all_leaf20,2018,224,lag2_fg_made
extra_trees_all_leaf20,2018,225,lag2_field_goal_make_rate
extra_trees_all_leaf20,2018,226,lag2_fg_made_40_49
extra_trees_all_leaf20,2018,227,lag3_offense_snaps
extra_trees_all_leaf20,2018,228,lag2_pat_make_rate
extra_trees_all_leaf20,2018,229,lag2_made_field_goal_mean_distance
extra_trees_all_leaf20,2018,230,lag2_fg_missed
extra_trees_all_leaf20,2018,231,lag2_fg_missed_distance
extra_trees_all_leaf20,2018,232,lag2_missed_field_goal_mean_distance
extra_trees_all_leaf20,2018,233,lag3_rushing_40
extra_trees_all_leaf20,2018,234,lag1_fg_missed_40_49
extra_trees_all_leaf20,2018,235,lag2_fg_made_30_39
extra_trees_all_leaf20,2018,236,position_TE
extra_trees_all_leaf20,2018,237,lag1_weekly_slope_receptions
extra_trees_all_leaf20,2018,238,weight
extra_trees_all_leaf20,2018,239,lag1_late6_mean_delta_receptions
extra_trees_all_leaf20,2018,240,lag1_fg_made_50_59
extra_trees_all_leaf20,2018,241,lag4_receiving_fumbles_lost
extra_trees_all_leaf20,2018,242,lag2_punt_returns
extra_trees_all_leaf20,2018,243,lag3_fg_att
extra_trees_all_leaf20,2018,244,lag3_fg_made_20_29
extra_trees_all_leaf20,2018,245,lag3_fg_made
extra_trees_all_leaf20,2018,246,lag1_fg_missed_50_59
extra_trees_all_leaf20,2018,247,lag3_fg_made_distance
extra_trees_all_leaf20,2018,248,lag3_field_goal_make_rate
extra_trees_all_leaf20,2018,249,lag3_fg_made_40_49
extra_trees_all_leaf20,2018,250,lag3_made_field_goal_mean_distance
extra_trees_all_leaf20,2018,251,lag2_fg_made_50_59
extra_trees_all_leaf20,2018,252,lag1_kickoff_returns
extra_trees_all_leaf20,2018,253,lag3_pat_att
extra_trees_all_leaf20,2018,254,lag3_pat_made
extra_trees_all_leaf20,2018,255,lag3_pat_make_rate
extra_trees_all_leaf20,2018,256,lag3_fg_made_30_39
extra_trees_all_leaf20,2018,257,lag3_fg_missed
extra_trees_all_leaf20,2018,258,lag3_fg_missed_distance
extra_trees_all_leaf20,2018,259,lag1_late6_kickoff_return_yards
extra_trees_all_leaf20,2018,260,lag1_weekly_slope_rushing_first_downs
extra_trees_all_leaf20,2018,261,lag3_missed_field_goal_mean_distance
extra_trees_all_leaf20,2018,262,lag1_weekly_slope_rushing_yards
extra_trees_all_leaf20,2018,263,lag1_weekly_slope_carries
extra_trees_all_leaf20,2018,264,lag2_fg_missed_40_49
extra_trees_all_leaf20,2018,265,lag4_fg_made_40_49
extra_trees_all_leaf20,2018,266,lag4_made_field_goal_mean_distance
extra_trees_all_leaf20,2018,267,lag4_field_goal_make_rate
extra_trees_all_leaf20,2018,268,lag4_fg_made_distance
extra_trees_all_leaf20,2018,269,lag4_fg_made
extra_trees_all_leaf20,2018,270,lag4_fg_made_20_29
extra_trees_all_leaf20,2018,271,lag4_fg_att
extra_trees_all_leaf20,2018,272,lag1_punt_returns
extra_trees_all_leaf20,2018,273,lag3_punt_returns
extra_trees_all_leaf20,2018,274,lag1_late6_passing_20
extra_trees_all_leaf20,2018,275,lag4_pat_att
extra_trees_all_leaf20,2018,276,lag4_pat_made
extra_trees_all_leaf20,2018,277,lag4_pat_make_rate
extra_trees_all_leaf20,2018,278,lag1_kickoff_return_yards
extra_trees_all_leaf20,2018,279,lag1_late6_mean_delta_rushing_first_downs
extra_trees_all_leaf20,2018,280,lag4_fg_made_30_39
extra_trees_all_leaf20,2018,281,lag4_missed_field_goal_mean_distance
extra_trees_all_leaf20,2018,282,lag4_fg_missed
extra_trees_all_leaf20,2018,283,lag4_fg_missed_distance
extra_trees_all_leaf20,2018,284,lag2_punt_return_yards
extra_trees_all_leaf20,2018,285,lag4_punt_returns
extra_trees_all_leaf20,2018,286,lag1_late6_passing_air_yards
extra_trees_all_leaf20,2018,287,lag1_late6_attempts
extra_trees_all_leaf20,2018,288,lag3_fg_missed_40_49
extra_trees_all_leaf20,2018,289,lag3_fg_made_50_59
extra_trees_all_leaf20,2018,290,lag3_punt_return_yards
extra_trees_all_leaf20,2018,291,lag1_late6_mean_delta_receiving_yards
extra_trees_all_leaf20,2018,292,lag1_weekly_slope_receiving_first_downs
extra_trees_all_leaf20,2018,293,lag1_late6_passing_first_downs
extra_trees_all_leaf20,2018,294,age
extra_trees_all_leaf20,2018,295,lag4_punt_return_yards
extra_trees_all_leaf20,2018,296,lag1_late6_punt_return_yards
extra_trees_all_leaf20,2018,297,lag2_fg_missed_50_59
extra_trees_all_leaf20,2018,298,combine_cone
extra_trees_all_leaf20,2018,299,lag1_passing_tds
extra_trees_all_leaf20,2018,300,lag1_sack_fumbles
extra_trees_all_leaf20,2018,301,lag1_punt_return_yards
extra_trees_all_leaf20,2018,302,lag4_rushing_40
extra_trees_all_leaf20,2018,303,lag1_pass_td_rate
extra_trees_all_leaf20,2018,304,lag4_fg_missed_40_49
extra_trees_all_leaf20,2018,305,lag1_passing_40
extra_trees_all_leaf20,2018,306,lag1_late6_passing_yards
extra_trees_all_leaf20,2018,307,lag1_late6_mean_delta_passing_air_yards
extra_trees_all_leaf20,2018,308,lag1_late6_mean_delta_attempts
extra_trees_all_leaf20,2018,309,lag1_weekly_slope_receiving_yards_after_catch
extra_trees_all_leaf20,2018,310,lag3_fg_missed_50_59
extra_trees_all_leaf20,2018,311,lag3_kickoff_returns
extra_trees_all_leaf20,2018,312,lag1_weekly_slope_receiving_yards
extra_trees_all_leaf20,2018,313,lag4_fg_made_50_59
extra_trees_all_leaf20,2018,314,lag1_passing_air_yards
extra_trees_all_leaf20,2018,315,lag1_late6_passing_yards_after_catch
extra_trees_all_leaf20,2018,316,lag1_attempts
extra_trees_all_leaf20,2018,317,lag1_gwfg_att
extra_trees_all_leaf20,2018,318,lag1_gwfg_distance
extra_trees_all_leaf20,2018,319,lag1_weekly_slope_kickoff_return_yards
extra_trees_all_leaf20,2018,320,lag1_passing_air_yards_per_attempt
extra_trees_all_leaf20,2018,321,lag2_fg_missed_30_39
extra_trees_all_leaf20,2018,322,lag1_sack_fumbles_lost
extra_trees_all_leaf20,2018,323,lag1_passing_20
extra_trees_all_leaf20,2018,324,lag4_kickoff_returns
extra_trees_all_leaf20,2018,325,lag4_fg_missed_30_39
extra_trees_all_leaf20,2018,326,lag1_special_teams_tds
extra_trees_all_leaf20,2018,327,lag1_fg_blocked
extra_trees_all_leaf20,2018,328,lag1_late6_mean_delta_passing_first_downs
extra_trees_all_leaf20,2018,329,lag4_fg_missed_50_59
extra_trees_all_leaf20,2018,330,lag4_kickoff_return_yards
extra_trees_all_leaf20,2018,331,lag3_fg_missed_30_39
extra_trees_all_leaf20,2018,332,lag1_gwfg_made
extra_trees_all_leaf20,2018,333,lag4_gwfg_distance
extra_trees_all_leaf20,2018,334,lag4_gwfg_att
extra_trees_all_leaf20,2018,335,lag2_fg_blocked
extra_trees_all_leaf20,2018,336,lag2_kickoff_returns
extra_trees_all_leaf20,2018,337,lag3_fg_blocked
extra_trees_all_leaf20,2018,338,lag1_weekly_slope_passing_first_downs
extra_trees_all_leaf20,2018,339,lag1_passing_interceptions
extra_trees_all_leaf20,2018,340,lag1_fg_missed_30_39
extra_trees_all_leaf20,2018,341,lag3_gwfg_att
extra_trees_all_leaf20,2018,342,lag3_gwfg_distance
extra_trees_all_leaf20,2018,343,lag1_passing_16
extra_trees_all_leaf20,2018,344,position_RB
extra_trees_all_leaf20,2018,345,lag1_late6_mean_delta_kickoff_return_yards
extra_trees_all_leaf20,2018,346,lag3_kickoff_return_yards
extra_trees_all_leaf20,2018,347,lag4_gwfg_made
extra_trees_all_leaf20,2018,348,lag1_late6_mean_delta_receiving_yards_after_catch
extra_trees_all_leaf20,2018,349,lag1_passing_first_downs
extra_trees_all_leaf20,2018,350,lag4_passing_40
extra_trees_all_leaf20,2018,351,lag3_gwfg_made
extra_trees_all_leaf20,2018,352,lag4_fg_blocked
extra_trees_all_leaf20,2018,353,lag2_passing_40
extra_trees_all_leaf20,2018,354,lag1_weekly_slope_passing_air_yards
extra_trees_all_leaf20,2018,355,height
extra_trees_all_leaf20,2018,356,lag1_interception_rate
extra_trees_all_leaf20,2018,357,lag1_late6_mean_delta_passing_yards_after_catch
extra_trees_all_leaf20,2018,358,lag1_completions
extra_trees_all_leaf20,2018,359,lag4_passing_air_yards
extra_trees_all_leaf20,2018,360,lag1_passing_10
extra_trees_all_leaf20,2018,361,lag2_passing_tds
extra_trees_all_leaf20,2018,362,lag1_pass_yards_per_attempt
extra_trees_all_leaf20,2018,363,lag2_pass_td_rate
extra_trees_all_leaf20,2018,364,lag1_weekly_slope_attempts
extra_trees_all_leaf20,2018,365,lag1_passing_yards
extra_trees_all_leaf20,2018,366,lag2_gwfg_att
extra_trees_all_leaf20,2018,367,lag2_gwfg_distance
extra_trees_all_leaf20,2018,368,lag4_passing_air_yards_per_attempt
extra_trees_all_leaf20,2018,369,lag4_attempts
extra_trees_all_leaf20,2018,370,lag1_late6_mean_delta_passing_yards
extra_trees_all_leaf20,2018,371,lag1_completion_rate
extra_trees_all_leaf20,2018,372,lag1_weekly_slope_punt_return_yards
extra_trees_all_leaf20,2018,373,lag1_pat_missed
extra_trees_all_leaf20,2018,374,lag4_passing_tds
extra_trees_all_leaf20,2018,375,lag2_passing_air_yards
extra_trees_all_leaf20,2018,376,lag4_pass_td_rate
extra_trees_all_leaf20,2018,377,lag1_weekly_slope_rushing_20
extra_trees_all_leaf20,2018,378,lag1_sack_yards_lost
extra_trees_all_leaf20,2018,379,lag3_fg_made_0_19
extra_trees_all_leaf20,2018,380,lag4_passing_10
extra_trees_all_leaf20,2018,381,lag1_late6_mean_delta_receiving_first_downs
extra_trees_all_leaf20,2018,382,lag1_sacks_suffered
extra_trees_all_leaf20,2018,383,lag4_passing_first_downs
extra_trees_all_leaf20,2018,384,lag4_fg_made_0_19
extra_trees_all_leaf20,2018,385,lag2_passing_air_yards_per_attempt
extra_trees_all_leaf20,2018,386,lag4_passing_16
extra_trees_all_leaf20,2018,387,lag2_attempts
extra_trees_all_leaf20,2018,388,lag2_fg_made_0_19
extra_trees_all_leaf20,2018,389,lag2_gwfg_made
extra_trees_all_leaf20,2018,390,lag2_kickoff_return_yards
extra_trees_all_leaf20,2018,391,lag2_special_teams_tds
extra_trees_all_leaf20,2018,392,lag4_sack_fumbles
extra_trees_all_leaf20,2018,393,lag4_passing_yards
extra_trees_all_leaf20,2018,394,lag1_passing_yards_after_catch
extra_trees_all_leaf20,2018,395,lag2_sack_fumbles_lost
extra_trees_all_leaf20,2018,396,lag3_special_teams_tds
extra_trees_all_leaf20,2018,397,lag1_fg_made_0_19
extra_trees_all_leaf20,2018,398,lag4_pass_yards_per_attempt
extra_trees_all_leaf20,2018,399,lag4_sack_yards_lost
extra_trees_all_leaf20,2018,400,lag4_special_teams_tds
extra_trees_all_leaf20,2018,401,lag2_sack_fumbles
extra_trees_all_leaf20,2018,402,lag4_passing_interceptions
extra_trees_all_leaf20,2018,403,lag2_fg_missed_20_29
extra_trees_all_leaf20,2018,404,lag4_passing_20
extra_trees_all_leaf20,2018,405,lag1_weekly_slope_receiving_20
extra_trees_all_leaf20,2018,406,lag1_passing_yards_after_catch_per_completion
extra_trees_all_leaf20,2018,407,lag1_late6_mean_delta_receiving_20
extra_trees_all_leaf20,2018,408,lag4_completions
extra_trees_all_leaf20,2018,409,lag4_interception_rate
extra_trees_all_leaf20,2018,410,lag1_weekly_slope_passing_yards
extra_trees_all_leaf20,2018,411,lag4_passing_yards_after_catch
extra_trees_all_leaf20,2018,412,lag4_sacks_suffered
extra_trees_all_leaf20,2018,413,lag4_completion_rate
extra_trees_all_leaf20,2018,414,lag1_late6_mean_delta_fg_att
extra_trees_all_leaf20,2018,415,lag3_sack_fumbles_lost
extra_trees_all_leaf20,2018,416,lag3_fg_missed_20_29
extra_trees_all_leaf20,2018,417,lag2_fg_missed_60_
extra_trees_all_leaf20,2018,418,lag4_sack_fumbles_lost
extra_trees_all_leaf20,2018,419,lag3_sack_fumbles
extra_trees_all_leaf20,2018,420,lag1_late6_mean_delta_passing_20
extra_trees_all_leaf20,2018,421,lag4_passing_yards_after_catch_per_completion
extra_trees_all_leaf20,2018,422,lag3_fg_missed_60_
extra_trees_all_leaf20,2018,423,lag1_pat_blocked
extra_trees_all_leaf20,2018,424,lag2_pat_blocked
extra_trees_all_leaf20,2018,425,lag4_pat_blocked
extra_trees_all_leaf20,2018,426,lag2_passing_16
extra_trees_all_leaf20,2018,427,lag2_passing_20
extra_trees_all_leaf20,2018,428,combine_forty
extra_trees_all_leaf20,2018,429,lag3_passing_40
extra_trees_all_leaf20,2018,430,lag1_weekly_slope_passing_yards_after_catch
extra_trees_all_leaf20,2018,431,lag3_pat_blocked
extra_trees_all_leaf20,2018,432,lag1_weekly_slope_fg_made
extra_trees_all_leaf20,2018,433,lag1_weekly_slope_passing_20
extra_trees_all_leaf20,2018,434,lag1_gwfg_missed
extra_trees_all_leaf20,2018,435,lag2_passing_yards
extra_trees_all_leaf20,2018,436,lag2_sack_yards_lost
extra_trees_all_leaf20,2018,437,lag2_pass_yards_per_attempt
extra_trees_all_leaf20,2018,438,lag3_sack_yards_lost
extra_trees_all_leaf20,2018,439,lag2_passing_10
extra_trees_all_leaf20,2018,440,lag1_fg_missed_60_
extra_trees_all_leaf20,2018,441,lag2_pat_missed
extra_trees_all_leaf20,2018,442,lag2_sacks_suffered
extra_trees_all_leaf20,2018,443,lag2_completions
extra_trees_all_leaf20,2018,444,lag4_pat_missed
extra_trees_all_leaf20,2018,445,lag2_gwfg_missed
extra_trees_all_leaf20,2018,446,lag2_completion_rate
extra_trees_all_leaf20,2018,447,lag2_passing_first_downs
extra_trees_all_leaf20,2018,448,lag2_passing_interceptions
extra_trees_all_leaf20,2018,449,lag3_passing_16
extra_trees_all_leaf20,2018,450,lag3_completion_rate
extra_trees_all_leaf20,2018,451,lag4_fg_missed_60_
extra_trees_all_leaf20,2018,452,lag3_passing_20
extra_trees_all_leaf20,2018,453,lag3_pat_missed
extra_trees_all_leaf20,2018,454,lag3_gwfg_missed
extra_trees_all_leaf20,2018,455,lag1_weekly_slope_pat_att
extra_trees_all_leaf20,2018,456,lag3_sacks_suffered
extra_trees_all_leaf20,2018,457,lag1_late6_mean_delta_pat_att
extra_trees_all_leaf20,2018,458,lag1_late6_mean_delta_fg_made
extra_trees_all_leaf20,2018,459,lag1_weekly_slope_fg_att
extra_trees_all_leaf20,2018,460,lag3_passing_yards_after_catch_per_completion
extra_trees_all_leaf20,2018,461,lag3_passing_air_yards
extra_trees_all_leaf20,2018,462,lag1_late6_mean_delta_rushing_20
extra_trees_all_leaf20,2018,463,lag3_completions
extra_trees_all_leaf20,2018,464,lag4_fg_missed_20_29
extra_trees_all_leaf20,2018,465,lag1_fg_made_60_
extra_trees_all_leaf20,2018,466,lag2_fg_made_60_
extra_trees_all_leaf20,2018,467,lag2_passing_yards_after_catch
extra_trees_all_leaf20,2018,468,lag1_fg_missed_20_29
extra_trees_all_leaf20,2018,469,lag3_passing_yards_after_catch
extra_trees_all_leaf20,2018,470,lag3_passing_10
extra_trees_all_leaf20,2018,471,lag2_passing_yards_after_catch_per_completion
extra_trees_all_leaf20,2018,472,lag1_late6_mean_delta_punt_return_yards
extra_trees_all_leaf20,2018,473,lag3_passing_tds
extra_trees_all_leaf20,2018,474,lag3_passing_first_downs
extra_trees_all_leaf20,2018,475,lag3_attempts
extra_trees_all_leaf20,2018,476,missing_height
extra_trees_all_leaf20,2018,477,missing_weight
extra_trees_all_leaf20,2018,478,lag3_passing_air_yards_per_attempt
extra_trees_all_leaf20,2018,479,lag2_interception_rate
extra_trees_all_leaf20,2018,480,lag3_pass_yards_per_attempt
extra_trees_all_leaf20,2018,481,lag3_fg_made_60_
extra_trees_all_leaf20,2018,482,lag4_gwfg_missed
extra_trees_all_leaf20,2018,483,lag3_passing_interceptions
extra_trees_all_leaf20,2018,484,lag3_interception_rate
extra_trees_all_leaf20,2018,485,lag3_gwfg_blocked
extra_trees_all_leaf20,2018,486,lag3_passing_yards
extra_trees_all_leaf20,2018,487,lag3_pass_td_rate
extra_trees_all_leaf20,2018,488,lag4_gwfg_blocked
extra_trees_all_leaf20,2018,489,missing_years_exp
extra_trees_all_leaf20,2018,490,lag1_gwfg_blocked
extra_trees_all_leaf20,2018,491,lag4_fg_made_60_
extra_trees_all_leaf20,2018,492,lag2_gwfg_blocked
extra_trees_all_leaf20,2018,493,lag1_fg_missed_0_19
extra_trees_all_leaf20,2018,494,lag2_fg_missed_0_19
extra_trees_all_leaf20,2018,495,lag3_fg_missed_0_19
extra_trees_all_leaf20,2018,496,lag4_fg_missed_0_19
extra_trees_all_leaf20,2018,497,lag4_offense_snaps
extra_trees_all_leaf20,2018,498,missing_is_rookie
extra_trees_all_leaf20,2018,499,missing_team_changed
extra_trees_all_leaf20,2018,500,missing_was_drafted
extra_trees_all_leaf20,2019,1,lag1_games
extra_trees_all_leaf20,2019,2,lag1_receptions
extra_trees_all_leaf20,2019,3,lag1_receiving_yards_after_catch
extra_trees_all_leaf20,2019,4,lag1_targets
extra_trees_all_leaf20,2019,5,lag1_receiving_yards
extra_trees_all_leaf20,2019,6,lag1_receiving_10
extra_trees_all_leaf20,2019,7,lag1_receiving_first_downs
extra_trees_all_leaf20,2019,8,lag1_late6_targets
extra_trees_all_leaf20,2019,9,lag1_receiving_16
extra_trees_all_leaf20,2019,10,lag1_late6_receptions
extra_trees_all_leaf20,2019,11,lag1_late6_receiving_yards
extra_trees_all_leaf20,2019,12,lag1_late6_receiving_yards_after_catch
extra_trees_all_leaf20,2019,13,lag1_late6_receiving_first_downs
extra_trees_all_leaf20,2019,14,lag1_receiving_20
extra_trees_all_leaf20,2019,15,lag1_receiving_yards_per_target
extra_trees_all_leaf20,2019,16,lag1_receiving_yards_per_reception
extra_trees_all_leaf20,2019,17,lag1_receiving_yards_after_catch_per_reception
extra_trees_all_leaf20,2019,18,lag1_offense_snaps
extra_trees_all_leaf20,2019,19,lag1_receiving_first_down_rate
extra_trees_all_leaf20,2019,20,lag1_receiving_20_rate
extra_trees_all_leaf20,2019,21,lag1_roster_weeks
extra_trees_all_leaf20,2019,22,lag1_receiving_tds
extra_trees_all_leaf20,2019,23,lag1_receiving_air_yards
extra_trees_all_leaf20,2019,24,lag1_catch_rate
extra_trees_all_leaf20,2019,25,lag1_late6_receiving_air_yards
extra_trees_all_leaf20,2019,26,lag1_late6_receiving_20
extra_trees_all_leaf20,2019,27,lag2_receptions
extra_trees_all_leaf20,2019,28,lag2_targets
extra_trees_all_leaf20,2019,29,lag2_receiving_first_downs
extra_trees_all_leaf20,2019,30,lag2_receiving_yards
extra_trees_all_leaf20,2019,31,lag1_receiving_air_yards_per_target
extra_trees_all_leaf20,2019,32,lag2_receiving_yards_after_catch
extra_trees_all_leaf20,2019,33,lag2_receiving_10
extra_trees_all_leaf20,2019,34,lag2_receiving_16
extra_trees_all_leaf20,2019,35,lag1_fumbles_total
extra_trees_all_leaf20,2019,36,was_drafted
extra_trees_all_leaf20,2019,37,missing_draft_number
extra_trees_all_leaf20,2019,38,missing_draft_round
extra_trees_all_leaf20,2019,39,lag2_games
extra_trees_all_leaf20,2019,40,lag2_receiving_20
extra_trees_all_leaf20,2019,41,lag2_receiving_yards_per_target
extra_trees_all_leaf20,2019,42,lag2_receiving_yards_per_reception
extra_trees_all_leaf20,2019,43,injury_lag2_injury_report_weeks
extra_trees_all_leaf20,2019,44,injury_lag2_designation_count
extra_trees_all_leaf20,2019,45,lag2_receiving_first_down_rate
extra_trees_all_leaf20,2019,46,lag1_receiving_40
extra_trees_all_leaf20,2019,47,lag2_receiving_20_rate
extra_trees_all_leaf20,2019,48,lag2_receiving_yards_after_catch_per_reception
extra_trees_all_leaf20,2019,49,lag1_carries
extra_trees_all_leaf20,2019,50,lag2_catch_rate
extra_trees_all_leaf20,2019,51,injury_lag2_injury_reported
extra_trees_all_leaf20,2019,52,lag1_rushing_yards
extra_trees_all_leaf20,2019,53,lag2_receiving_air_yards
extra_trees_all_leaf20,2019,54,lag2_roster_weeks
extra_trees_all_leaf20,2019,55,lag2_receiving_tds
extra_trees_all_leaf20,2019,56,lag1_rush_yards_per_carry
extra_trees_all_leaf20,2019,57,lag1_late6_carries
extra_trees_all_leaf20,2019,58,lag1_rushing_first_downs
extra_trees_all_leaf20,2019,59,lag1_rushing_10
extra_trees_all_leaf20,2019,60,lag3_receiving_yards_after_catch
extra_trees_all_leaf20,2019,61,lag1_rushing_12
extra_trees_all_leaf20,2019,62,combine_vertical
extra_trees_all_leaf20,2019,63,lag3_receptions
extra_trees_all_leaf20,2019,64,lag3_receiving_yards
extra_trees_all_leaf20,2019,65,lag3_targets
extra_trees_all_leaf20,2019,66,combine_broad_jump
extra_trees_all_leaf20,2019,67,lag2_receiving_air_yards_per_target
extra_trees_all_leaf20,2019,68,lag1_fumbles_lost_total
extra_trees_all_leaf20,2019,69,lag3_receiving_first_downs
extra_trees_all_leaf20,2019,70,lag3_receiving_16
extra_trees_all_leaf20,2019,71,lag1_rush_first_down_rate
extra_trees_all_leaf20,2019,72,lag1_late6_rushing_yards
extra_trees_all_leaf20,2019,73,lag3_receiving_10
extra_trees_all_leaf20,2019,74,lag3_receiving_20
extra_trees_all_leaf20,2019,75,lag3_receiving_yards_per_target
extra_trees_all_leaf20,2019,76,lag3_receiving_yards_per_reception
extra_trees_all_leaf20,2019,77,lag3_receiving_yards_after_catch_per_reception
extra_trees_all_leaf20,2019,78,lag3_games
extra_trees_all_leaf20,2019,79,lag1_late6_rushing_first_downs
extra_trees_all_leaf20,2019,80,lag2_offense_snaps
extra_trees_all_leaf20,2019,81,lag3_receiving_20_rate
extra_trees_all_leaf20,2019,82,missing_combine_forty
extra_trees_all_leaf20,2019,83,lag3_receiving_first_down_rate
extra_trees_all_leaf20,2019,84,lag3_catch_rate
extra_trees_all_leaf20,2019,85,injury_lag3_injury_report_weeks
extra_trees_all_leaf20,2019,86,injury_lag3_designation_count
extra_trees_all_leaf20,2019,87,lag2_fumbles_total
extra_trees_all_leaf20,2019,88,lag1_rushing_20
extra_trees_all_leaf20,2019,89,combine_bench
extra_trees_all_leaf20,2019,90,lag3_receiving_tds
extra_trees_all_leaf20,2019,91,lag2_carries
extra_trees_all_leaf20,2019,92,lag2_history_available
extra_trees_all_leaf20,2019,93,lag1_rush_20_rate
extra_trees_all_leaf20,2019,94,injury_lag3_injury_reported
extra_trees_all_leaf20,2019,95,lag2_rush_yards_per_carry
extra_trees_all_leaf20,2019,96,missing_combine_bench
extra_trees_all_leaf20,2019,97,lag1_rushing_tds
extra_trees_all_leaf20,2019,98,missing_combine_broad_jump
extra_trees_all_leaf20,2019,99,lag2_rushing_yards
extra_trees_all_leaf20,2019,100,lag2_receiving_40
extra_trees_all_leaf20,2019,101,lag3_receiving_air_yards
extra_trees_all_leaf20,2019,102,lag1_receiving_fumbles
extra_trees_all_leaf20,2019,103,missing_combine_vertical
extra_trees_all_leaf20,2019,104,lag3_roster_weeks
extra_trees_all_leaf20,2019,105,lag4_receiving_yards_after_catch
extra_trees_all_leaf20,2019,106,lag2_rushing_10
extra_trees_all_leaf20,2019,107,lag2_rushing_first_downs
extra_trees_all_leaf20,2019,108,lag1_rushing_fumbles
extra_trees_all_leaf20,2019,109,lag2_fumbles_lost_total
extra_trees_all_leaf20,2019,110,lag4_receptions
extra_trees_all_leaf20,2019,111,lag2_rush_first_down_rate
extra_trees_all_leaf20,2019,112,lag4_targets
extra_trees_all_leaf20,2019,113,lag4_receiving_yards
extra_trees_all_leaf20,2019,114,lag3_receiving_air_yards_per_target
extra_trees_all_leaf20,2019,115,lag4_receiving_20
extra_trees_all_leaf20,2019,116,lag2_rushing_12
extra_trees_all_leaf20,2019,117,lag4_receiving_16
extra_trees_all_leaf20,2019,118,lag4_receiving_first_downs
extra_trees_all_leaf20,2019,119,lag4_receiving_10
extra_trees_all_leaf20,2019,120,lag4_receiving_yards_after_catch_per_reception
extra_trees_all_leaf20,2019,121,lag3_carries
extra_trees_all_leaf20,2019,122,draft_round
extra_trees_all_leaf20,2019,123,lag3_rush_yards_per_carry
extra_trees_all_leaf20,2019,124,draft_number
extra_trees_all_leaf20,2019,125,lag4_receiving_20_rate
extra_trees_all_leaf20,2019,126,lag4_receiving_yards_per_reception
extra_trees_all_leaf20,2019,127,lag3_rushing_yards
extra_trees_all_leaf20,2019,128,lag4_receiving_yards_per_target
extra_trees_all_leaf20,2019,129,lag3_receiving_40
extra_trees_all_leaf20,2019,130,injury_lag4_injury_report_weeks
extra_trees_all_leaf20,2019,131,injury_lag4_designation_count
extra_trees_all_leaf20,2019,132,lag3_fumbles_total
extra_trees_all_leaf20,2019,133,lag4_receiving_first_down_rate
extra_trees_all_leaf20,2019,134,lag3_history_available
extra_trees_all_leaf20,2019,135,lag4_games
extra_trees_all_leaf20,2019,136,lag4_receiving_tds
extra_trees_all_leaf20,2019,137,lag4_catch_rate
extra_trees_all_leaf20,2019,138,lag1_late6_rushing_20
extra_trees_all_leaf20,2019,139,injury_lag4_injury_reported
extra_trees_all_leaf20,2019,140,lag3_rushing_10
extra_trees_all_leaf20,2019,141,lag3_rushing_first_downs
extra_trees_all_leaf20,2019,142,lag3_rush_first_down_rate
extra_trees_all_leaf20,2019,143,lag2_receiving_fumbles
extra_trees_all_leaf20,2019,144,lag4_receiving_air_yards
extra_trees_all_leaf20,2019,145,lag3_rushing_12
extra_trees_all_leaf20,2019,146,lag1_rushing_fumbles_lost
extra_trees_all_leaf20,2019,147,lag2_rushing_20
extra_trees_all_leaf20,2019,148,lag4_carries
extra_trees_all_leaf20,2019,149,lag2_rush_20_rate
extra_trees_all_leaf20,2019,150,lag4_rushing_yards
extra_trees_all_leaf20,2019,151,lag4_fumbles_total
extra_trees_all_leaf20,2019,152,missing_combine_shuttle
extra_trees_all_leaf20,2019,153,lag4_rush_yards_per_carry
extra_trees_all_leaf20,2019,154,lag2_rushing_tds
extra_trees_all_leaf20,2019,155,lag4_receiving_40
extra_trees_all_leaf20,2019,156,lag4_receiving_air_yards_per_target
extra_trees_all_leaf20,2019,157,lag3_fumbles_lost_total
extra_trees_all_leaf20,2019,158,lag1_receiving_fumbles_lost
extra_trees_all_leaf20,2019,159,lag4_roster_weeks
extra_trees_all_leaf20,2019,160,years_exp
extra_trees_all_leaf20,2019,161,lag4_rushing_first_downs
extra_trees_all_leaf20,2019,162,lag4_rush_first_down_rate
extra_trees_all_leaf20,2019,163,lag4_rushing_10
extra_trees_all_leaf20,2019,164,lag2_rushing_fumbles
extra_trees_all_leaf20,2019,165,lag3_rushing_20
extra_trees_all_leaf20,2019,166,combine_shuttle
extra_trees_all_leaf20,2019,167,missing_combine_cone
extra_trees_all_leaf20,2019,168,lag3_rush_20_rate
extra_trees_all_leaf20,2019,169,lag1_rushing_40
extra_trees_all_leaf20,2019,170,lag4_fumbles_lost_total
extra_trees_all_leaf20,2019,171,lag4_rushing_12
extra_trees_all_leaf20,2019,172,lag4_history_available
extra_trees_all_leaf20,2019,173,lag3_rushing_tds
extra_trees_all_leaf20,2019,174,weight
extra_trees_all_leaf20,2019,175,lag3_receiving_fumbles
extra_trees_all_leaf20,2019,176,combine_cone
extra_trees_all_leaf20,2019,177,lag2_receiving_fumbles_lost
extra_trees_all_leaf20,2019,178,missing_age
extra_trees_all_leaf20,2019,179,lag1_late6_mean_delta_targets
extra_trees_all_leaf20,2019,180,lag3_offense_snaps
extra_trees_all_leaf20,2019,181,lag4_rushing_20
extra_trees_all_leaf20,2019,182,lag2_rushing_fumbles_lost
extra_trees_all_leaf20,2019,183,lag1_kickoff_returns
extra_trees_all_leaf20,2019,184,lag4_rush_20_rate
extra_trees_all_leaf20,2019,185,lag1_late6_mean_delta_receiving_air_yards
extra_trees_all_leaf20,2019,186,lag4_rushing_tds
extra_trees_all_leaf20,2019,187,combine_forty
extra_trees_all_leaf20,2019,188,injury_lag5_injury_report_weeks
extra_trees_all_leaf20,2019,189,injury_lag5_designation_count
extra_trees_all_leaf20,2019,190,lag4_receiving_fumbles
extra_trees_all_leaf20,2019,191,injury_lag5_injury_reported
extra_trees_all_leaf20,2019,192,position_K
extra_trees_all_leaf20,2019,193,lag1_kickoff_return_yards
extra_trees_all_leaf20,2019,194,lag3_rushing_fumbles
extra_trees_all_leaf20,2019,195,lag4_rushing_fumbles
extra_trees_all_leaf20,2019,196,is_rookie
extra_trees_all_leaf20,2019,197,lag1_history_available
extra_trees_all_leaf20,2019,198,lag3_receiving_fumbles_lost
extra_trees_all_leaf20,2019,199,lag1_late6_mean_delta_rushing_yards
extra_trees_all_leaf20,2019,200,position_QB
extra_trees_all_leaf20,2019,201,lag1_late6_kickoff_return_yards
extra_trees_all_leaf20,2019,202,lag2_rushing_40
extra_trees_all_leaf20,2019,203,lag3_rushing_fumbles_lost
extra_trees_all_leaf20,2019,204,lag1_weekly_slope_targets
extra_trees_all_leaf20,2019,205,age
extra_trees_all_leaf20,2019,206,lag4_rushing_fumbles_lost
extra_trees_all_leaf20,2019,207,lag1_late6_mean_delta_carries
extra_trees_all_leaf20,2019,208,lag1_passing_air_yards
extra_trees_all_leaf20,2019,209,position_TE
extra_trees_all_leaf20,2019,210,position_WR
extra_trees_all_leaf20,2019,211,lag1_attempts
extra_trees_all_leaf20,2019,212,lag1_late6_passing_air_yards
extra_trees_all_leaf20,2019,213,lag1_passing_air_yards_per_attempt
extra_trees_all_leaf20,2019,214,lag1_late6_passing_20
extra_trees_all_leaf20,2019,215,lag1_late6_attempts
extra_trees_all_leaf20,2019,216,lag1_punt_returns
extra_trees_all_leaf20,2019,217,lag2_punt_returns
extra_trees_all_leaf20,2019,218,lag1_pat_att
extra_trees_all_leaf20,2019,219,lag1_pat_made
extra_trees_all_leaf20,2019,220,lag1_pat_make_rate
extra_trees_all_leaf20,2019,221,lag1_made_field_goal_mean_distance
extra_trees_all_leaf20,2019,222,lag1_field_goal_make_rate
extra_trees_all_leaf20,2019,223,lag1_fg_made_distance
extra_trees_all_leaf20,2019,224,lag1_fg_att
extra_trees_all_leaf20,2019,225,lag1_fg_made
extra_trees_all_leaf20,2019,226,lag1_late6_passing_first_downs
extra_trees_all_leaf20,2019,227,height
extra_trees_all_leaf20,2019,228,lag3_rushing_40
extra_trees_all_leaf20,2019,229,lag4_receiving_fumbles_lost
extra_trees_all_leaf20,2019,230,lag1_fg_made_20_29
extra_trees_all_leaf20,2019,231,lag1_fg_made_40_49
extra_trees_all_leaf20,2019,232,lag1_fg_made_30_39
extra_trees_all_leaf20,2019,233,lag1_passing_tds
extra_trees_all_leaf20,2019,234,lag1_punt_return_yards
extra_trees_all_leaf20,2019,235,lag1_missed_field_goal_mean_distance
extra_trees_all_leaf20,2019,236,lag1_fg_missed_distance
extra_trees_all_leaf20,2019,237,lag1_fg_missed
extra_trees_all_leaf20,2019,238,lag1_pass_td_rate
extra_trees_all_leaf20,2019,239,lag1_passing_40
extra_trees_all_leaf20,2019,240,lag1_passing_20
extra_trees_all_leaf20,2019,241,lag1_late6_pat_att
extra_trees_all_leaf20,2019,242,lag4_kickoff_returns
extra_trees_all_leaf20,2019,243,lag1_late6_fg_made
extra_trees_all_leaf20,2019,244,lag1_late6_passing_yards
extra_trees_all_leaf20,2019,245,lag1_late6_fg_att
extra_trees_all_leaf20,2019,246,lag1_sack_fumbles
extra_trees_all_leaf20,2019,247,lag2_pat_made
extra_trees_all_leaf20,2019,248,lag2_pat_att
extra_trees_all_leaf20,2019,249,lag2_fg_made_20_29
extra_trees_all_leaf20,2019,250,lag2_fg_att
extra_trees_all_leaf20,2019,251,lag2_pat_make_rate
extra_trees_all_leaf20,2019,252,lag2_fg_made
extra_trees_all_leaf20,2019,253,lag2_field_goal_make_rate
extra_trees_all_leaf20,2019,254,lag2_fg_made_distance
extra_trees_all_leaf20,2019,255,lag4_kickoff_return_yards
extra_trees_all_leaf20,2019,256,lag1_late6_passing_yards_after_catch
extra_trees_all_leaf20,2019,257,lag2_fg_made_40_49
extra_trees_all_leaf20,2019,258,lag2_made_field_goal_mean_distance
extra_trees_all_leaf20,2019,259,lag1_passing_16
extra_trees_all_leaf20,2019,260,lag2_fg_made_30_39
extra_trees_all_leaf20,2019,261,lag2_fg_missed
extra_trees_all_leaf20,2019,262,lag2_fg_missed_distance
extra_trees_all_leaf20,2019,263,lag2_punt_return_yards
extra_trees_all_leaf20,2019,264,lag2_missed_field_goal_mean_distance
extra_trees_all_leaf20,2019,265,lag3_punt_returns
extra_trees_all_leaf20,2019,266,lag1_passing_first_downs
extra_trees_all_leaf20,2019,267,lag1_completions
extra_trees_all_leaf20,2019,268,lag1_late6_punt_return_yards
extra_trees_all_leaf20,2019,269,lag1_pass_yards_per_attempt
extra_trees_all_leaf20,2019,270,lag1_passing_yards
extra_trees_all_leaf20,2019,271,lag1_passing_10
extra_trees_all_leaf20,2019,272,lag2_kickoff_returns
extra_trees_all_leaf20,2019,273,lag1_completion_rate
extra_trees_all_leaf20,2019,274,lag4_punt_returns
extra_trees_all_leaf20,2019,275,lag1_passing_interceptions
extra_trees_all_leaf20,2019,276,lag1_fg_made_50_59
extra_trees_all_leaf20,2019,277,lag1_fg_missed_40_49
extra_trees_all_leaf20,2019,278,lag1_sack_fumbles_lost
extra_trees_all_leaf20,2019,279,lag2_fg_made_50_59
extra_trees_all_leaf20,2019,280,lag1_fg_missed_50_59
extra_trees_all_leaf20,2019,281,lag3_punt_return_yards
extra_trees_all_leaf20,2019,282,lag3_fg_made_20_29
extra_trees_all_leaf20,2019,283,lag3_fg_att
extra_trees_all_leaf20,2019,284,lag3_fg_made
extra_trees_all_leaf20,2019,285,lag3_field_goal_make_rate
extra_trees_all_leaf20,2019,286,lag3_fg_made_distance
extra_trees_all_leaf20,2019,287,lag3_fg_made_40_49
extra_trees_all_leaf20,2019,288,lag3_made_field_goal_mean_distance
extra_trees_all_leaf20,2019,289,lag3_kickoff_returns
extra_trees_all_leaf20,2019,290,lag4_rushing_40
extra_trees_all_leaf20,2019,291,lag4_punt_return_yards
extra_trees_all_leaf20,2019,292,lag1_passing_yards_after_catch
extra_trees_all_leaf20,2019,293,lag3_pat_make_rate
extra_trees_all_leaf20,2019,294,lag3_pat_att
extra_trees_all_leaf20,2019,295,lag3_pat_made
extra_trees_all_leaf20,2019,296,lag3_fg_missed
extra_trees_all_leaf20,2019,297,lag3_fg_missed_distance
extra_trees_all_leaf20,2019,298,lag3_fg_made_30_39
extra_trees_all_leaf20,2019,299,lag2_fg_missed_40_49
extra_trees_all_leaf20,2019,300,lag1_late6_mean_delta_receptions
extra_trees_all_leaf20,2019,301,lag3_missed_field_goal_mean_distance
extra_trees_all_leaf20,2019,302,lag2_kickoff_return_yards
extra_trees_all_leaf20,2019,303,lag1_interception_rate
extra_trees_all_leaf20,2019,304,lag1_passing_yards_after_catch_per_completion
extra_trees_all_leaf20,2019,305,lag1_sacks_suffered
extra_trees_all_leaf20,2019,306,lag1_weekly_slope_receiving_air_yards
extra_trees_all_leaf20,2019,307,lag1_weekly_slope_receptions
extra_trees_all_leaf20,2019,308,lag1_sack_yards_lost
extra_trees_all_leaf20,2019,309,lag3_fg_missed_40_49
extra_trees_all_leaf20,2019,310,lag1_weekly_slope_rushing_yards
extra_trees_all_leaf20,2019,311,lag2_passing_40
extra_trees_all_leaf20,2019,312,lag4_fg_made_40_49
extra_trees_all_leaf20,2019,313,lag4_field_goal_make_rate
extra_trees_all_leaf20,2019,314,lag4_made_field_goal_mean_distance
extra_trees_all_leaf20,2019,315,lag4_fg_made_20_29
extra_trees_all_leaf20,2019,316,missing_height
extra_trees_all_leaf20,2019,317,missing_weight
extra_trees_all_leaf20,2019,318,lag4_fg_made_distance
extra_trees_all_leaf20,2019,319,lag4_fg_att
extra_trees_all_leaf20,2019,320,lag4_fg_made
extra_trees_all_leaf20,2019,321,missing_years_exp
extra_trees_all_leaf20,2019,322,lag4_pat_att
extra_trees_all_leaf20,2019,323,lag4_pat_made
extra_trees_all_leaf20,2019,324,lag4_pat_make_rate
extra_trees_all_leaf20,2019,325,lag1_weekly_slope_receiving_first_downs
extra_trees_all_leaf20,2019,326,lag4_missed_field_goal_mean_distance
extra_trees_all_leaf20,2019,327,lag4_fg_made_30_39
extra_trees_all_leaf20,2019,328,lag4_fg_missed_distance
extra_trees_all_leaf20,2019,329,lag4_fg_missed
extra_trees_all_leaf20,2019,330,lag1_special_teams_tds
extra_trees_all_leaf20,2019,331,position_RB
extra_trees_all_leaf20,2019,332,lag3_fg_made_50_59
extra_trees_all_leaf20,2019,333,lag2_fg_missed_50_59
extra_trees_all_leaf20,2019,334,lag1_weekly_slope_kickoff_return_yards
extra_trees_all_leaf20,2019,335,lag2_attempts
extra_trees_all_leaf20,2019,336,lag2_passing_tds
extra_trees_all_leaf20,2019,337,lag2_passing_air_yards
extra_trees_all_leaf20,2019,338,lag2_sack_fumbles
extra_trees_all_leaf20,2019,339,lag2_pass_td_rate
extra_trees_all_leaf20,2019,340,lag4_fg_missed_40_49
extra_trees_all_leaf20,2019,341,lag2_sack_fumbles_lost
extra_trees_all_leaf20,2019,342,lag3_kickoff_return_yards
extra_trees_all_leaf20,2019,343,lag1_late6_mean_delta_receiving_20
extra_trees_all_leaf20,2019,344,lag2_passing_air_yards_per_attempt
extra_trees_all_leaf20,2019,345,lag3_fg_missed_50_59
extra_trees_all_leaf20,2019,346,lag1_late6_mean_delta_rushing_first_downs
extra_trees_all_leaf20,2019,347,lag2_fg_missed_30_39
extra_trees_all_leaf20,2019,348,lag1_weekly_slope_rushing_first_downs
extra_trees_all_leaf20,2019,349,lag1_fg_blocked
extra_trees_all_leaf20,2019,350,lag1_weekly_slope_carries
extra_trees_all_leaf20,2019,351,lag4_passing_air_yards
extra_trees_all_leaf20,2019,352,lag4_fg_made_50_59
extra_trees_all_leaf20,2019,353,lag4_passing_air_yards_per_attempt
extra_trees_all_leaf20,2019,354,lag4_passing_40
extra_trees_all_leaf20,2019,355,lag4_attempts
extra_trees_all_leaf20,2019,356,lag1_late6_mean_delta_kickoff_return_yards
extra_trees_all_leaf20,2019,357,lag1_weekly_slope_rushing_20
extra_trees_all_leaf20,2019,358,lag1_weekly_slope_passing_first_downs
extra_trees_all_leaf20,2019,359,lag4_passing_10
extra_trees_all_leaf20,2019,360,lag2_passing_20
extra_trees_all_leaf20,2019,361,lag1_late6_mean_delta_attempts
extra_trees_all_leaf20,2019,362,lag1_fg_missed_30_39
extra_trees_all_leaf20,2019,363,lag4_passing_first_downs
extra_trees_all_leaf20,2019,364,lag1_gwfg_att
extra_trees_all_leaf20,2019,365,lag1_gwfg_distance
extra_trees_all_leaf20,2019,366,lag3_fg_missed_30_39
extra_trees_all_leaf20,2019,367,lag2_passing_16
extra_trees_all_leaf20,2019,368,lag4_passing_yards
extra_trees_all_leaf20,2019,369,lag2_passing_yards
extra_trees_all_leaf20,2019,370,lag4_fg_missed_50_59
extra_trees_all_leaf20,2019,371,lag4_pass_yards_per_attempt
extra_trees_all_leaf20,2019,372,lag4_passing_16
extra_trees_all_leaf20,2019,373,lag2_sack_yards_lost
extra_trees_all_leaf20,2019,374,lag2_pass_yards_per_attempt
extra_trees_all_leaf20,2019,375,lag1_late6_mean_delta_passing_first_downs
extra_trees_all_leaf20,2019,376,lag1_gwfg_made
extra_trees_all_leaf20,2019,377,lag2_completions
extra_trees_all_leaf20,2019,378,lag4_fg_missed_30_39
extra_trees_all_leaf20,2019,379,lag1_late6_mean_delta_passing_air_yards
extra_trees_all_leaf20,2019,380,lag3_fg_blocked
extra_trees_all_leaf20,2019,381,lag1_late6_mean_delta_receiving_yards
extra_trees_all_leaf20,2019,382,lag2_passing_interceptions
extra_trees_all_leaf20,2019,383,lag2_fg_blocked
extra_trees_all_leaf20,2019,384,lag2_passing_first_downs
extra_trees_all_leaf20,2019,385,lag4_gwfg_att
extra_trees_all_leaf20,2019,386,lag4_gwfg_distance
extra_trees_all_leaf20,2019,387,lag2_completion_rate
extra_trees_all_leaf20,2019,388,lag2_sacks_suffered
extra_trees_all_leaf20,2019,389,lag4_passing_yards_after_catch
extra_trees_all_leaf20,2019,390,lag3_gwfg_att
extra_trees_all_leaf20,2019,391,lag2_passing_10
extra_trees_all_leaf20,2019,392,lag3_gwfg_distance
extra_trees_all_leaf20,2019,393,lag4_completions
extra_trees_all_leaf20,2019,394,lag4_completion_rate
extra_trees_all_leaf20,2019,395,lag1_pat_missed
extra_trees_all_leaf20,2019,396,lag4_passing_yards_after_catch_per_completion
extra_trees_all_leaf20,2019,397,lag2_passing_yards_after_catch
extra_trees_all_leaf20,2019,398,lag4_sack_yards_lost
extra_trees_all_leaf20,2019,399,lag4_passing_20
extra_trees_all_leaf20,2019,400,lag3_passing_40
extra_trees_all_leaf20,2019,401,lag4_passing_interceptions
extra_trees_all_leaf20,2019,402,lag2_passing_yards_after_catch_per_completion
extra_trees_all_leaf20,2019,403,lag4_passing_tds
extra_trees_all_leaf20,2019,404,lag2_special_teams_tds
extra_trees_all_leaf20,2019,405,lag4_pass_td_rate
extra_trees_all_leaf20,2019,406,lag4_gwfg_made
extra_trees_all_leaf20,2019,407,lag3_special_teams_tds
extra_trees_all_leaf20,2019,408,lag3_sack_fumbles
extra_trees_all_leaf20,2019,409,lag4_sack_fumbles
extra_trees_all_leaf20,2019,410,lag1_weekly_slope_receiving_yards
extra_trees_all_leaf20,2019,411,lag2_interception_rate
extra_trees_all_leaf20,2019,412,lag4_sacks_suffered
extra_trees_all_leaf20,2019,413,lag4_interception_rate
extra_trees_all_leaf20,2019,414,lag1_weekly_slope_punt_return_yards
extra_trees_all_leaf20,2019,415,lag2_gwfg_att
extra_trees_all_leaf20,2019,416,lag2_gwfg_distance
extra_trees_all_leaf20,2019,417,lag3_passing_air_yards
extra_trees_all_leaf20,2019,418,lag3_sack_fumbles_lost
extra_trees_all_leaf20,2019,419,lag3_gwfg_made
extra_trees_all_leaf20,2019,420,lag1_weekly_slope_receiving_yards_after_catch
extra_trees_all_leaf20,2019,421,lag3_passing_air_yards_per_attempt
extra_trees_all_leaf20,2019,422,lag4_special_teams_tds
extra_trees_all_leaf20,2019,423,lag2_gwfg_made
extra_trees_all_leaf20,2019,424,lag1_late6_mean_delta_fg_att
extra_trees_all_leaf20,2019,425,lag4_sack_fumbles_lost
extra_trees_all_leaf20,2019,426,lag4_fg_blocked
extra_trees_all_leaf20,2019,427,lag1_weekly_slope_attempts
extra_trees_all_leaf20,2019,428,lag3_attempts
extra_trees_all_leaf20,2019,429,lag3_fg_made_0_19
extra_trees_all_leaf20,2019,430,lag3_sack_yards_lost
extra_trees_all_leaf20,2019,431,lag1_fg_made_0_19
extra_trees_all_leaf20,2019,432,lag3_passing_yards
extra_trees_all_leaf20,2019,433,lag3_passing_tds
extra_trees_all_leaf20,2019,434,lag1_weekly_slope_passing_air_yards
extra_trees_all_leaf20,2019,435,lag3_pass_yards_per_attempt
extra_trees_all_leaf20,2019,436,lag3_sacks_suffered
extra_trees_all_leaf20,2019,437,lag4_fg_made_0_19
extra_trees_all_leaf20,2019,438,lag3_passing_interceptions
extra_trees_all_leaf20,2019,439,lag3_passing_first_downs
extra_trees_all_leaf20,2019,440,lag3_passing_10
extra_trees_all_leaf20,2019,441,lag2_fg_made_0_19
extra_trees_all_leaf20,2019,442,lag3_pass_td_rate
extra_trees_all_leaf20,2019,443,lag3_passing_yards_after_catch
extra_trees_all_leaf20,2019,444,lag1_late6_mean_delta_receiving_first_downs
extra_trees_all_leaf20,2019,445,lag3_completions
extra_trees_all_leaf20,2019,446,lag2_fg_missed_20_29
extra_trees_all_leaf20,2019,447,lag1_late6_mean_delta_passing_yards
extra_trees_all_leaf20,2019,448,lag1_late6_mean_delta_passing_yards_after_catch
extra_trees_all_leaf20,2019,449,lag3_fg_missed_60_
extra_trees_all_leaf20,2019,450,lag3_interception_rate
extra_trees_all_leaf20,2019,451,lag4_pat_blocked
extra_trees_all_leaf20,2019,452,lag3_passing_yards_after_catch_per_completion
extra_trees_all_leaf20,2019,453,lag3_pat_blocked
extra_trees_all_leaf20,2019,454,lag3_completion_rate
extra_trees_all_leaf20,2019,455,lag3_passing_16
extra_trees_all_leaf20,2019,456,lag1_weekly_slope_passing_yards_after_catch
extra_trees_all_leaf20,2019,457,lag3_passing_20
extra_trees_all_leaf20,2019,458,lag3_fg_missed_20_29
extra_trees_all_leaf20,2019,459,lag2_pat_missed
extra_trees_all_leaf20,2019,460,lag1_weekly_slope_passing_yards
extra_trees_all_leaf20,2019,461,lag1_late6_mean_delta_rushing_20
extra_trees_all_leaf20,2019,462,lag2_pat_blocked
extra_trees_all_leaf20,2019,463,lag1_pat_blocked
extra_trees_all_leaf20,2019,464,lag2_fg_missed_60_
extra_trees_all_leaf20,2019,465,lag1_weekly_slope_receiving_20
extra_trees_all_leaf20,2019,466,lag1_late6_mean_delta_fg_made
extra_trees_all_leaf20,2019,467,lag1_late6_mean_delta_passing_20
extra_trees_all_leaf20,2019,468,lag4_fg_missed_60_
extra_trees_all_leaf20,2019,469,lag1_fg_missed_60_
extra_trees_all_leaf20,2019,470,lag4_pat_missed
extra_trees_all_leaf20,2019,471,lag3_gwfg_missed
extra_trees_all_leaf20,2019,472,lag4_offense_snaps
extra_trees_all_leaf20,2019,473,lag1_weekly_slope_fg_made
extra_trees_all_leaf20,2019,474,lag1_weekly_slope_pat_att
extra_trees_all_leaf20,2019,475,lag2_gwfg_missed
extra_trees_all_leaf20,2019,476,lag1_late6_mean_delta_punt_return_yards
extra_trees_all_leaf20,2019,477,lag1_late6_mean_delta_pat_att
extra_trees_all_leaf20,2019,478,lag1_fg_made_60_
extra_trees_all_leaf20,2019,479,lag1_gwfg_missed
extra_trees_all_leaf20,2019,480,lag3_pat_missed
extra_trees_all_leaf20,2019,481,lag1_weekly_slope_passing_20
extra_trees_all_leaf20,2019,482,lag4_fg_missed_20_29
extra_trees_all_leaf20,2019,483,lag1_weekly_slope_fg_att
extra_trees_all_leaf20,2019,484,lag2_fg_made_60_
extra_trees_all_leaf20,2019,485,lag3_fg_made_60_
extra_trees_all_leaf20,2019,486,lag4_fg_made_60_
extra_trees_all_leaf20,2019,487,lag4_gwfg_missed
extra_trees_all_leaf20,2019,488,lag1_late6_mean_delta_receiving_yards_after_catch
extra_trees_all_leaf20,2019,489,lag4_gwfg_blocked
extra_trees_all_leaf20,2019,490,lag2_gwfg_blocked
extra_trees_all_leaf20,2019,491,lag3_gwfg_blocked
extra_trees_all_leaf20,2019,492,lag1_gwfg_blocked
extra_trees_all_leaf20,2019,493,lag1_fg_missed_20_29
extra_trees_all_leaf20,2019,494,lag1_fg_missed_0_19
extra_trees_all_leaf20,2019,495,lag2_fg_missed_0_19
extra_trees_all_leaf20,2019,496,lag3_fg_missed_0_19
extra_trees_all_leaf20,2019,497,lag4_fg_missed_0_19
extra_trees_all_leaf20,2019,498,missing_is_rookie
extra_trees_all_leaf20,2019,499,missing_team_changed
extra_trees_all_leaf20,2019,500,missing_was_drafted
extra_trees_all_leaf20,2020,1,lag1_games
extra_trees_all_leaf20,2020,2,lag1_receiving_yards_after_catch
extra_trees_all_leaf20,2020,3,lag1_receptions
extra_trees_all_leaf20,2020,4,lag1_targets
extra_trees_all_leaf20,2020,5,lag1_receiving_yards
extra_trees_all_leaf20,2020,6,lag1_receiving_first_downs
extra_trees_all_leaf20,2020,7,lag1_receiving_10
extra_trees_all_leaf20,2020,8,lag1_late6_targets
extra_trees_all_leaf20,2020,9,lag1_receiving_16
extra_trees_all_leaf20,2020,10,lag1_late6_receiving_yards
extra_trees_all_leaf20,2020,11,lag1_late6_receptions
extra_trees_all_leaf20,2020,12,lag1_late6_receiving_yards_after_catch
extra_trees_all_leaf20,2020,13,lag1_receiving_yards_per_target
extra_trees_all_leaf20,2020,14,lag1_late6_receiving_first_downs
extra_trees_all_leaf20,2020,15,lag1_receiving_20
extra_trees_all_leaf20,2020,16,lag1_receiving_yards_per_reception
extra_trees_all_leaf20,2020,17,lag1_offense_snaps
extra_trees_all_leaf20,2020,18,lag1_receiving_yards_after_catch_per_reception
extra_trees_all_leaf20,2020,19,lag1_receiving_first_down_rate
extra_trees_all_leaf20,2020,20,lag1_receiving_20_rate
extra_trees_all_leaf20,2020,21,lag1_receiving_tds
extra_trees_all_leaf20,2020,22,lag1_catch_rate
extra_trees_all_leaf20,2020,23,lag1_receiving_air_yards
extra_trees_all_leaf20,2020,24,lag1_late6_receiving_air_yards
extra_trees_all_leaf20,2020,25,lag1_late6_receiving_20
extra_trees_all_leaf20,2020,26,lag1_roster_weeks
extra_trees_all_leaf20,2020,27,lag1_receiving_air_yards_per_target
extra_trees_all_leaf20,2020,28,lag2_receptions
extra_trees_all_leaf20,2020,29,lag2_targets
extra_trees_all_leaf20,2020,30,lag2_receiving_first_downs
extra_trees_all_leaf20,2020,31,lag2_receiving_yards
extra_trees_all_leaf20,2020,32,lag2_receiving_yards_after_catch
extra_trees_all_leaf20,2020,33,lag2_games
extra_trees_all_leaf20,2020,34,lag2_receiving_10
extra_trees_all_leaf20,2020,35,lag2_receiving_16
extra_trees_all_leaf20,2020,36,missing_draft_number
extra_trees_all_leaf20,2020,37,missing_draft_round
extra_trees_all_leaf20,2020,38,was_drafted
extra_trees_all_leaf20,2020,39,lag2_receiving_yards_per_target
extra_trees_all_leaf20,2020,40,lag1_fumbles_total
extra_trees_all_leaf20,2020,41,lag2_receiving_20
extra_trees_all_leaf20,2020,42,lag2_receiving_yards_per_reception
extra_trees_all_leaf20,2020,43,injury_lag2_injury_report_weeks
extra_trees_all_leaf20,2020,44,injury_lag2_designation_count
extra_trees_all_leaf20,2020,45,lag2_receiving_first_down_rate
extra_trees_all_leaf20,2020,46,lag1_carries
extra_trees_all_leaf20,2020,47,lag1_receiving_40
extra_trees_all_leaf20,2020,48,lag2_catch_rate
extra_trees_all_leaf20,2020,49,lag2_receiving_yards_after_catch_per_reception
extra_trees_all_leaf20,2020,50,lag2_receiving_20_rate
extra_trees_all_leaf20,2020,51,injury_lag2_injury_reported
extra_trees_all_leaf20,2020,52,lag2_receiving_air_yards
extra_trees_all_leaf20,2020,53,lag2_roster_weeks
extra_trees_all_leaf20,2020,54,lag1_rushing_yards
extra_trees_all_leaf20,2020,55,lag1_rush_yards_per_carry
extra_trees_all_leaf20,2020,56,lag2_receiving_tds
extra_trees_all_leaf20,2020,57,lag1_rushing_first_downs
extra_trees_all_leaf20,2020,58,lag1_rushing_10
extra_trees_all_leaf20,2020,59,lag1_late6_carries
extra_trees_all_leaf20,2020,60,lag2_receiving_air_yards_per_target
extra_trees_all_leaf20,2020,61,lag3_receiving_yards_after_catch
extra_trees_all_leaf20,2020,62,lag1_rushing_12
extra_trees_all_leaf20,2020,63,lag3_receptions
extra_trees_all_leaf20,2020,64,lag3_targets
extra_trees_all_leaf20,2020,65,combine_vertical
extra_trees_all_leaf20,2020,66,lag3_receiving_yards
extra_trees_all_leaf20,2020,67,lag2_offense_snaps
extra_trees_all_leaf20,2020,68,lag3_receiving_first_downs
extra_trees_all_leaf20,2020,69,lag1_rush_first_down_rate
extra_trees_all_leaf20,2020,70,combine_broad_jump
extra_trees_all_leaf20,2020,71,lag3_receiving_10
extra_trees_all_leaf20,2020,72,lag3_receiving_16
extra_trees_all_leaf20,2020,73,lag1_fumbles_lost_total
extra_trees_all_leaf20,2020,74,lag3_games
extra_trees_all_leaf20,2020,75,lag1_late6_rushing_yards
extra_trees_all_leaf20,2020,76,lag3_receiving_20
extra_trees_all_leaf20,2020,77,missing_combine_forty
extra_trees_all_leaf20,2020,78,lag3_receiving_yards_per_reception
extra_trees_all_leaf20,2020,79,lag3_receiving_yards_per_target
extra_trees_all_leaf20,2020,80,injury_lag3_injury_report_weeks
extra_trees_all_leaf20,2020,81,injury_lag3_designation_count
extra_trees_all_leaf20,2020,82,lag3_receiving_yards_after_catch_per_reception
extra_trees_all_leaf20,2020,83,lag3_receiving_first_down_rate
extra_trees_all_leaf20,2020,84,lag1_late6_rushing_first_downs
extra_trees_all_leaf20,2020,85,lag3_receiving_20_rate
extra_trees_all_leaf20,2020,86,lag2_fumbles_total
extra_trees_all_leaf20,2020,87,injury_lag3_injury_reported
extra_trees_all_leaf20,2020,88,lag3_catch_rate
extra_trees_all_leaf20,2020,89,combine_bench
extra_trees_all_leaf20,2020,90,lag3_receiving_tds
extra_trees_all_leaf20,2020,91,missing_combine_broad_jump
extra_trees_all_leaf20,2020,92,lag3_roster_weeks
extra_trees_all_leaf20,2020,93,lag1_rushing_20
extra_trees_all_leaf20,2020,94,lag2_carries
extra_trees_all_leaf20,2020,95,lag2_receiving_40
extra_trees_all_leaf20,2020,96,missing_combine_vertical
extra_trees_all_leaf20,2020,97,lag2_rush_yards_per_carry
extra_trees_all_leaf20,2020,98,lag1_rush_20_rate
extra_trees_all_leaf20,2020,99,missing_combine_bench
extra_trees_all_leaf20,2020,100,lag3_receiving_air_yards
extra_trees_all_leaf20,2020,101,draft_round
extra_trees_all_leaf20,2020,102,draft_number
extra_trees_all_leaf20,2020,103,lag2_rushing_yards
extra_trees_all_leaf20,2020,104,lag2_history_available
extra_trees_all_leaf20,2020,105,lag1_rushing_tds
extra_trees_all_leaf20,2020,106,lag4_receiving_yards_after_catch
extra_trees_all_leaf20,2020,107,lag1_receiving_fumbles
extra_trees_all_leaf20,2020,108,lag2_fumbles_lost_total
extra_trees_all_leaf20,2020,109,lag4_receptions
extra_trees_all_leaf20,2020,110,lag2_rushing_first_downs
extra_trees_all_leaf20,2020,111,lag4_receiving_yards
extra_trees_all_leaf20,2020,112,lag4_targets
extra_trees_all_leaf20,2020,113,lag3_receiving_air_yards_per_target
extra_trees_all_leaf20,2020,114,lag2_rushing_10
extra_trees_all_leaf20,2020,115,lag4_receiving_first_downs
extra_trees_all_leaf20,2020,116,lag4_receiving_16
extra_trees_all_leaf20,2020,117,lag2_rush_first_down_rate
extra_trees_all_leaf20,2020,118,lag4_receiving_10
extra_trees_all_leaf20,2020,119,lag4_receiving_20
extra_trees_all_leaf20,2020,120,lag1_rushing_fumbles
extra_trees_all_leaf20,2020,121,lag3_history_available
extra_trees_all_leaf20,2020,122,lag2_rushing_12
extra_trees_all_leaf20,2020,123,lag4_receiving_yards_per_reception
extra_trees_all_leaf20,2020,124,lag4_games
extra_trees_all_leaf20,2020,125,lag4_receiving_yards_after_catch_per_reception
extra_trees_all_leaf20,2020,126,lag4_receiving_yards_per_target
extra_trees_all_leaf20,2020,127,lag4_receiving_20_rate
extra_trees_all_leaf20,2020,128,lag3_receiving_40
extra_trees_all_leaf20,2020,129,lag4_receiving_first_down_rate
extra_trees_all_leaf20,2020,130,lag3_fumbles_total
extra_trees_all_leaf20,2020,131,lag3_carries
extra_trees_all_leaf20,2020,132,injury_lag4_injury_report_weeks
extra_trees_all_leaf20,2020,133,injury_lag4_designation_count
extra_trees_all_leaf20,2020,134,lag3_rush_yards_per_carry
extra_trees_all_leaf20,2020,135,lag4_catch_rate
extra_trees_all_leaf20,2020,136,lag3_rushing_yards
extra_trees_all_leaf20,2020,137,lag4_receiving_tds
extra_trees_all_leaf20,2020,138,lag4_receiving_air_yards
extra_trees_all_leaf20,2020,139,injury_lag4_injury_reported
extra_trees_all_leaf20,2020,140,years_exp
extra_trees_all_leaf20,2020,141,lag1_late6_rushing_20
extra_trees_all_leaf20,2020,142,lag3_rushing_10
extra_trees_all_leaf20,2020,143,lag4_receiving_air_yards_per_target
extra_trees_all_leaf20,2020,144,lag3_rushing_first_downs
extra_trees_all_leaf20,2020,145,lag4_roster_weeks
extra_trees_all_leaf20,2020,146,lag3_rush_first_down_rate
extra_trees_all_leaf20,2020,147,missing_combine_shuttle
extra_trees_all_leaf20,2020,148,lag2_receiving_fumbles
extra_trees_all_leaf20,2020,149,lag3_rushing_12
extra_trees_all_leaf20,2020,150,lag2_rushing_tds
extra_trees_all_leaf20,2020,151,lag1_rushing_fumbles_lost
extra_trees_all_leaf20,2020,152,lag4_fumbles_total
extra_trees_all_leaf20,2020,153,lag2_rushing_20
extra_trees_all_leaf20,2020,154,lag2_rush_20_rate
extra_trees_all_leaf20,2020,155,missing_combine_cone
extra_trees_all_leaf20,2020,156,lag4_receiving_40
extra_trees_all_leaf20,2020,157,lag3_fumbles_lost_total
extra_trees_all_leaf20,2020,158,lag4_carries
extra_trees_all_leaf20,2020,159,weight
extra_trees_all_leaf20,2020,160,lag4_rush_yards_per_carry
extra_trees_all_leaf20,2020,161,lag4_history_available
extra_trees_all_leaf20,2020,162,lag4_rushing_yards
extra_trees_all_leaf20,2020,163,combine_forty
extra_trees_all_leaf20,2020,164,combine_shuttle
extra_trees_all_leaf20,2020,165,lag2_rushing_fumbles
extra_trees_all_leaf20,2020,166,lag1_receiving_fumbles_lost
extra_trees_all_leaf20,2020,167,lag3_offense_snaps
extra_trees_all_leaf20,2020,168,lag3_rushing_20
extra_trees_all_leaf20,2020,169,lag4_fumbles_lost_total
extra_trees_all_leaf20,2020,170,lag3_rush_20_rate
extra_trees_all_leaf20,2020,171,lag4_rushing_first_downs
extra_trees_all_leaf20,2020,172,lag4_rush_first_down_rate
extra_trees_all_leaf20,2020,173,lag4_rushing_10
extra_trees_all_leaf20,2020,174,missing_age
extra_trees_all_leaf20,2020,175,combine_cone
extra_trees_all_leaf20,2020,176,lag1_rushing_40
extra_trees_all_leaf20,2020,177,lag3_receiving_fumbles
extra_trees_all_leaf20,2020,178,lag3_rushing_tds
extra_trees_all_leaf20,2020,179,lag4_rushing_12
extra_trees_all_leaf20,2020,180,lag1_kickoff_returns
extra_trees_all_leaf20,2020,181,injury_lag5_injury_report_weeks
extra_trees_all_leaf20,2020,182,injury_lag5_designation_count
extra_trees_all_leaf20,2020,183,injury_lag5_injury_reported
extra_trees_all_leaf20,2020,184,lag2_receiving_fumbles_lost
extra_trees_all_leaf20,2020,185,age
extra_trees_all_leaf20,2020,186,lag2_rushing_fumbles_lost
extra_trees_all_leaf20,2020,187,lag1_kickoff_return_yards
extra_trees_all_leaf20,2020,188,lag1_late6_mean_delta_targets
extra_trees_all_leaf20,2020,189,lag3_rushing_fumbles
extra_trees_all_leaf20,2020,190,lag4_rushing_20
extra_trees_all_leaf20,2020,191,height
extra_trees_all_leaf20,2020,192,lag4_rushing_tds
extra_trees_all_leaf20,2020,193,lag4_rush_20_rate
extra_trees_all_leaf20,2020,194,lag4_receiving_fumbles
extra_trees_all_leaf20,2020,195,lag1_late6_mean_delta_receiving_air_yards
extra_trees_all_leaf20,2020,196,lag1_late6_kickoff_return_yards
extra_trees_all_leaf20,2020,197,lag3_receiving_fumbles_lost
extra_trees_all_leaf20,2020,198,lag4_rushing_fumbles
extra_trees_all_leaf20,2020,199,lag2_rushing_40
extra_trees_all_leaf20,2020,200,lag1_weekly_slope_targets
extra_trees_all_leaf20,2020,201,lag2_punt_returns
extra_trees_all_leaf20,2020,202,position_K
extra_trees_all_leaf20,2020,203,lag1_punt_returns
extra_trees_all_leaf20,2020,204,lag3_rushing_fumbles_lost
extra_trees_all_leaf20,2020,205,lag1_late6_mean_delta_rushing_yards
extra_trees_all_leaf20,2020,206,lag1_attempts
extra_trees_all_leaf20,2020,207,position_QB
extra_trees_all_leaf20,2020,208,lag1_late6_attempts
extra_trees_all_leaf20,2020,209,lag1_late6_passing_20
extra_trees_all_leaf20,2020,210,lag1_passing_air_yards
extra_trees_all_leaf20,2020,211,missing_height
extra_trees_all_leaf20,2020,212,missing_weight
extra_trees_all_leaf20,2020,213,lag1_passing_air_yards_per_attempt
extra_trees_all_leaf20,2020,214,missing_years_exp
extra_trees_all_leaf20,2020,215,lag1_punt_return_yards
extra_trees_all_leaf20,2020,216,lag4_rushing_fumbles_lost
extra_trees_all_leaf20,2020,217,lag4_receiving_fumbles_lost
extra_trees_all_leaf20,2020,218,lag2_kickoff_returns
extra_trees_all_leaf20,2020,219,lag2_punt_return_yards
extra_trees_all_leaf20,2020,220,lag1_late6_passing_first_downs
extra_trees_all_leaf20,2020,221,lag1_late6_passing_air_yards
extra_trees_all_leaf20,2020,222,lag3_rushing_40
extra_trees_all_leaf20,2020,223,is_rookie
extra_trees_all_leaf20,2020,224,lag1_passing_40
extra_trees_all_leaf20,2020,225,position_TE
extra_trees_all_leaf20,2020,226,lag1_passing_20
extra_trees_all_leaf20,2020,227,lag1_history_available
extra_trees_all_leaf20,2020,228,lag1_passing_tds
extra_trees_all_leaf20,2020,229,lag1_late6_passing_yards
extra_trees_all_leaf20,2020,230,lag1_pass_td_rate
extra_trees_all_leaf20,2020,231,lag1_passing_16
extra_trees_all_leaf20,2020,232,lag1_late6_punt_return_yards
extra_trees_all_leaf20,2020,233,lag1_passing_first_downs
extra_trees_all_leaf20,2020,234,lag1_completions
extra_trees_all_leaf20,2020,235,lag1_pass_yards_per_attempt
extra_trees_all_leaf20,2020,236,lag1_late6_passing_yards_after_catch
extra_trees_all_leaf20,2020,237,lag1_passing_yards
extra_trees_all_leaf20,2020,238,lag1_late6_mean_delta_receptions
extra_trees_all_leaf20,2020,239,lag1_late6_mean_delta_carries
extra_trees_all_leaf20,2020,240,lag1_passing_10
extra_trees_all_leaf20,2020,241,lag1_completion_rate
extra_trees_all_leaf20,2020,242,lag2_kickoff_return_yards
extra_trees_all_leaf20,2020,243,lag1_sack_fumbles
extra_trees_all_leaf20,2020,244,lag4_kickoff_returns
extra_trees_all_leaf20,2020,245,lag3_punt_returns
extra_trees_all_leaf20,2020,246,lag4_punt_returns
extra_trees_all_leaf20,2020,247,lag3_kickoff_returns
extra_trees_all_leaf20,2020,248,lag1_passing_interceptions
extra_trees_all_leaf20,2020,249,lag1_passing_yards_after_catch
extra_trees_all_leaf20,2020,250,lag4_kickoff_return_yards
extra_trees_all_leaf20,2020,251,position_WR
extra_trees_all_leaf20,2020,252,lag1_passing_yards_after_catch_per_completion
extra_trees_all_leaf20,2020,253,lag1_sack_fumbles_lost
extra_trees_all_leaf20,2020,254,lag2_passing_40
extra_trees_all_leaf20,2020,255,lag4_punt_return_yards
extra_trees_all_leaf20,2020,256,lag1_interception_rate
extra_trees_all_leaf20,2020,257,lag1_sacks_suffered
extra_trees_all_leaf20,2020,258,lag1_weekly_slope_receptions
extra_trees_all_leaf20,2020,259,lag1_sack_yards_lost
extra_trees_all_leaf20,2020,260,lag3_punt_return_yards
extra_trees_all_leaf20,2020,261,lag1_pat_make_rate
extra_trees_all_leaf20,2020,262,lag1_pat_att
extra_trees_all_leaf20,2020,263,lag1_pat_made
extra_trees_all_leaf20,2020,264,lag1_made_field_goal_mean_distance
extra_trees_all_leaf20,2020,265,lag1_field_goal_make_rate
extra_trees_all_leaf20,2020,266,lag1_fg_att
extra_trees_all_leaf20,2020,267,lag1_fg_made_distance
extra_trees_all_leaf20,2020,268,lag1_fg_made
extra_trees_all_leaf20,2020,269,lag4_rushing_40
extra_trees_all_leaf20,2020,270,lag1_weekly_slope_receiving_air_yards
extra_trees_all_leaf20,2020,271,lag2_passing_tds
extra_trees_all_leaf20,2020,272,lag1_fg_made_20_29
extra_trees_all_leaf20,2020,273,lag1_missed_field_goal_mean_distance
extra_trees_all_leaf20,2020,274,lag1_fg_missed_distance
extra_trees_all_leaf20,2020,275,lag1_fg_missed
extra_trees_all_leaf20,2020,276,lag3_kickoff_return_yards
extra_trees_all_leaf20,2020,277,lag2_pass_td_rate
extra_trees_all_leaf20,2020,278,lag1_fg_made_40_49
extra_trees_all_leaf20,2020,279,lag1_fg_made_30_39
extra_trees_all_leaf20,2020,280,lag1_late6_pat_att
extra_trees_all_leaf20,2020,281,lag2_attempts
extra_trees_all_leaf20,2020,282,lag1_late6_fg_made
extra_trees_all_leaf20,2020,283,lag1_late6_fg_att
extra_trees_all_leaf20,2020,284,lag2_sack_fumbles
extra_trees_all_leaf20,2020,285,lag2_passing_air_yards
extra_trees_all_leaf20,2020,286,lag2_sack_fumbles_lost
extra_trees_all_leaf20,2020,287,lag2_pat_make_rate
extra_trees_all_leaf20,2020,288,lag2_pat_made
extra_trees_all_leaf20,2020,289,lag2_pat_att
extra_trees_all_leaf20,2020,290,lag2_field_goal_make_rate
extra_trees_all_leaf20,2020,291,lag2_fg_att
extra_trees_all_leaf20,2020,292,lag2_fg_made
extra_trees_all_leaf20,2020,293,lag2_fg_made_distance
extra_trees_all_leaf20,2020,294,lag2_made_field_goal_mean_distance
extra_trees_all_leaf20,2020,295,lag2_fg_made_20_29
extra_trees_all_leaf20,2020,296,lag1_weekly_slope_rushing_yards
extra_trees_all_leaf20,2020,297,lag2_passing_air_yards_per_attempt
extra_trees_all_leaf20,2020,298,lag2_fg_made_40_49
extra_trees_all_leaf20,2020,299,lag2_fg_made_30_39
extra_trees_all_leaf20,2020,300,lag1_special_teams_tds
extra_trees_all_leaf20,2020,301,lag2_fg_missed
extra_trees_all_leaf20,2020,302,lag2_fg_missed_distance
extra_trees_all_leaf20,2020,303,lag1_fg_missed_40_49
extra_trees_all_leaf20,2020,304,lag2_missed_field_goal_mean_distance
extra_trees_all_leaf20,2020,305,lag4_passing_air_yards
extra_trees_all_leaf20,2020,306,lag2_passing_20
extra_trees_all_leaf20,2020,307,lag4_attempts
extra_trees_all_leaf20,2020,308,lag1_fg_made_50_59
extra_trees_all_leaf20,2020,309,lag1_fg_missed_50_59
extra_trees_all_leaf20,2020,310,lag4_passing_air_yards_per_attempt
extra_trees_all_leaf20,2020,311,lag2_sack_yards_lost
extra_trees_all_leaf20,2020,312,lag1_weekly_slope_receiving_yards_after_catch
extra_trees_all_leaf20,2020,313,lag3_fg_made_20_29
extra_trees_all_leaf20,2020,314,lag3_fg_att
extra_trees_all_leaf20,2020,315,lag3_fg_made
extra_trees_all_leaf20,2020,316,lag3_fg_made_distance
extra_trees_all_leaf20,2020,317,lag3_field_goal_make_rate
extra_trees_all_leaf20,2020,318,lag1_weekly_slope_rushing_first_downs
extra_trees_all_leaf20,2020,319,lag3_fg_made_40_49
extra_trees_all_leaf20,2020,320,lag3_made_field_goal_mean_distance
extra_trees_all_leaf20,2020,321,position_RB
extra_trees_all_leaf20,2020,322,lag2_passing_interceptions
extra_trees_all_leaf20,2020,323,lag3_pat_make_rate
extra_trees_all_leaf20,2020,324,lag3_fg_made_30_39
extra_trees_all_leaf20,2020,325,lag3_pat_made
extra_trees_all_leaf20,2020,326,lag3_pat_att
extra_trees_all_leaf20,2020,327,lag2_passing_16
extra_trees_all_leaf20,2020,328,lag2_fg_made_50_59
extra_trees_all_leaf20,2020,329,lag2_sacks_suffered
extra_trees_all_leaf20,2020,330,lag3_fg_missed
extra_trees_all_leaf20,2020,331,lag3_fg_missed_distance
extra_trees_all_leaf20,2020,332,lag2_passing_yards
extra_trees_all_leaf20,2020,333,lag3_missed_field_goal_mean_distance
extra_trees_all_leaf20,2020,334,lag2_fg_missed_40_49
extra_trees_all_leaf20,2020,335,lag4_passing_10
extra_trees_all_leaf20,2020,336,lag3_fg_missed_40_49
extra_trees_all_leaf20,2020,337,lag2_completions
extra_trees_all_leaf20,2020,338,lag2_passing_first_downs
extra_trees_all_leaf20,2020,339,lag4_passing_first_downs
extra_trees_all_leaf20,2020,340,lag4_fg_made_40_49
extra_trees_all_leaf20,2020,341,lag2_pass_yards_per_attempt
extra_trees_all_leaf20,2020,342,lag4_field_goal_make_rate
extra_trees_all_leaf20,2020,343,lag4_made_field_goal_mean_distance
extra_trees_all_leaf20,2020,344,lag3_passing_40
extra_trees_all_leaf20,2020,345,lag4_fg_made_20_29
extra_trees_all_leaf20,2020,346,lag4_fg_made_distance
extra_trees_all_leaf20,2020,347,lag4_fg_att
extra_trees_all_leaf20,2020,348,lag4_fg_made
extra_trees_all_leaf20,2020,349,lag1_late6_mean_delta_receiving_yards
extra_trees_all_leaf20,2020,350,lag4_pass_yards_per_attempt
extra_trees_all_leaf20,2020,351,lag4_passing_yards
extra_trees_all_leaf20,2020,352,lag2_completion_rate
extra_trees_all_leaf20,2020,353,lag2_passing_10
extra_trees_all_leaf20,2020,354,lag4_passing_40
extra_trees_all_leaf20,2020,355,lag4_passing_16
extra_trees_all_leaf20,2020,356,lag4_pat_att
extra_trees_all_leaf20,2020,357,lag4_pat_made
extra_trees_all_leaf20,2020,358,lag4_pat_make_rate
extra_trees_all_leaf20,2020,359,lag3_sack_fumbles
extra_trees_all_leaf20,2020,360,lag4_missed_field_goal_mean_distance
extra_trees_all_leaf20,2020,361,lag4_fg_made_30_39
extra_trees_all_leaf20,2020,362,lag4_fg_missed_distance
extra_trees_all_leaf20,2020,363,lag4_fg_missed
extra_trees_all_leaf20,2020,364,lag4_passing_tds
extra_trees_all_leaf20,2020,365,lag2_interception_rate
extra_trees_all_leaf20,2020,366,lag4_pass_td_rate
extra_trees_all_leaf20,2020,367,lag4_completions
extra_trees_all_leaf20,2020,368,lag4_completion_rate
extra_trees_all_leaf20,2020,369,lag1_weekly_slope_receiving_first_downs
extra_trees_all_leaf20,2020,370,lag2_passing_yards_after_catch
extra_trees_all_leaf20,2020,371,lag4_passing_yards_after_catch
extra_trees_all_leaf20,2020,372,lag1_weekly_slope_receiving_yards
extra_trees_all_leaf20,2020,373,lag3_passing_air_yards
extra_trees_all_leaf20,2020,374,lag1_weekly_slope_kickoff_return_yards
extra_trees_all_leaf20,2020,375,lag4_passing_yards_after_catch_per_completion
extra_trees_all_leaf20,2020,376,lag4_fg_missed_40_49
extra_trees_all_leaf20,2020,377,lag2_passing_yards_after_catch_per_completion
extra_trees_all_leaf20,2020,378,lag3_passing_air_yards_per_attempt
extra_trees_all_leaf20,2020,379,lag3_special_teams_tds
extra_trees_all_leaf20,2020,380,lag3_sack_fumbles_lost
extra_trees_all_leaf20,2020,381,lag4_passing_20
extra_trees_all_leaf20,2020,382,lag4_offense_snaps
extra_trees_all_leaf20,2020,383,lag4_sack_yards_lost
extra_trees_all_leaf20,2020,384,lag3_fg_made_50_59
extra_trees_all_leaf20,2020,385,lag1_weekly_slope_rushing_20
extra_trees_all_leaf20,2020,386,lag3_sack_yards_lost
extra_trees_all_leaf20,2020,387,lag3_attempts
extra_trees_all_leaf20,2020,388,lag3_fg_missed_50_59
extra_trees_all_leaf20,2020,389,lag4_sack_fumbles
extra_trees_all_leaf20,2020,390,lag2_fg_missed_30_39
extra_trees_all_leaf20,2020,391,lag3_passing_yards
extra_trees_all_leaf20,2020,392,lag1_weekly_slope_carries
extra_trees_all_leaf20,2020,393,lag3_passing_10
extra_trees_all_leaf20,2020,394,lag4_passing_interceptions
extra_trees_all_leaf20,2020,395,lag4_sacks_suffered
extra_trees_all_leaf20,2020,396,lag3_sacks_suffered
extra_trees_all_leaf20,2020,397,lag3_passing_first_downs
extra_trees_all_leaf20,2020,398,lag1_late6_mean_delta_rushing_first_downs
extra_trees_all_leaf20,2020,399,lag3_pass_yards_per_attempt
extra_trees_all_leaf20,2020,400,lag3_passing_tds
extra_trees_all_leaf20,2020,401,lag2_special_teams_tds
extra_trees_all_leaf20,2020,402,lag1_fg_blocked
extra_trees_all_leaf20,2020,403,lag3_passing_interceptions
extra_trees_all_leaf20,2020,404,lag3_passing_16
extra_trees_all_leaf20,2020,405,lag3_passing_yards_after_catch
extra_trees_all_leaf20,2020,406,lag3_passing_20
extra_trees_all_leaf20,2020,407,lag4_interception_rate
extra_trees_all_leaf20,2020,408,lag1_late6_mean_delta_receiving_20
extra_trees_all_leaf20,2020,409,lag3_pass_td_rate
extra_trees_all_leaf20,2020,410,lag3_completions
extra_trees_all_leaf20,2020,411,lag2_fg_missed_50_59
extra_trees_all_leaf20,2020,412,lag4_fg_made_50_59
extra_trees_all_leaf20,2020,413,lag1_weekly_slope_passing_first_downs
extra_trees_all_leaf20,2020,414,lag4_sack_fumbles_lost
extra_trees_all_leaf20,2020,415,lag4_fg_missed_50_59
extra_trees_all_leaf20,2020,416,lag1_weekly_slope_punt_return_yards
extra_trees_all_leaf20,2020,417,lag3_passing_yards_after_catch_per_completion
extra_trees_all_leaf20,2020,418,lag4_fg_missed_30_39
extra_trees_all_leaf20,2020,419,lag4_special_teams_tds
extra_trees_all_leaf20,2020,420,lag3_completion_rate
extra_trees_all_leaf20,2020,421,lag3_gwfg_att
extra_trees_all_leaf20,2020,422,lag3_gwfg_distance
extra_trees_all_leaf20,2020,423,lag3_interception_rate
extra_trees_all_leaf20,2020,424,lag1_late6_mean_delta_kickoff_return_yards
extra_trees_all_leaf20,2020,425,lag3_fg_missed_30_39
extra_trees_all_leaf20,2020,426,lag1_fg_missed_30_39
extra_trees_all_leaf20,2020,427,lag4_gwfg_att
extra_trees_all_leaf20,2020,428,lag4_gwfg_distance
extra_trees_all_leaf20,2020,429,lag1_late6_mean_delta_passing_first_downs
extra_trees_all_leaf20,2020,430,lag1_gwfg_distance
extra_trees_all_leaf20,2020,431,lag1_gwfg_att
extra_trees_all_leaf20,2020,432,lag3_fg_blocked
extra_trees_all_leaf20,2020,433,lag1_pat_missed
extra_trees_all_leaf20,2020,434,lag4_gwfg_made
extra_trees_all_leaf20,2020,435,lag3_gwfg_made
extra_trees_all_leaf20,2020,436,lag2_fg_blocked
extra_trees_all_leaf20,2020,437,lag1_late6_mean_delta_receiving_yards_after_catch
extra_trees_all_leaf20,2020,438,lag1_gwfg_made
extra_trees_all_leaf20,2020,439,lag1_late6_mean_delta_attempts
extra_trees_all_leaf20,2020,440,lag2_gwfg_made
extra_trees_all_leaf20,2020,441,lag2_gwfg_att
extra_trees_all_leaf20,2020,442,lag2_gwfg_distance
extra_trees_all_leaf20,2020,443,lag1_late6_mean_delta_passing_air_yards
extra_trees_all_leaf20,2020,444,lag1_late6_mean_delta_fg_att
extra_trees_all_leaf20,2020,445,lag4_fg_blocked
extra_trees_all_leaf20,2020,446,lag4_fg_made_0_19
extra_trees_all_leaf20,2020,447,lag3_fg_made_0_19
extra_trees_all_leaf20,2020,448,lag2_fg_made_0_19
extra_trees_all_leaf20,2020,449,lag1_weekly_slope_receiving_20
extra_trees_all_leaf20,2020,450,lag4_pat_blocked
extra_trees_all_leaf20,2020,451,lag1_late6_mean_delta_passing_yards
extra_trees_all_leaf20,2020,452,lag1_late6_mean_delta_passing_yards_after_catch
extra_trees_all_leaf20,2020,453,lag1_fg_made_0_19
extra_trees_all_leaf20,2020,454,lag1_weekly_slope_passing_yards_after_catch
extra_trees_all_leaf20,2020,455,lag2_fg_missed_20_29
extra_trees_all_leaf20,2020,456,lag1_late6_mean_delta_receiving_first_downs
extra_trees_all_leaf20,2020,457,lag2_pat_missed
extra_trees_all_leaf20,2020,458,lag1_weekly_slope_attempts
extra_trees_all_leaf20,2020,459,lag3_fg_missed_60_
extra_trees_all_leaf20,2020,460,lag1_late6_mean_delta_rushing_20
extra_trees_all_leaf20,2020,461,lag1_late6_mean_delta_pat_att
extra_trees_all_leaf20,2020,462,lag3_gwfg_missed
extra_trees_all_leaf20,2020,463,lag1_weekly_slope_passing_20
extra_trees_all_leaf20,2020,464,lag1_late6_mean_delta_fg_made
extra_trees_all_leaf20,2020,465,lag3_fg_missed_20_29
extra_trees_all_leaf20,2020,466,lag2_pat_blocked
extra_trees_all_leaf20,2020,467,lag2_fg_missed_60_
extra_trees_all_leaf20,2020,468,lag1_weekly_slope_passing_air_yards
extra_trees_all_leaf20,2020,469,lag1_late6_mean_delta_passing_20
extra_trees_all_leaf20,2020,470,lag1_fg_made_60_
extra_trees_all_leaf20,2020,471,lag4_fg_missed_60_
extra_trees_all_leaf20,2020,472,lag1_gwfg_missed
extra_trees_all_leaf20,2020,473,lag1_weekly_slope_passing_yards
extra_trees_all_leaf20,2020,474,lag4_pat_missed
extra_trees_all_leaf20,2020,475,lag1_fg_missed_60_
extra_trees_all_leaf20,2020,476,lag3_pat_blocked
extra_trees_all_leaf20,2020,477,lag2_fg_made_60_
extra_trees_all_leaf20,2020,478,lag4_gwfg_missed
extra_trees_all_leaf20,2020,479,lag2_gwfg_missed
extra_trees_all_leaf20,2020,480,lag1_weekly_slope_pat_att
extra_trees_all_leaf20,2020,481,lag1_weekly_slope_fg_att
extra_trees_all_leaf20,2020,482,lag1_late6_mean_delta_punt_return_yards
extra_trees_all_leaf20,2020,483,lag2_gwfg_blocked
extra_trees_all_leaf20,2020,484,lag3_gwfg_blocked
extra_trees_all_leaf20,2020,485,lag4_fg_made_60_
extra_trees_all_leaf20,2020,486,lag3_fg_made_60_
extra_trees_all_leaf20,2020,487,lag3_pat_missed
extra_trees_all_leaf20,2020,488,lag4_gwfg_blocked
extra_trees_all_leaf20,2020,489,lag1_gwfg_blocked
extra_trees_all_leaf20,2020,490,lag1_weekly_slope_fg_made
extra_trees_all_leaf20,2020,491,lag4_fg_missed_20_29
extra_trees_all_leaf20,2020,492,lag1_fg_missed_20_29
extra_trees_all_leaf20,2020,493,lag1_pat_blocked
extra_trees_all_leaf20,2020,494,lag1_fg_missed_0_19
extra_trees_all_leaf20,2020,495,lag2_fg_missed_0_19
extra_trees_all_leaf20,2020,496,lag3_fg_missed_0_19
extra_trees_all_leaf20,2020,497,lag4_fg_missed_0_19
extra_trees_all_leaf20,2020,498,missing_is_rookie
extra_trees_all_leaf20,2020,499,missing_team_changed
extra_trees_all_leaf20,2020,500,missing_was_drafted
extra_trees_all_leaf20,2021,1,lag1_games
extra_trees_all_leaf20,2021,2,lag1_targets
extra_trees_all_leaf20,2021,3,lag1_receptions
extra_trees_all_leaf20,2021,4,lag1_receiving_yards_after_catch
extra_trees_all_leaf20,2021,5,lag1_receiving_yards
extra_trees_all_leaf20,2021,6,lag1_receiving_first_downs
extra_trees_all_leaf20,2021,7,lag1_receiving_10
extra_trees_all_leaf20,2021,8,lag1_late6_targets
extra_trees_all_leaf20,2021,9,lag1_receiving_16
extra_trees_all_leaf20,2021,10,lag1_late6_receptions
extra_trees_all_leaf20,2021,11,lag1_late6_receiving_yards
extra_trees_all_leaf20,2021,12,lag1_late6_receiving_yards_after_catch
extra_trees_all_leaf20,2021,13,lag1_offense_snaps
extra_trees_all_leaf20,2021,14,lag1_receiving_yards_per_target
extra_trees_all_leaf20,2021,15,lag1_receiving_yards_per_reception
extra_trees_all_leaf20,2021,16,lag1_late6_receiving_first_downs
extra_trees_all_leaf20,2021,17,lag1_receiving_20
extra_trees_all_leaf20,2021,18,lag1_receiving_yards_after_catch_per_reception
extra_trees_all_leaf20,2021,19,lag1_receiving_first_down_rate
extra_trees_all_leaf20,2021,20,lag1_receiving_20_rate
extra_trees_all_leaf20,2021,21,lag1_catch_rate
extra_trees_all_leaf20,2021,22,lag1_receiving_tds
extra_trees_all_leaf20,2021,23,lag1_receiving_air_yards
extra_trees_all_leaf20,2021,24,lag1_late6_receiving_air_yards
extra_trees_all_leaf20,2021,25,lag1_late6_receiving_20
extra_trees_all_leaf20,2021,26,lag1_receiving_air_yards_per_target
extra_trees_all_leaf20,2021,27,lag2_targets
extra_trees_all_leaf20,2021,28,lag2_receptions
extra_trees_all_leaf20,2021,29,lag2_games
extra_trees_all_leaf20,2021,30,lag2_receiving_first_downs
extra_trees_all_leaf20,2021,31,missing_draft_number
extra_trees_all_leaf20,2021,32,missing_draft_round
extra_trees_all_leaf20,2021,33,was_drafted
extra_trees_all_leaf20,2021,34,lag2_receiving_yards
extra_trees_all_leaf20,2021,35,lag2_receiving_yards_after_catch
extra_trees_all_leaf20,2021,36,lag2_receiving_10
extra_trees_all_leaf20,2021,37,lag2_receiving_16
extra_trees_all_leaf20,2021,38,lag1_roster_weeks
extra_trees_all_leaf20,2021,39,lag2_receiving_yards_per_target
extra_trees_all_leaf20,2021,40,injury_lag2_injury_report_weeks
extra_trees_all_leaf20,2021,41,injury_lag2_designation_count
extra_trees_all_leaf20,2021,42,lag2_receiving_yards_per_reception
extra_trees_all_leaf20,2021,43,lag1_fumbles_total
extra_trees_all_leaf20,2021,44,lag2_receiving_first_down_rate
extra_trees_all_leaf20,2021,45,lag2_receiving_20
extra_trees_all_leaf20,2021,46,lag1_carries
extra_trees_all_leaf20,2021,47,lag1_receiving_40
extra_trees_all_leaf20,2021,48,lag2_receiving_yards_after_catch_per_reception
extra_trees_all_leaf20,2021,49,lag2_receiving_air_yards
extra_trees_all_leaf20,2021,50,injury_lag2_injury_reported
extra_trees_all_leaf20,2021,51,lag2_catch_rate
extra_trees_all_leaf20,2021,52,lag1_rushing_yards
extra_trees_all_leaf20,2021,53,lag1_rush_yards_per_carry
extra_trees_all_leaf20,2021,54,lag2_receiving_20_rate
extra_trees_all_leaf20,2021,55,lag2_receiving_tds
extra_trees_all_leaf20,2021,56,lag1_rushing_first_downs
extra_trees_all_leaf20,2021,57,lag1_late6_carries
extra_trees_all_leaf20,2021,58,lag2_roster_weeks
extra_trees_all_leaf20,2021,59,lag1_rushing_10
extra_trees_all_leaf20,2021,60,lag2_offense_snaps
extra_trees_all_leaf20,2021,61,lag1_rush_first_down_rate
extra_trees_all_leaf20,2021,62,lag2_receiving_air_yards_per_target
extra_trees_all_leaf20,2021,63,combine_vertical
extra_trees_all_leaf20,2021,64,combine_broad_jump
extra_trees_all_leaf20,2021,65,lag1_rushing_12
extra_trees_all_leaf20,2021,66,lag3_receiving_yards_after_catch
extra_trees_all_leaf20,2021,67,lag3_receptions
extra_trees_all_leaf20,2021,68,lag3_targets
extra_trees_all_leaf20,2021,69,lag3_receiving_yards
extra_trees_all_leaf20,2021,70,missing_combine_forty
extra_trees_all_leaf20,2021,71,lag3_receiving_first_downs
extra_trees_all_leaf20,2021,72,lag3_games
extra_trees_all_leaf20,2021,73,lag3_receiving_10
extra_trees_all_leaf20,2021,74,lag3_receiving_16
extra_trees_all_leaf20,2021,75,lag1_late6_rushing_yards
extra_trees_all_leaf20,2021,76,lag1_fumbles_lost_total
extra_trees_all_leaf20,2021,77,lag3_receiving_20
extra_trees_all_leaf20,2021,78,lag3_receiving_yards_per_target
extra_trees_all_leaf20,2021,79,lag3_receiving_yards_per_reception
extra_trees_all_leaf20,2021,80,lag1_late6_rushing_first_downs
extra_trees_all_leaf20,2021,81,lag3_receiving_yards_after_catch_per_reception
extra_trees_all_leaf20,2021,82,injury_lag3_designation_count
extra_trees_all_leaf20,2021,83,injury_lag3_injury_report_weeks
extra_trees_all_leaf20,2021,84,draft_round
extra_trees_all_leaf20,2021,85,lag3_receiving_20_rate
extra_trees_all_leaf20,2021,86,draft_number
extra_trees_all_leaf20,2021,87,lag2_fumbles_total
extra_trees_all_leaf20,2021,88,lag3_receiving_first_down_rate
extra_trees_all_leaf20,2021,89,combine_bench
extra_trees_all_leaf20,2021,90,missing_combine_broad_jump
extra_trees_all_leaf20,2021,91,injury_lag3_injury_reported
extra_trees_all_leaf20,2021,92,lag3_catch_rate
extra_trees_all_leaf20,2021,93,missing_combine_vertical
extra_trees_all_leaf20,2021,94,lag3_receiving_tds
extra_trees_all_leaf20,2021,95,lag3_roster_weeks
extra_trees_all_leaf20,2021,96,lag2_carries
extra_trees_all_leaf20,2021,97,missing_combine_bench
extra_trees_all_leaf20,2021,98,lag2_rush_yards_per_carry
extra_trees_all_leaf20,2021,99,lag3_receiving_air_yards
extra_trees_all_leaf20,2021,100,lag2_receiving_40
extra_trees_all_leaf20,2021,101,lag1_rushing_20
extra_trees_all_leaf20,2021,102,lag1_rush_20_rate
extra_trees_all_leaf20,2021,103,lag2_rushing_yards
extra_trees_all_leaf20,2021,104,lag4_receiving_yards_after_catch
extra_trees_all_leaf20,2021,105,lag4_receptions
extra_trees_all_leaf20,2021,106,lag4_targets
extra_trees_all_leaf20,2021,107,lag1_rushing_tds
extra_trees_all_leaf20,2021,108,lag4_receiving_first_downs
extra_trees_all_leaf20,2021,109,lag4_receiving_yards
extra_trees_all_leaf20,2021,110,lag3_receiving_air_yards_per_target
extra_trees_all_leaf20,2021,111,lag4_receiving_16
extra_trees_all_leaf20,2021,112,lag4_receiving_10
extra_trees_all_leaf20,2021,113,lag2_rush_first_down_rate
extra_trees_all_leaf20,2021,114,lag2_rushing_first_downs
extra_trees_all_leaf20,2021,115,lag1_receiving_fumbles
extra_trees_all_leaf20,2021,116,lag2_fumbles_lost_total
extra_trees_all_leaf20,2021,117,lag4_receiving_20
extra_trees_all_leaf20,2021,118,lag4_receiving_yards_per_reception
extra_trees_all_leaf20,2021,119,lag4_games
extra_trees_all_leaf20,2021,120,lag2_rushing_10
extra_trees_all_leaf20,2021,121,lag4_receiving_first_down_rate
extra_trees_all_leaf20,2021,122,lag4_receiving_yards_after_catch_per_reception
extra_trees_all_leaf20,2021,123,lag4_receiving_yards_per_target
extra_trees_all_leaf20,2021,124,lag4_receiving_20_rate
extra_trees_all_leaf20,2021,125,lag2_history_available
extra_trees_all_leaf20,2021,126,lag3_receiving_40
extra_trees_all_leaf20,2021,127,injury_lag4_injury_report_weeks
extra_trees_all_leaf20,2021,128,injury_lag4_designation_count
extra_trees_all_leaf20,2021,129,lag2_rushing_12
extra_trees_all_leaf20,2021,130,lag4_receiving_air_yards
extra_trees_all_leaf20,2021,131,lag1_rushing_fumbles
extra_trees_all_leaf20,2021,132,lag4_catch_rate
extra_trees_all_leaf20,2021,133,lag3_history_available
extra_trees_all_leaf20,2021,134,lag3_fumbles_total
extra_trees_all_leaf20,2021,135,injury_lag4_injury_reported
extra_trees_all_leaf20,2021,136,lag4_receiving_tds
extra_trees_all_leaf20,2021,137,lag3_carries
extra_trees_all_leaf20,2021,138,lag4_receiving_air_yards_per_target
extra_trees_all_leaf20,2021,139,years_exp
extra_trees_all_leaf20,2021,140,lag4_roster_weeks
extra_trees_all_leaf20,2021,141,lag3_rush_yards_per_carry
extra_trees_all_leaf20,2021,142,missing_combine_shuttle
extra_trees_all_leaf20,2021,143,combine_forty
extra_trees_all_leaf20,2021,144,lag3_rushing_yards
extra_trees_all_leaf20,2021,145,weight
extra_trees_all_leaf20,2021,146,lag1_late6_rushing_20
extra_trees_all_leaf20,2021,147,missing_combine_cone
extra_trees_all_leaf20,2021,148,lag3_rush_first_down_rate
extra_trees_all_leaf20,2021,149,lag4_history_available
extra_trees_all_leaf20,2021,150,lag3_rushing_first_downs
extra_trees_all_leaf20,2021,151,lag2_receiving_fumbles
extra_trees_all_leaf20,2021,152,combine_shuttle
extra_trees_all_leaf20,2021,153,lag3_rushing_10
extra_trees_all_leaf20,2021,154,lag4_fumbles_total
extra_trees_all_leaf20,2021,155,lag4_receiving_40
extra_trees_all_leaf20,2021,156,lag3_offense_snaps
extra_trees_all_leaf20,2021,157,lag2_rushing_tds
extra_trees_all_leaf20,2021,158,lag3_fumbles_lost_total
extra_trees_all_leaf20,2021,159,lag2_rushing_20
extra_trees_all_leaf20,2021,160,lag1_rushing_fumbles_lost
extra_trees_all_leaf20,2021,161,lag2_rush_20_rate
extra_trees_all_leaf20,2021,162,lag3_rushing_12
extra_trees_all_leaf20,2021,163,lag4_carries
extra_trees_all_leaf20,2021,164,lag4_rush_yards_per_carry
extra_trees_all_leaf20,2021,165,lag4_rushing_yards
extra_trees_all_leaf20,2021,166,combine_cone
extra_trees_all_leaf20,2021,167,missing_age
extra_trees_all_leaf20,2021,168,lag1_receiving_fumbles_lost
extra_trees_all_leaf20,2021,169,lag2_rushing_fumbles
extra_trees_all_leaf20,2021,170,lag4_fumbles_lost_total
extra_trees_all_leaf20,2021,171,lag4_rush_first_down_rate
extra_trees_all_leaf20,2021,172,lag1_kickoff_returns
extra_trees_all_leaf20,2021,173,lag4_rushing_first_downs
extra_trees_all_leaf20,2021,174,lag3_receiving_fumbles
extra_trees_all_leaf20,2021,175,height
extra_trees_all_leaf20,2021,176,lag3_rushing_20
extra_trees_all_leaf20,2021,177,lag4_rushing_10
extra_trees_all_leaf20,2021,178,lag3_rush_20_rate
extra_trees_all_leaf20,2021,179,age
extra_trees_all_leaf20,2021,180,lag1_rushing_40
extra_trees_all_leaf20,2021,181,injury_lag5_injury_report_weeks
extra_trees_all_leaf20,2021,182,injury_lag5_designation_count
extra_trees_all_leaf20,2021,183,lag1_late6_mean_delta_targets
extra_trees_all_leaf20,2021,184,lag1_kickoff_return_yards
extra_trees_all_leaf20,2021,185,injury_lag5_injury_reported
extra_trees_all_leaf20,2021,186,lag3_rushing_tds
extra_trees_all_leaf20,2021,187,lag2_receiving_fumbles_lost
extra_trees_all_leaf20,2021,188,lag4_rushing_12
extra_trees_all_leaf20,2021,189,lag2_rushing_fumbles_lost
extra_trees_all_leaf20,2021,190,lag4_receiving_fumbles
extra_trees_all_leaf20,2021,191,lag1_late6_mean_delta_receiving_air_yards
extra_trees_all_leaf20,2021,192,missing_height
extra_trees_all_leaf20,2021,193,missing_weight
extra_trees_all_leaf20,2021,194,missing_years_exp
extra_trees_all_leaf20,2021,195,lag1_late6_kickoff_return_yards
extra_trees_all_leaf20,2021,196,lag3_rushing_fumbles
extra_trees_all_leaf20,2021,197,lag4_rushing_tds
extra_trees_all_leaf20,2021,198,lag4_rush_20_rate
extra_trees_all_leaf20,2021,199,lag4_rushing_20
extra_trees_all_leaf20,2021,200,lag3_receiving_fumbles_lost
extra_trees_all_leaf20,2021,201,lag1_attempts
extra_trees_all_leaf20,2021,202,lag1_punt_returns
extra_trees_all_leaf20,2021,203,lag1_passing_air_yards
extra_trees_all_leaf20,2021,204,lag1_passing_air_yards_per_attempt
extra_trees_all_leaf20,2021,205,lag1_weekly_slope_targets
extra_trees_all_leaf20,2021,206,lag2_rushing_40
extra_trees_all_leaf20,2021,207,lag1_late6_attempts
extra_trees_all_leaf20,2021,208,lag1_late6_passing_20
extra_trees_all_leaf20,2021,209,lag1_late6_passing_air_yards
extra_trees_all_leaf20,2021,210,lag2_punt_returns
extra_trees_all_leaf20,2021,211,lag4_rushing_fumbles
extra_trees_all_leaf20,2021,212,lag1_punt_return_yards
extra_trees_all_leaf20,2021,213,lag1_late6_passing_first_downs
extra_trees_all_leaf20,2021,214,lag1_passing_20
extra_trees_all_leaf20,2021,215,lag2_kickoff_returns
extra_trees_all_leaf20,2021,216,lag1_passing_tds
extra_trees_all_leaf20,2021,217,lag1_passing_40
extra_trees_all_leaf20,2021,218,lag1_pass_yards_per_attempt
extra_trees_all_leaf20,2021,219,lag1_pass_td_rate
extra_trees_all_leaf20,2021,220,lag1_passing_first_downs
extra_trees_all_leaf20,2021,221,lag1_completions
extra_trees_all_leaf20,2021,222,lag1_late6_passing_yards
extra_trees_all_leaf20,2021,223,lag1_passing_yards
extra_trees_all_leaf20,2021,224,position_TE
extra_trees_all_leaf20,2021,225,lag1_late6_mean_delta_rushing_yards
extra_trees_all_leaf20,2021,226,lag1_completion_rate
extra_trees_all_leaf20,2021,227,lag1_passing_16
extra_trees_all_leaf20,2021,228,position_K
extra_trees_all_leaf20,2021,229,lag1_passing_10
extra_trees_all_leaf20,2021,230,lag4_receiving_fumbles_lost
extra_trees_all_leaf20,2021,231,lag3_kickoff_returns
extra_trees_all_leaf20,2021,232,lag1_late6_passing_yards_after_catch
extra_trees_all_leaf20,2021,233,lag1_passing_yards_after_catch
extra_trees_all_leaf20,2021,234,lag2_punt_return_yards
extra_trees_all_leaf20,2021,235,lag3_punt_returns
extra_trees_all_leaf20,2021,236,lag1_passing_yards_after_catch_per_completion
extra_trees_all_leaf20,2021,237,lag3_rushing_fumbles_lost
extra_trees_all_leaf20,2021,238,lag1_sack_fumbles
extra_trees_all_leaf20,2021,239,lag1_late6_punt_return_yards
extra_trees_all_leaf20,2021,240,position_QB
extra_trees_all_leaf20,2021,241,lag1_weekly_slope_receiving_air_yards
extra_trees_all_leaf20,2021,242,lag4_kickoff_returns
extra_trees_all_leaf20,2021,243,lag2_kickoff_return_yards
extra_trees_all_leaf20,2021,244,lag3_punt_return_yards
extra_trees_all_leaf20,2021,245,lag1_late6_mean_delta_carries
extra_trees_all_leaf20,2021,246,lag3_kickoff_return_yards
extra_trees_all_leaf20,2021,247,lag4_punt_returns
extra_trees_all_leaf20,2021,248,lag4_offense_snaps
extra_trees_all_leaf20,2021,249,lag1_sack_fumbles_lost
extra_trees_all_leaf20,2021,250,lag1_passing_interceptions
extra_trees_all_leaf20,2021,251,lag4_kickoff_return_yards
extra_trees_all_leaf20,2021,252,lag1_late6_mean_delta_receptions
extra_trees_all_leaf20,2021,253,lag4_rushing_fumbles_lost
extra_trees_all_leaf20,2021,254,lag3_rushing_40
extra_trees_all_leaf20,2021,255,lag1_sacks_suffered
extra_trees_all_leaf20,2021,256,lag1_interception_rate
extra_trees_all_leaf20,2021,257,lag1_sack_yards_lost
extra_trees_all_leaf20,2021,258,lag2_passing_40
extra_trees_all_leaf20,2021,259,lag4_punt_return_yards
extra_trees_all_leaf20,2021,260,lag1_weekly_slope_rushing_yards
extra_trees_all_leaf20,2021,261,lag2_passing_tds
extra_trees_all_leaf20,2021,262,lag2_pass_td_rate
extra_trees_all_leaf20,2021,263,lag2_attempts
extra_trees_all_leaf20,2021,264,lag2_passing_air_yards
extra_trees_all_leaf20,2021,265,lag1_pat_make_rate
extra_trees_all_leaf20,2021,266,lag1_pat_att
extra_trees_all_leaf20,2021,267,lag1_pat_made
extra_trees_all_leaf20,2021,268,lag2_sack_fumbles
extra_trees_all_leaf20,2021,269,lag2_passing_air_yards_per_attempt
extra_trees_all_leaf20,2021,270,lag1_weekly_slope_rushing_20
extra_trees_all_leaf20,2021,271,lag1_made_field_goal_mean_distance
extra_trees_all_leaf20,2021,272,lag1_field_goal_make_rate
extra_trees_all_leaf20,2021,273,lag1_fg_att
extra_trees_all_leaf20,2021,274,lag1_fg_made_distance
extra_trees_all_leaf20,2021,275,lag1_fg_made
extra_trees_all_leaf20,2021,276,lag4_rushing_40
extra_trees_all_leaf20,2021,277,lag1_weekly_slope_receptions
extra_trees_all_leaf20,2021,278,lag1_fg_made_20_29
extra_trees_all_leaf20,2021,279,is_rookie
extra_trees_all_leaf20,2021,280,lag1_fg_missed_distance
extra_trees_all_leaf20,2021,281,lag1_fg_missed
extra_trees_all_leaf20,2021,282,lag1_missed_field_goal_mean_distance
extra_trees_all_leaf20,2021,283,lag2_passing_20
extra_trees_all_leaf20,2021,284,lag2_sack_fumbles_lost
extra_trees_all_leaf20,2021,285,lag2_sack_yards_lost
extra_trees_all_leaf20,2021,286,lag1_fg_made_40_49
extra_trees_all_leaf20,2021,287,lag2_passing_16
extra_trees_all_leaf20,2021,288,lag1_fg_made_30_39
extra_trees_all_leaf20,2021,289,lag4_passing_air_yards
extra_trees_all_leaf20,2021,290,lag1_history_available
extra_trees_all_leaf20,2021,291,lag2_sacks_suffered
extra_trees_all_leaf20,2021,292,lag2_passing_interceptions
extra_trees_all_leaf20,2021,293,lag4_passing_air_yards_per_attempt
extra_trees_all_leaf20,2021,294,lag1_late6_pat_att
extra_trees_all_leaf20,2021,295,lag2_passing_yards
extra_trees_all_leaf20,2021,296,lag2_passing_first_downs
extra_trees_all_leaf20,2021,297,lag1_late6_fg_made
extra_trees_all_leaf20,2021,298,lag1_late6_fg_att
extra_trees_all_leaf20,2021,299,lag2_completions
extra_trees_all_leaf20,2021,300,lag2_passing_10
extra_trees_all_leaf20,2021,301,lag4_attempts
extra_trees_all_leaf20,2021,302,lag2_pass_yards_per_attempt
extra_trees_all_leaf20,2021,303,lag2_pat_make_rate
extra_trees_all_leaf20,2021,304,lag1_late6_mean_delta_receiving_20
extra_trees_all_leaf20,2021,305,lag2_pat_made
extra_trees_all_leaf20,2021,306,lag2_pat_att
extra_trees_all_leaf20,2021,307,lag2_completion_rate
extra_trees_all_leaf20,2021,308,lag2_field_goal_make_rate
extra_trees_all_leaf20,2021,309,lag2_fg_att
extra_trees_all_leaf20,2021,310,lag2_fg_made
extra_trees_all_leaf20,2021,311,lag2_fg_made_distance
extra_trees_all_leaf20,2021,312,lag2_made_field_goal_mean_distance
extra_trees_all_leaf20,2021,313,lag1_special_teams_tds
extra_trees_all_leaf20,2021,314,lag2_fg_made_20_29
extra_trees_all_leaf20,2021,315,lag1_weekly_slope_rushing_first_downs
extra_trees_all_leaf20,2021,316,lag2_fg_made_30_39
extra_trees_all_leaf20,2021,317,lag2_fg_made_40_49
extra_trees_all_leaf20,2021,318,lag2_interception_rate
extra_trees_all_leaf20,2021,319,lag3_passing_40
extra_trees_all_leaf20,2021,320,lag2_passing_yards_after_catch
extra_trees_all_leaf20,2021,321,position_WR
extra_trees_all_leaf20,2021,322,lag2_fg_missed
extra_trees_all_leaf20,2021,323,lag2_fg_missed_distance
extra_trees_all_leaf20,2021,324,lag4_passing_10
extra_trees_all_leaf20,2021,325,lag1_fg_missed_40_49
extra_trees_all_leaf20,2021,326,lag2_missed_field_goal_mean_distance
extra_trees_all_leaf20,2021,327,lag4_pass_yards_per_attempt
extra_trees_all_leaf20,2021,328,lag4_passing_yards
extra_trees_all_leaf20,2021,329,lag4_passing_first_downs
extra_trees_all_leaf20,2021,330,lag4_passing_16
extra_trees_all_leaf20,2021,331,lag2_passing_yards_after_catch_per_completion
extra_trees_all_leaf20,2021,332,lag1_fg_made_50_59
extra_trees_all_leaf20,2021,333,lag1_weekly_slope_kickoff_return_yards
extra_trees_all_leaf20,2021,334,lag3_sack_fumbles
extra_trees_all_leaf20,2021,335,lag1_fg_missed_50_59
extra_trees_all_leaf20,2021,336,lag4_completions
extra_trees_all_leaf20,2021,337,lag4_completion_rate
extra_trees_all_leaf20,2021,338,lag3_fg_made_20_29
extra_trees_all_leaf20,2021,339,lag3_fg_att
extra_trees_all_leaf20,2021,340,lag3_fg_made
extra_trees_all_leaf20,2021,341,lag3_fg_made_distance
extra_trees_all_leaf20,2021,342,lag1_weekly_slope_carries
extra_trees_all_leaf20,2021,343,lag3_fg_made_40_49
extra_trees_all_leaf20,2021,344,lag3_field_goal_make_rate
extra_trees_all_leaf20,2021,345,lag4_passing_yards_after_catch
extra_trees_all_leaf20,2021,346,lag3_made_field_goal_mean_distance
extra_trees_all_leaf20,2021,347,lag4_passing_40
extra_trees_all_leaf20,2021,348,lag2_fg_made_50_59
extra_trees_all_leaf20,2021,349,lag3_pat_make_rate
extra_trees_all_leaf20,2021,350,lag3_fg_made_30_39
extra_trees_all_leaf20,2021,351,lag3_pat_made
extra_trees_all_leaf20,2021,352,lag3_pat_att
extra_trees_all_leaf20,2021,353,lag2_fg_missed_40_49
extra_trees_all_leaf20,2021,354,lag4_passing_yards_after_catch_per_completion
extra_trees_all_leaf20,2021,355,lag4_passing_tds
extra_trees_all_leaf20,2021,356,lag4_pass_td_rate
extra_trees_all_leaf20,2021,357,lag3_passing_air_yards
extra_trees_all_leaf20,2021,358,lag3_fg_missed
extra_trees_all_leaf20,2021,359,lag3_fg_missed_distance
extra_trees_all_leaf20,2021,360,lag4_passing_20
extra_trees_all_leaf20,2021,361,lag3_missed_field_goal_mean_distance
extra_trees_all_leaf20,2021,362,lag3_sack_yards_lost
extra_trees_all_leaf20,2021,363,lag1_weekly_slope_receiving_yards_after_catch
extra_trees_all_leaf20,2021,364,lag3_fg_missed_40_49
extra_trees_all_leaf20,2021,365,lag4_fg_made_40_49
extra_trees_all_leaf20,2021,366,lag3_special_teams_tds
extra_trees_all_leaf20,2021,367,lag4_field_goal_make_rate
extra_trees_all_leaf20,2021,368,lag4_made_field_goal_mean_distance
extra_trees_all_leaf20,2021,369,lag3_passing_air_yards_per_attempt
extra_trees_all_leaf20,2021,370,lag4_fg_made_20_29
extra_trees_all_leaf20,2021,371,lag4_fg_made_distance
extra_trees_all_leaf20,2021,372,lag4_fg_made
extra_trees_all_leaf20,2021,373,lag4_fg_att
extra_trees_all_leaf20,2021,374,position_RB
extra_trees_all_leaf20,2021,375,lag3_sacks_suffered
extra_trees_all_leaf20,2021,376,lag4_pat_made
extra_trees_all_leaf20,2021,377,lag4_pat_att
extra_trees_all_leaf20,2021,378,lag4_pat_make_rate
extra_trees_all_leaf20,2021,379,lag3_attempts
extra_trees_all_leaf20,2021,380,lag4_missed_field_goal_mean_distance
extra_trees_all_leaf20,2021,381,lag4_fg_made_30_39
extra_trees_all_leaf20,2021,382,lag4_fg_missed_distance
extra_trees_all_leaf20,2021,383,lag4_fg_missed
extra_trees_all_leaf20,2021,384,lag4_sack_yards_lost
extra_trees_all_leaf20,2021,385,lag4_sack_fumbles
extra_trees_all_leaf20,2021,386,lag2_special_teams_tds
extra_trees_all_leaf20,2021,387,lag3_sack_fumbles_lost
extra_trees_all_leaf20,2021,388,lag3_passing_tds
extra_trees_all_leaf20,2021,389,lag4_passing_interceptions
extra_trees_all_leaf20,2021,390,lag4_sacks_suffered
extra_trees_all_leaf20,2021,391,lag3_passing_interceptions
extra_trees_all_leaf20,2021,392,lag3_passing_20
extra_trees_all_leaf20,2021,393,lag4_fg_missed_40_49
extra_trees_all_leaf20,2021,394,lag3_passing_10
extra_trees_all_leaf20,2021,395,lag3_fg_made_50_59
extra_trees_all_leaf20,2021,396,lag3_pass_td_rate
extra_trees_all_leaf20,2021,397,lag3_passing_16
extra_trees_all_leaf20,2021,398,lag4_interception_rate
extra_trees_all_leaf20,2021,399,lag1_late6_mean_delta_receiving_yards
extra_trees_all_leaf20,2021,400,lag3_passing_first_downs
extra_trees_all_leaf20,2021,401,lag3_passing_yards
extra_trees_all_leaf20,2021,402,lag4_sack_fumbles_lost
extra_trees_all_leaf20,2021,403,lag1_late6_mean_delta_rushing_first_downs
extra_trees_all_leaf20,2021,404,lag3_passing_yards_after_catch
extra_trees_all_leaf20,2021,405,lag3_pass_yards_per_attempt
extra_trees_all_leaf20,2021,406,lag3_interception_rate
extra_trees_all_leaf20,2021,407,lag3_fg_missed_50_59
extra_trees_all_leaf20,2021,408,lag4_special_teams_tds
extra_trees_all_leaf20,2021,409,lag2_fg_missed_30_39
extra_trees_all_leaf20,2021,410,lag3_completions
extra_trees_all_leaf20,2021,411,lag3_passing_yards_after_catch_per_completion
extra_trees_all_leaf20,2021,412,lag2_fg_missed_50_59
extra_trees_all_leaf20,2021,413,lag3_completion_rate
extra_trees_all_leaf20,2021,414,lag1_weekly_slope_receiving_first_downs
extra_trees_all_leaf20,2021,415,lag4_fg_made_50_59
extra_trees_all_leaf20,2021,416,lag1_weekly_slope_receiving_yards
extra_trees_all_leaf20,2021,417,lag1_weekly_slope_punt_return_yards
extra_trees_all_leaf20,2021,418,lag1_fg_blocked
extra_trees_all_leaf20,2021,419,lag4_fg_missed_50_59
extra_trees_all_leaf20,2021,420,lag3_gwfg_att
extra_trees_all_leaf20,2021,421,lag3_gwfg_distance
extra_trees_all_leaf20,2021,422,lag3_fg_missed_30_39
extra_trees_all_leaf20,2021,423,lag1_gwfg_distance
extra_trees_all_leaf20,2021,424,lag1_late6_mean_delta_kickoff_return_yards
extra_trees_all_leaf20,2021,425,lag1_gwfg_att
extra_trees_all_leaf20,2021,426,lag1_pat_missed
extra_trees_all_leaf20,2021,427,lag4_fg_missed_30_39
extra_trees_all_leaf20,2021,428,lag1_fg_missed_30_39
extra_trees_all_leaf20,2021,429,lag1_late6_mean_delta_rushing_20
extra_trees_all_leaf20,2021,430,lag1_gwfg_made
extra_trees_all_leaf20,2021,431,lag4_gwfg_att
extra_trees_all_leaf20,2021,432,lag1_late6_mean_delta_passing_first_downs
extra_trees_all_leaf20,2021,433,lag4_gwfg_distance
extra_trees_all_leaf20,2021,434,lag3_fg_blocked
extra_trees_all_leaf20,2021,435,lag2_fg_blocked
extra_trees_all_leaf20,2021,436,lag3_gwfg_made
extra_trees_all_leaf20,2021,437,lag1_weekly_slope_passing_first_downs
extra_trees_all_leaf20,2021,438,lag4_gwfg_made
extra_trees_all_leaf20,2021,439,lag2_gwfg_made
extra_trees_all_leaf20,2021,440,lag1_weekly_slope_passing_yards_after_catch
extra_trees_all_leaf20,2021,441,lag2_gwfg_att
extra_trees_all_leaf20,2021,442,lag4_fg_blocked
extra_trees_all_leaf20,2021,443,lag2_gwfg_distance
extra_trees_all_leaf20,2021,444,lag2_pat_missed
extra_trees_all_leaf20,2021,445,lag1_late6_mean_delta_attempts
extra_trees_all_leaf20,2021,446,lag3_fg_made_0_19
extra_trees_all_leaf20,2021,447,lag2_fg_made_0_19
extra_trees_all_leaf20,2021,448,lag1_late6_mean_delta_passing_air_yards
extra_trees_all_leaf20,2021,449,lag1_late6_mean_delta_passing_yards
extra_trees_all_leaf20,2021,450,lag2_fg_missed_20_29
extra_trees_all_leaf20,2021,451,lag1_late6_mean_delta_pat_att
extra_trees_all_leaf20,2021,452,lag1_fg_made_0_19
extra_trees_all_leaf20,2021,453,lag4_fg_made_0_19
extra_trees_all_leaf20,2021,454,lag1_weekly_slope_attempts
extra_trees_all_leaf20,2021,455,lag4_pat_blocked
extra_trees_all_leaf20,2021,456,lag1_late6_mean_delta_receiving_first_downs
extra_trees_all_leaf20,2021,457,lag3_fg_missed_60_
extra_trees_all_leaf20,2021,458,lag3_pat_blocked
extra_trees_all_leaf20,2021,459,lag2_pat_blocked
extra_trees_all_leaf20,2021,460,lag1_weekly_slope_passing_20
extra_trees_all_leaf20,2021,461,lag1_late6_mean_delta_fg_att
extra_trees_all_leaf20,2021,462,lag1_late6_mean_delta_passing_yards_after_catch
extra_trees_all_leaf20,2021,463,lag3_gwfg_missed
extra_trees_all_leaf20,2021,464,lag3_fg_missed_20_29
extra_trees_all_leaf20,2021,465,lag3_pat_missed
extra_trees_all_leaf20,2021,466,lag4_pat_missed
extra_trees_all_leaf20,2021,467,lag1_gwfg_missed
extra_trees_all_leaf20,2021,468,lag1_fg_made_60_
extra_trees_all_leaf20,2021,469,lag1_fg_missed_60_
extra_trees_all_leaf20,2021,470,lag1_late6_mean_delta_passing_20
extra_trees_all_leaf20,2021,471,lag1_late6_mean_delta_receiving_yards_after_catch
extra_trees_all_leaf20,2021,472,lag1_late6_mean_delta_punt_return_yards
extra_trees_all_leaf20,2021,473,lag1_weekly_slope_fg_att
extra_trees_all_leaf20,2021,474,lag2_fg_made_60_
extra_trees_all_leaf20,2021,475,lag4_gwfg_missed
extra_trees_all_leaf20,2021,476,lag2_fg_missed_60_
extra_trees_all_leaf20,2021,477,lag1_weekly_slope_passing_yards
extra_trees_all_leaf20,2021,478,lag4_fg_missed_60_
extra_trees_all_leaf20,2021,479,lag1_weekly_slope_receiving_20
extra_trees_all_leaf20,2021,480,lag1_late6_mean_delta_fg_made
extra_trees_all_leaf20,2021,481,lag1_weekly_slope_fg_made
extra_trees_all_leaf20,2021,482,lag1_pat_blocked
extra_trees_all_leaf20,2021,483,lag1_fg_missed_20_29
extra_trees_all_leaf20,2021,484,lag4_fg_missed_20_29
extra_trees_all_leaf20,2021,485,lag2_gwfg_missed
extra_trees_all_leaf20,2021,486,lag1_gwfg_blocked
extra_trees_all_leaf20,2021,487,lag2_gwfg_blocked
extra_trees_all_leaf20,2021,488,lag3_gwfg_blocked
extra_trees_all_leaf20,2021,489,lag1_weekly_slope_pat_att
extra_trees_all_leaf20,2021,490,lag4_fg_made_60_
extra_trees_all_leaf20,2021,491,lag1_weekly_slope_passing_air_yards
extra_trees_all_leaf20,2021,492,lag4_gwfg_blocked
extra_trees_all_leaf20,2021,493,lag3_fg_made_60_
extra_trees_all_leaf20,2021,494,lag1_fg_missed_0_19
extra_trees_all_leaf20,2021,495,lag2_fg_missed_0_19
extra_trees_all_leaf20,2021,496,lag3_fg_missed_0_19
extra_trees_all_leaf20,2021,497,lag4_fg_missed_0_19
extra_trees_all_leaf20,2021,498,missing_is_rookie
extra_trees_all_leaf20,2021,499,missing_team_changed
extra_trees_all_leaf20,2021,500,missing_was_drafted
