player_id,candidate_name,team,model_position,source_team_key,player_name_key,source_player_name,current_injury_or_designation,current_injury_status,expected_return,evidence_date,source_url,source_player_url,source_publisher,source_tier,current_injury_listing,screen_result,status_as_of,retrieved_at_utc,match_method
00-0037224,Cameron Dicker,LAC,K,LAC,camerondicker,,,,,,,,,,False,No current listing found,2026-08-14,2026-08-14T15:29:18.007503+00:00,screened_no_match
00-0039404,Will Reichard,MIN,K,MIN,willreichard,,,,,,,,,,False,No current listing found,2026-08-14,2026-08-14T15:29:18.007503+00:00,screened_no_match
00-0032726,Ka'imi Fairbairn,HOU,K,HOU,kaimifairbairn,,,,,,,,,,False,No current listing found,2026-08-14,2026-08-14T15:29:18.007503+00:00,screened_no_match
00-0037692,Brandon Aubrey,DAL,K,DAL,brandonaubrey,,,,,,,,,,False,No current listing found,2026-08-14,2026-08-14T15:29:18.007503+00:00,screened_no_match
00-0031492,Jason Myers,SEA,K,SEA,jasonmyers,,,,,,,,,,False,No current listing found,2026-08-14,2026-08-14T15:29:18.007503+00:00,screened_no_match
00-0035358,Chase McLaughlin,TB,K,TB,chasemclaughlin,,,,,,,,,,False,No current listing found,2026-08-14,2026-08-14T15:29:18.007503+00:00,screened_no_match
00-0036816,Riley Patterson,MIA,K,MIA,rileypatterson,,,,,,,,,,False,No current listing found,2026-08-14,2026-08-14T15:29:18.007503+00:00,screened_no_match
00-0032569,Wil Lutz,DEN,K,DEN,willutz,,,,,,,,,,False,No current listing found,2026-08-14,2026-08-14T15:29:18.007503+00:00,screened_no_match
00-0031136,Chris Boswell,PIT,K,PIT,chrisboswell,,,,,,,,,,False,No current listing found,2026-08-14,2026-08-14T15:29:18.007503+00:00,screened_no_match
00-0039409,Cam Little,JAX,K,JAX,camlittle,,,,,,,,,,False,No current listing found,2026-08-14,2026-08-14T15:29:18.007503+00:00,screened_no_match
00-0039172,Jake Bates,DET,K,DET,jakebates,,,,,,,,,,False,No current listing found,2026-08-14,2026-08-14T15:29:18.007503+00:00,screened_no_match
00-0025565,Nick Folk,ATL,K,ATL,nickfolk,,,,,,,,,,False,No current listing found,2026-08-14,2026-08-14T15:29:18.007503+00:00,screened_no_match
00-0036854,Evan McPherson,CIN,K,CIN,evanmcpherson,,,,,,,,,,False,No current listing found,2026-08-14,2026-08-14T15:29:18.007503+00:00,screened_no_match
00-0038428,Andre Szmyt,CLE,K,CLE,andreszmyt,,,,,,,,,,False,No current listing found,2026-08-14,2026-08-14T15:29:18.007503+00:00,screened_no_match
00-0034173,Eddy Pineiro,SF,K,SF,eddypineiro,,,,,,,,,,False,No current listing found,2026-08-14,2026-08-14T15:29:18.007503+00:00,screened_no_match
00-0031203,Cairo Santos,CHI,K,CHI,cairosantos,,,,,,,,,,False,No current listing found,2026-08-14,2026-08-14T15:29:18.007503+00:00,screened_no_match
00-0038567,Chad Ryland,AZ,K,ARI,chadryland,,,,,,,,,,False,No current listing found,2026-08-14,2026-08-14T15:29:18.007503+00:00,screened_no_match
00-0035192,Joey Slye,TEN,K,TEN,joeyslye,,,,,,,,,,False,No current listing found,2026-08-14,2026-08-14T15:29:18.007503+00:00,screened_no_match
00-0038905,Blake Grupe,IND,K,IND,blakegrupe,,,,,,,,,,False,No current listing found,2026-08-14,2026-08-14T15:29:18.007503+00:00,screened_no_match
00-0040200,Andy Borregales,NE,K,NE,andyborregales,,,,,,,,,,False,No current listing found,2026-08-14,2026-08-14T15:29:18.007503+00:00,screened_no_match
00-0040074,Tyler Loop,BAL,K,BAL,tylerloop,,,,,,,,,,False,No current listing found,2026-08-14,2026-08-14T15:29:18.007503+00:00,screened_no_match
00-0033787,Jake Elliott,PHI,K,PHI,jakeelliott,,,,,,,,,,False,No current listing found,2026-08-14,2026-08-14T15:29:18.007503+00:00,screened_no_match
00-0033303,Harrison Butker,KC,K,KC,harrisonbutker,,,,,,,,,,False,No current listing found,2026-08-14,2026-08-14T15:29:18.007503+00:00,screened_no_match
00-0040279,Ryan Fitzgerald,CAR,K,CAR,ryanfitzgerald,,,,,,,,,,False,No current listing found,2026-08-14,2026-08-14T15:29:18.007503+00:00,screened_no_match
00-0035269,Matt Gay,LV,K,LV,mattgay,,,,,,,,,,False,No current listing found,2026-08-14,2026-08-14T15:29:18.007503+00:00,screened_no_match
00-0036162,Tyler Bass,BUF,K,BUF,tylerbass,,,,,,,,,,False,No current listing found,2026-08-14,2026-08-14T15:29:18.007503+00:00,screened_no_match
00-0033862,Zane Gonzalez,MIA,K,MIA,zanegonzalez,Zane Gonzalez,Undisclosed,IR,"Feb 15, 2027",2026-08-14,https://api.myfantasyleague.com/2026/export?TYPE=injuries&JSON=1,,MyFantasyLeague,Documented public injury API,True,Current public injury listing,2026-08-14,2026-08-14T15:29:18.007503+00:00,normalized_name_and_team
00-0038562,Jake Moody,WAS,K,WAS,jakemoody,,,,,,,,,,False,No current listing found,2026-08-14,2026-08-14T15:29:18.007503+00:00,screened_no_match
00-0039576,Spencer Shrader,IND,K,IND,spencershrader,,,,,,,,,,False,No current listing found,2026-08-14,2026-08-14T15:29:18.007503+00:00,screened_no_match
00-0039498,Harrison Mevis,LA,K,LAR,harrisonmevis,,,,,,,,,,False,No current listing found,2026-08-14,2026-08-14T15:29:18.007503+00:00,screened_no_match
00-0034794,Jason Sanders,NYJ,K,NYJ,jasonsanders,,,,,,,,,,False,No current listing found,2026-08-14,2026-08-14T15:29:18.007503+00:00,screened_no_match
00-0039229,Charlie Smyth,NO,K,NO,charliesmyth,,,,,,,,,,False,No current listing found,2026-08-14,2026-08-14T15:29:18.007503+00:00,screened_no_match
00-0041174,Gabriel Plascencia,CHI,K,CHI,gabrielplascencia,,,,,,,,,,False,No current listing found,2026-08-14,2026-08-14T15:29:18.007503+00:00,screened_no_match
00-0041333,Mason Shipley,NO,K,NO,masonshipley,,,,,,,,,,False,No current listing found,2026-08-14,2026-08-14T15:29:18.007503+00:00,screened_no_match
00-0041582,Kansei Matsuzawa,LV,K,LV,kanseimatsuzawa,,,,,,,,,,False,No current listing found,2026-08-14,2026-08-14T15:29:18.007503+00:00,screened_no_match
00-0040899,Trey Smack,GB,K,GB,treysmack,,,,,,,,,,False,No current listing found,2026-08-14,2026-08-14T15:29:18.007503+00:00,screened_no_match
00-0041262,Laith Marjan,PIT,K,PIT,laithmarjan,,,,,,,,,,False,No current listing found,2026-08-14,2026-08-14T15:29:18.007503+00:00,screened_no_match
00-0041145,Dominic Zvada,NYG,K,NYG,dominiczvada,,,,,,,,,,False,No current listing found,2026-08-14,2026-08-14T15:29:18.007503+00:00,screened_no_match
00-0041182,Drew Stevens,WAS,K,WAS,drewstevens,,,,,,,,,,False,No current listing found,2026-08-14,2026-08-14T15:29:18.007503+00:00,screened_no_match
00-0038748,B.T. Potter,TB,K,TB,btpotter,,,,,,,,,,False,No current listing found,2026-08-14,2026-08-14T15:29:18.007503+00:00,screened_no_match
00-0038152,Lucas Havrisik,GB,K,GB,lucashavrisik,,,,,,,,,,False,No current listing found,2026-08-14,2026-08-14T15:29:18.007503+00:00,screened_no_match
00-0040530,Ben Sauls,NYG,K,NYG,bensauls,,,,,,,,,,False,No current listing found,2026-08-14,2026-08-14T15:29:18.007503+00:00,screened_no_match
00-0038097,Cade York,NYJ,K,NYJ,cadeyork,,,,,,,,,,False,No current listing found,2026-08-14,2026-08-14T15:29:18.007503+00:00,screened_no_match
00-0033106,Jared Goff,DET,QB,DET,jaredgoff,,,,,,,,,,False,No current listing found,2026-08-14,2026-08-14T15:29:18.007503+00:00,screened_no_match
00-0034857,Josh Allen,BUF,QB,BUF,joshallen,,,,,,,,,,False,No current listing found,2026-08-14,2026-08-14T15:29:18.007503+00:00,screened_no_match
00-0034855,Baker Mayfield,TB,QB,TB,bakermayfield,,,,,,,,,,False,No current listing found,2026-08-14,2026-08-14T15:29:18.007503+00:00,screened_no_match
00-0033873,Patrick Mahomes,KC,QB,KC,patrickmahomes,Patrick Mahomes,Knee - ACL,Questionable,"Aug 22, 2026",2026-08-14,https://api.myfantasyleague.com/2026/export?TYPE=injuries&JSON=1,,MyFantasyLeague,Documented public injury API,True,Current public injury listing,2026-08-14,2026-08-14T15:29:18.007503+00:00,normalized_name_and_team
00-0036389,Jalen Hurts,PHI,QB,PHI,jalenhurts,,,,,,,,,,False,No current listing found,2026-08-14,2026-08-14T15:29:18.007503+00:00,screened_no_match
00-0034869,Sam Darnold,SEA,QB,SEA,samdarnold,,,,,,,,,,False,No current listing found,2026-08-14,2026-08-14T15:29:18.007503+00:00,screened_no_match
00-0039851,Drake Maye,NE,QB,NE,drakemaye,,,,,,,,,,False,No current listing found,2026-08-14,2026-08-14T15:29:18.007503+00:00,screened_no_match
00-0026498,Matthew Stafford,LA,QB,LAR,matthewstafford,,,,,,,,,,False,No current listing found,2026-08-14,2026-08-14T15:29:18.007503+00:00,screened_no_match
00-0036355,Justin Herbert,LAC,QB,LAC,justinherbert,,,,,,,,,,False,No current listing found,2026-08-14,2026-08-14T15:29:18.007503+00:00,screened_no_match
00-0039918,Caleb Williams,CHI,QB,CHI,calebwilliams,,,,,,,,,,False,No current listing found,2026-08-14,2026-08-14T15:29:18.007503+00:00,screened_no_match
00-0036264,Jordan Love,GB,QB,GB,jordanlove,,,,,,,,,,False,No current listing found,2026-08-14,2026-08-14T15:29:18.007503+00:00,screened_no_match
00-0039732,Bo Nix,DEN,QB,DEN,bonix,,,,,,,,,,False,No current listing found,2026-08-14,2026-08-14T15:29:18.007503+00:00,screened_no_match
00-0023459,Aaron Rodgers,PIT,QB,PIT,aaronrodgers,,,,,,,,,,False,No current listing found,2026-08-14,2026-08-14T15:29:18.007503+00:00,screened_no_match
00-0036442,Joe Burrow,CIN,QB,CIN,joeburrow,,,,,,,,,,False,No current listing found,2026-08-14,2026-08-14T15:29:18.007503+00:00,screened_no_match
00-0034796,Lamar Jackson,BAL,QB,BAL,lamarjackson,,,,,,,,,,False,No current listing found,2026-08-14,2026-08-14T15:29:18.007503+00:00,screened_no_match
00-0036971,Trevor Lawrence,JAX,QB,JAX,trevorlawrence,,,,,,,,,,False,No current listing found,2026-08-14,2026-08-14T15:29:18.007503+00:00,screened_no_match
00-0035710,Daniel Jones,IND,QB,IND,danieljones,,,,,,,,,,False,No current listing found,2026-08-14,2026-08-14T15:29:18.007503+00:00,screened_no_match
00-0040691,Jaxson Dart,NYG,QB,NYG,jaxsondart,,,,,,,,,,False,No current listing found,2026-08-14,2026-08-14T15:29:18.007503+00:00,screened_no_match
00-0033077,Dak Prescott,DAL,QB,DAL,dakprescott,,,,,,,,,,False,No current listing found,2026-08-14,2026-08-14T15:29:18.007503+00:00,screened_no_match
00-0033119,Jacoby Brissett,AZ,QB,ARI,jacobybrissett,,,,,,,,,,False,No current listing found,2026-08-14,2026-08-14T15:29:18.007503+00:00,screened_no_match
00-0037834,Brock Purdy,SF,QB,SF,brockpurdy,,,,,,,,,,False,No current listing found,2026-08-14,2026-08-14T15:29:18.007503+00:00,screened_no_match
00-0040676,Cam Ward,TEN,QB,TEN,camward,,,,,,,,,,False,No current listing found,2026-08-14,2026-08-14T15:29:18.007503+00:00,screened_no_match
00-0039910,Jayden Daniels,WAS,QB,WAS,jaydendaniels,,,,,,,,,,False,No current listing found,2026-08-14,2026-08-14T15:29:18.007503+00:00,screened_no_match
00-0030565,Geno Smith,NYJ,QB,NYJ,genosmith,,,,,,,,,,False,No current listing found,2026-08-14,2026-08-14T15:29:18.007503+00:00,screened_no_match
00-0039163,C.J. Stroud,HOU,QB,HOU,cjstroud,,,,,,,,,,False,No current listing found,2026-08-14,2026-08-14T15:29:18.007503+00:00,screened_no_match
00-0036212,Tua Tagovailoa,ATL,QB,ATL,tuatagovailoa,Tua Tagovailoa,Back,Questionable,"Aug 14, 2026",2026-08-14,https://api.myfantasyleague.com/2026/export?TYPE=injuries&JSON=1,,MyFantasyLeague,Documented public injury API,True,Current public injury listing,2026-08-14,2026-08-14T15:29:18.007503+00:00,normalized_name_and_team
00-0032268,Marcus Mariota,WAS,QB,WAS,marcusmariota,,,,,,,,,,False,No current listing found,2026-08-14,2026-08-14T15:29:18.007503+00:00,screened_no_match
00-0036945,Justin Fields,KC,QB,KC,justinfields,,,,,,,,,,False,No current listing found,2026-08-14,2026-08-14T15:29:18.007503+00:00,screened_no_match
00-0036972,Mac Jones,SF,QB,SF,macjones,,,,,,,,,,False,No current listing found,2026-08-14,2026-08-14T15:29:18.007503+00:00,screened_no_match
00-0029604,Kirk Cousins,LV,QB,LV,kirkcousins,,,,,,,,,,False,No current listing found,2026-08-14,2026-08-14T15:29:18.007503+00:00,screened_no_match
00-0035993,Tyler Huntley,BAL,QB,BAL,tylerhuntley,,,,,,,,,,False,No current listing found,2026-08-14,2026-08-14T15:29:18.007503+00:00,screened_no_match
00-0040668,Shedeur Sanders,CLE,QB,CLE,shedeursanders,,,,,,,,,,False,No current listing found,2026-08-14,2026-08-14T15:29:18.007503+00:00,screened_no_match
00-0039150,Bryce Young,CAR,QB,CAR,bryceyoung,,,,,,,,,,False,No current listing found,2026-08-14,2026-08-14T15:29:18.007503+00:00,screened_no_match
00-0035228,Kyler Murray,MIN,QB,MIN,kylermurray,,,,,,,,,,False,No current listing found,2026-08-14,2026-08-14T15:29:18.007503+00:00,screened_no_match
00-0040743,Tyler Shough,NO,QB,NO,tylershough,,,,,,,,,,False,No current listing found,2026-08-14,2026-08-14T15:29:18.007503+00:00,screened_no_match
00-0039923,J.J. McCarthy,MIN,QB,MIN,jjmccarthy,,,,,,,,,,False,No current listing found,2026-08-14,2026-08-14T15:29:18.007503+00:00,screened_no_match
00-0040206,Riley Leonard,IND,QB,IND,rileyleonard,,,,,,,,,,False,No current listing found,2026-08-14,2026-08-14T15:29:18.007503+00:00,screened_no_match
00-0039917,Michael Penix Jr.,ATL,QB,ATL,michaelpenix,Michael Penix Jr.,Knee - ACL,Questionable,"Aug 28, 2026",2026-08-14,https://api.myfantasyleague.com/2026/export?TYPE=injuries&JSON=1,,MyFantasyLeague,Documented public injury API,True,Current public injury listing,2026-08-14,2026-08-14T15:29:18.007503+00:00,normalized_name_and_team
00-0040704,Dillon Gabriel,CLE,QB,CLE,dillongabriel,,,,,,,,,,False,No current listing found,2026-08-14,2026-08-14T15:29:18.007503+00:00,screened_no_match
00-0035100,Jake Browning,TB,QB,TB,jakebrowning,Jake Browning,Back,Questionable,"Aug 14, 2026",2026-08-14,https://api.myfantasyleague.com/2026/export?TYPE=injuries&JSON=1,,MyFantasyLeague,Documented public injury API,True,Current public injury listing,2026-08-14,2026-08-14T15:29:18.007503+00:00,normalized_name_and_team
00-0039376,Spencer Rattler,NO,QB,NO,spencerrattler,,,,,,,,,,False,No current listing found,2026-08-14,2026-08-14T15:29:18.007503+00:00,screened_no_match
00-0026158,Joe Flacco,CIN,QB,CIN,joeflacco,,,,,,,,,,False,No current listing found,2026-08-14,2026-08-14T15:29:18.007503+00:00,screened_no_match
00-0039164,Anthony Richardson,IND,QB,IND,anthonyrichardson,,,,,,,,,,False,No current listing found,2026-08-14,2026-08-14T15:29:18.007503+00:00,screened_no_match
00-0032950,Carson Wentz,MIN,QB,MIN,carsonwentz,,,,,,,,,,False,No current listing found,2026-08-14,2026-08-14T15:29:18.007503+00:00,screened_no_match
00-0038128,Malik Willis,MIA,QB,MIA,malikwillis,,,,,,,,,,False,No current listing found,2026-08-14,2026-08-14T15:29:18.007503+00:00,screened_no_match
00-0031503,Jameis Winston,NYG,QB,NYG,jameiswinston,,,,,,,,,,False,No current listing found,2026-08-14,2026-08-14T15:29:18.007503+00:00,screened_no_match
00-0040234,Quinn Ewers,MIA,QB,MIA,quinnewers,,,,,,,,,,False,No current listing found,2026-08-14,2026-08-14T15:29:18.007503+00:00,screened_no_match
00-0033869,Mitchell Trubisky,TEN,QB,TEN,mitchelltrubisky,,,,,,,,,,False,No current listing found,2026-08-14,2026-08-14T15:29:18.007503+00:00,screened_no_match
00-0036898,Davis Mills,HOU,QB,HOU,davismills,,,,,,,,,,False,No current listing found,2026-08-14,2026-08-14T15:29:18.007503+00:00,screened_no_match
00-0028118,Tyrod Taylor,GB,QB,GB,tyrodtaylor,,,,,,,,,,False,No current listing found,2026-08-14,2026-08-14T15:29:18.007503+00:00,screened_no_match
00-0038102,Kenny Pickett,CAR,QB,CAR,kennypickett,,,,,,,,,,False,No current listing found,2026-08-14,2026-08-14T15:29:18.007503+00:00,screened_no_match
00-0027973,Andy Dalton,PHI,QB,PHI,andydalton,,,,,,,,,,False,No current listing found,2026-08-14,2026-08-14T15:29:18.007503+00:00,screened_no_match
00-0037012,Trey Lance,LAC,QB,LAC,treylance,,,,,,,,,,False,No current listing found,2026-08-14,2026-08-14T15:29:18.007503+00:00,screened_no_match
00-0040398,Brady Cook,NYJ,QB,NYJ,bradycook,,,,,,,,,,False,No current listing found,2026-08-14,2026-08-14T15:29:18.007503+00:00,screened_no_match
00-0034771,Mason Rudolph,PIT,QB,PIT,masonrudolph,,,,,,,,,,False,No current listing found,2026-08-14,2026-08-14T15:29:18.007503+00:00,screened_no_match
00-0039398,Joe Milton III,DAL,QB,DAL,joemilton,,,,,,,,,,False,No current listing found,2026-08-14,2026-08-14T15:29:18.007503+00:00,screened_no_match
00-0037013,Zach Wilson,NO,QB,NO,zachwilson,,,,,,,,,,False,No current listing found,2026-08-14,2026-08-14T15:29:18.007503+00:00,screened_no_match
00-0037077,Sam Howell,DAL,QB,DAL,samhowell,,,,,,,,,,False,No current listing found,2026-08-14,2026-08-14T15:29:18.007503+00:00,screened_no_match
00-0039152,Will Levis,TEN,QB,TEN,willlevis,,,,,,,,,,False,No current listing found,2026-08-14,2026-08-14T15:29:18.007503+00:00,screened_no_match
00-0026300,Josh Johnson,CIN,QB,CIN,joshjohnson,,,,,,,,,,False,No current listing found,2026-08-14,2026-08-14T15:29:18.007503+00:00,screened_no_match
00-0040673,Jalen Milroe,SEA,QB,SEA,jalenmilroe,,,,,,,,,,False,No current listing found,2026-08-14,2026-08-14T15:29:18.007503+00:00,screened_no_match
00-0038400,Tanner McKee,PHI,QB,PHI,tannermckee,,,,,,,,,,False,No current listing found,2026-08-14,2026-08-14T15:29:18.007503+00:00,screened_no_match
00-0035289,Gardner Minshew,AZ,QB,ARI,gardnerminshew,,,,,,,,,,False,No current listing found,2026-08-14,2026-08-14T15:29:18.007503+00:00,screened_no_match
00-0040494,Max Brosmer,MIN,QB,MIN,maxbrosmer,,,,,,,,,,False,No current listing found,2026-08-14,2026-08-14T15:29:18.007503+00:00,screened_no_match
00-0031237,Teddy Bridgewater,DET,QB,DET,teddybridgewater,,,,,,,,,,False,No current listing found,2026-08-14,2026-08-14T15:29:18.007503+00:00,screened_no_match
00-0035704,Drew Lock,SEA,QB,SEA,drewlock,,,,,,,,,,False,No current listing found,2026-08-14,2026-08-14T15:29:18.007503+00:00,screened_no_match
00-0038579,Aidan O'Connell,LV,QB,LV,aidanoconnell,,,,,,,,,,False,No current listing found,2026-08-14,2026-08-14T15:29:18.007503+00:00,screened_no_match
00-0037324,Chris Oladokun,KC,QB,KC,chrisoladokun,,,,,,,,,,False,No current listing found,2026-08-14,2026-08-14T15:29:18.007503+00:00,screened_no_match
00-0038550,Hendon Hooker,TEN,QB,TEN,hendonhooker,,,,,,,,,,False,No current listing found,2026-08-14,2026-08-14T15:29:18.007503+00:00,screened_no_match
00-0038416,Tyson Bagent,CHI,QB,CHI,tysonbagent,,,,,,,,,,False,No current listing found,2026-08-14,2026-08-14T15:29:18.007503+00:00,screened_no_match
00-0032434,Brandon Allen,NYG,QB,NYG,brandonallen,,,,,,,,,,False,No current listing found,2026-08-14,2026-08-14T15:29:18.007503+00:00,screened_no_match
00-0033537,Deshaun Watson,CLE,QB,CLE,deshaunwatson,,,,,,,,,,False,No current listing found,2026-08-14,2026-08-14T15:29:18.007503+00:00,screened_no_match
00-0040014,Kyle McCord,GB,QB,GB,kylemccord,,,,,,,,,,False,No current listing found,2026-08-14,2026-08-14T15:29:18.007503+00:00,screened_no_match
00-0040222,Cam Miller,MIA,QB,MIA,cammiller,,,,,,,,,,False,No current listing found,2026-08-14,2026-08-14T15:29:18.007503+00:00,screened_no_match
00-0040203,Will Howard,PIT,QB,PIT,willhoward,,,,,,,,,,False,No current listing found,2026-08-14,2026-08-14T15:29:18.007503+00:00,screened_no_match
00-0033319,Nick Mullens,JAX,QB,JAX,nickmullens,,,,,,,,,,False,No current listing found,2026-08-14,2026-08-14T15:29:18.007503+00:00,screened_no_match
00-0035264,Jarrett Stidham,DEN,QB,DEN,jarrettstidham,,,,,,,,,,False,No current listing found,2026-08-14,2026-08-14T15:29:18.007503+00:00,screened_no_match
00-0034577,Kyle Allen,BUF,QB,BUF,kyleallen,,,,,,,,,,False,No current listing found,2026-08-14,2026-08-14T15:29:18.007503+00:00,screened_no_match
00-0040211,Graham Mertz,HOU,QB,HOU,grahammertz,Graham Mertz,Knee,Questionable,"Aug 20, 2026",2026-08-14,https://api.myfantasyleague.com/2026/export?TYPE=injuries&JSON=1,,MyFantasyLeague,Documented public injury API,True,Current public injury listing,2026-08-14,2026-08-14T15:29:18.007503+00:00,normalized_name_and_team
00-0035251,Will Grier,CAR,QB,CAR,willgrier,,,,,,,,,,False,No current listing found,2026-08-14,2026-08-14T15:29:18.007503+00:00,screened_no_match
00-0035282,Easton Stick,IND,QB,IND,eastonstick,,,,,,,,,,False,No current listing found,2026-08-14,2026-08-14T15:29:18.007503+00:00,screened_no_match
00-0040589,Kurtis Rourke,SF,QB,SF,kurtisrourke,Kurtis Rourke,Ribs,Questionable,"Aug 20, 2026",2026-08-14,https://api.myfantasyleague.com/2026/export?TYPE=injuries&JSON=1,,MyFantasyLeague,Documented public injury API,True,Current public injury listing,2026-08-14,2026-08-14T15:29:18.007503+00:00,normalized_name_and_team
00-0039107,Stetson Bennett,LA,QB,LAR,stetsonbennett,,,,,,,,,,False,No current listing found,2026-08-14,2026-08-14T15:29:18.007503+00:00,screened_no_match
00-0038108,Bailey Zappe,NYJ,QB,NYJ,baileyzappe,,,,,,,,,,False,No current listing found,2026-08-14,2026-08-14T15:29:18.007503+00:00,screened_no_match
00-0038391,Sean Clifford,CIN,QB,CIN,seanclifford,,,,,,,,,,False,No current listing found,2026-08-14,2026-08-14T15:29:18.007503+00:00,screened_no_match
00-0036679,Shane Buechele,BUF,QB,BUF,shanebuechele,,,,,,,,,,False,No current listing found,2026-08-14,2026-08-14T15:29:18.007503+00:00,screened_no_match
00-0038658,Adrian Martinez,SF,QB,SF,adrianmartinez,,,,,,,,,,False,No current listing found,2026-08-14,2026-08-14T15:29:18.007503+00:00,screened_no_match
00-0038476,Tommy DeVito,NE,QB,NE,tommydevito,,,,,,,,,,False,No current listing found,2026-08-14,2026-08-14T15:29:18.007503+00:00,screened_no_match
00-0032156,Trevor Siemian,ATL,QB,ATL,trevorsiemian,,,,,,,,,,False,No current listing found,2026-08-14,2026-08-14T15:29:18.007503+00:00,screened_no_match
00-0037327,Skylar Thompson,BAL,QB,BAL,skylarthompson,Skylar Thompson,Undisclosed,IR,"Feb 15, 2027",2026-08-14,https://api.myfantasyleague.com/2026/export?TYPE=injuries&JSON=1,,MyFantasyLeague,Documented public injury API,True,Current public injury listing,2026-08-14,2026-08-14T15:29:18.007503+00:00,normalized_name_and_team
00-0028986,Case Keenum,CHI,QB,CHI,casekeenum,,,,,,,,,,False,No current listing found,2026-08-14,2026-08-14T15:29:18.007503+00:00,screened_no_match
00-0039677,Sam Hartman,WAS,QB,WAS,samhartman,,,,,,,,,,False,No current listing found,2026-08-14,2026-08-14T15:29:18.007503+00:00,screened_no_match
00-0036879,Sam Ehlinger,DEN,QB,DEN,samehlinger,,,,,,,,,,False,No current listing found,2026-08-14,2026-08-14T15:29:18.007503+00:00,screened_no_match
00-0040464,DJ Uiagalelei,LAC,QB,LAC,djuiagalelei,,,,,,,,,,False,No current listing found,2026-08-14,2026-08-14T15:29:18.007503+00:00,screened_no_match
00-0040415,Connor Bazelak,TB,QB,TB,connorbazelak,,,,,,,,,,False,No current listing found,2026-08-14,2026-08-14T15:29:18.007503+00:00,screened_no_match
00-0039577,Kedon Slovis,AZ,QB,ARI,kedonslovis,,,,,,,,,,False,No current listing found,2026-08-14,2026-08-14T15:29:18.007503+00:00,screened_no_match
00-0039534,Carter Bradley,JAX,QB,JAX,carterbradley,,,,,,,,,,False,No current listing found,2026-08-14,2026-08-14T15:29:18.007503+00:00,screened_no_match
00-0040981,Joe Fagnano,BAL,QB,BAL,joefagnano,,,,,,,,,,False,No current listing found,2026-08-14,2026-08-14T15:29:18.007503+00:00,screened_no_match
00-0041092,Taylen Green,CLE,QB,CLE,taylengreen,,,,,,,,,,False,No current listing found,2026-08-14,2026-08-14T15:29:18.007503+00:00,screened_no_match
00-0041251,Jalon Daniels,TB,QB,TB,jalondaniels,,,,,,,,,,False,No current listing found,2026-08-14,2026-08-14T15:29:18.007503+00:00,screened_no_match
00-0041453,Luke Altmyer,DET,QB,DET,lukealtmyer,,,,,,,,,,False,No current listing found,2026-08-14,2026-08-14T15:29:18.007503+00:00,screened_no_match
00-0041568,Ty Simpson,LA,QB,LAR,tysimpson,,,,,,,,,,False,No current listing found,2026-08-14,2026-08-14T15:29:18.007503+00:00,screened_no_match
00-0041172,Miller Moss,CHI,QB,CHI,millermoss,,,,,,,,,,False,No current listing found,2026-08-14,2026-08-14T15:29:18.007503+00:00,screened_no_match
00-0041123,Behren Morton,NE,QB,NE,behrenmorton,,,,,,,,,,False,No current listing found,2026-08-14,2026-08-14T15:29:18.007503+00:00,screened_no_match
00-0040906,Garrett Nussmeier,KC,QB,KC,garrettnussmeier,,,,,,,,,,False,No current listing found,2026-08-14,2026-08-14T15:29:18.007503+00:00,screened_no_match
00-0041149,Haynes King,CAR,QB,CAR,haynesking,Haynes King,Hamstring,Questionable,"Aug 21, 2026",2026-08-14,https://api.myfantasyleague.com/2026/export?TYPE=injuries&JSON=1,,MyFantasyLeague,Documented public injury API,True,Current public injury listing,2026-08-14,2026-08-14T15:29:18.007503+00:00,normalized_name_and_team
00-0041561,Carson Beck,AZ,QB,ARI,carsonbeck,Carson Beck,Ribs,Questionable,"Aug 22, 2026",2026-08-14,https://api.myfantasyleague.com/2026/export?TYPE=injuries&JSON=1,,MyFantasyLeague,Documented public injury API,True,Current public injury listing,2026-08-14,2026-08-14T15:29:18.007503+00:00,normalized_name_and_team
00-0041203,Joey Aguilar,JAX,QB,JAX,joeyaguilar,,,,,,,,,,False,No current listing found,2026-08-14,2026-08-14T15:29:18.007503+00:00,screened_no_match
00-0040891,Cole Payton,PHI,QB,PHI,colepayton,,,,,,,,,,False,No current listing found,2026-08-14,2026-08-14T15:29:18.007503+00:00,screened_no_match
00-0041056,Cade Klubnik,NYJ,QB,NYJ,cadeklubnik,,,,,,,,,,False,No current listing found,2026-08-14,2026-08-14T15:29:18.007503+00:00,screened_no_match
00-0040996,Jacob Clark,LV,QB,LV,jacobclark,,,,,,,,,,False,No current listing found,2026-08-14,2026-08-14T15:29:18.007503+00:00,screened_no_match
00-0040942,Kyron Drones,GB,QB,GB,kyrondrones,,,,,,,,,,False,No current listing found,2026-08-14,2026-08-14T15:29:18.007503+00:00,screened_no_match
00-0041194,Jack Strand,ATL,QB,ATL,jackstrand,,,,,,,,,,False,No current listing found,2026-08-14,2026-08-14T15:29:18.007503+00:00,screened_no_match
00-0041117,Athan Kaliakmanis,WAS,QB,WAS,athankaliakmanis,,,,,,,,,,False,No current listing found,2026-08-14,2026-08-14T15:29:18.007503+00:00,screened_no_match
00-0041414,Matthew Caldwell,LA,QB,LAR,matthewcaldwell,,,,,,,,,,False,No current listing found,2026-08-14,2026-08-14T15:29:18.007503+00:00,screened_no_match
00-0041562,Fernando Mendoza,LV,QB,LV,fernandomendoza,,,,,,,,,,False,No current listing found,2026-08-14,2026-08-14T15:29:18.007503+00:00,screened_no_match
00-0040985,Diego Pavia,BAL,QB,BAL,diegopavia,,,,,,,,,,False,No current listing found,2026-08-14,2026-08-14T15:29:18.007503+00:00,screened_no_match
00-0041156,Mark Gronowski,MIA,QB,MIA,markgronowski,,,,,,,,,,False,No current listing found,2026-08-14,2026-08-14T15:29:18.007503+00:00,screened_no_match
00-0041565,Drew Allar,PIT,QB,PIT,drewallar,,,,,,,,,,False,No current listing found,2026-08-14,2026-08-14T15:29:18.007503+00:00,screened_no_match
00-0039139,Jahmyr Gibbs,DET,RB,DET,jahmyrgibbs,Jahmyr Gibbs,Back,Questionable,"Aug 22, 2026",2026-08-14,https://api.myfantasyleague.com/2026/export?TYPE=injuries&JSON=1,,MyFantasyLeague,Documented public injury API,True,Current public injury listing,2026-08-14,2026-08-14T15:29:18.007503+00:00,normalized_name_and_team
00-0032764,Derrick Henry,BAL,RB,BAL,derrickhenry,,,,,,,,,,False,No current listing found,2026-08-14,2026-08-14T15:29:18.007503+00:00,screened_no_match
00-0038542,Bijan Robinson,ATL,RB,ATL,bijanrobinson,,,,,,,,,,False,No current listing found,2026-08-14,2026-08-14T15:29:18.007503+00:00,screened_no_match
00-0039040,De'Von Achane,MIA,RB,MIA,devonachane,,,,,,,,,,False,No current listing found,2026-08-14,2026-08-14T15:29:18.007503+00:00,screened_no_match
00-0040122,Ashton Jeanty,LV,RB,LV,ashtonjeanty,,,,,,,,,,False,No current listing found,2026-08-14,2026-08-14T15:29:18.007503+00:00,screened_no_match
00-0037248,James Cook,BUF,RB,BUF,jamescook,,,,,,,,,,False,No current listing found,2026-08-14,2026-08-14T15:29:18.007503+00:00,screened_no_match
00-0038597,Chase Brown,CIN,RB,CIN,chasebrown,,,,,,,,,,False,No current listing found,2026-08-14,2026-08-14T15:29:18.007503+00:00,screened_no_match
00-0038120,Breece Hall,NYJ,RB,NYJ,breecehall,,,,,,,,,,False,No current listing found,2026-08-14,2026-08-14T15:29:18.007503+00:00,screened_no_match
00-0036223,Jonathan Taylor,IND,RB,IND,jonathantaylor,,,,,,,,,,False,No current listing found,2026-08-14,2026-08-14T15:29:18.007503+00:00,screened_no_match
00-0033280,Christian McCaffrey,SF,RB,SF,christianmccaffrey,Christian McCaffrey,Undisclosed,Questionable,"Aug 20, 2026",2026-08-14,https://api.myfantasyleague.com/2026/export?TYPE=injuries&JSON=1,,MyFantasyLeague,Documented public injury API,True,Current public injury listing,2026-08-14,2026-08-14T15:29:18.007503+00:00,normalized_name_and_team
00-0034844,Saquon Barkley,PHI,RB,PHI,saquonbarkley,,,,,,,,,,False,No current listing found,2026-08-14,2026-08-14T15:29:18.007503+00:00,screened_no_match
00-0037840,Kyren Williams,LA,RB,LAR,kyrenwilliams,,,,,,,,,,False,No current listing found,2026-08-14,2026-08-14T15:29:18.007503+00:00,screened_no_match
00-0036275,D'Andre Swift,CHI,RB,CHI,dandreswift,,,,,,,,,,False,No current listing found,2026-08-14,2026-08-14T15:29:18.007503+00:00,screened_no_match
00-0038134,Kenneth Walker III,KC,RB,KC,kennethwalker,,,,,,,,,,False,No current listing found,2026-08-14,2026-08-14T15:29:18.007503+00:00,screened_no_match
00-0036997,Javonte Williams,DAL,RB,DAL,javontewilliams,,,,,,,,,,False,No current listing found,2026-08-14,2026-08-14T15:29:18.007503+00:00,screened_no_match
00-0040734,TreVeyon Henderson,NE,RB,NE,treveyonhenderson,,,,,,,,,,False,No current listing found,2026-08-14,2026-08-14T15:29:18.007503+00:00,screened_no_match
00-0040784,Quinshon Judkins,CLE,RB,CLE,quinshonjudkins,,,,,,,,,,False,No current listing found,2026-08-14,2026-08-14T15:29:18.007503+00:00,screened_no_match
00-0035700,Josh Jacobs,GB,RB,GB,joshjacobs,Josh Jacobs,Groin,Questionable,"Aug 21, 2026",2026-08-14,https://api.myfantasyleague.com/2026/export?TYPE=injuries&JSON=1,,MyFantasyLeague,Documented public injury API,True,Current public injury listing,2026-08-14,2026-08-14T15:29:18.007503+00:00,normalized_name_and_team
00-0039361,Bucky Irving,TB,RB,TB,buckyirving,,,,,,,,,,False,No current listing found,2026-08-14,2026-08-14T15:29:18.007503+00:00,screened_no_match
00-0037228,Jaylen Warren,PIT,RB,PIT,jaylenwarren,,,,,,,,,,False,No current listing found,2026-08-14,2026-08-14T15:29:18.007503+00:00,screened_no_match
00-0039384,Tyrone Tracy Jr.,NYG,RB,NYG,tyronetracy,,,,,,,,,,False,No current listing found,2026-08-14,2026-08-14T15:29:18.007503+00:00,screened_no_match
00-0036139,Rico Dowdle,PIT,RB,PIT,ricodowdle,,,,,,,,,,False,No current listing found,2026-08-14,2026-08-14T15:29:18.007503+00:00,screened_no_match
00-0033553,James Conner,AZ,RB,ARI,jamesconner,James Conner,Foot,Questionable,"Aug 22, 2026",2026-08-14,https://api.myfantasyleague.com/2026/export?TYPE=injuries&JSON=1,,MyFantasyLeague,Documented public injury API,True,Current public injury listing,2026-08-14,2026-08-14T15:29:18.007503+00:00,normalized_name_and_team
00-0036973,Travis Etienne,NO,RB,NO,travisetienne,,,,,,,,,,False,No current listing found,2026-08-14,2026-08-14T15:29:18.007503+00:00,screened_no_match
00-0040236,Kyle Monangai,CHI,RB,CHI,kylemonangai,,,,,,,,,,False,No current listing found,2026-08-14,2026-08-14T15:29:18.007503+00:00,screened_no_match
00-0035261,Tony Pollard,TEN,RB,TEN,tonypollard,,,,,,,,,,False,No current listing found,2026-08-14,2026-08-14T15:29:18.007503+00:00,screened_no_match
00-0036919,Kenneth Gainwell,TB,RB,TB,kennethgainwell,,,,,,,,,,False,No current listing found,2026-08-14,2026-08-14T15:29:18.007503+00:00,screened_no_match
00-0036875,Rhamondre Stevenson,NE,RB,NE,rhamondrestevenson,,,,,,,,,,False,No current listing found,2026-08-14,2026-08-14T15:29:18.007503+00:00,screened_no_match
00-0040666,Omarion Hampton,LAC,RB,LAC,omarionhampton,,,,,,,,,,False,No current listing found,2026-08-14,2026-08-14T15:29:18.007503+00:00,screened_no_match
00-0040583,Woody Marks,HOU,RB,HOU,woodymarks,,,,,,,,,,False,No current listing found,2026-08-14,2026-08-14T15:29:18.007503+00:00,screened_no_match
00-0033906,Alvin Kamara,NO,RB,NO,alvinkamara,,,,,,,,,,False,No current listing found,2026-08-14,2026-08-14T15:29:18.007503+00:00,screened_no_match
00-0033293,Aaron Jones,MIN,RB,MIN,aaronjones,,,,,,,,,,False,No current listing found,2026-08-14,2026-08-14T15:29:18.007503+00:00,screened_no_match
00-0036158,J.K. Dobbins,DEN,RB,DEN,jkdobbins,J.K. Dobbins,Undisclosed,Questionable,"Aug 14, 2026",2026-08-14,https://api.myfantasyleague.com/2026/export?TYPE=injuries&JSON=1,,MyFantasyLeague,Documented public injury API,True,Current public injury listing,2026-08-14,2026-08-14T15:29:18.007503+00:00,normalized_name_and_team
00-0040730,RJ Harvey,DEN,RB,DEN,rjharvey,,,,,,,,,,False,No current listing found,2026-08-14,2026-08-14T15:29:18.007503+00:00,screened_no_match
00-0035685,David Montgomery,HOU,RB,HOU,davidmontgomery,,,,,,,,,,False,No current listing found,2026-08-14,2026-08-14T15:29:18.007503+00:00,screened_no_match
00-0040715,Cam Skattebo,NYG,RB,NYG,camskattebo,,,,,,,,,,False,No current listing found,2026-08-14,2026-08-14T15:29:18.007503+00:00,screened_no_match
00-0039738,Blake Corum,LA,RB,LAR,blakecorum,,,,,,,,,,False,No current listing found,2026-08-14,2026-08-14T15:29:18.007503+00:00,screened_no_match
00-0040242,Jacory Croskey-Merritt,WAS,RB,WAS,jacorycroskeymerritt,,,,,,,,,,False,No current listing found,2026-08-14,2026-08-14T15:29:18.007503+00:00,screened_no_match
00-0037256,Rachaad White,WAS,RB,WAS,rachaadwhite,,,,,,,,,,False,No current listing found,2026-08-14,2026-08-14T15:29:18.007503+00:00,screened_no_match
00-0039165,Zach Charbonnet,SEA,RB,SEA,zachcharbonnet,Zach Charbonnet,Knee - ACL,Out,"Sep 9, 2026",2026-08-14,https://api.myfantasyleague.com/2026/export?TYPE=injuries&JSON=1,,MyFantasyLeague,Documented public injury API,True,Current public injury listing,2026-08-14,2026-08-14T15:29:18.007503+00:00,normalized_name_and_team
00-0037525,Jordan Mason,MIN,RB,MIN,jordanmason,,,,,,,,,,False,No current listing found,2026-08-14,2026-08-14T15:29:18.007503+00:00,screened_no_match
00-0039391,Kimani Vidal,LAC,RB,LAC,kimanividal,,,,,,,,,,False,No current listing found,2026-08-14,2026-08-14T15:29:18.007503+00:00,screened_no_match
00-0036555,Chuba Hubbard,CAR,RB,CAR,chubahubbard,Chuba Hubbard,Hamstring,Questionable,"Sep 13, 2026",2026-08-14,https://api.myfantasyleague.com/2026/export?TYPE=injuries&JSON=1,,MyFantasyLeague,Documented public injury API,True,Current public injury listing,2026-08-14,2026-08-14T15:29:18.007503+00:00,normalized_name_and_team
00-0037263,Tyler Allgeier,AZ,RB,ARI,tylerallgeier,,,,,,,,,,False,No current listing found,2026-08-14,2026-08-14T15:29:18.007503+00:00,screened_no_match
00-0033526,Samaje Perine,CIN,RB,CIN,samajeperine,,,,,,,,,,False,No current listing found,2026-08-14,2026-08-14T15:29:18.007503+00:00,screened_no_match
00-0039032,Tyjae Spears,TEN,RB,TEN,tyjaespears,,,,,,,,,,False,No current listing found,2026-08-14,2026-08-14T15:29:18.007503+00:00,screened_no_match
00-0038797,Emanuel Wilson,SEA,RB,SEA,emanuelwilson,,,,,,,,,,False,No current listing found,2026-08-14,2026-08-14T15:29:18.007503+00:00,screened_no_match
00-0038555,Tank Bigsby,PHI,RB,PHI,tankbigsby,,,,,,,,,,False,No current listing found,2026-08-14,2026-08-14T15:29:18.007503+00:00,screened_no_match
00-0039875,Ray Davis,BUF,RB,BUF,raydavis,,,,,,,,,,False,No current listing found,2026-08-14,2026-08-14T15:29:18.007503+00:00,screened_no_match
00-0039798,Isaiah Davis,NYJ,RB,NYJ,isaiahdavis,Isaiah Davis,Knee,Questionable,"Aug 21, 2026",2026-08-14,https://api.myfantasyleague.com/2026/export?TYPE=injuries&JSON=1,,MyFantasyLeague,Documented public injury API,True,Current public injury listing,2026-08-14,2026-08-14T15:29:18.007503+00:00,normalized_name_and_team
00-0038611,Chris Rodriguez Jr.,JAX,RB,JAX,chrisrodriguez,,,,,,,,,,False,No current listing found,2026-08-14,2026-08-14T15:29:18.007503+00:00,screened_no_match
00-0037746,Brian Robinson,ATL,RB,ATL,brianrobinson,,,,,,,,,,False,No current listing found,2026-08-14,2026-08-14T15:29:18.007503+00:00,screened_no_match
00-0037197,Isiah Pacheco,DET,RB,DET,isiahpacheco,Isiah Pacheco,Knee - MCL,Questionable,"Sep 13, 2026",2026-08-14,https://api.myfantasyleague.com/2026/export?TYPE=injuries&JSON=1,,MyFantasyLeague,Documented public injury API,True,Current public injury listing,2026-08-14,2026-08-14T15:29:18.007503+00:00,normalized_name_and_team
00-0038951,Sean Tucker,TB,RB,TB,seantucker,,,,,,,,,,False,No current listing found,2026-08-14,2026-08-14T15:29:18.007503+00:00,screened_no_match
00-0040162,Dylan Sampson,CLE,RB,CLE,dylansampson,,,,,,,,,,False,No current listing found,2026-08-14,2026-08-14T15:29:18.007503+00:00,screened_no_match
00-0040198,Ollie Gordon II,MIA,RB,MIA,olliegordon,,,,,,,,,,False,No current listing found,2026-08-14,2026-08-14T15:29:18.007503+00:00,screened_no_match
00-0040586,Jaydon Blue,DAL,RB,DAL,jaydonblue,,,,,,,,,,False,No current listing found,2026-08-14,2026-08-14T15:29:18.007503+00:00,screened_no_match
00-0040202,Devin Neal,NO,RB,NO,devinneal,Devin Neal,Hamstring,Questionable,"Aug 15, 2026",2026-08-14,https://api.myfantasyleague.com/2026/export?TYPE=injuries&JSON=1,,MyFantasyLeague,Documented public injury API,True,Current public injury listing,2026-08-14,2026-08-14T15:29:18.007503+00:00,normalized_name_and_team
00-0040719,Bhayshul Tuten,JAX,RB,JAX,bhayshultuten,,,,,,,,,,False,No current listing found,2026-08-14,2026-08-14T15:29:18.007503+00:00,screened_no_match
00-0035250,Devin Singletary,NYG,RB,NYG,devinsingletary,,,,,,,,,,False,No current listing found,2026-08-14,2026-08-14T15:29:18.007503+00:00,screened_no_match
00-0033955,Jeremy McNichols,WAS,RB,WAS,jeremymcnichols,Jeremy McNichols,Quadriceps,Questionable,"Aug 14, 2026",2026-08-14,https://api.myfantasyleague.com/2026/export?TYPE=injuries&JSON=1,,MyFantasyLeague,Documented public injury API,True,Current public injury listing,2026-08-14,2026-08-14T15:29:18.007503+00:00,normalized_name_and_team
00-0038454,Keaton Mitchell,LAC,RB,LAC,keatonmitchell,,,,,,,,,,False,No current listing found,2026-08-14,2026-08-14T15:29:18.007503+00:00,screened_no_match
00-0034975,Justice Hill,BAL,RB,BAL,justicehill,,,,,,,,,,False,No current listing found,2026-08-14,2026-08-14T15:29:18.007503+00:00,screened_no_match
00-0040078,Brashard Smith,KC,RB,KC,brashardsmith,,,,,,,,,,False,No current listing found,2026-08-14,2026-08-14T15:29:18.007503+00:00,screened_no_match
00-0037157,Bam Knight,AZ,RB,ARI,bamknight,,,,,,,,,,False,No current listing found,2026-08-14,2026-08-14T15:29:18.007503+00:00,screened_no_match
00-0041027,Jeremiyah Love,AZ,RB,ARI,jeremiyahlove,Jeremiyah Love,Ankle,Questionable,"Aug 22, 2026",2026-08-14,https://api.myfantasyleague.com/2026/export?TYPE=injuries&JSON=1,,MyFantasyLeague,Documented public injury API,True,Current public injury listing,2026-08-14,2026-08-14T15:29:18.007503+00:00,normalized_name_and_team
00-0041096,Kaytron Allen,WAS,RB,WAS,kaytronallen,,,,,,,,,,False,No current listing found,2026-08-14,2026-08-14T15:29:18.007503+00:00,screened_no_match
00-0038705,Emari Demercado,KC,RB,KC,emaridemercado,,,,,,,,,,False,No current listing found,2026-08-14,2026-08-14T15:29:18.007503+00:00,screened_no_match
00-0037267,Jerome Ford,WAS,RB,WAS,jeromeford,,,,,,,,,,False,No current listing found,2026-08-14,2026-08-14T15:29:18.007503+00:00,screened_no_match
00-0040179,DJ Giddens,IND,RB,IND,djgiddens,DJ Giddens,Hamstring,Questionable,"Aug 22, 2026",2026-08-14,https://api.myfantasyleague.com/2026/export?TYPE=injuries&JSON=1,,MyFantasyLeague,Documented public injury API,True,Current public injury listing,2026-08-14,2026-08-14T15:29:18.007503+00:00,normalized_name_and_team
00-0040644,Trevor Etienne,CAR,RB,CAR,trevoretienne,,,,,,,,,,False,No current listing found,2026-08-14,2026-08-14T15:29:18.007503+00:00,screened_no_match
00-0035537,Ty Johnson,BUF,RB,BUF,tyjohnson,Ty Johnson,Knee,Questionable,"Aug 15, 2026",2026-08-14,https://api.myfantasyleague.com/2026/export?TYPE=injuries&JSON=1,,MyFantasyLeague,Documented public injury API,True,Current public injury listing,2026-08-14,2026-08-14T15:29:18.007503+00:00,normalized_name_and_team
00-0041239,Chip Trayanum,NYJ,RB,NYJ,chiptrayanum,,,,,,,,,,False,No current listing found,2026-08-14,2026-08-14T15:29:18.007503+00:00,screened_no_match
00-0036924,Michael Carter,TEN,RB,TEN,michaelcarter,,,,,,,,,,False,No current listing found,2026-08-14,2026-08-14T15:29:18.007503+00:00,screened_no_match
00-0038794,Jaleel McLaughlin,DEN,RB,DEN,jaleelmclaughlin,,,,,,,,,,False,No current listing found,2026-08-14,2026-08-14T15:29:18.007503+00:00,screened_no_match
00-0041485,Miles Davis,CAR,RB,CAR,milesdavis,,,,,,,,,,False,No current listing found,2026-08-14,2026-08-14T15:29:18.007503+00:00,screened_no_match
00-0039874,Jaylen Wright,MIA,RB,MIA,jaylenwright,,,,,,,,,,False,No current listing found,2026-08-14,2026-08-14T15:29:18.007503+00:00,screened_no_match
00-0037085,Tyler Badie,DEN,RB,DEN,tylerbadie,,,,,,,,,,False,No current listing found,2026-08-14,2026-08-14T15:29:18.007503+00:00,screened_no_match
00-0039405,Jawhar Jordan,HOU,RB,HOU,jawharjordan,Jawhar Jordan,Hip,Questionable,"Aug 20, 2026",2026-08-14,https://api.myfantasyleague.com/2026/export?TYPE=injuries&JSON=1,,MyFantasyLeague,Documented public injury API,True,Current public injury listing,2026-08-14,2026-08-14T15:29:18.007503+00:00,normalized_name_and_team
00-0029892,Kyle Juszczyk,SF,RB,SF,kylejuszczyk,Kyle Juszczyk,Finger,Questionable,"Aug 20, 2026",2026-08-14,https://api.myfantasyleague.com/2026/export?TYPE=injuries&JSON=1,,MyFantasyLeague,Documented public injury API,True,Current public injury listing,2026-08-14,2026-08-14T15:29:18.007503+00:00,normalized_name_and_team
00-0032104,Ameer Abdullah,JAX,RB,JAX,ameerabdullah,,,,,,,,,,False,No current listing found,2026-08-14,2026-08-14T15:29:18.007503+00:00,screened_no_match
00-0041200,Sam Scott,NYJ,RB,NYJ,samscott,,,,,,,,,,False,No current listing found,2026-08-14,2026-08-14T15:29:18.007503+00:00,screened_no_match
00-0040142,Kaleb Johnson,PIT,RB,PIT,kalebjohnson,,,,,,,,,,False,No current listing found,2026-08-14,2026-08-14T15:29:18.007503+00:00,screened_no_match
00-0041326,C.J. Donaldson,NO,RB,NO,cjdonaldson,,,,,,,,,,False,No current listing found,2026-08-14,2026-08-14T15:29:18.007503+00:00,screened_no_match
00-0039794,Braelon Allen,NYJ,RB,NYJ,braelonallen,,,,,,,,,,False,No current listing found,2026-08-14,2026-08-14T15:29:18.007503+00:00,screened_no_match
00-0040937,Dominic Richardson,DAL,RB,DAL,dominicrichardson,,,,,,,,,,False,No current listing found,2026-08-14,2026-08-14T15:29:18.007503+00:00,screened_no_match
00-0037563,Malik Davis,DAL,RB,DAL,malikdavis,,,,,,,,,,False,No current listing found,2026-08-14,2026-08-14T15:29:18.007503+00:00,screened_no_match
00-0039373,Audric Estimé,NO,RB,NO,audricestime,,,,,,,,,,False,No current listing found,2026-08-14,2026-08-14T15:29:18.007503+00:00,screened_no_match
00-0041486,Anderson Castle,IND,RB,IND,andersoncastle,,,,,,,,,,False,No current listing found,2026-08-14,2026-08-14T15:29:18.007503+00:00,screened_no_match
00-0039921,Trey Benson,AZ,RB,ARI,treybenson,,,,,,,,,,False,No current listing found,2026-08-14,2026-08-14T15:29:18.007503+00:00,screened_no_match
00-0041307,Josh Pitsenberger,HOU,RB,HOU,joshpitsenberger,,,,,,,,,,False,No current listing found,2026-08-14,2026-08-14T15:29:18.007503+00:00,screened_no_match
00-0040886,Nicholas Singleton,TEN,RB,TEN,nicholassingleton,,,,,,,,,,False,No current listing found,2026-08-14,2026-08-14T15:29:18.007503+00:00,screened_no_match
00-0036755,Jaret Patterson,LAC,RB,LAC,jaretpatterson,,,,,,,,,,False,No current listing found,2026-08-14,2026-08-14T15:29:18.007503+00:00,screened_no_match
00-0040238,LeQuint Allen Jr.,JAX,RB,JAX,lequintallen,,,,,,,,,,False,No current listing found,2026-08-14,2026-08-14T15:29:18.007503+00:00,screened_no_match
00-0040208,Tahj Brooks,CIN,RB,CIN,tahjbrooks,,,,,,,,,,False,No current listing found,2026-08-14,2026-08-14T15:29:18.007503+00:00,screened_no_match
00-0040964,E.J. Smith,KC,RB,KC,ejsmith,,,,,,,,,,False,No current listing found,2026-08-14,2026-08-14T15:29:18.007503+00:00,screened_no_match
00-0038551,Kendre Miller,NO,RB,NO,kendremiller,Kendre Miller,Back,Questionable,"Aug 15, 2026",2026-08-14,https://api.myfantasyleague.com/2026/export?TYPE=injuries&JSON=1,,MyFantasyLeague,Documented public injury API,True,Current public injury listing,2026-08-14,2026-08-14T15:29:18.007503+00:00,normalized_name_and_team
00-0039363,Isaac Guerendo,SF,RB,SF,isaacguerendo,Isaac Guerendo,Pectoral,Out,"Aug 20, 2026",2026-08-14,https://api.myfantasyleague.com/2026/export?TYPE=injuries&JSON=1,,MyFantasyLeague,Documented public injury API,True,Current public injury listing,2026-08-14,2026-08-14T15:29:18.007503+00:00,normalized_name_and_team
00-0040959,Jaydn Ott,KC,RB,KC,jaydnott,,,,,,,,,,False,No current listing found,2026-08-14,2026-08-14T15:29:18.007503+00:00,screened_no_match
00-0040878,Mike Washington,LV,RB,LV,mikewashington,,,,,,,,,,False,No current listing found,2026-08-14,2026-08-14T15:29:18.007503+00:00,screened_no_match
00-0039344,Jonathon Brooks,CAR,RB,CAR,jonathonbrooks,,,,,,,,,,False,No current listing found,2026-08-14,2026-08-14T15:29:18.007503+00:00,screened_no_match
00-0038440,Zavier Scott,MIN,RB,MIN,zavierscott,,,,,,,,,,False,No current listing found,2026-08-14,2026-08-14T15:29:18.007503+00:00,screened_no_match
00-0040021,Phil Mafah,DAL,RB,DAL,philmafah,,,,,,,,,,False,No current listing found,2026-08-14,2026-08-14T15:29:18.007503+00:00,screened_no_match
00-0041281,T.J. Harden,CLE,RB,CLE,tjharden,,,,,,,,,,False,No current listing found,2026-08-14,2026-08-14T15:29:18.007503+00:00,screened_no_match
00-0040998,Roman Hemby,LV,RB,LV,romanhemby,,,,,,,,,,False,No current listing found,2026-08-14,2026-08-14T15:29:18.007503+00:00,screened_no_match
00-0038685,Chris Brooks,GB,RB,GB,chrisbrooks,,,,,,,,,,False,No current listing found,2026-08-14,2026-08-14T15:29:18.007503+00:00,screened_no_match
00-0041496,Jonah Coleman,DEN,RB,DEN,jonahcoleman,,,,,,,,,,False,No current listing found,2026-08-14,2026-08-14T15:29:18.007503+00:00,screened_no_match
00-0041433,Kadarius Calloway,TB,RB,TB,kadariuscalloway,,,,,,,,,,False,No current listing found,2026-08-14,2026-08-14T15:29:18.007503+00:00,screened_no_match
00-0039746,Will Shipley,PHI,RB,PHI,willshipley,,,,,,,,,,False,No current listing found,2026-08-14,2026-08-14T15:29:18.007503+00:00,screened_no_match
00-0041221,Jackson Acker,BUF,RB,BUF,jacksonacker,,,,,,,,,,False,No current listing found,2026-08-14,2026-08-14T15:29:18.007503+00:00,screened_no_match
00-0038738,Hunter Luepke,DAL,RB,DAL,hunterluepke,,,,,,,,,,False,No current listing found,2026-08-14,2026-08-14T15:29:18.007503+00:00,screened_no_match
00-0041165,Coleman Bennett,CHI,RB,CHI,colemanbennett,,,,,,,,,,False,No current listing found,2026-08-14,2026-08-14T15:29:18.007503+00:00,screened_no_match
00-0041512,Jadarian Price,SEA,RB,SEA,jadarianprice,Jadarian Price,Lower Body,Questionable,"Aug 15, 2026",2026-08-14,https://api.myfantasyleague.com/2026/export?TYPE=injuries&JSON=1,,MyFantasyLeague,Documented public injury API,True,Current public injury listing,2026-08-14,2026-08-14T15:29:18.007503+00:00,normalized_name_and_team
00-0041490,Eli Heidenreich,PIT,RB,PIT,eliheidenreich,,,,,,,,,,False,No current listing found,2026-08-14,2026-08-14T15:29:18.007503+00:00,screened_no_match
00-0041436,D.J. Herman,MIA,RB,MIA,djherman,,,,,,,,,,False,No current listing found,2026-08-14,2026-08-14T15:29:18.007503+00:00,screened_no_match
00-0041415,Dean Connors,LA,RB,LAR,deanconnors,,,,,,,,,,False,No current listing found,2026-08-14,2026-08-14T15:29:18.007503+00:00,screened_no_match
00-0040991,Elijah Tau-Tolliver,BAL,RB,BAL,elijahtautolliver,,,,,,,,,,False,No current listing found,2026-08-14,2026-08-14T15:29:18.007503+00:00,screened_no_match
00-0036727,Adam Prentice,DEN,RB,DEN,adamprentice,,,,,,,,,,False,No current listing found,2026-08-14,2026-08-14T15:29:18.007503+00:00,screened_no_match
00-0041081,Max Bredeson,MIN,RB,MIN,maxbredeson,,,,,,,,,,False,No current listing found,2026-08-14,2026-08-14T15:29:18.007503+00:00,screened_no_match
00-0039796,Rasheen Ali,BAL,RB,BAL,rasheenali,,,,,,,,,,False,No current listing found,2026-08-14,2026-08-14T15:29:18.007503+00:00,screened_no_match
00-0036265,AJ Dillon,CAR,RB,CAR,ajdillon,,,,,,,,,,False,No current listing found,2026-08-14,2026-08-14T15:29:18.007503+00:00,screened_no_match
00-0041104,Demond Claiborne,MIN,RB,MIN,demondclaiborne,,,,,,,,,,False,No current listing found,2026-08-14,2026-08-14T15:29:18.007503+00:00,screened_no_match
00-0041376,Gregory Desrosiers,LAC,RB,LAC,gregorydesrosiers,,,,,,,,,,False,No current listing found,2026-08-14,2026-08-14T15:29:18.007503+00:00,screened_no_match
00-0041191,Cash Jones,ATL,RB,ATL,cashjones,,,,,,,,,,False,No current listing found,2026-08-14,2026-08-14T15:29:18.007503+00:00,screened_no_match
00-0041052,Kaelon Black,SF,RB,SF,kaelonblack,Kaelon Black,Thigh,Questionable,"Aug 20, 2026",2026-08-14,https://api.myfantasyleague.com/2026/export?TYPE=injuries&JSON=1,,MyFantasyLeague,Documented public injury API,True,Current public injury listing,2026-08-14,2026-08-14T15:29:18.007503+00:00,normalized_name_and_team
00-0041323,Myles Montgomery,NE,RB,NE,mylesmontgomery,Myles Montgomery,Undisclosed,IR,"Feb 15, 2027",2026-08-14,https://api.myfantasyleague.com/2026/export?TYPE=injuries&JSON=1,,MyFantasyLeague,Documented public injury API,True,Current public injury listing,2026-08-14,2026-08-14T15:29:18.007503+00:00,normalized_name_and_team
00-0037594,Julius Chestnut,TEN,RB,TEN,juliuschestnut,,,,,,,,,,False,No current listing found,2026-08-14,2026-08-14T15:29:18.007503+00:00,screened_no_match
00-0037329,Brittain Brown,CHI,RB,CHI,brittainbrown,,,,,,,,,,False,No current listing found,2026-08-14,2026-08-14T15:29:18.007503+00:00,screened_no_match
00-0041241,Kentrel Bullock,CIN,RB,CIN,kentrelbullock,,,,,,,,,,False,No current listing found,2026-08-14,2026-08-14T15:29:18.007503+00:00,screened_no_match
00-0040466,Raheim Sanders,CLE,RB,CLE,raheimsanders,,,,,,,,,,False,No current listing found,2026-08-14,2026-08-14T15:29:18.007503+00:00,screened_no_match
00-0041244,Jamal Haynes,CIN,RB,CIN,jamalhaynes,,,,,,,,,,False,No current listing found,2026-08-14,2026-08-14T15:29:18.007503+00:00,screened_no_match
00-0041129,Jam Miller,NE,RB,NE,jammiller,,,,,,,,,,False,No current listing found,2026-08-14,2026-08-14T15:29:18.007503+00:00,screened_no_match
00-0040946,Jaden Nixon,GB,RB,GB,jadennixon,,,,,,,,,,False,No current listing found,2026-08-14,2026-08-14T15:29:18.007503+00:00,screened_no_match
00-0041139,Damon Bankston,NYG,RB,NYG,damonbankston,,,,,,,,,,False,No current listing found,2026-08-14,2026-08-14T15:29:18.007503+00:00,screened_no_match
00-0040984,Dontae McMillan,BAL,RB,BAL,dontaemcmillan,,,,,,,,,,False,No current listing found,2026-08-14,2026-08-14T15:29:18.007503+00:00,screened_no_match
00-0039757,Terrell Jennings,NE,RB,NE,terrelljennings,Terrell Jennings,Undisclosed,IR,"Feb 15, 2027",2026-08-14,https://api.myfantasyleague.com/2026/export?TYPE=injuries&JSON=1,,MyFantasyLeague,Documented public injury API,True,Current public injury listing,2026-08-14,2026-08-14T15:29:18.007503+00:00,normalized_name_and_team
00-0037745,Velus Jones Jr.,SEA,RB,SEA,velusjones,,,,,,,,,,False,No current listing found,2026-08-14,2026-08-14T15:29:18.007503+00:00,screened_no_match
00-0041157,Anthony Hankerson,MIA,RB,MIA,anthonyhankerson,,,,,,,,,,False,No current listing found,2026-08-14,2026-08-14T15:29:18.007503+00:00,screened_no_match
00-0035125,Alec Ingold,LAC,RB,LAC,alecingold,,,,,,,,,,False,No current listing found,2026-08-14,2026-08-14T15:29:18.007503+00:00,screened_no_match
00-0039299,George Holani,SEA,RB,SEA,georgeholani,,,,,,,,,,False,No current listing found,2026-08-14,2026-08-14T15:29:18.007503+00:00,screened_no_match
00-0040547,Nate Carter,ATL,RB,ATL,natecarter,,,,,,,,,,False,No current listing found,2026-08-14,2026-08-14T15:29:18.007503+00:00,screened_no_match
00-0041277,Davon Booth,CLE,RB,CLE,davonbooth,,,,,,,,,,False,No current listing found,2026-08-14,2026-08-14T15:29:18.007503+00:00,screened_no_match
00-0039407,Dylan Laube,LV,RB,LV,dylanlaube,,,,,,,,,,False,No current listing found,2026-08-14,2026-08-14T15:29:18.007503+00:00,screened_no_match
00-0040205,Kalel Mullings,TEN,RB,TEN,kalelmullings,Kalel Mullings,Hip,Questionable,"Aug 23, 2026",2026-08-14,https://api.myfantasyleague.com/2026/export?TYPE=injuries&JSON=1,,MyFantasyLeague,Documented public injury API,True,Current public injury listing,2026-08-14,2026-08-14T15:29:18.007503+00:00,normalized_name_and_team
00-0040556,Corey Kiner,AZ,RB,ARI,coreykiner,,,,,,,,,,False,No current listing found,2026-08-14,2026-08-14T15:29:18.007503+00:00,screened_no_match
00-0040601,Jordan Waters,LA,RB,LAR,jordanwaters,,,,,,,,,,False,No current listing found,2026-08-14,2026-08-14T15:29:18.007503+00:00,screened_no_match
00-0039021,Roschon Johnson,CHI,RB,CHI,roschonjohnson,,,,,,,,,,False,No current listing found,2026-08-14,2026-08-14T15:29:18.007503+00:00,screened_no_match
00-0037276,Ty Chandler,NO,RB,NO,tychandler,,,,,,,,,,False,No current listing found,2026-08-14,2026-08-14T15:29:18.007503+00:00,screened_no_match
00-0041217,J'mari Taylor,JAX,RB,JAX,jmaritaylor,,,,,,,,,,False,No current listing found,2026-08-14,2026-08-14T15:29:18.007503+00:00,screened_no_match
00-0040649,Robbie Ouzts,SEA,RB,SEA,robbieouzts,Robbie Ouzts,Neck,IR,"Feb 15, 2027",2026-08-14,https://api.myfantasyleague.com/2026/export?TYPE=injuries&JSON=1,,MyFantasyLeague,Documented public injury API,True,Current public injury listing,2026-08-14,2026-08-14T15:29:18.007503+00:00,normalized_name_and_team
00-0041125,Seth McGowan,IND,RB,IND,sethmcgowan,,,,,,,,,,False,No current listing found,2026-08-14,2026-08-14T15:29:18.007503+00:00,screened_no_match
00-0038397,Evan Hull,HOU,RB,HOU,evanhull,,,,,,,,,,False,No current listing found,2026-08-14,2026-08-14T15:29:18.007503+00:00,screened_no_match
00-0041312,Noah Whittington,HOU,RB,HOU,noahwhittington,,,,,,,,,,False,No current listing found,2026-08-14,2026-08-14T15:29:18.007503+00:00,screened_no_match
00-0040888,Adam Randall,BAL,RB,BAL,adamrandall,,,,,,,,,,False,No current listing found,2026-08-14,2026-08-14T15:29:18.007503+00:00,screened_no_match
00-0038614,Scott Matlock,LAC,RB,LAC,scottmatlock,,,,,,,,,,False,No current listing found,2026-08-14,2026-08-14T15:29:18.007503+00:00,screened_no_match
00-0039603,British Brooks,HOU,RB,HOU,britishbrooks,British Brooks,Hand,Questionable,"Aug 28, 2026",2026-08-14,https://api.myfantasyleague.com/2026/export?TYPE=injuries&JSON=1,,MyFantasyLeague,Documented public injury API,True,Current public injury listing,2026-08-14,2026-08-14T15:29:18.007503+00:00,normalized_name_and_team
00-0037258,Dameon Pierce,PHI,RB,PHI,dameonpierce,Dameon Pierce,Hamstring,Questionable,"Aug 15, 2026",2026-08-14,https://api.myfantasyleague.com/2026/export?TYPE=injuries&JSON=1,,MyFantasyLeague,Documented public injury API,True,Current public injury listing,2026-08-14,2026-08-14T15:29:18.007503+00:00,normalized_name_and_team
00-0041013,Emmett Johnson,KC,RB,KC,emmettjohnson,,,,,,,,,,False,No current listing found,2026-08-14,2026-08-14T15:29:18.007503+00:00,screened_no_match
00-0036425,DeeJay Dallas,JAX,RB,JAX,deejaydallas,,,,,,,,,,False,No current listing found,2026-08-14,2026-08-14T15:29:18.007503+00:00,screened_no_match
00-0037557,Ronnie Rivers,LA,RB,LAR,ronnierivers,,,,,,,,,,False,No current listing found,2026-08-14,2026-08-14T15:29:18.007503+00:00,screened_no_match
00-0034959,Andrew Beck,NYJ,RB,NYJ,andrewbeck,,,,,,,,,,False,No current listing found,2026-08-14,2026-08-14T15:29:18.007503+00:00,screened_no_match
00-0040177,Jordan James,SF,RB,SF,jordanjames,Jordan James,Ribs,Questionable,"Aug 20, 2026",2026-08-14,https://api.myfantasyleague.com/2026/export?TYPE=injuries&JSON=1,,MyFantasyLeague,Documented public injury API,True,Current public injury listing,2026-08-14,2026-08-14T15:29:18.007503+00:00,normalized_name_and_team
00-0041178,Robert Henry,WAS,RB,WAS,roberthenry,,,,,,,,,,False,No current listing found,2026-08-14,2026-08-14T15:29:18.007503+00:00,screened_no_match
00-0040067,Jacardia Wright,SEA,RB,SEA,jacardiawright,,,,,,,,,,False,No current listing found,2026-08-14,2026-08-14T15:29:18.007503+00:00,screened_no_match
00-0040651,Damien Martinez,GB,RB,GB,damienmartinez,,,,,,,,,,False,No current listing found,2026-08-14,2026-08-14T15:29:18.007503+00:00,screened_no_match
00-0036842,Kene Nwangwu,NYJ,RB,NYJ,kenenwangwu,,,,,,,,,,False,No current listing found,2026-08-14,2026-08-14T15:29:18.007503+00:00,screened_no_match
00-0038389,Israel Abanikanda,DAL,RB,DAL,israelabanikanda,,,,,,,,,,False,No current listing found,2026-08-14,2026-08-14T15:29:18.007503+00:00,screened_no_match
00-0036569,Gary Brightwell,CIN,RB,CIN,garybrightwell,,,,,,,,,,False,No current listing found,2026-08-14,2026-08-14T15:29:18.007503+00:00,screened_no_match
00-0037120,Tyler Goodson,ATL,RB,ATL,tylergoodson,,,,,,,,,,False,No current listing found,2026-08-14,2026-08-14T15:29:18.007503+00:00,screened_no_match
00-0038409,Lew Nichols III,PIT,RB,PIT,lewnichols,,,,,,,,,,False,No current listing found,2026-08-14,2026-08-14T15:29:18.007503+00:00,screened_no_match
00-0039811,MarShawn Lloyd,GB,RB,GB,marshawnlloyd,,,,,,,,,,False,No current listing found,2026-08-14,2026-08-14T15:29:18.007503+00:00,screened_no_match
00-0036567,Elijah Mitchell,PHI,RB,PHI,elijahmitchell,,,,,,,,,,False,No current listing found,2026-08-14,2026-08-14T15:29:18.007503+00:00,screened_no_match
00-0040692,Jarquez Hunter,LA,RB,LAR,jarquezhunter,,,,,,,,,,False,No current listing found,2026-08-14,2026-08-14T15:29:18.007503+00:00,screened_no_match
00-0038098,Pierre Strong,GB,RB,GB,pierrestrong,,,,,,,,,,False,No current listing found,2026-08-14,2026-08-14T15:29:18.007503+00:00,screened_no_match
00-0039364,Sione Vaki,DET,RB,DET,sionevaki,Sione Vaki,Nose,Questionable,"Aug 22, 2026",2026-08-14,https://api.myfantasyleague.com/2026/export?TYPE=injuries&JSON=1,,MyFantasyLeague,Documented public injury API,True,Current public injury listing,2026-08-14,2026-08-14T15:29:18.007503+00:00,normalized_name_and_team
00-0038396,Eric Gray,NYG,RB,NYG,ericgray,,,,,,,,,,False,No current listing found,2026-08-14,2026-08-14T15:29:18.007503+00:00,screened_no_match
00-0031595,Michael Burton,CLE,RB,CLE,michaelburton,,,,,,,,,,False,No current listing found,2026-08-14,2026-08-14T15:29:18.007503+00:00,screened_no_match
00-0038636,Kenny McIntosh,SEA,RB,SEA,kennymcintosh,,,,,,,,,,False,No current listing found,2026-08-14,2026-08-14T15:29:18.007503+00:00,screened_no_match
00-0040429,Josh Williams,TB,RB,TB,joshwilliams,,,,,,,,,,False,No current listing found,2026-08-14,2026-08-14T15:29:18.007503+00:00,screened_no_match
00-0039266,Kendall Milton,CIN,RB,CIN,kendallmilton,,,,,,,,,,False,No current listing found,2026-08-14,2026-08-14T15:29:18.007503+00:00,screened_no_match
00-0035973,Patrick Taylor,SF,RB,SF,patricktaylor,,,,,,,,,,False,No current listing found,2026-08-14,2026-08-14T15:29:18.007503+00:00,screened_no_match
00-0035594,Travis Homer,PIT,RB,PIT,travishomer,,,,,,,,,,False,No current listing found,2026-08-14,2026-08-14T15:29:18.007503+00:00,screened_no_match
00-0037509,Sincere McCormick,SF,RB,SF,sinceremccormick,,,,,,,,,,False,No current listing found,2026-08-14,2026-08-14T15:29:18.007503+00:00,screened_no_match
00-0038896,Jacob Saylors,DET,RB,DET,jacobsaylors,,,,,,,,,,False,No current listing found,2026-08-14,2026-08-14T15:29:18.007503+00:00,screened_no_match
00-0036187,Reggie Gilliam,NE,RB,NE,reggiegilliam,,,,,,,,,,False,No current listing found,2026-08-14,2026-08-14T15:29:18.007503+00:00,screened_no_match
00-0040476,Ulysses Bentley IV,IND,RB,IND,ulyssesbentley,,,,,,,,,,False,No current listing found,2026-08-14,2026-08-14T15:29:18.007503+00:00,screened_no_match
00-0040039,Amar Johnson,LAC,RB,LAC,amarjohnson,,,,,,,,,,False,No current listing found,2026-08-14,2026-08-14T15:29:18.007503+00:00,screened_no_match
00-0039305,Jack Westover,NE,RB,NE,jackwestover,,,,,,,,,,False,No current listing found,2026-08-14,2026-08-14T15:29:18.007503+00:00,screened_no_match
00-0040400,Donovan Edwards,MIA,RB,MIA,donovanedwards,,,,,,,,,,False,No current listing found,2026-08-14,2026-08-14T15:29:18.007503+00:00,screened_no_match
00-0040393,Kye Robichaux,DET,RB,DET,kyerobichaux,Kye Robichaux,Undisclosed,Questionable,,2026-07-31,https://www.cbssports.com/nfl/injuries/,,CBS Sports,"Secondary public tracker, independently reviewed",True,Current public injury listing,2026-08-14,2026-08-14T15:29:18.007503+00:00,normalized_name_and_team
00-0033376,Patrick Ricard,NYG,RB,NYG,patrickricard,,,,,,,,,,False,No current listing found,2026-08-14,2026-08-14T15:29:18.007503+00:00,screened_no_match
00-0039325,Carson Steele,PHI,RB,PHI,carsonsteele,,,,,,,,,,False,No current listing found,2026-08-14,2026-08-14T15:29:18.007503+00:00,screened_no_match
00-0040394,Anthony Tyus III,CAR,RB,CAR,anthonytyus,,,,,,,,,,False,No current listing found,2026-08-14,2026-08-14T15:29:18.007503+00:00,screened_no_match
00-0040637,Lucas Scott,BAL,RB,BAL,lucasscott,,,,,,,,,,False,No current listing found,2026-08-14,2026-08-14T15:29:18.007503+00:00,screened_no_match
00-0040260,Ahmani Marshall,CLE,RB,CLE,ahmanimarshall,,,,,,,,,,False,No current listing found,2026-08-14,2026-08-14T15:29:18.007503+00:00,screened_no_match
00-0040567,Brock Lampe,NE,RB,NE,brocklampe,,,,,,,,,,False,No current listing found,2026-08-14,2026-08-14T15:29:18.007503+00:00,screened_no_match
00-0039471,Frank Gore Jr.,BUF,RB,BUF,frankgore,,,,,,,,,,False,No current listing found,2026-08-14,2026-08-14T15:29:18.007503+00:00,screened_no_match
00-0039703,Cody Schrader,DEN,RB,DEN,codyschrader,,,,,,,,,,False,No current listing found,2026-08-14,2026-08-14T15:29:18.007503+00:00,screened_no_match
00-0039652,Jabari Small,DET,RB,DET,jabarismall,,,,,,,,,,False,No current listing found,2026-08-14,2026-08-14T15:29:18.007503+00:00,screened_no_match
00-0040618,Max Hurleman,PIT,RB,PIT,maxhurleman,,,,,,,,,,False,No current listing found,2026-08-14,2026-08-14T15:29:18.007503+00:00,screened_no_match
00-0040568,Lan Larison,NE,RB,NE,lanlarison,,,,,,,,,,False,No current listing found,2026-08-14,2026-08-14T15:29:18.007503+00:00,screened_no_match
00-0036020,Salvon Ahmed,CHI,RB,CHI,salvonahmed,,,,,,,,,,False,No current listing found,2026-08-14,2026-08-14T15:29:18.007503+00:00,screened_no_match
00-0039230,Dante Miller,NYG,RB,NYG,dantemiller,,,,,,,,,,False,No current listing found,2026-08-14,2026-08-14T15:29:18.007503+00:00,screened_no_match
00-0038930,Carlos Washington,MIA,RB,MIA,carloswashington,,,,,,,,,,False,No current listing found,2026-08-14,2026-08-14T15:29:18.007503+00:00,screened_no_match
00-0038488,Brady Russell,SEA,RB,SEA,bradyrussell,,,,,,,,,,False,No current listing found,2026-08-14,2026-08-14T15:29:18.007503+00:00,screened_no_match
00-0039244,Chris Collier,LV,RB,LV,chriscollier,Chris Collier,Undisclosed,IR,"Feb 15, 2027",2026-08-14,https://api.myfantasyleague.com/2026/export?TYPE=injuries&JSON=1,,MyFantasyLeague,Documented public injury API,True,Current public injury listing,2026-08-14,2026-08-14T15:29:18.007503+00:00,normalized_name_and_team
00-0041231,Lincoln Pare,IND,RB,IND,lincolnpare,,,,,,,,,,False,No current listing found,2026-08-14,2026-08-14T15:29:18.007503+00:00,screened_no_match
00-0041273,Desmond Reid,BUF,RB,BUF,desmondreid,,,,,,,,,,False,No current listing found,2026-08-14,2026-08-14T15:29:18.007503+00:00,screened_no_match
00-0041350,Kejon Owens,MIN,RB,MIN,kejonowens,,,,,,,,,,False,No current listing found,2026-08-14,2026-08-14T15:29:18.007503+00:00,screened_no_match
00-0038489,Ben VanSumeren,BUF,RB,BUF,benvansumeren,,,,,,,,,,False,No current listing found,2026-08-14,2026-08-14T15:29:18.007503+00:00,screened_no_match
00-0030506,Travis Kelce,KC,TE,KC,traviskelce,,,,,,,,,,False,No current listing found,2026-08-14,2026-08-14T15:29:18.007503+00:00,screened_no_match
00-0040663,Harold Fannin Jr.,CLE,TE,CLE,haroldfannin,,,,,,,,,,False,No current listing found,2026-08-14,2026-08-14T15:29:18.007503+00:00,screened_no_match
00-0037744,Trey McBride,AZ,TE,ARI,treymcbride,,,,,,,,,,False,No current listing found,2026-08-14,2026-08-14T15:29:18.007503+00:00,screened_no_match
00-0036970,Kyle Pitts,ATL,TE,ATL,kylepitts,,,,,,,,,,False,No current listing found,2026-08-14,2026-08-14T15:29:18.007503+00:00,screened_no_match
00-0040126,Colston Loveland,CHI,TE,CHI,colstonloveland,,,,,,,,,,False,No current listing found,2026-08-14,2026-08-14T15:29:18.007503+00:00,screened_no_match
00-0040128,Tyler Warren,IND,TE,IND,tylerwarren,,,,,,,,,,False,No current listing found,2026-08-14,2026-08-14T15:29:18.007503+00:00,screened_no_match
00-0039338,Brock Bowers,LV,TE,LV,brockbowers,,,,,,,,,,False,No current listing found,2026-08-14,2026-08-14T15:29:18.007503+00:00,screened_no_match
00-0033288,George Kittle,SF,TE,SF,georgekittle,George Kittle,Achilles,Out,"Sep 10, 2026",2026-08-14,https://api.myfantasyleague.com/2026/export?TYPE=injuries&JSON=1,,MyFantasyLeague,Documented public injury API,True,Current public injury listing,2026-08-14,2026-08-14T15:29:18.007503+00:00,normalized_name_and_team
00-0033090,Hunter Henry,NE,TE,NE,hunterhenry,,,,,,,,,,False,No current listing found,2026-08-14,2026-08-14T15:29:18.007503+00:00,screened_no_match
00-0038996,Tucker Kraft,GB,TE,GB,tuckerkraft,Tucker Kraft,Knee - ACL,Questionable,"Aug 21, 2026",2026-08-14,https://api.myfantasyleague.com/2026/export?TYPE=injuries&JSON=1,,MyFantasyLeague,Documented public injury API,True,Current public injury listing,2026-08-14,2026-08-14T15:29:18.007503+00:00,normalized_name_and_team
00-0040189,Oronde Gadsden II,LAC,TE,LAC,orondegadsden,,,,,,,,,,False,No current listing found,2026-08-14,2026-08-14T15:29:18.007503+00:00,screened_no_match
00-0038041,Jake Ferguson,DAL,TE,DAL,jakeferguson,,,,,,,,,,False,No current listing found,2026-08-14,2026-08-14T15:29:18.007503+00:00,screened_no_match
00-0036040,Juwan Johnson,NO,TE,NO,juwanjohnson,,,,,,,,,,False,No current listing found,2026-08-14,2026-08-14T15:29:18.007503+00:00,screened_no_match
00-0034383,Dalton Schultz,HOU,TE,HOU,daltonschultz,,,,,,,,,,False,No current listing found,2026-08-14,2026-08-14T15:29:18.007503+00:00,screened_no_match
00-0038129,Cade Otton,TB,TE,TB,cadeotton,,,,,,,,,,False,No current listing found,2026-08-14,2026-08-14T15:29:18.007503+00:00,screened_no_match
00-0039065,Sam LaPorta,DET,TE,DET,samlaporta,,,,,,,,,,False,No current listing found,2026-08-14,2026-08-14T15:29:18.007503+00:00,screened_no_match
00-0034351,Dallas Goedert,PHI,TE,PHI,dallasgoedert,,,,,,,,,,False,No current listing found,2026-08-14,2026-08-14T15:29:18.007503+00:00,screened_no_match
00-0040736,Mason Taylor,NYJ,TE,NYJ,masontaylor,,,,,,,,,,False,No current listing found,2026-08-14,2026-08-14T15:29:18.007503+00:00,screened_no_match
00-0038933,Dalton Kincaid,BUF,TE,BUF,daltonkincaid,,,,,,,,,,False,No current listing found,2026-08-14,2026-08-14T15:29:18.007503+00:00,screened_no_match
00-0034753,Mark Andrews,BAL,TE,BAL,markandrews,,,,,,,,,,False,No current listing found,2026-08-14,2026-08-14T15:29:18.007503+00:00,screened_no_match
00-0040584,Gunnar Helm,TEN,TE,TEN,gunnarhelm,,,,,,,,,,False,No current listing found,2026-08-14,2026-08-14T15:29:18.007503+00:00,screened_no_match
00-0037809,Chig Okonkwo,WAS,TE,WAS,chigokonkwo,,,,,,,,,,False,No current listing found,2026-08-14,2026-08-14T15:29:18.007503+00:00,screened_no_match
00-0038935,Brenton Strange,JAX,TE,JAX,brentonstrange,,,,,,,,,,False,No current listing found,2026-08-14,2026-08-14T15:29:18.007503+00:00,screened_no_match
00-0039847,Theo Johnson,NYG,TE,NYG,theojohnson,,,,,,,,,,False,No current listing found,2026-08-14,2026-08-14T15:29:18.007503+00:00,screened_no_match
00-0036894,Pat Freiermuth,PIT,TE,PIT,patfreiermuth,,,,,,,,,,False,No current listing found,2026-08-14,2026-08-14T15:29:18.007503+00:00,screened_no_match
00-0039793,AJ Barner,SEA,TE,SEA,ajbarner,,,,,,,,,,False,No current listing found,2026-08-14,2026-08-14T15:29:18.007503+00:00,screened_no_match
00-0040737,Terrance Ferguson,LA,TE,LAR,terranceferguson,,,,,,,,,,False,No current listing found,2026-08-14,2026-08-14T15:29:18.007503+00:00,screened_no_match
00-0040739,Elijah Arroyo,SEA,TE,SEA,elijaharroyo,,,,,,,,,,False,No current listing found,2026-08-14,2026-08-14T15:29:18.007503+00:00,screened_no_match
00-0037112,Jake Tonges,SF,TE,SF,jaketonges,,,,,,,,,,False,No current listing found,2026-08-14,2026-08-14T15:29:18.007503+00:00,screened_no_match
00-0037838,Isaiah Likely,NYG,TE,NYG,isaiahlikely,,,,,,,,,,False,No current listing found,2026-08-14,2026-08-14T15:29:18.007503+00:00,screened_no_match
00-0033885,David Njoku,LAC,TE,LAC,davidnjoku,,,,,,,,,,False,No current listing found,2026-08-14,2026-08-14T15:29:18.007503+00:00,screened_no_match
00-0034829,Mike Gesicki,CIN,TE,CIN,mikegesicki,,,,,,,,,,False,No current listing found,2026-08-14,2026-08-14T15:29:18.007503+00:00,screened_no_match
00-0035229,T.J. Hockenson,MIN,TE,MIN,tjhockenson,,,,,,,,,,False,No current listing found,2026-08-14,2026-08-14T15:29:18.007503+00:00,screened_no_match
00-0038558,Darnell Washington,PIT,TE,PIT,darnellwashington,,,,,,,,,,False,No current listing found,2026-08-14,2026-08-14T15:29:18.007503+00:00,screened_no_match
00-0033881,Evan Engram,DEN,TE,DEN,evanengram,,,,,,,,,,False,No current listing found,2026-08-14,2026-08-14T15:29:18.007503+00:00,screened_no_match
00-0036290,Cole Kmet,CHI,TE,CHI,colekmet,,,,,,,,,,False,No current listing found,2026-08-14,2026-08-14T15:29:18.007503+00:00,screened_no_match
00-0039066,Michael Mayer,LV,TE,LV,michaelmayer,,,,,,,,,,False,No current listing found,2026-08-14,2026-08-14T15:29:18.007503+00:00,screened_no_match
00-0040194,Jackson Hawes,BUF,TE,BUF,jacksonhawes,,,,,,,,,,False,No current listing found,2026-08-14,2026-08-14T15:29:18.007503+00:00,screened_no_match
00-0039144,Luke Musgrave,GB,TE,GB,lukemusgrave,Luke Musgrave,Neck,Out,"Aug 21, 2026",2026-08-14,https://api.myfantasyleague.com/2026/export?TYPE=injuries&JSON=1,,MyFantasyLeague,Documented public injury API,True,Current public injury listing,2026-08-14,2026-08-14T15:29:18.007503+00:00,normalized_name_and_team
00-0036244,Colby Parkinson,LA,TE,LAR,colbyparkinson,,,,,,,,,,False,No current listing found,2026-08-14,2026-08-14T15:29:18.007503+00:00,screened_no_match
00-0040187,Mitchell Evans,CAR,TE,CAR,mitchellevans,,,,,,,,,,False,No current listing found,2026-08-14,2026-08-14T15:29:18.007503+00:00,screened_no_match
00-0035644,Noah Fant,NO,TE,NO,noahfant,,,,,,,,,,False,No current listing found,2026-08-14,2026-08-14T15:29:18.007503+00:00,screened_no_match
00-0039041,Elijah Higgins,AZ,TE,ARI,elijahhiggins,,,,,,,,,,False,No current listing found,2026-08-14,2026-08-14T15:29:18.007503+00:00,screened_no_match
00-0037252,Greg Dulcich,MIA,TE,MIA,gregdulcich,,,,,,,,,,False,No current listing found,2026-08-14,2026-08-14T15:29:18.007503+00:00,screened_no_match
00-0036637,Noah Gray,KC,TE,KC,noahgray,,,,,,,,,,False,No current listing found,2026-08-14,2026-08-14T15:29:18.007503+00:00,screened_no_match
00-0038115,Daniel Bellinger,TEN,TE,TEN,danielbellinger,,,,,,,,,,False,No current listing found,2026-08-14,2026-08-14T15:29:18.007503+00:00,screened_no_match
00-0039074,Davis Allen,LA,TE,LAR,davisallen,Davis Allen,Quadriceps,Questionable,"Aug 15, 2026",2026-08-14,https://api.myfantasyleague.com/2026/export?TYPE=injuries&JSON=1,,MyFantasyLeague,Documented public injury API,True,Current public injury listing,2026-08-14,2026-08-14T15:29:18.007503+00:00,normalized_name_and_team
00-0039356,Ja'Tavion Sanders,CAR,TE,CAR,jatavionsanders,,,,,,,,,,False,No current listing found,2026-08-14,2026-08-14T15:29:18.007503+00:00,screened_no_match
00-0032392,Austin Hooper,ATL,TE,ATL,austinhooper,,,,,,,,,,False,No current listing found,2026-08-14,2026-08-14T15:29:18.007503+00:00,screened_no_match
00-0033110,Tyler Higbee,LA,TE,LAR,tylerhigbee,,,,,,,,,,False,No current listing found,2026-08-14,2026-08-14T15:29:18.007503+00:00,screened_no_match
00-0036422,Adam Trautman,DEN,TE,DEN,adamtrautman,,,,,,,,,,False,No current listing found,2026-08-14,2026-08-14T15:29:18.007503+00:00,screened_no_match
00-0034613,Tanner Hudson,CIN,TE,CIN,tannerhudson,,,,,,,,,,False,No current listing found,2026-08-14,2026-08-14T15:29:18.007503+00:00,screened_no_match
00-0035689,Dawson Knox,BUF,TE,BUF,dawsonknox,,,,,,,,,,False,No current listing found,2026-08-14,2026-08-14T15:29:18.007503+00:00,screened_no_match
00-0036754,Brock Wright,DET,TE,DET,brockwright,,,,,,,,,,False,No current listing found,2026-08-14,2026-08-14T15:29:18.007503+00:00,screened_no_match
00-0037805,Jeremy Ruckert,NYJ,TE,NYJ,jeremyruckert,,,,,,,,,,False,No current listing found,2026-08-14,2026-08-14T15:29:18.007503+00:00,screened_no_match
00-0035249,Josh Oliver,MIN,TE,MIN,josholiver,,,,,,,,,,False,No current listing found,2026-08-14,2026-08-14T15:29:18.007503+00:00,screened_no_match
00-0036628,John Bates,WAS,TE,WAS,johnbates,John Bates,Hamstring,Questionable,"Aug 14, 2026",2026-08-14,https://api.myfantasyleague.com/2026/export?TYPE=injuries&JSON=1,,MyFantasyLeague,Documented public injury API,True,Current public injury listing,2026-08-14,2026-08-14T15:29:18.007503+00:00,normalized_name_and_team
00-0037005,Tommy Tremble,CAR,TE,CAR,tommytremble,,,,,,,,,,False,No current listing found,2026-08-14,2026-08-14T15:29:18.007503+00:00,screened_no_match
00-0038046,Charlie Kolar,LAC,TE,LAC,charliekolar,,,,,,,,,,False,No current listing found,2026-08-14,2026-08-14T15:29:18.007503+00:00,screened_no_match
00-0038547,Luke Schoonmaker,DAL,TE,DAL,lukeschoonmaker,,,,,,,,,,False,No current listing found,2026-08-14,2026-08-14T15:29:18.007503+00:00,screened_no_match
00-0034270,Tyler Conklin,DET,TE,DET,tylerconklin,,,,,,,,,,False,No current listing found,2026-08-14,2026-08-14T15:29:18.007503+00:00,screened_no_match
00-0033217,Mo Alie-Cox,IND,TE,IND,moaliecox,,,,,,,,,,False,No current listing found,2026-08-14,2026-08-14T15:29:18.007503+00:00,screened_no_match
00-0036887,Luke Farrell,SF,TE,SF,lukefarrell,,,,,,,,,,False,No current listing found,2026-08-14,2026-08-14T15:29:18.007503+00:00,screened_no_match
00-0035631,Drew Sample,CIN,TE,CIN,drewsample,,,,,,,,,,False,No current listing found,2026-08-14,2026-08-14T15:29:18.007503+00:00,screened_no_match
00-0034981,Foster Moreau,HOU,TE,HOU,fostermoreau,,,,,,,,,,False,No current listing found,2026-08-14,2026-08-14T15:29:18.007503+00:00,screened_no_match
00-0037086,Grant Calcaterra,PHI,TE,PHI,grantcalcaterra,,,,,,,,,,False,No current listing found,2026-08-14,2026-08-14T15:29:18.007503+00:00,screened_no_match
00-0039912,Ben Sinnott,WAS,TE,WAS,bensinnott,,,,,,,,,,False,No current listing found,2026-08-14,2026-08-14T15:29:18.007503+00:00,screened_no_match
00-0037004,Hunter Long,JAX,TE,JAX,hunterlong,,,,,,,,,,False,No current listing found,2026-08-14,2026-08-14T15:29:18.007503+00:00,screened_no_match
00-0038720,Julian Hill,NE,TE,NE,julianhill,Julian Hill,Knee,IR,"Feb 15, 2027",2026-08-14,https://api.myfantasyleague.com/2026/export?TYPE=injuries&JSON=1,,MyFantasyLeague,Documented public injury API,True,Current public injury listing,2026-08-14,2026-08-14T15:29:18.007503+00:00,normalized_name_and_team
00-0039359,Cade Stover,HOU,TE,HOU,cadestover,,,,,,,,,,False,No current listing found,2026-08-14,2026-08-14T15:29:18.007503+00:00,screened_no_match
00-0033246,Johnny Mundt,PHI,TE,PHI,johnnymundt,,,,,,,,,,False,No current listing found,2026-08-14,2026-08-14T15:29:18.007503+00:00,screened_no_match
00-0037304,Connor Heyward,LV,TE,LV,connorheyward,,,,,,,,,,False,No current listing found,2026-08-14,2026-08-14T15:29:18.007503+00:00,screened_no_match
00-0038589,Josh Whyle,GB,TE,GB,joshwhyle,,,,,,,,,,False,No current listing found,2026-08-14,2026-08-14T15:29:18.007503+00:00,screened_no_match
00-0039737,Tip Reiman,AZ,TE,ARI,tipreiman,Tip Reiman,Ankle,Out,"Aug 22, 2026",2026-08-14,https://api.myfantasyleague.com/2026/export?TYPE=injuries&JSON=1,,MyFantasyLeague,Documented public injury API,True,Current public injury listing,2026-08-14,2026-08-14T15:29:18.007503+00:00,normalized_name_and_team
00-0034365,Ian Thomas,LV,TE,LV,ianthomas,,,,,,,,,,False,No current listing found,2026-08-14,2026-08-14T15:29:18.007503+00:00,screened_no_match
00-0036876,Kylen Granson,TEN,TE,TEN,kylengranson,,,,,,,,,,False,No current listing found,2026-08-14,2026-08-14T15:29:18.007503+00:00,screened_no_match
00-0036423,Albert Okwuegbunam,LV,TE,LV,albertokwuegbunam,,,,,,,,,,False,No current listing found,2026-08-14,2026-08-14T15:29:18.007503+00:00,screened_no_match
00-0039530,Brevyn Spann-Ford,DAL,TE,DAL,brevynspannford,,,,,,,,,,False,No current listing found,2026-08-14,2026-08-14T15:29:18.007503+00:00,screened_no_match
00-0039754,Devin Culp,TB,TE,TB,devinculp,,,,,,,,,,False,No current listing found,2026-08-14,2026-08-14T15:29:18.007503+00:00,screened_no_match
00-0038783,Nate Adkins,DEN,TE,DEN,nateadkins,,,,,,,,,,False,No current listing found,2026-08-14,2026-08-14T15:29:18.007503+00:00,screened_no_match
00-0039824,Jared Wiley,KC,TE,KC,jaredwiley,,,,,,,,,,False,No current listing found,2026-08-14,2026-08-14T15:29:18.007503+00:00,screened_no_match
00-0037292,Andrew Ogletree,IND,TE,IND,andrewogletree,,,,,,,,,,False,No current listing found,2026-08-14,2026-08-14T15:29:18.007503+00:00,screened_no_match
00-0037282,James Mitchell,CAR,TE,CAR,jamesmitchell,,,,,,,,,,False,No current listing found,2026-08-14,2026-08-14T15:29:18.007503+00:00,screened_no_match
00-0036590,Quintin Morris,JAX,TE,JAX,quintinmorris,,,,,,,,,,False,No current listing found,2026-08-14,2026-08-14T15:29:18.007503+00:00,screened_no_match
00-0039050,Payne Durham,TB,TE,TB,paynedurham,,,,,,,,,,False,No current listing found,2026-08-14,2026-08-14T15:29:18.007503+00:00,screened_no_match
00-0040363,Keleki Latu,BUF,TE,BUF,kelekilatu,,,,,,,,,,False,No current listing found,2026-08-14,2026-08-14T15:29:18.007503+00:00,screened_no_match
00-0036429,Charlie Woerner,ATL,TE,ATL,charliewoerner,,,,,,,,,,False,No current listing found,2026-08-14,2026-08-14T15:29:18.007503+00:00,screened_no_match
00-0037755,Jelani Woods,NYJ,TE,NYJ,jelaniwoods,,,,,,,,,,False,No current listing found,2026-08-14,2026-08-14T15:29:18.007503+00:00,screened_no_match
00-0039648,David Martin-Robinson,TEN,TE,TEN,davidmartinrobinson,,,,,,,,,,False,No current listing found,2026-08-14,2026-08-14T15:29:18.007503+00:00,screened_no_match
00-0037348,Tanner Conner,NYG,TE,NYG,tannerconner,,,,,,,,,,False,No current listing found,2026-08-14,2026-08-14T15:29:18.007503+00:00,screened_no_match
00-0033576,Eric Saubert,SEA,TE,SEA,ericsaubert,,,,,,,,,,False,No current listing found,2026-08-14,2026-08-14T15:29:18.007503+00:00,screened_no_match
00-0040244,Moliki Matavao,NO,TE,NO,molikimatavao,,,,,,,,,,False,No current listing found,2026-08-14,2026-08-14T15:29:18.007503+00:00,screened_no_match
00-0039458,Brenden Bates,CLE,TE,CLE,brendenbates,,,,,,,,,,False,No current listing found,2026-08-14,2026-08-14T15:29:18.007503+00:00,screened_no_match
00-0038394,Will Mallory,IND,TE,IND,willmallory,,,,,,,,,,False,No current listing found,2026-08-14,2026-08-14T15:29:18.007503+00:00,screened_no_match
00-0039686,Colson Yankoff,WAS,TE,WAS,colsonyankoff,,,,,,,,,,False,No current listing found,2026-08-14,2026-08-14T15:29:18.007503+00:00,screened_no_match
00-0038564,Cameron Latu,PHI,TE,PHI,cameronlatu,,,,,,,,,,False,No current listing found,2026-08-14,2026-08-14T15:29:18.007503+00:00,screened_no_match
00-0036232,Harrison Bryant,SEA,TE,SEA,harrisonbryant,,,,,,,,,,False,No current listing found,2026-08-14,2026-08-14T15:29:18.007503+00:00,screened_no_match
00-0040225,Thomas Fidone II,NYG,TE,NYG,thomasfidone,,,,,,,,,,False,No current listing found,2026-08-14,2026-08-14T15:29:18.007503+00:00,screened_no_match
00-0034798,Durham Smythe,BAL,TE,BAL,durhamsmythe,,,,,,,,,,False,No current listing found,2026-08-14,2026-08-14T15:29:18.007503+00:00,screened_no_match
00-0037277,Teagan Quitoriano,AZ,TE,ARI,teaganquitoriano,,,,,,,,,,False,No current listing found,2026-08-14,2026-08-14T15:29:18.007503+00:00,screened_no_match
00-0038809,Ben Sims,MIA,TE,MIA,bensims,Ben Sims,Undisclosed,Questionable,"Aug 14, 2026",2026-08-14,https://api.myfantasyleague.com/2026/export?TYPE=injuries&JSON=1,,MyFantasyLeague,Documented public injury API,True,Current public injury listing,2026-08-14,2026-08-14T15:29:18.007503+00:00,normalized_name_and_team
00-0037311,Ko Kieft,TB,TE,TB,kokieft,,,,,,,,,,False,No current listing found,2026-08-14,2026-08-14T15:29:18.007503+00:00,screened_no_match
00-0038643,Brayden Willis,SF,TE,SF,braydenwillis,,,,,,,,,,False,No current listing found,2026-08-14,2026-08-14T15:29:18.007503+00:00,screened_no_match
00-0040215,Gavin Bartholomew,MIN,TE,MIN,gavinbartholomew,Gavin Bartholomew,Back,Questionable,"Aug 15, 2026",2026-08-14,https://api.myfantasyleague.com/2026/export?TYPE=injuries&JSON=1,,MyFantasyLeague,Documented public injury API,True,Current public injury listing,2026-08-14,2026-08-14T15:29:18.007503+00:00,normalized_name_and_team
00-0041133,Dallen Bentley,DEN,TE,DEN,dallenbentley,,,,,,,,,,False,No current listing found,2026-08-14,2026-08-14T15:29:18.007503+00:00,screened_no_match
00-0040509,Ben Yurosek,MIN,TE,MIN,benyurosek,,,,,,,,,,False,No current listing found,2026-08-14,2026-08-14T15:29:18.007503+00:00,screened_no_match
00-0036556,Brevin Jordan,HOU,TE,HOU,brevinjordan,Brevin Jordan,Knee,Questionable,"Aug 20, 2026",2026-08-14,https://api.myfantasyleague.com/2026/export?TYPE=injuries&JSON=1,,MyFantasyLeague,Documented public injury API,True,Current public injury listing,2026-08-14,2026-08-14T15:29:18.007503+00:00,normalized_name_and_team
00-0037475,Stone Smartt,PHI,TE,PHI,stonesmartt,,,,,,,,,,False,No current listing found,2026-08-14,2026-08-14T15:29:18.007503+00:00,screened_no_match
00-0041084,Tanner Koziol,JAX,TE,JAX,tannerkoziol,,,,,,,,,,False,No current listing found,2026-08-14,2026-08-14T15:29:18.007503+00:00,screened_no_match
00-0039420,Jaheim Bell,PIT,TE,PIT,jaheimbell,,,,,,,,,,False,No current listing found,2026-08-14,2026-08-14T15:29:18.007503+00:00,screened_no_match
00-0033455,Anthony Firkser,WAS,TE,WAS,anthonyfirkser,,,,,,,,,,False,No current listing found,2026-08-14,2026-08-14T15:29:18.007503+00:00,screened_no_match
00-0039814,Erick All,CIN,TE,CIN,erickall,,,,,,,,,,False,No current listing found,2026-08-14,2026-08-14T15:29:18.007503+00:00,screened_no_match
00-0040879,Matthew Hibner,BAL,TE,BAL,matthewhibner,,,,,,,,,,False,No current listing found,2026-08-14,2026-08-14T15:29:18.007503+00:00,screened_no_match
00-0039631,Cam Grandy,CIN,TE,CIN,camgrandy,,,,,,,,,,False,No current listing found,2026-08-14,2026-08-14T15:29:18.007503+00:00,screened_no_match
00-0041395,Eli Raridon,NE,TE,NE,eliraridon,,,,,,,,,,False,No current listing found,2026-08-14,2026-08-14T15:29:18.007503+00:00,screened_no_match
00-0037078,Cole Turner,MIA,TE,MIA,coleturner,,,,,,,,,,False,No current listing found,2026-08-14,2026-08-14T15:29:18.007503+00:00,screened_no_match
00-0040240,Caleb Lohner,DEN,TE,DEN,caleblohner,Caleb Lohner,Lower Body,Questionable,"Aug 14, 2026",2026-08-14,https://api.myfantasyleague.com/2026/export?TYPE=injuries&JSON=1,,MyFantasyLeague,Documented public injury API,True,Current public injury listing,2026-08-14,2026-08-14T15:29:18.007503+00:00,normalized_name_and_team
00-0041094,Bauer Sharp,TB,TE,TB,bauersharp,,,,,,,,,,False,No current listing found,2026-08-14,2026-08-14T15:29:18.007503+00:00,screened_no_match
00-0036741,Jack Stoll,CLE,TE,CLE,jackstoll,,,,,,,,,,False,No current listing found,2026-08-14,2026-08-14T15:29:18.007503+00:00,screened_no_match
00-0038710,Blake Whiteheart,CLE,TE,CLE,blakewhiteheart,,,,,,,,,,False,No current listing found,2026-08-14,2026-08-14T15:29:18.007503+00:00,screened_no_match
00-0040488,Carter Runyon,LV,TE,LV,carterrunyon,,,,,,,,,,False,No current listing found,2026-08-14,2026-08-14T15:29:18.007503+00:00,screened_no_match
00-0036825,Feleipe Franks,CAR,TE,CAR,feleipefranks,,,,,,,,,,False,No current listing found,2026-08-14,2026-08-14T15:29:18.007503+00:00,screened_no_match
00-0041457,Miles Kitselman,DET,TE,DET,mileskitselman,,,,,,,,,,False,No current listing found,2026-08-14,2026-08-14T15:29:18.007503+00:00,screened_no_match
00-0041032,Kenyon Sadiq,NYJ,TE,NYJ,kenyonsadiq,Kenyon Sadiq,Abdomen,Questionable,"Aug 21, 2026",2026-08-14,https://api.myfantasyleague.com/2026/export?TYPE=injuries&JSON=1,,MyFantasyLeague,Documented public injury API,True,Current public injury listing,2026-08-14,2026-08-14T15:29:18.007503+00:00,normalized_name_and_team
00-0041398,Riley Nowakowski,PIT,TE,PIT,rileynowakowski,,,,,,,,,,False,No current listing found,2026-08-14,2026-08-14T15:29:18.007503+00:00,screened_no_match
00-0040901,Jaren Kanak,TEN,TE,TEN,jarenkanak,Jaren Kanak,Pectoral,Questionable,"Aug 23, 2026",2026-08-14,https://api.myfantasyleague.com/2026/export?TYPE=injuries&JSON=1,,MyFantasyLeague,Documented public injury API,True,Current public injury listing,2026-08-14,2026-08-14T15:29:18.007503+00:00,normalized_name_and_team
00-0037539,Lucas Krull,DEN,TE,DEN,lucaskrull,,,,,,,,,,False,No current listing found,2026-08-14,2026-08-14T15:29:18.007503+00:00,screened_no_match
00-0041483,Eli Stowers,PHI,TE,PHI,elistowers,,,,,,,,,,False,No current listing found,2026-08-14,2026-08-14T15:29:18.007503+00:00,screened_no_match
00-0037340,Zaire Mitchell-Paden,NO,TE,NO,zairemitchellpaden,,,,,,,,,,False,No current listing found,2026-08-14,2026-08-14T15:29:18.007503+00:00,screened_no_match
00-0041558,Sam Roush,CHI,TE,CHI,samroush,,,,,,,,,,False,No current listing found,2026-08-14,2026-08-14T15:29:18.007503+00:00,screened_no_match
00-0040945,R.J. Maryland,GB,TE,GB,rjmaryland,R.J. Maryland,Hamstring,Questionable,,2026-08-13,https://www.cbssports.com/nfl/injuries/,,CBS Sports,"Secondary public tracker, independently reviewed",True,Current public injury listing,2026-08-14,2026-08-14T15:29:18.007503+00:00,normalized_name_and_team
00-0041116,Jack Endries,CIN,TE,CIN,jackendries,,,,,,,,,,False,No current listing found,2026-08-14,2026-08-14T15:29:18.007503+00:00,screened_no_match
00-0036534,Shane Zylstra,BUF,TE,BUF,shanezylstra,,,,,,,,,,False,No current listing found,2026-08-14,2026-08-14T15:29:18.007503+00:00,screened_no_match
00-0041263,Lake McRee,PIT,TE,PIT,lakemcree,,,,,,,,,,False,No current listing found,2026-08-14,2026-08-14T15:29:18.007503+00:00,screened_no_match
00-0037031,Nikola Kalinic,CHI,TE,CHI,nikolakalinic,,,,,,,,,,False,No current listing found,2026-08-14,2026-08-14T15:29:18.007503+00:00,screened_no_match
00-0033757,Robert Tonyan,PIT,TE,PIT,roberttonyan,,,,,,,,,,False,No current listing found,2026-08-14,2026-08-14T15:29:18.007503+00:00,screened_no_match
00-0040628,Drake Dabney,GB,TE,GB,drakedabney,,,,,,,,,,False,No current listing found,2026-08-14,2026-08-14T15:29:18.007503+00:00,screened_no_match
00-0040853,Carson Towt,IND,TE,IND,carsontowt,,,,,,,,,,False,No current listing found,2026-08-14,2026-08-14T15:29:18.007503+00:00,screened_no_match
00-0040887,Josh Cuevas,BAL,TE,BAL,joshcuevas,,,,,,,,,,False,No current listing found,2026-08-14,2026-08-14T15:29:18.007503+00:00,screened_no_match
00-0041472,Marlin Klein,HOU,TE,HOU,marlinklein,,,,,,,,,,False,No current listing found,2026-08-14,2026-08-14T15:29:18.007503+00:00,screened_no_match
00-0040058,Nick Kallerup,SEA,TE,SEA,nickkallerup,,,,,,,,,,False,No current listing found,2026-08-14,2026-08-14T15:29:18.007503+00:00,screened_no_match
00-0041327,Cody Hardy,NO,TE,NO,codyhardy,,,,,,,,,,False,No current listing found,2026-08-14,2026-08-14T15:29:18.007503+00:00,screened_no_match
00-0038735,Princeton Fant,DAL,TE,DAL,princetonfant,Princeton Fant,ACL and MCL knee,IR,,2026-08-06,https://www.cbssports.com/nfl/injuries/,,CBS Sports,"Secondary public tracker, independently reviewed",True,Current public injury listing,2026-08-14,2026-08-14T15:29:18.007503+00:00,normalized_name_and_team
00-0038498,E.J. Jenkins,PHI,TE,PHI,ejjenkins,,,,,,,,,,False,No current listing found,2026-08-14,2026-08-14T15:29:18.007503+00:00,screened_no_match
00-0031484,Chris Manhertz,NYG,TE,NYG,chrismanhertz,,,,,,,,,,False,No current listing found,2026-08-14,2026-08-14T15:29:18.007503+00:00,screened_no_match
00-0039489,Hayden Rucci,SF,TE,SF,haydenrucci,,,,,,,,,,False,No current listing found,2026-08-14,2026-08-14T15:29:18.007503+00:00,screened_no_match
00-0041524,Will Kacmarek,MIA,TE,MIA,willkacmarek,,,,,,,,,,False,No current listing found,2026-08-14,2026-08-14T15:29:18.007503+00:00,screened_no_match
00-0040094,Tre Watson,KC,TE,KC,trewatson,,,,,,,,,,False,No current listing found,2026-08-14,2026-08-14T15:29:18.007503+00:00,screened_no_match
00-0040081,Jake Briningstool,KC,TE,KC,jakebriningstool,,,,,,,,,,False,No current listing found,2026-08-14,2026-08-14T15:29:18.007503+00:00,screened_no_match
00-0041314,Tanner Arkin,NE,TE,NE,tannerarkin,,,,,,,,,,False,No current listing found,2026-08-14,2026-08-14T15:29:18.007503+00:00,screened_no_match
00-0040387,Zach Horton,DET,TE,DET,zachhorton,,,,,,,,,,False,No current listing found,2026-08-14,2026-08-14T15:29:18.007503+00:00,screened_no_match
00-0040046,Rivaldo Fairweather,AZ,TE,ARI,rivaldofairweather,,,,,,,,,,False,No current listing found,2026-08-14,2026-08-14T15:29:18.007503+00:00,screened_no_match
00-0040504,Bryson Nesbit,MIN,TE,MIN,brysonnesbit,,,,,,,,,,False,No current listing found,2026-08-14,2026-08-14T15:29:18.007503+00:00,screened_no_match
00-0040528,JJ Galbreath,PIT,TE,PIT,jjgalbreath,,,,,,,,,,False,No current listing found,2026-08-14,2026-08-14T15:29:18.007503+00:00,screened_no_match
00-0040598,Mark Redman,LA,TE,LAR,markredman,,,,,,,,,,False,No current listing found,2026-08-14,2026-08-14T15:29:18.007503+00:00,screened_no_match
00-0041180,Quentin Moore,WAS,TE,WAS,quentinmoore,,,,,,,,,,False,No current listing found,2026-08-14,2026-08-14T15:29:18.007503+00:00,screened_no_match
00-0040552,Joshua Simon,ATL,TE,ATL,joshuasimon,,,,,,,,,,False,No current listing found,2026-08-14,2026-08-14T15:29:18.007503+00:00,screened_no_match
00-0040566,CJ Dippre,NE,TE,NE,cjdippre,,,,,,,,,,False,No current listing found,2026-08-14,2026-08-14T15:29:18.007503+00:00,screened_no_match
00-0040292,Bryce Pierre,CAR,TE,CAR,brycepierre,,,,,,,,,,False,No current listing found,2026-08-14,2026-08-14T15:29:18.007503+00:00,screened_no_match
00-0040331,Patrick Herbert,JAX,TE,JAX,patrickherbert,,,,,,,,,,False,No current listing found,2026-08-14,2026-08-14T15:29:18.007503+00:00,screened_no_match
00-0040697,Thomas Gordon,DET,TE,DET,thomasgordon,,,,,,,,,,False,No current listing found,2026-08-14,2026-08-14T15:29:18.007503+00:00,screened_no_match
00-0040938,D.J. Rogers,DAL,TE,DAL,djrogers,,,,,,,,,,False,No current listing found,2026-08-14,2026-08-14T15:29:18.007503+00:00,screened_no_match
00-0039275,Messiah Swinson,GB,TE,GB,messiahswinson,,,,,,,,,,False,No current listing found,2026-08-14,2026-08-14T15:29:18.007503+00:00,screened_no_match
00-0039843,Qadir Ismail,CHI,TE,CHI,qadirismail,,,,,,,,,,False,No current listing found,2026-08-14,2026-08-14T15:29:18.007503+00:00,screened_no_match
00-0041170,Hayden Large,CHI,TE,CHI,haydenlarge,,,,,,,,,,False,No current listing found,2026-08-14,2026-08-14T15:29:18.007503+00:00,screened_no_match
00-0041579,Seydou Traore,MIA,TE,MIA,seydoutraore,,,,,,,,,,False,No current listing found,2026-08-14,2026-08-14T15:29:18.007503+00:00,screened_no_match
00-0039518,Treyton Welch,NO,TE,NO,treytonwelch,,,,,,,,,,False,No current listing found,2026-08-14,2026-08-14T15:29:18.007503+00:00,screened_no_match
00-0041237,Chase Curtis,NYJ,TE,NYJ,chasecurtis,,,,,,,,,,False,No current listing found,2026-08-14,2026-08-14T15:29:18.007503+00:00,screened_no_match
00-0041077,Justin Joly,DEN,TE,DEN,justinjoly,,,,,,,,,,False,No current listing found,2026-08-14,2026-08-14T15:29:18.007503+00:00,screened_no_match
00-0041131,Carsen Ryan,CLE,TE,CLE,carsenryan,,,,,,,,,,False,No current listing found,2026-08-14,2026-08-14T15:29:18.007503+00:00,screened_no_match
00-0039023,Joel Wilson,TEN,TE,TEN,joelwilson,,,,,,,,,,False,No current listing found,2026-08-14,2026-08-14T15:29:18.007503+00:00,screened_no_match
00-0036145,Lawrence Cager,WAS,TE,WAS,lawrencecager,,,,,,,,,,False,No current listing found,2026-08-14,2026-08-14T15:29:18.007503+00:00,screened_no_match
00-0036032,Sean McKeon,IND,TE,IND,seanmckeon,Sean McKeon,Undisclosed,IR,"Feb 15, 2027",2026-08-14,https://api.myfantasyleague.com/2026/export?TYPE=injuries&JSON=1,,MyFantasyLeague,Documented public injury API,True,Current public injury listing,2026-08-14,2026-08-14T15:29:18.007503+00:00,normalized_name_and_team
00-0041384,Evan Svoboda,LAC,TE,LAC,evansvoboda,,,,,,,,,,False,No current listing found,2026-08-14,2026-08-14T15:29:18.007503+00:00,screened_no_match
00-0041452,Johnny Pascuzzi,LAC,TE,LAC,johnnypascuzzi,,,,,,,,,,False,No current listing found,2026-08-14,2026-08-14T15:29:18.007503+00:00,screened_no_match
00-0041207,Ethan Conner,JAX,TE,JAX,ethanconner,,,,,,,,,,False,No current listing found,2026-08-14,2026-08-14T15:29:18.007503+00:00,screened_no_match
00-0035039,Stephen Carlson,CHI,TE,CHI,stephencarlson,,,,,,,,,,False,No current listing found,2026-08-14,2026-08-14T15:29:18.007503+00:00,screened_no_match
00-0040927,Dae'Quan Wright,PHI,TE,PHI,daequanwright,,,,,,,,,,False,No current listing found,2026-08-14,2026-08-14T15:29:18.007503+00:00,screened_no_match
00-0040955,John Michael Gyllenborg,KC,TE,KC,johnmichaelgyllenborg,John Michael Gyllenborg,Knee,IR,"Feb 15, 2027",2026-08-14,https://api.myfantasyleague.com/2026/export?TYPE=injuries&JSON=1,,MyFantasyLeague,Documented public injury API,True,Current public injury listing,2026-08-14,2026-08-14T15:29:18.007503+00:00,normalized_name_and_team
00-0041016,Patrick Gurd,LV,TE,LV,patrickgurd,,,,,,,,,,False,No current listing found,2026-08-14,2026-08-14T15:29:18.007503+00:00,screened_no_match
00-0041195,Jack Velling,ATL,TE,ATL,jackvelling,,,,,,,,,,False,No current listing found,2026-08-14,2026-08-14T15:29:18.007503+00:00,screened_no_match
00-0041087,Joe Royer,CLE,TE,CLE,joeroyer,,,,,,,,,,False,No current listing found,2026-08-14,2026-08-14T15:29:18.007503+00:00,screened_no_match
00-0041246,Josh Kattus,CIN,TE,CIN,joshkattus,,,,,,,,,,False,No current listing found,2026-08-14,2026-08-14T15:29:18.007503+00:00,screened_no_match
00-0041422,Dan Villari,LA,TE,LAR,danvillari,,,,,,,,,,False,No current listing found,2026-08-14,2026-08-14T15:29:18.007503+00:00,screened_no_match
00-0041503,Nate Boerkircher,JAX,TE,JAX,nateboerkircher,,,,,,,,,,False,No current listing found,2026-08-14,2026-08-14T15:29:18.007503+00:00,screened_no_match
00-0041403,Rohan Jones,LA,TE,LAR,rohanjones,,,,,,,,,,False,No current listing found,2026-08-14,2026-08-14T15:29:18.007503+00:00,screened_no_match
00-0040939,Michael Trigg,DAL,TE,DAL,michaeltrigg,,,,,,,,,,False,No current listing found,2026-08-14,2026-08-14T15:29:18.007503+00:00,screened_no_match
00-0041366,Jameson Geers,AZ,TE,ARI,jamesongeers,,,,,,,,,,False,No current listing found,2026-08-14,2026-08-14T15:29:18.007503+00:00,screened_no_match
00-0041510,Max Klare,LA,TE,LAR,maxklare,,,,,,,,,,False,No current listing found,2026-08-14,2026-08-14T15:29:18.007503+00:00,screened_no_match
00-0040792,Layne Pryor,HOU,TE,HOU,laynepryor,,,,,,,,,,False,No current listing found,2026-08-14,2026-08-14T15:29:18.007503+00:00,screened_no_match
00-0041041,Oscar Delp,NO,TE,NO,oscardelp,,,,,,,,,,False,No current listing found,2026-08-14,2026-08-14T15:29:18.007503+00:00,screened_no_match
00-0040974,Lance Mason,SEA,TE,SEA,lancemason,,,,,,,,,,False,No current listing found,2026-08-14,2026-08-14T15:29:18.007503+00:00,screened_no_match
00-0041357,Khalil Dinkins,SF,TE,SF,khalildinkins,,,,,,,,,,False,No current listing found,2026-08-14,2026-08-14T15:29:18.007503+00:00,screened_no_match
00-0041535,Louis Hansen,HOU,TE,HOU,louishansen,,,,,,,,,,False,No current listing found,2026-08-14,2026-08-14T15:29:18.007503+00:00,screened_no_match
00-0041252,Kenny Fletcher,TB,TE,TB,kennyfletcher,,,,,,,,,,False,No current listing found,2026-08-14,2026-08-14T15:29:18.007503+00:00,screened_no_match
00-0039075,Puka Nacua,LA,WR,LAR,pukanacua,Puka Nacua,Groin,Questionable,"Aug 22, 2026",2026-08-14,https://api.myfantasyleague.com/2026/export?TYPE=injuries&JSON=1,,MyFantasyLeague,Documented public injury API,True,Current public injury listing,2026-08-14,2026-08-14T15:29:18.007503+00:00,normalized_name_and_team
00-0036963,Amon-Ra St. Brown,DET,WR,DET,amonrastbrown,,,,,,,,,,False,No current listing found,2026-08-14,2026-08-14T15:29:18.007503+00:00,screened_no_match
00-0037238,Drake London,ATL,WR,ATL,drakelondon,,,,,,,,,,False,No current listing found,2026-08-14,2026-08-14T15:29:18.007503+00:00,screened_no_match
00-0036900,Ja'Marr Chase,CIN,WR,CIN,jamarrchase,,,,,,,,,,False,No current listing found,2026-08-14,2026-08-14T15:29:18.007503+00:00,screened_no_match
00-0038543,Jaxon Smith-Njigba,SEA,WR,SEA,jaxonsmithnjigba,,,,,,,,,,False,No current listing found,2026-08-14,2026-08-14T15:29:18.007503+00:00,screened_no_match
00-0031381,Davante Adams,LA,WR,LAR,davanteadams,,,,,,,,,,False,No current listing found,2026-08-14,2026-08-14T15:29:18.007503+00:00,screened_no_match
00-0040129,Emeka Egbuka,TB,WR,TB,emekaegbuka,Emeka Egbuka,Toe,Questionable,"Aug 17, 2026",2026-08-14,https://api.myfantasyleague.com/2026/export?TYPE=injuries&JSON=1,,MyFantasyLeague,Documented public injury API,True,Current public injury listing,2026-08-14,2026-08-14T15:29:18.007503+00:00,normalized_name_and_team
00-0036322,Justin Jefferson,MIN,WR,MIN,justinjefferson,,,,,,,,,,False,No current listing found,2026-08-14,2026-08-14T15:29:18.007503+00:00,screened_no_match
00-0037247,George Pickens,DAL,WR,DAL,georgepickens,,,,,,,,,,False,No current listing found,2026-08-14,2026-08-14T15:29:18.007503+00:00,screened_no_match
00-0034348,Courtland Sutton,DEN,WR,DEN,courtlandsutton,,,,,,,,,,False,No current listing found,2026-08-14,2026-08-14T15:29:18.007503+00:00,screened_no_match
00-0040124,Tetairoa McMillan,CAR,WR,CAR,tetairoamcmillan,,,,,,,,,,False,No current listing found,2026-08-14,2026-08-14T15:29:18.007503+00:00,screened_no_match
00-0036554,Nico Collins,HOU,WR,HOU,nicocollins,,,,,,,,,,False,No current listing found,2026-08-14,2026-08-14T15:29:18.007503+00:00,screened_no_match
00-0036358,CeeDee Lamb,DAL,WR,DAL,ceedeelamb,,,,,,,,,,False,No current listing found,2026-08-14,2026-08-14T15:29:18.007503+00:00,screened_no_match
00-0039064,Zay Flowers,BAL,WR,BAL,zayflowers,,,,,,,,,,False,No current listing found,2026-08-14,2026-08-14T15:29:18.007503+00:00,screened_no_match
00-0039849,Marvin Harrison Jr.,AZ,WR,ARI,marvinharrison,,,,,,,,,,False,No current listing found,2026-08-14,2026-08-14T15:29:18.007503+00:00,screened_no_match
00-0031408,Mike Evans,SF,WR,SF,mikeevans,Mike Evans,Quadriceps,Questionable,"Aug 20, 2026",2026-08-14,https://api.myfantasyleague.com/2026/export?TYPE=injuries&JSON=1,,MyFantasyLeague,Documented public injury API,True,Current public injury listing,2026-08-14,2026-08-14T15:29:18.007503+00:00,normalized_name_and_team
00-0037240,Jameson Williams,DET,WR,DET,jamesonwilliams,,,,,,,,,,False,No current listing found,2026-08-14,2026-08-14T15:29:18.007503+00:00,screened_no_match
00-0035659,Terry McLaurin,WAS,WR,WAS,terrymclaurin,,,,,,,,,,False,No current listing found,2026-08-14,2026-08-14T15:29:18.007503+00:00,screened_no_match
00-0037239,Chris Olave,NO,WR,NO,chrisolave,,,,,,,,,,False,No current listing found,2026-08-14,2026-08-14T15:29:18.007503+00:00,screened_no_match
00-0034960,Jakobi Meyers,JAX,WR,JAX,jakobimeyers,,,,,,,,,,False,No current listing found,2026-08-14,2026-08-14T15:29:18.007503+00:00,screened_no_match
00-0039893,Brian Thomas Jr.,JAX,WR,JAX,brianthomas,,,,,,,,,,False,No current listing found,2026-08-14,2026-08-14T15:29:18.007503+00:00,screened_no_match
00-0036613,Jaylen Waddle,DEN,WR,DEN,jaylenwaddle,Jaylen Waddle,Leg,Questionable,"Aug 14, 2026",2026-08-14,https://api.myfantasyleague.com/2026/export?TYPE=injuries&JSON=1,,MyFantasyLeague,Documented public injury API,True,Current public injury listing,2026-08-14,2026-08-14T15:29:18.007503+00:00,normalized_name_and_team
00-0035676,A.J. Brown,NE,WR,NE,ajbrown,,,,,,,,,,False,No current listing found,2026-08-14,2026-08-14T15:29:18.007503+00:00,screened_no_match
00-0040735,Luther Burden III,CHI,WR,CHI,lutherburden,Luther Burden,Groin,Questionable,"Sep 13, 2026",2026-08-14,https://api.myfantasyleague.com/2026/export?TYPE=injuries&JSON=1,,MyFantasyLeague,Documented public injury API,True,Current public injury listing,2026-08-14,2026-08-14T15:29:18.007503+00:00,normalized_name_and_team
00-0039915,Ladd McConkey,LAC,WR,LAC,laddmcconkey,,,,,,,,,,False,No current listing found,2026-08-14,2026-08-14T15:29:18.007503+00:00,screened_no_match
00-0034827,DJ Moore,BUF,WR,BUF,djmoore,,,,,,,,,,False,No current listing found,2026-08-14,2026-08-14T15:29:18.007503+00:00,screened_no_match
00-0038117,Wan'Dale Robinson,TEN,WR,TEN,wandalerobinson,,,,,,,,,,False,No current listing found,2026-08-14,2026-08-14T15:29:18.007503+00:00,screened_no_match
00-0038559,Michael Wilson,AZ,WR,ARI,michaelwilson,,,,,,,,,,False,No current listing found,2026-08-14,2026-08-14T15:29:18.007503+00:00,screened_no_match
00-0036912,DeVonta Smith,PHI,WR,PHI,devontasmith,DeVonta Smith,Hamstring,Questionable,"Aug 22, 2026",2026-08-14,https://api.myfantasyleague.com/2026/export?TYPE=injuries&JSON=1,,MyFantasyLeague,Documented public injury API,True,Current public injury listing,2026-08-14,2026-08-14T15:29:18.007503+00:00,normalized_name_and_team
00-0038994,Jordan Addison,MIN,WR,MIN,jordanaddison,Jordan Addison,Thumb,Questionable,"Aug 15, 2026",2026-08-14,https://api.myfantasyleague.com/2026/export?TYPE=injuries&JSON=1,,MyFantasyLeague,Documented public injury API,True,Current public injury listing,2026-08-14,2026-08-14T15:29:18.007503+00:00,normalized_name_and_team
00-0036252,Michael Pittman,PIT,WR,PIT,michaelpittman,Michael Pittman,Leg,Questionable,"Aug 21, 2026",2026-08-14,https://api.myfantasyleague.com/2026/export?TYPE=injuries&JSON=1,,MyFantasyLeague,Documented public injury API,True,Current public injury listing,2026-08-14,2026-08-14T15:29:18.007503+00:00,normalized_name_and_team
00-0036410,Tee Higgins,CIN,WR,CIN,teehiggins,,,,,,,,,,False,No current listing found,2026-08-14,2026-08-14T15:29:18.007503+00:00,screened_no_match
00-0039919,Rome Odunze,CHI,WR,CHI,romeodunze,,,,,,,,,,False,No current listing found,2026-08-14,2026-08-14T15:29:18.007503+00:00,screened_no_match
00-0037816,Romeo Doubs,NE,WR,NE,romeodoubs,,,,,,,,,,False,No current listing found,2026-08-14,2026-08-14T15:29:18.007503+00:00,screened_no_match
00-0031235,Odell Beckham Jr.,NYG,WR,NYG,odellbeckham,,,,,,,,,,False,No current listing found,2026-08-14,2026-08-14T15:29:18.007503+00:00,screened_no_match
00-0037664,Alec Pierce,IND,WR,IND,alecpierce,Alec Pierce,Ankle,Out,"Aug 29, 2026",2026-08-14,https://api.myfantasyleague.com/2026/export?TYPE=injuries&JSON=1,,MyFantasyLeague,Documented public injury API,True,Current public injury listing,2026-08-14,2026-08-14T15:29:18.007503+00:00,normalized_name_and_team
00-0038997,Josh Downs,IND,WR,IND,joshdowns,Josh Downs,Groin,Questionable,"Aug 22, 2026",2026-08-14,https://api.myfantasyleague.com/2026/export?TYPE=injuries&JSON=1,,MyFantasyLeague,Documented public injury API,True,Current public injury listing,2026-08-14,2026-08-14T15:29:18.007503+00:00,normalized_name_and_team
00-0038544,Quentin Johnston,LAC,WR,LAC,quentinjohnston,,,,,,,,,,False,No current listing found,2026-08-14,2026-08-14T15:29:18.007503+00:00,screened_no_match
00-0038606,Parker Washington,JAX,WR,JAX,parkerwashington,,,,,,,,,,False,No current listing found,2026-08-14,2026-08-14T15:29:18.007503+00:00,screened_no_match
00-0038608,Kayshon Boutte,NE,WR,NE,kayshonboutte,,,,,,,,,,False,No current listing found,2026-08-14,2026-08-14T15:29:18.007503+00:00,screened_no_match
00-0040705,Chimere Dike,TEN,WR,TEN,chimeredike,,,,,,,,,,False,No current listing found,2026-08-14,2026-08-14T15:29:18.007503+00:00,screened_no_match
00-0039916,Ricky Pearsall,SF,WR,SF,rickypearsall,Ricky Pearsall,Knee - PCL,IR,"Feb 15, 2027",2026-08-14,https://api.myfantasyleague.com/2026/export?TYPE=injuries&JSON=1,,MyFantasyLeague,Documented public injury API,True,Current public injury listing,2026-08-14,2026-08-14T15:29:18.007503+00:00,normalized_name_and_team
00-0035640,DK Metcalf,PIT,WR,PIT,dkmetcalf,DK Metcalf,Undisclosed,Questionable,"Aug 21, 2026",2026-08-14,https://api.myfantasyleague.com/2026/export?TYPE=injuries&JSON=1,,MyFantasyLeague,Documented public injury API,True,Current public injury listing,2026-08-14,2026-08-14T15:29:18.007503+00:00,normalized_name_and_team
00-0039337,Malik Nabers,NYG,WR,NYG,maliknabers,Malik Nabers,Knee - ACL,Questionable,"Aug 15, 2026",2026-08-14,https://api.myfantasyleague.com/2026/export?TYPE=injuries&JSON=1,,MyFantasyLeague,Documented public injury API,True,Current public injury listing,2026-08-14,2026-08-14T15:29:18.007503+00:00,normalized_name_and_team
00-0039894,Xavier Worthy,KC,WR,KC,xavierworthy,Xavier Worthy,Shoulder,Questionable,"Aug 15, 2026",2026-08-14,https://api.myfantasyleague.com/2026/export?TYPE=injuries&JSON=1,,MyFantasyLeague,Documented public injury API,True,Current public injury listing,2026-08-14,2026-08-14T15:29:18.007503+00:00,normalized_name_and_team
00-0039067,Rashee Rice,KC,WR,KC,rasheerice,,,,,,,,,,False,No current listing found,2026-08-14,2026-08-14T15:29:18.007503+00:00,screened_no_match
00-0037740,Garrett Wilson,NYJ,WR,NYJ,garrettwilson,,,,,,,,,,False,No current listing found,2026-08-14,2026-08-14T15:29:18.007503+00:00,screened_no_match
00-0040718,Travis Hunter,JAX,WR,JAX,travishunter,,,,,,,,,,False,No current listing found,2026-08-14,2026-08-14T15:29:18.007503+00:00,screened_no_match
00-0037545,Rashid Shaheed,SEA,WR,SEA,rashidshaheed,,,,,,,,,,False,No current listing found,2026-08-14,2026-08-14T15:29:18.007503+00:00,screened_no_match
00-0036259,Jauan Jennings,MIN,WR,MIN,jauanjennings,,,,,,,,,,False,No current listing found,2026-08-14,2026-08-14T15:29:18.007503+00:00,screened_no_match
00-0039868,Troy Franklin,DEN,WR,DEN,troyfranklin,,,,,,,,,,False,No current listing found,2026-08-14,2026-08-14T15:29:18.007503+00:00,screened_no_match
00-0039901,Keon Coleman,BUF,WR,BUF,keoncoleman,,,,,,,,,,False,No current listing found,2026-08-14,2026-08-14T15:29:18.007503+00:00,screened_no_match
00-0038563,Tre Tucker,LV,WR,LV,tretucker,,,,,,,,,,False,No current listing found,2026-08-14,2026-08-14T15:29:18.007503+00:00,screened_no_match
00-0038621,DeMario Douglas,NE,WR,NE,demariodouglas,,,,,,,,,,False,No current listing found,2026-08-14,2026-08-14T15:29:18.007503+00:00,screened_no_match
00-0038124,Christian Watson,GB,WR,GB,christianwatson,,,,,,,,,,False,No current listing found,2026-08-14,2026-08-14T15:29:18.007503+00:00,screened_no_match
00-0036407,Jerry Jeudy,CLE,WR,CLE,jerryjeudy,,,,,,,,,,False,No current listing found,2026-08-14,2026-08-14T15:29:18.007503+00:00,screened_no_match
00-0037261,Khalil Shakir,BUF,WR,BUF,khalilshakir,,,,,,,,,,False,No current listing found,2026-08-14,2026-08-14T15:29:18.007503+00:00,screened_no_match
00-0040170,Elic Ayomanor,TEN,WR,TEN,elicayomanor,,,,,,,,,,False,No current listing found,2026-08-14,2026-08-14T15:29:18.007503+00:00,screened_no_match
00-0034837,Calvin Ridley,TEN,WR,TEN,calvinridley,,,,,,,,,,False,No current listing found,2026-08-14,2026-08-14T15:29:18.007503+00:00,screened_no_match
00-0039491,Jalen Coker,CAR,WR,CAR,jalencoker,,,,,,,,,,False,No current listing found,2026-08-14,2026-08-14T15:29:18.007503+00:00,screened_no_match
00-0040130,Jayden Higgins,HOU,WR,HOU,jaydenhiggins,,,,,,,,,,False,No current listing found,2026-08-14,2026-08-14T15:29:18.007503+00:00,screened_no_match
00-0040727,Tre Harris,LAC,WR,LAC,treharris,,,,,,,,,,False,No current listing found,2026-08-14,2026-08-14T15:29:18.007503+00:00,screened_no_match
00-0040667,Matthew Golden,GB,WR,GB,matthewgolden,,,,,,,,,,False,No current listing found,2026-08-14,2026-08-14T15:29:18.007503+00:00,screened_no_match
00-0039410,Ryan Flournoy,DAL,WR,DAL,ryanflournoy,,,,,,,,,,False,No current listing found,2026-08-14,2026-08-14T15:29:18.007503+00:00,screened_no_match
00-0039342,Xavier Legette,CAR,WR,CAR,xavierlegette,,,,,,,,,,False,No current listing found,2026-08-14,2026-08-14T15:29:18.007503+00:00,screened_no_match
00-0040729,Jack Bech,LV,WR,LV,jackbech,,,,,,,,,,False,No current listing found,2026-08-14,2026-08-14T15:29:18.007503+00:00,screened_no_match
00-0040138,Jaylin Noel,HOU,WR,HOU,jaylinnoel,,,,,,,,,,False,No current listing found,2026-08-14,2026-08-14T15:29:18.007503+00:00,screened_no_match
00-0039890,Adonai Mitchell,NYJ,WR,NYJ,adonaimitchell,,,,,,,,,,False,No current listing found,2026-08-14,2026-08-14T15:29:18.007503+00:00,screened_no_match
00-0040237,Tez Johnson,TB,WR,TB,tezjohnson,Tez Johnson,Groin,Questionable,"Aug 14, 2026",2026-08-14,https://api.myfantasyleague.com/2026/export?TYPE=injuries&JSON=1,,MyFantasyLeague,Documented public injury API,True,Current public injury listing,2026-08-14,2026-08-14T15:29:18.007503+00:00,normalized_name_and_team
00-0040669,Isaac TeSlaa,DET,WR,DET,isaacteslaa,,,,,,,,,,False,No current listing found,2026-08-14,2026-08-14T15:29:18.007503+00:00,screened_no_match
00-0038619,Andrei Iosivas,CIN,WR,CIN,andreiiosivas,,,,,,,,,,False,No current listing found,2026-08-14,2026-08-14T15:29:18.007503+00:00,screened_no_match
00-0039146,Jayden Reed,GB,WR,GB,jaydenreed,,,,,,,,,,False,No current listing found,2026-08-14,2026-08-14T15:29:18.007503+00:00,screened_no_match
00-0033908,Cooper Kupp,SEA,WR,SEA,cooperkupp,,,,,,,,,,False,No current listing found,2026-08-14,2026-08-14T15:29:18.007503+00:00,screened_no_match
00-0038393,Dontayvion Wicks,PHI,WR,PHI,dontayvionwicks,,,,,,,,,,False,No current listing found,2026-08-14,2026-08-14T15:29:18.007503+00:00,screened_no_match
00-0040134,Pat Bryant,DEN,WR,DEN,patbryant,,,,,,,,,,False,No current listing found,2026-08-14,2026-08-14T15:29:18.007503+00:00,screened_no_match
00-0039880,Malik Washington,MIA,WR,MIA,malikwashington,,,,,,,,,,False,No current listing found,2026-08-14,2026-08-14T15:29:18.007503+00:00,screened_no_match
00-0036309,Darnell Mooney,NYG,WR,NYG,darnellmooney,,,,,,,,,,False,No current listing found,2026-08-14,2026-08-14T15:29:18.007503+00:00,screened_no_match
00-0038979,Cedric Tillman,CLE,WR,CLE,cedrictillman,Cedric Tillman,Undisclosed,Questionable,"Aug 15, 2026",2026-08-14,https://api.myfantasyleague.com/2026/export?TYPE=injuries&JSON=1,,MyFantasyLeague,Documented public injury API,True,Current public injury listing,2026-08-14,2026-08-14T15:29:18.007503+00:00,normalized_name_and_team
00-0033555,Mack Hollins,NE,WR,NE,mackhollins,,,,,,,,,,False,No current listing found,2026-08-14,2026-08-14T15:29:18.007503+00:00,screened_no_match
00-0038104,Tyquan Thornton,KC,WR,KC,tyquanthornton,,,,,,,,,,False,No current listing found,2026-08-14,2026-08-14T15:29:18.007503+00:00,screened_no_match
00-0037837,Calvin Austin III,NYG,WR,NYG,calvinaustin,,,,,,,,,,False,No current listing found,2026-08-14,2026-08-14T15:29:18.007503+00:00,screened_no_match
00-0035662,Marquise Brown,PHI,WR,PHI,marquisebrown,,,,,,,,,,False,No current listing found,2026-08-14,2026-08-14T15:29:18.007503+00:00,screened_no_match
00-0038976,Marvin Mims Jr.,DEN,WR,DEN,marvinmims,Marvin Mims,Undisclosed,Questionable,"Aug 14, 2026",2026-08-14,https://api.myfantasyleague.com/2026/export?TYPE=injuries&JSON=1,,MyFantasyLeague,Documented public injury API,True,Current public injury listing,2026-08-14,2026-08-14T15:29:18.007503+00:00,normalized_name_and_team
00-0038977,Tank Dell,HOU,WR,HOU,tankdell,Tank Dell,Knee - ACL + MCL,Questionable,"Aug 20, 2026",2026-08-14,https://api.myfantasyleague.com/2026/export?TYPE=injuries&JSON=1,,MyFantasyLeague,Documented public injury API,True,Current public injury listing,2026-08-14,2026-08-14T15:29:18.007503+00:00,normalized_name_and_team
00-0040164,Jaylin Lane,WAS,WR,WAS,jaylinlane,,,,,,,,,,False,No current listing found,2026-08-14,2026-08-14T15:29:18.007503+00:00,screened_no_match
00-0033307,Kendrick Bourne,AZ,WR,ARI,kendrickbourne,,,,,,,,,,False,No current listing found,2026-08-14,2026-08-14T15:29:18.007503+00:00,screened_no_match
00-0037291,Jalen Nailor,LV,WR,LV,jalennailor,,,,,,,,,,False,No current listing found,2026-08-14,2026-08-14T15:29:18.007503+00:00,screened_no_match
00-0039855,Jalen McMillan,TB,WR,TB,jalenmcmillan,Jalen McMillan,Knee,Questionable,"Aug 14, 2026",2026-08-14,https://api.myfantasyleague.com/2026/export?TYPE=injuries&JSON=1,,MyFantasyLeague,Documented public injury API,True,Current public injury listing,2026-08-14,2026-08-14T15:29:18.007503+00:00,normalized_name_and_team
00-0036550,Rashod Bateman,BAL,WR,BAL,rashodbateman,,,,,,,,,,False,No current listing found,2026-08-14,2026-08-14T15:29:18.007503+00:00,screened_no_match
00-0039424,Devaughn Vele,NO,WR,NO,devaughnvele,,,,,,,,,,False,No current listing found,2026-08-14,2026-08-14T15:29:18.007503+00:00,screened_no_match
00-0037614,John Metchie III,CAR,WR,CAR,johnmetchie,,,,,,,,,,False,No current listing found,2026-08-14,2026-08-14T15:29:18.007503+00:00,screened_no_match
00-0040782,Isaiah Bond,CLE,WR,CLE,isaiahbond,,,,,,,,,,False,No current listing found,2026-08-14,2026-08-14T15:29:18.007503+00:00,screened_no_match
00-0036626,Dyami Brown,WAS,WR,WAS,dyamibrown,,,,,,,,,,False,No current listing found,2026-08-14,2026-08-14T15:29:18.007503+00:00,screened_no_match
00-0038618,Xavier Hutchinson,HOU,WR,HOU,xavierhutchinson,,,,,,,,,,False,No current listing found,2026-08-14,2026-08-14T15:29:18.007503+00:00,screened_no_match
00-0037741,Jahan Dotson,ATL,WR,ATL,jahandotson,,,,,,,,,,False,No current listing found,2026-08-14,2026-08-14T15:29:18.007503+00:00,screened_no_match
00-0035535,Darius Slayton,NYG,WR,NYG,dariusslayton,,,,,,,,,,False,No current listing found,2026-08-14,2026-08-14T15:29:18.007503+00:00,screened_no_match
00-0037666,Jalen Tolbert,MIA,WR,MIA,jalentolbert,,,,,,,,,,False,No current listing found,2026-08-14,2026-08-14T15:29:18.007503+00:00,screened_no_match
00-0032775,Demarcus Robinson,SF,WR,SF,demarcusrobinson,,,,,,,,,,False,No current listing found,2026-08-14,2026-08-14T15:29:18.007503+00:00,screened_no_match
00-0037801,KaVontae Turpin,DAL,WR,DAL,kavontaeturpin,,,,,,,,,,False,No current listing found,2026-08-14,2026-08-14T15:29:18.007503+00:00,screened_no_match
00-0036988,Josh Palmer,BUF,WR,BUF,joshpalmer,,,,,,,,,,False,No current listing found,2026-08-14,2026-08-14T15:29:18.007503+00:00,screened_no_match
00-0035406,Lil'Jordan Humphrey,DEN,WR,DEN,liljordanhumphrey,,,,,,,,,,False,No current listing found,2026-08-14,2026-08-14T15:29:18.007503+00:00,screened_no_match
00-0040648,Tory Horton,SEA,WR,SEA,toryhorton,,,,,,,,,,False,No current listing found,2026-08-14,2026-08-14T15:29:18.007503+00:00,screened_no_match
00-0034775,Christian Kirk,SF,WR,SF,christiankirk,Christian Kirk,Calf,Questionable,"Aug 20, 2026",2026-08-14,https://api.myfantasyleague.com/2026/export?TYPE=injuries&JSON=1,,MyFantasyLeague,Documented public injury API,True,Current public injury listing,2026-08-14,2026-08-14T15:29:18.007503+00:00,normalized_name_and_team
00-0033921,Chris Godwin Jr.,TB,WR,TB,chrisgodwin,,,,,,,,,,False,No current listing found,2026-08-14,2026-08-14T15:29:18.007503+00:00,screened_no_match
00-0033857,JuJu Smith-Schuster,NYG,WR,NYG,jujusmithschuster,JuJu Smith-Schuster,Knee,Questionable,"Aug 15, 2026",2026-08-14,https://api.myfantasyleague.com/2026/export?TYPE=injuries&JSON=1,,MyFantasyLeague,Documented public injury API,True,Current public injury listing,2026-08-14,2026-08-14T15:29:18.007503+00:00,normalized_name_and_team
00-0038359,Xavier Smith,LA,WR,LAR,xaviersmith,,,,,,,,,,False,No current listing found,2026-08-14,2026-08-14T15:29:18.007503+00:00,screened_no_match
00-0035208,Olamide Zaccheaus,ATL,WR,ATL,olamidezaccheaus,,,,,,,,,,False,No current listing found,2026-08-14,2026-08-14T15:29:18.007503+00:00,screened_no_match
00-0040131,Kyle Williams,NE,WR,NE,kylewilliams,,,,,,,,,,False,No current listing found,2026-08-14,2026-08-14T15:29:18.007503+00:00,screened_no_match
00-0039355,Luke McCaffrey,WAS,WR,WAS,lukemccaffrey,,,,,,,,,,False,No current listing found,2026-08-14,2026-08-14T15:29:18.007503+00:00,screened_no_match
00-0036415,Van Jefferson,WAS,WR,WAS,vanjefferson,,,,,,,,,,False,No current listing found,2026-08-14,2026-08-14T15:29:18.007503+00:00,screened_no_match
00-0035500,Greg Dortch,DET,WR,DET,gregdortch,,,,,,,,,,False,No current listing found,2026-08-14,2026-08-14T15:29:18.007503+00:00,screened_no_match
00-0039451,Isaiah Williams,NYJ,WR,NYJ,isaiahwilliams,,,,,,,,,,False,No current listing found,2026-08-14,2026-08-14T15:29:18.007503+00:00,screened_no_match
00-0036980,Elijah Moore,PHI,WR,PHI,elijahmoore,,,,,,,,,,False,No current listing found,2026-08-14,2026-08-14T15:29:18.007503+00:00,screened_no_match
00-0032464,Kalif Raymond,CHI,WR,CHI,kalifraymond,,,,,,,,,,False,No current listing found,2026-08-14,2026-08-14T15:29:18.007503+00:00,screened_no_match
00-0036849,Tutu Atwell,MIA,WR,MIA,tutuatwell,,,,,,,,,,False,No current listing found,2026-08-14,2026-08-14T15:29:18.007503+00:00,screened_no_match
00-0040311,Theo Wease Jr.,MIA,WR,MIA,theowease,,,,,,,,,,False,No current listing found,2026-08-14,2026-08-14T15:29:18.007503+00:00,screened_no_match
00-0036427,Tyler Johnson,DAL,WR,DAL,tylerjohnson,,,,,,,,,,False,No current listing found,2026-08-14,2026-08-14T15:29:18.007503+00:00,screened_no_match
00-0036165,Isaiah Hodgins,NYG,WR,NYG,isaiahhodgins,,,,,,,,,,False,No current listing found,2026-08-14,2026-08-14T15:29:18.007503+00:00,screened_no_match
00-0033375,Tim Patrick,NYJ,WR,NYJ,timpatrick,,,,,,,,,,False,No current listing found,2026-08-14,2026-08-14T15:29:18.007503+00:00,screened_no_match
00-0038679,Tyrell Shavers,BUF,WR,BUF,tyrellshavers,Tyrell Shavers,Knee - ACL,Out,"Aug 15, 2026",2026-08-14,https://api.myfantasyleague.com/2026/export?TYPE=injuries&JSON=1,,MyFantasyLeague,Documented public injury API,True,Current public injury listing,2026-08-14,2026-08-14T15:29:18.007503+00:00,normalized_name_and_team
00-0039751,Jordan Whittington,LA,WR,LAR,jordanwhittington,,,,,,,,,,False,No current listing found,2026-08-14,2026-08-14T15:29:18.007503+00:00,screened_no_match
00-0036182,Nick Westbrook-Ikhine,IND,WR,IND,nickwestbrookikhine,,,,,,,,,,False,No current listing found,2026-08-14,2026-08-14T15:29:18.007503+00:00,screened_no_match
00-0040218,Jimmy Horn Jr.,CAR,WR,CAR,jimmyhorn,,,,,,,,,,False,No current listing found,2026-08-14,2026-08-14T15:29:18.007503+00:00,screened_no_match
00-0037231,Kevin Austin Jr.,NO,WR,NO,kevinaustin,,,,,,,,,,False,No current listing found,2026-08-14,2026-08-14T15:29:18.007503+00:00,screened_no_match
00-0034272,Marquez Valdes-Scantling,DAL,WR,DAL,marquezvaldesscantling,Marquez Valdes-Scantling,Knee,Questionable,"Aug 15, 2026",2026-08-14,https://api.myfantasyleague.com/2026/export?TYPE=injuries&JSON=1,,MyFantasyLeague,Documented public injury API,True,Current public injury listing,2026-08-14,2026-08-14T15:29:18.007503+00:00,normalized_name_and_team
00-0040581,Dont'e Thornton Jr.,LV,WR,LV,dontethornton,Dont'e Thornton,Undisclosed,Questionable,"Aug 20, 2026",2026-08-14,https://api.myfantasyleague.com/2026/export?TYPE=injuries&JSON=1,,MyFantasyLeague,Documented public injury API,True,Current public injury listing,2026-08-14,2026-08-14T15:29:18.007503+00:00,normalized_name_and_team
00-0039739,Roman Wilson,PIT,WR,PIT,romanwilson,,,,,,,,,,False,No current listing found,2026-08-14,2026-08-14T15:29:18.007503+00:00,screened_no_match
00-0039792,Devontez Walker,BAL,WR,BAL,devontezwalker,,,,,,,,,,False,No current listing found,2026-08-14,2026-08-14T15:29:18.007503+00:00,screened_no_match
00-0039907,Ja'Lynn Polk,NO,WR,NO,jalynnpolk,,,,,,,,,,False,No current listing found,2026-08-14,2026-08-14T15:29:18.007503+00:00,screened_no_match
00-0039394,Casey Washington,ATL,WR,ATL,caseywashington,,,,,,,,,,False,No current listing found,2026-08-14,2026-08-14T15:29:18.007503+00:00,screened_no_match
00-0039920,Malachi Corley,CLE,WR,CLE,malachicorley,,,,,,,,,,False,No current listing found,2026-08-14,2026-08-14T15:29:18.007503+00:00,screened_no_match
00-0037742,Treylon Burks,WAS,WR,WAS,treylonburks,,,,,,,,,,False,No current listing found,2026-08-14,2026-08-14T15:29:18.007503+00:00,screened_no_match
00-0040590,Konata Mumpfield,LA,WR,LAR,konatamumpfield,,,,,,,,,,False,No current listing found,2026-08-14,2026-08-14T15:29:18.007503+00:00,screened_no_match
00-0039062,Jonathan Mingo,DAL,WR,DAL,jonathanmingo,,,,,,,,,,False,No current listing found,2026-08-14,2026-08-14T15:29:18.007503+00:00,screened_no_match
00-0038938,Jalin Hyatt,NYG,WR,NYG,jalinhyatt,Jalin Hyatt,Leg,Questionable,"Aug 15, 2026",2026-08-14,https://api.myfantasyleague.com/2026/export?TYPE=injuries&JSON=1,,MyFantasyLeague,Documented public injury API,True,Current public injury listing,2026-08-14,2026-08-14T15:29:18.007503+00:00,normalized_name_and_team
00-0035359,David Sills,TB,WR,TB,davidsills,,,,,,,,,,False,No current listing found,2026-08-14,2026-08-14T15:29:18.007503+00:00,screened_no_match
00-0040009,Savion Williams,GB,WR,GB,savionwilliams,,,,,,,,,,False,No current listing found,2026-08-14,2026-08-14T15:29:18.007503+00:00,screened_no_match
00-0041438,Carnell Tate,TEN,WR,TEN,carnelltate,,,,,,,,,,False,No current listing found,2026-08-14,2026-08-14T15:29:18.007503+00:00,screened_no_match
00-0035021,Ashton Dulin,IND,WR,IND,ashtondulin,,,,,,,,,,False,No current listing found,2026-08-14,2026-08-14T15:29:18.007503+00:00,screened_no_match
00-0035645,Gunner Olszewski,NYG,WR,NYG,gunnerolszewski,Gunner Olszewski,Achilles,IR,"Feb 15, 2027",2026-08-14,https://api.myfantasyleague.com/2026/export?TYPE=injuries&JSON=1,,MyFantasyLeague,Documented public injury API,True,Current public injury listing,2026-08-14,2026-08-14T15:29:18.007503+00:00,normalized_name_and_team
00-0038839,Mitchell Tinsley,CIN,WR,CIN,mitchelltinsley,,,,,,,,,,False,No current listing found,2026-08-14,2026-08-14T15:29:18.007503+00:00,screened_no_match
00-0041397,Kaden Wetjen,PIT,WR,PIT,kadenwetjen,,,,,,,,,,False,No current listing found,2026-08-14,2026-08-14T15:29:18.007503+00:00,screened_no_match
00-0040154,Tai Felton,MIN,WR,MIN,taifelton,,,,,,,,,,False,No current listing found,2026-08-14,2026-08-14T15:29:18.007503+00:00,screened_no_match
00-0038090,Skyy Moore,GB,WR,GB,skyymoore,,,,,,,,,,False,No current listing found,2026-08-14,2026-08-14T15:29:18.007503+00:00,screened_no_match
00-0041248,Noah Thomas,CIN,WR,CIN,noahthomas,,,,,,,,,,False,No current listing found,2026-08-14,2026-08-14T15:29:18.007503+00:00,screened_no_match
00-0041550,Brenen Thompson,LAC,WR,LAC,brenenthompson,,,,,,,,,,False,No current listing found,2026-08-14,2026-08-14T15:29:18.007503+00:00,screened_no_match
00-0040172,Jordan Watkins,SF,WR,SF,jordanwatkins,,,,,,,,,,False,No current listing found,2026-08-14,2026-08-14T15:29:18.007503+00:00,screened_no_match
00-0039379,Jamari Thrash,CLE,WR,CLE,jamarithrash,Jamari Thrash,Undisclosed,IR,"Feb 15, 2027",2026-08-14,https://api.myfantasyleague.com/2026/export?TYPE=injuries&JSON=1,,MyFantasyLeague,Documented public injury API,True,Current public injury listing,2026-08-14,2026-08-14T15:29:18.007503+00:00,normalized_name_and_team
00-0040277,Jahdae Walker,CHI,WR,CHI,jahdaewalker,,,,,,,,,,False,No current listing found,2026-08-14,2026-08-14T15:29:18.007503+00:00,screened_no_match
00-0036862,Ben Skowronek,PIT,WR,PIT,benskowronek,,,,,,,,,,False,No current listing found,2026-08-14,2026-08-14T15:29:18.007503+00:00,screened_no_match
00-0035298,Scott Miller,CHI,WR,CHI,scottmiller,,,,,,,,,,False,No current listing found,2026-08-14,2026-08-14T15:29:18.007503+00:00,screened_no_match
00-0040075,LaJohntay Wester,BAL,WR,BAL,lajohntaywester,,,,,,,,,,False,No current listing found,2026-08-14,2026-08-14T15:29:18.007503+00:00,screened_no_match
00-0040184,KeAndre Lambert-Smith,LAC,WR,LAC,keandrelambertsmith,,,,,,,,,,False,No current listing found,2026-08-14,2026-08-14T15:29:18.007503+00:00,screened_no_match
00-0040582,Arian Smith,NYJ,WR,NYJ,ariansmith,,,,,,,,,,False,No current listing found,2026-08-14,2026-08-14T15:29:18.007503+00:00,screened_no_match
00-0041368,Harrison Wallace,AZ,WR,ARI,harrisonwallace,,,,,,,,,,False,No current listing found,2026-08-14,2026-08-14T15:29:18.007503+00:00,screened_no_match
00-0038840,Brycen Tremayne,CAR,WR,CAR,brycentremayne,,,,,,,,,,False,No current listing found,2026-08-14,2026-08-14T15:29:18.007503+00:00,screened_no_match
00-0041267,Malik McClain,NYJ,WR,NYJ,malikmcclain,,,,,,,,,,False,No current listing found,2026-08-14,2026-08-14T15:29:18.007503+00:00,screened_no_match
00-0036387,Jalen Reagor,MIA,WR,MIA,jalenreagor,,,,,,,,,,False,No current listing found,2026-08-14,2026-08-14T15:29:18.007503+00:00,screened_no_match
00-0040024,Darius Cooper,PHI,WR,PHI,dariuscooper,,,,,,,,,,False,No current listing found,2026-08-14,2026-08-14T15:29:18.007503+00:00,screened_no_match
00-0041051,Zavion Thomas,CHI,WR,CHI,zavionthomas,Zavion Thomas,Knee,Questionable,"Aug 15, 2026",2026-08-14,https://api.myfantasyleague.com/2026/export?TYPE=injuries&JSON=1,,MyFantasyLeague,Documented public injury API,True,Current public injury listing,2026-08-14,2026-08-14T15:29:18.007503+00:00,normalized_name_and_team
00-0036630,Tylan Wallace,CLE,WR,CLE,tylanwallace,,,,,,,,,,False,No current listing found,2026-08-14,2026-08-14T15:29:18.007503+00:00,screened_no_match
00-0034386,Justin Watson,HOU,WR,HOU,justinwatson,,,,,,,,,,False,No current listing found,2026-08-14,2026-08-14T15:29:18.007503+00:00,screened_no_match
00-0039884,Tahj Washington,MIA,WR,MIA,tahjwashington,,,,,,,,,,False,No current listing found,2026-08-14,2026-08-14T15:29:18.007503+00:00,screened_no_match
00-0038640,Jalen Brooks,AZ,WR,ARI,jalenbrooks,,,,,,,,,,False,No current listing found,2026-08-14,2026-08-14T15:29:18.007503+00:00,screened_no_match
00-0033589,David Moore,CAR,WR,CAR,davidmoore,,,,,,,,,,False,No current listing found,2026-08-14,2026-08-14T15:29:18.007503+00:00,screened_no_match
00-0038573,Derius Davis,LAC,WR,LAC,deriusdavis,,,,,,,,,,False,No current listing found,2026-08-14,2026-08-14T15:29:18.007503+00:00,screened_no_match
00-0041374,Sincere Brown,LAC,WR,LAC,sincerebrown,,,,,,,,,,False,No current listing found,2026-08-14,2026-08-14T15:29:18.007503+00:00,screened_no_match
00-0034419,Braxton Berrios,NYG,WR,NYG,braxtonberrios,,,,,,,,,,False,No current listing found,2026-08-14,2026-08-14T15:29:18.007503+00:00,screened_no_match
00-0038647,Ronnie Bell,NO,WR,NO,ronniebell,,,,,,,,,,False,No current listing found,2026-08-14,2026-08-14T15:29:18.007503+00:00,screened_no_match
00-0041511,Omar Cooper,NYJ,WR,NYJ,omarcooper,,,,,,,,,,False,No current listing found,2026-08-14,2026-08-14T15:29:18.007503+00:00,screened_no_match
00-0034418,Cedrick Wilson Jr.,DET,WR,DET,cedrickwilson,,,,,,,,,,False,No current listing found,2026-08-14,2026-08-14T15:29:18.007503+00:00,screened_no_match
00-0041373,Jerand Bradley,LAC,WR,LAC,jerandbradley,,,,,,,,,,False,No current listing found,2026-08-14,2026-08-14T15:29:18.007503+00:00,screened_no_match
00-0036331,Devin Duvernay,AZ,WR,ARI,devinduvernay,,,,,,,,,,False,No current listing found,2026-08-14,2026-08-14T15:29:18.007503+00:00,screened_no_match
00-0040563,Efton Chism III,NE,WR,NE,eftonchism,,,,,,,,,,False,No current listing found,2026-08-14,2026-08-14T15:29:18.007503+00:00,screened_no_match
00-0040646,Jalen Royals,KC,WR,KC,jalenroyals,,,,,,,,,,False,No current listing found,2026-08-14,2026-08-14T15:29:18.007503+00:00,screened_no_match
00-0041047,Chris Brazzell,CAR,WR,CAR,chrisbrazzell,Chris Brazzell II,Knee,IR,"Feb 15, 2027",2026-08-14,https://api.myfantasyleague.com/2026/export?TYPE=injuries&JSON=1,,MyFantasyLeague,Documented public injury API,True,Current public injury listing,2026-08-14,2026-08-14T15:29:18.007503+00:00,normalized_name_and_team
00-0038824,Ryan Miller,NYG,WR,NYG,ryanmiller,,,,,,,,,,False,No current listing found,2026-08-14,2026-08-14T15:29:18.007503+00:00,screened_no_match
00-0040241,Dominic Lovett,DET,WR,DET,dominiclovett,,,,,,,,,,False,No current listing found,2026-08-14,2026-08-14T15:29:18.007503+00:00,screened_no_match
00-0038891,Shedrick Jackson,LV,WR,LV,shedrickjackson,,,,,,,,,,False,No current listing found,2026-08-14,2026-08-14T15:29:18.007503+00:00,screened_no_match
00-0039623,Mason Tipton,NO,WR,NO,masontipton,Mason Tipton,Leg,Out,"Aug 15, 2026",2026-08-14,https://api.myfantasyleague.com/2026/export?TYPE=injuries&JSON=1,,MyFantasyLeague,Documented public injury API,True,Current public injury listing,2026-08-14,2026-08-14T15:29:18.007503+00:00,normalized_name_and_team
00-0041489,Germie Bernard,PIT,WR,PIT,germiebernard,,,,,,,,,,False,No current listing found,2026-08-14,2026-08-14T15:29:18.007503+00:00,screened_no_match
00-0040432,Beaux Collins,NYG,WR,NYG,beauxcollins,Beaux Collins,Concussion,IR,"Feb 15, 2027",2026-08-14,https://api.myfantasyleague.com/2026/export?TYPE=injuries&JSON=1,,MyFantasyLeague,Documented public injury API,True,Current public injury listing,2026-08-14,2026-08-14T15:29:18.007503+00:00,normalized_name_and_team
00-0041542,Malick Meiga,CAR,WR,CAR,malickmeiga,Malick Meiga,Undisclosed,Questionable,,2026-08-12,https://www.cbssports.com/nfl/injuries/,,CBS Sports,"Secondary public tracker, independently reviewed",True,Current public injury listing,2026-08-14,2026-08-14T15:29:18.007503+00:00,normalized_name_and_team
00-0041525,Chris Bell,MIA,WR,MIA,chrisbell,Chris Bell,Knee - ACL,Out,"Aug 15, 2026",2026-08-14,https://api.myfantasyleague.com/2026/export?TYPE=injuries&JSON=1,,MyFantasyLeague,Documented public injury API,True,Current public injury listing,2026-08-14,2026-08-14T15:29:18.007503+00:00,normalized_name_and_team
00-0039816,Anthony Gould,IND,WR,IND,anthonygould,,,,,,,,,,False,No current listing found,2026-08-14,2026-08-14T15:29:18.007503+00:00,screened_no_match
00-0041069,Colbie Young,CIN,WR,CIN,colbieyoung,,,,,,,,,,False,No current listing found,2026-08-14,2026-08-14T15:29:18.007503+00:00,screened_no_match
00-0035891,Cody White,SEA,WR,SEA,codywhite,,,,,,,,,,False,No current listing found,2026-08-14,2026-08-14T15:29:18.007503+00:00,screened_no_match
00-0040930,Camden Brown,DAL,WR,DAL,camdenbrown,,,,,,,,,,False,No current listing found,2026-08-14,2026-08-14T15:29:18.007503+00:00,screened_no_match
00-0041474,Mante Morrow,LAC,WR,LAC,mantemorrow,,,,,,,,,,False,No current listing found,2026-08-14,2026-08-14T15:29:18.007503+00:00,screened_no_match
00-0041158,Donaven McCulley,MIA,WR,MIA,donavenmcculley,,,,,,,,,,False,No current listing found,2026-08-14,2026-08-14T15:29:18.007503+00:00,screened_no_match
00-0041176,Jaden Bradley,WAS,WR,WAS,jadenbradley,,,,,,,,,,False,No current listing found,2026-08-14,2026-08-14T15:29:18.007503+00:00,screened_no_match
00-0038519,Nikko Remigio,KC,WR,KC,nikkoremigio,,,,,,,,,,False,No current listing found,2026-08-14,2026-08-14T15:29:18.007503+00:00,screened_no_match
00-0039589,Kameron Johnson,TB,WR,TB,kameronjohnson,,,,,,,,,,False,No current listing found,2026-08-14,2026-08-14T15:29:18.007503+00:00,screened_no_match
00-0040259,Gage Larvadain,CLE,WR,CLE,gagelarvadain,,,,,,,,,,False,No current listing found,2026-08-14,2026-08-14T15:29:18.007503+00:00,screened_no_match
00-0037093,Dareke Young,LV,WR,LV,darekeyoung,,,,,,,,,,False,No current listing found,2026-08-14,2026-08-14T15:29:18.007503+00:00,screened_no_match
00-0035140,Mecole Hardman,BUF,WR,BUF,mecolehardman,,,,,,,,,,False,No current listing found,2026-08-14,2026-08-14T15:29:18.007503+00:00,screened_no_match
00-0041048,Ted Hurst,TB,WR,TB,tedhurst,,,,,,,,,,False,No current listing found,2026-08-14,2026-08-14T15:29:18.007503+00:00,screened_no_match
00-0038576,Charlie Jones,CIN,WR,CIN,charliejones,,,,,,,,,,False,No current listing found,2026-08-14,2026-08-14T15:29:18.007503+00:00,screened_no_match
00-0041042,Malachi Fields,NYG,WR,NYG,malachifields,,,,,,,,,,False,No current listing found,2026-08-14,2026-08-14T15:29:18.007503+00:00,screened_no_match
00-0041070,Reggie Virgil,AZ,WR,ARI,reggievirgil,,,,,,,,,,False,No current listing found,2026-08-14,2026-08-14T15:29:18.007503+00:00,screened_no_match
00-0040870,Ja'Kobi Lane,BAL,WR,BAL,jakobilane,,,,,,,,,,False,No current listing found,2026-08-14,2026-08-14T15:29:18.007503+00:00,screened_no_match
00-0041352,Marcus Sanders,MIN,WR,MIN,marcussanders,,,,,,,,,,False,No current listing found,2026-08-14,2026-08-14T15:29:18.007503+00:00,screened_no_match
00-0041322,Jimmy Kibble,NE,WR,NE,jimmykibble,Jimmy Kibble,Undisclosed,IR,,2026-07-25,https://www.cbssports.com/nfl/injuries/,,CBS Sports,"Secondary public tracker, independently reviewed",True,Current public injury listing,2026-08-14,2026-08-14T15:29:18.007503+00:00,normalized_name_and_team
00-0041359,Wesley Grimes,SF,WR,SF,wesleygrimes,,,,,,,,,,False,No current listing found,2026-08-14,2026-08-14T15:29:18.007503+00:00,screened_no_match
00-0039521,Xavier Weaver,AZ,WR,ARI,xavierweaver,Xavier Weaver,Concussion,Questionable,"Aug 22, 2026",2026-08-14,https://api.myfantasyleague.com/2026/export?TYPE=injuries&JSON=1,,MyFantasyLeague,Documented public injury API,True,Current public injury listing,2026-08-14,2026-08-14T15:29:18.007503+00:00,normalized_name_and_team
00-0041319,Cameron Dorner,NE,WR,NE,camerondorner,,,,,,,,,,False,No current listing found,2026-08-14,2026-08-14T15:29:18.007503+00:00,screened_no_match
00-0041179,Chris Hilton,WAS,WR,WAS,chrishilton,,,,,,,,,,False,No current listing found,2026-08-14,2026-08-14T15:29:18.007503+00:00,screened_no_match
00-0041011,E.J. Williams,LV,WR,LV,ejwilliams,,,,,,,,,,False,No current listing found,2026-08-14,2026-08-14T15:29:18.007503+00:00,screened_no_match
00-0040876,Elijah Sarratt,BAL,WR,BAL,elijahsarratt,,,,,,,,,,False,No current listing found,2026-08-14,2026-08-14T15:29:18.007503+00:00,screened_no_match
00-0041446,Kendrick Law,DET,WR,DET,kendricklaw,Kendrick Law,Knee - ACL,IR,"Feb 15, 2027",2026-08-14,https://api.myfantasyleague.com/2026/export?TYPE=injuries&JSON=1,,MyFantasyLeague,Documented public injury API,True,Current public injury listing,2026-08-14,2026-08-14T15:29:18.007503+00:00,normalized_name_and_team
00-0040934,Jordan Hudson,DAL,WR,DAL,jordanhudson,,,,,,,,,,False,No current listing found,2026-08-14,2026-08-14T15:29:18.007503+00:00,screened_no_match
00-0041547,K.C. Concepcion,CLE,WR,CLE,kcconcepcion,,,,,,,,,,False,No current listing found,2026-08-14,2026-08-14T15:29:18.007503+00:00,screened_no_match
00-0041318,Kyle Dixon,NE,WR,NE,kyledixon,,,,,,,,,,False,No current listing found,2026-08-14,2026-08-14T15:29:18.007503+00:00,screened_no_match
00-0041342,Dillon Bell,MIN,WR,MIN,dillonbell,,,,,,,,,,False,No current listing found,2026-08-14,2026-08-14T15:29:18.007503+00:00,screened_no_match
00-0041293,Dane Key,DEN,WR,DEN,danekey,,,,,,,,,,False,No current listing found,2026-08-14,2026-08-14T15:29:18.007503+00:00,screened_no_match
00-0040977,Cortez Braham,BAL,WR,BAL,cortezbraham,,,,,,,,,,False,No current listing found,2026-08-14,2026-08-14T15:29:18.007503+00:00,screened_no_match
00-0041294,Joseph Manjack,DEN,WR,DEN,josephmanjack,,,,,,,,,,False,No current listing found,2026-08-14,2026-08-14T15:29:18.007503+00:00,screened_no_match
00-0041399,C.J. Daniels,LA,WR,LAR,cjdaniels,,,,,,,,,,False,No current listing found,2026-08-14,2026-08-14T15:29:18.007503+00:00,screened_no_match
00-0041035,De'Zhaun Stribling,SF,WR,SF,dezhaunstribling,,,,,,,,,,False,No current listing found,2026-08-14,2026-08-14T15:29:18.007503+00:00,screened_no_match
00-0040948,J.Michael Sturdivant,GB,WR,GB,jmichaelsturdivant,,,,,,,,,,False,No current listing found,2026-08-14,2026-08-14T15:29:18.007503+00:00,screened_no_match
00-0032951,Laquon Treadwell,IND,WR,IND,laquontreadwell,Laquon Treadwell,Hamstring,Questionable,"Aug 22, 2026",2026-08-14,https://api.myfantasyleague.com/2026/export?TYPE=injuries&JSON=1,,MyFantasyLeague,Documented public injury API,True,Current public injury listing,2026-08-14,2026-08-14T15:29:18.007503+00:00,normalized_name_and_team
00-0041287,Kole Wilson,CLE,WR,CLE,kolewilson,,,,,,,,,,False,No current listing found,2026-08-14,2026-08-14T15:29:18.007503+00:00,screened_no_match
00-0041309,Daniel Sobkowicz,HOU,WR,HOU,danielsobkowicz,,,,,,,,,,False,No current listing found,2026-08-14,2026-08-14T15:29:18.007503+00:00,screened_no_match
00-0040970,Michael Briscoe,MIN,WR,MIN,michaelbriscoe,,,,,,,,,,False,No current listing found,2026-08-14,2026-08-14T15:29:18.007503+00:00,screened_no_match
00-0041523,Caleb Douglas,MIA,WR,MIA,calebdouglas,,,,,,,,,,False,No current listing found,2026-08-14,2026-08-14T15:29:18.007503+00:00,screened_no_match
00-0041067,Bryce Lance,NO,WR,NO,brycelance,,,,,,,,,,False,No current listing found,2026-08-14,2026-08-14T15:29:18.007503+00:00,screened_no_match
00-0041435,Dean Patterson,TB,WR,TB,deanpatterson,,,,,,,,,,False,No current listing found,2026-08-14,2026-08-14T15:29:18.007503+00:00,screened_no_match
00-0041308,Treyvhon Saunders,HOU,WR,HOU,treyvhonsaunders,,,,,,,,,,False,No current listing found,2026-08-14,2026-08-14T15:29:18.007503+00:00,screened_no_match
00-0040900,Anthony Smith,DAL,WR,DAL,anthonysmith,,,,,,,,,,False,No current listing found,2026-08-14,2026-08-14T15:29:18.007503+00:00,screened_no_match
00-0040534,Ke'Shawn Williams,CIN,WR,CIN,keshawnwilliams,,,,,,,,,,False,No current listing found,2026-08-14,2026-08-14T15:29:18.007503+00:00,screened_no_match
00-0040867,Makai Lemon,PHI,WR,PHI,makailemon,Makai Lemon,Hamstring,Questionable,"Aug 22, 2026",2026-08-14,https://api.myfantasyleague.com/2026/export?TYPE=injuries&JSON=1,,MyFantasyLeague,Documented public injury API,True,Current public injury listing,2026-08-14,2026-08-14T15:29:18.007503+00:00,normalized_name_and_team
00-0040954,Omari Evans,KC,WR,KC,omarievans,,,,,,,,,,False,No current listing found,2026-08-14,2026-08-14T15:29:18.007503+00:00,screened_no_match
00-0041476,Rashad Rochelle,SEA,WR,SEA,rashadrochelle,,,,,,,,,,False,No current listing found,2026-08-14,2026-08-14T15:29:18.007503+00:00,screened_no_match
00-0041037,Denzel Boston,CLE,WR,CLE,denzelboston,,,,,,,,,,False,No current listing found,2026-08-14,2026-08-14T15:29:18.007503+00:00,screened_no_match
00-0041020,Xavier Loyd,KC,WR,KC,xavierloyd,,,,,,,,,,False,No current listing found,2026-08-14,2026-08-14T15:29:18.007503+00:00,screened_no_match
00-0041152,Kobe Prentice,CAR,WR,CAR,kobeprentice,,,,,,,,,,False,No current listing found,2026-08-14,2026-08-14T15:29:18.007503+00:00,screened_no_match
00-0041451,Brock Rechsteiner,NO,WR,NO,brockrechsteiner,,,,,,,,,,False,No current listing found,2026-08-14,2026-08-14T15:29:18.007503+00:00,screened_no_match
00-0041185,Vinny Anthony,ATL,WR,ATL,vinnyanthony,,,,,,,,,,False,No current listing found,2026-08-14,2026-08-14T15:29:18.007503+00:00,screened_no_match
00-0041100,Josh Cameron,JAX,WR,JAX,joshcameron,,,,,,,,,,False,No current listing found,2026-08-14,2026-08-14T15:29:18.007503+00:00,screened_no_match
00-0040953,Jeff Caldwell,KC,WR,KC,jeffcaldwell,,,,,,,,,,False,No current listing found,2026-08-14,2026-08-14T15:29:18.007503+00:00,screened_no_match
00-0041040,Antonio Williams,WAS,WR,WAS,antoniowilliams,,,,,,,,,,False,No current listing found,2026-08-14,2026-08-14T15:29:18.007503+00:00,screened_no_match
00-0041407,Kyron Hudson,CHI,WR,CHI,kyronhudson,Kyron Hudson,Undisclosed,IR,,2026-08-11,https://www.cbssports.com/nfl/injuries/,,CBS Sports,"Secondary public tracker, independently reviewed",True,Current public injury listing,2026-08-14,2026-08-14T15:29:18.007503+00:00,normalized_name_and_team
00-0032208,Phillip Dorsett,LV,WR,LV,phillipdorsett,,,,,,,,,,False,No current listing found,2026-08-14,2026-08-14T15:29:18.007503+00:00,screened_no_match
00-0041106,C.J. Williams,JAX,WR,JAX,cjwilliams,,,,,,,,,,False,No current listing found,2026-08-14,2026-08-14T15:29:18.007503+00:00,screened_no_match
00-0041317,Nick DeGennaro,NE,WR,NE,nickdegennaro,,,,,,,,,,False,No current listing found,2026-08-14,2026-08-14T15:29:18.007503+00:00,screened_no_match
00-0040986,Ty Pezza,BAL,WR,BAL,typezza,,,,,,,,,,False,No current listing found,2026-08-14,2026-08-14T15:29:18.007503+00:00,screened_no_match
00-0040895,Emmanuel Henderson,SEA,WR,SEA,emmanuelhenderson,,,,,,,,,,False,No current listing found,2026-08-14,2026-08-14T15:29:18.007503+00:00,screened_no_match
00-0041004,Chase Roberts,LV,WR,LV,chaseroberts,,,,,,,,,,False,No current listing found,2026-08-14,2026-08-14T15:29:18.007503+00:00,screened_no_match
00-0041168,Omari Kelly,CHI,WR,CHI,omarikelly,,,,,,,,,,False,No current listing found,2026-08-14,2026-08-14T15:29:18.007503+00:00,screened_no_match
00-0041292,Kolbe Katsis,DEN,WR,DEN,kolbekatsis,,,,,,,,,,False,No current listing found,2026-08-14,2026-08-14T15:29:18.007503+00:00,screened_no_match
00-0041205,Brady Boyd,JAX,WR,JAX,bradyboyd,,,,,,,,,,False,No current listing found,2026-08-14,2026-08-14T15:29:18.007503+00:00,screened_no_match
00-0040912,Hank Beatty,TEN,WR,TEN,hankbeatty,,,,,,,,,,False,No current listing found,2026-08-14,2026-08-14T15:29:18.007503+00:00,screened_no_match
00-0041005,Corey Rucker,LV,WR,LV,coreyrucker,Corey Rucker,Undisclosed,IR,,2026-07-23,https://www.cbssports.com/nfl/injuries/,,CBS Sports,"Secondary public tracker, independently reviewed",True,Current public injury listing,2026-08-14,2026-08-14T15:29:18.007503+00:00,normalized_name_and_team
00-0038752,Jake Bobo,SEA,WR,SEA,jakebobo,,,,,,,,,,False,No current listing found,2026-08-14,2026-08-14T15:29:18.007503+00:00,screened_no_match
00-0041187,Le'Meke Brockington,ATL,WR,ATL,lemekebrockington,,,,,,,,,,False,No current listing found,2026-08-14,2026-08-14T15:29:18.007503+00:00,screened_no_match
00-0041201,D.T. Sheffield,NYJ,WR,NYJ,dtsheffield,,,,,,,,,,False,No current listing found,2026-08-14,2026-08-14T15:29:18.007503+00:00,screened_no_match
00-0041529,Kevin Coleman,MIA,WR,MIA,kevincoleman,Kevin Coleman,Undisclosed,Questionable,"Aug 14, 2026",2026-08-14,https://api.myfantasyleague.com/2026/export?TYPE=injuries&JSON=1,,MyFantasyLeague,Documented public injury API,True,Current public injury listing,2026-08-14,2026-08-14T15:29:18.007503+00:00,normalized_name_and_team
00-0041229,E.J. Horton,IND,WR,IND,ejhorton,,,,,,,,,,False,No current listing found,2026-08-14,2026-08-14T15:29:18.007503+00:00,screened_no_match
00-0040890,Cyrus Allen,KC,WR,KC,cyrusallen,,,,,,,,,,False,No current listing found,2026-08-14,2026-08-14T15:29:18.007503+00:00,screened_no_match
00-0040603,Mario Williams,LA,WR,LAR,mariowilliams,,,,,,,,,,False,No current listing found,2026-08-14,2026-08-14T15:29:18.007503+00:00,screened_no_match
00-0041132,Deion Burks,IND,WR,IND,deionburks,,,,,,,,,,False,No current listing found,2026-08-14,2026-08-14T15:29:18.007503+00:00,screened_no_match
00-0041266,Keelan Marion,ATL,WR,ATL,keelanmarion,,,,,,,,,,False,No current listing found,2026-08-14,2026-08-14T15:29:18.007503+00:00,screened_no_match
00-0040522,Xavier Restrepo,TEN,WR,TEN,xavierrestrepo,,,,,,,,,,False,No current listing found,2026-08-14,2026-08-14T15:29:18.007503+00:00,screened_no_match
00-0041481,Terrill Davis,MIN,WR,MIN,terrilldavis,,,,,,,,,,False,No current listing found,2026-08-14,2026-08-14T15:29:18.007503+00:00,screened_no_match
00-0040919,Tyren Montgomery,TEN,WR,TEN,tyrenmontgomery,,,,,,,,,,False,No current listing found,2026-08-14,2026-08-14T15:29:18.007503+00:00,screened_no_match
00-0041233,Raylen Sharpe,IND,WR,IND,raylensharpe,,,,,,,,,,False,No current listing found,2026-08-14,2026-08-14T15:29:18.007503+00:00,screened_no_match
00-0040967,Jacob De Jesus,KC,WR,KC,jacobdejesus,,,,,,,,,,False,No current listing found,2026-08-14,2026-08-14T15:29:18.007503+00:00,screened_no_match
00-0040894,Malik Benson,LV,WR,LV,malikbenson,,,,,,,,,,False,No current listing found,2026-08-14,2026-08-14T15:29:18.007503+00:00,screened_no_match
00-0040989,Octavian Smith,BAL,WR,BAL,octaviansmith,,,,,,,,,,False,No current listing found,2026-08-14,2026-08-14T15:29:18.007503+00:00,screened_no_match
00-0041380,Devonte Ross,LAC,WR,LAC,devonteross,,,,,,,,,,False,No current listing found,2026-08-14,2026-08-14T15:29:18.007503+00:00,screened_no_match
00-0041467,Lewis Bond,HOU,WR,HOU,lewisbond,,,,,,,,,,False,No current listing found,2026-08-14,2026-08-14T15:29:18.007503+00:00,screened_no_match
00-0038496,Xavier Gipson,NYG,WR,NYG,xaviergipson,,,,,,,,,,False,No current listing found,2026-08-14,2026-08-14T15:29:18.007503+00:00,screened_no_match
00-0041272,Ja'Mori Maclin,BUF,WR,BUF,jamorimaclin,,,,,,,,,,False,No current listing found,2026-08-14,2026-08-14T15:29:18.007503+00:00,screened_no_match
00-0041299,Cam Ross,DEN,WR,DEN,camross,,,,,,,,,,False,No current listing found,2026-08-14,2026-08-14T15:29:18.007503+00:00,screened_no_match
00-0040785,Dohnte Meyers,CIN,WR,CIN,dohntemeyers,,,,,,,,,,False,No current listing found,2026-08-14,2026-08-14T15:29:18.007503+00:00,screened_no_match
00-0040506,Myles Price,MIN,WR,MIN,mylesprice,,,,,,,,,,False,No current listing found,2026-08-14,2026-08-14T15:29:18.007503+00:00,screened_no_match
00-0038590,Justin Shorter,LV,WR,LV,justinshorter,Justin Shorter,Undisclosed,IR,"Feb 15, 2027",2026-08-14,https://api.myfantasyleague.com/2026/export?TYPE=injuries&JSON=1,,MyFantasyLeague,Documented public injury API,True,Current public injury listing,2026-08-14,2026-08-14T15:29:18.007503+00:00,normalized_name_and_team
00-0036955,Terrace Marshall Jr.,MIA,WR,MIA,terracemarshall,,,,,,,,,,False,No current listing found,2026-08-14,2026-08-14T15:29:18.007503+00:00,screened_no_match
00-0041228,Sahmir Hagans,IND,WR,IND,sahmirhagans,,,,,,,,,,False,No current listing found,2026-08-14,2026-08-14T15:29:18.007503+00:00,screened_no_match
00-0041361,Will Pauling,SF,WR,SF,willpauling,,,,,,,,,,False,No current listing found,2026-08-14,2026-08-14T15:29:18.007503+00:00,screened_no_match
00-0041199,Caullin Lacy,NYJ,WR,NYJ,caullinlacy,,,,,,,,,,False,No current listing found,2026-08-14,2026-08-14T15:29:18.007503+00:00,screened_no_match
00-0040653,Ricky White III,SEA,WR,SEA,rickywhite,,,,,,,,,,False,No current listing found,2026-08-14,2026-08-14T15:29:18.007503+00:00,screened_no_match
00-0041536,Kyre Duplessis,DET,WR,DET,kyreduplessis,,,,,,,,,,False,No current listing found,2026-08-14,2026-08-14T15:29:18.007503+00:00,screened_no_match
00-0041220,Michael Wortham,JAX,WR,JAX,michaelwortham,,,,,,,,,,False,No current listing found,2026-08-14,2026-08-14T15:29:18.007503+00:00,screened_no_match
00-0041475,Trayvon Rudolph,MIN,WR,MIN,trayvonrudolph,,,,,,,,,,False,No current listing found,2026-08-14,2026-08-14T15:29:18.007503+00:00,screened_no_match
00-0041257,Eric Rivers,TB,WR,TB,ericrivers,,,,,,,,,,False,No current listing found,2026-08-14,2026-08-14T15:29:18.007503+00:00,screened_no_match
00-0041216,Trebor Pena,JAX,WR,JAX,treborpena,,,,,,,,,,False,No current listing found,2026-08-14,2026-08-14T15:29:18.007503+00:00,screened_no_match
00-0041443,Skyler Bell,BUF,WR,BUF,skylerbell,,,,,,,,,,False,No current listing found,2026-08-14,2026-08-14T15:29:18.007503+00:00,screened_no_match
00-0040247,Junior Bergen,SF,WR,SF,juniorbergen,,,,,,,,,,False,No current listing found,2026-08-14,2026-08-14T15:29:18.007503+00:00,screened_no_match
00-0038941,Tyler Scott,LA,WR,LAR,tylerscott,,,,,,,,,,False,No current listing found,2026-08-14,2026-08-14T15:29:18.007503+00:00,screened_no_match
00-0038728,Jared Wayne,HOU,WR,HOU,jaredwayne,,,,,,,,,,False,No current listing found,2026-08-14,2026-08-14T15:29:18.007503+00:00,screened_no_match
00-0040317,Jacoby Jones,WAS,WR,WAS,jacobyjones,,,,,,,,,,False,No current listing found,2026-08-14,2026-08-14T15:29:18.007503+00:00,screened_no_match
00-0037828,Danny Gray,PHI,WR,PHI,dannygray,Danny Gray,Concussion,Questionable,"Aug 15, 2026",2026-08-14,https://api.myfantasyleague.com/2026/export?TYPE=injuries&JSON=1,,MyFantasyLeague,Documented public injury API,True,Current public injury listing,2026-08-14,2026-08-14T15:29:18.007503+00:00,normalized_name_and_team
00-0041029,Jordyn Tyson,NO,WR,NO,jordyntyson,Jordyn Tyson,Hamstring,Questionable,"Aug 15, 2026",2026-08-14,https://api.myfantasyleague.com/2026/export?TYPE=injuries&JSON=1,,MyFantasyLeague,Documented public injury API,True,Current public injury listing,2026-08-14,2026-08-14T15:29:18.007503+00:00,normalized_name_and_team
00-0037098,Samori Toure,PHI,WR,PHI,samoritoure,,,,,,,,,,False,No current listing found,2026-08-14,2026-08-14T15:29:18.007503+00:00,screened_no_match
00-0039365,Jacob Cowing,SF,WR,SF,jacobcowing,Jacob Cowing,Hip,Questionable,"Aug 20, 2026",2026-08-14,https://api.myfantasyleague.com/2026/export?TYPE=injuries&JSON=1,,MyFantasyLeague,Documented public injury API,True,Current public injury listing,2026-08-14,2026-08-14T15:29:18.007503+00:00,normalized_name_and_team
00-0039437,Cornelius Johnson,BAL,WR,BAL,corneliusjohnson,,,,,,,,,,False,No current listing found,2026-08-14,2026-08-14T15:29:18.007503+00:00,screened_no_match
00-0039397,Tejhaun Palmer,AZ,WR,ARI,tejhaunpalmer,,,,,,,,,,False,No current listing found,2026-08-14,2026-08-14T15:29:18.007503+00:00,screened_no_match
00-0039236,Johnny Wilson,PHI,WR,PHI,johnnywilson,,,,,,,,,,False,No current listing found,2026-08-14,2026-08-14T15:29:18.007503+00:00,screened_no_match
00-0038953,Dylan Drummond,ATL,WR,ATL,dylandrummond,,,,,,,,,,False,No current listing found,2026-08-14,2026-08-14T15:29:18.007503+00:00,screened_no_match
00-0041044,Zachariah Branch,ATL,WR,ATL,zachariahbranch,,,,,,,,,,False,No current listing found,2026-08-14,2026-08-14T15:29:18.007503+00:00,screened_no_match
00-0039415,Brenden Rice,GB,WR,GB,brendenrice,,,,,,,,,,False,No current listing found,2026-08-14,2026-08-14T15:29:18.007503+00:00,screened_no_match
00-0039747,Ainias Smith,CAR,WR,CAR,ainiassmith,,,,,,,,,,False,No current listing found,2026-08-14,2026-08-14T15:29:18.007503+00:00,screened_no_match
00-0040406,Quentin Skinner,NYJ,WR,NYJ,quentinskinner,,,,,,,,,,False,No current listing found,2026-08-14,2026-08-14T15:29:18.007503+00:00,screened_no_match
00-0041491,Aaron Anderson,CLE,WR,CLE,aaronanderson,,,,,,,,,,False,No current listing found,2026-08-14,2026-08-14T15:29:18.007503+00:00,screened_no_match
00-0039386,Bub Means,NO,WR,NO,bubmeans,,,,,,,,,,False,No current listing found,2026-08-14,2026-08-14T15:29:18.007503+00:00,screened_no_match
00-0038632,Colton Dowell,SF,WR,SF,coltondowell,,,,,,,,,,False,No current listing found,2026-08-14,2026-08-14T15:29:18.007503+00:00,screened_no_match
00-0036271,Quez Watkins,PHI,WR,PHI,quezwatkins,,,,,,,,,,False,No current listing found,2026-08-14,2026-08-14T15:29:18.007503+00:00,screened_no_match
00-0040388,Jakobie Keeney-James,GB,WR,GB,jakobiekeeneyjames,,,,,,,,,,False,No current listing found,2026-08-14,2026-08-14T15:29:18.007503+00:00,screened_no_match
00-0039052,Trey Palmer,NO,WR,NO,treypalmer,,,,,,,,,,False,No current listing found,2026-08-14,2026-08-14T15:29:18.007503+00:00,screened_no_match
00-0036959,Michael Bandy,DEN,WR,DEN,michaelbandy,,,,,,,,,,False,No current listing found,2026-08-14,2026-08-14T15:29:18.007503+00:00,screened_no_match
00-0037300,Mike Woods,DEN,WR,DEN,mikewoods,,,,,,,,,,False,No current listing found,2026-08-14,2026-08-14T15:29:18.007503+00:00,screened_no_match
00-0036345,K.J. Osborn,TEN,WR,TEN,kjosborn,,,,,,,,,,False,No current listing found,2026-08-14,2026-08-14T15:29:18.007503+00:00,screened_no_match
00-0038612,A.T. Perry,PIT,WR,PIT,atperry,,,,,,,,,,False,No current listing found,2026-08-14,2026-08-14T15:29:18.007503+00:00,screened_no_match
00-0036635,Ihmir Smith-Marsette,AZ,WR,ARI,ihmirsmithmarsette,,,,,,,,,,False,No current listing found,2026-08-14,2026-08-14T15:29:18.007503+00:00,screened_no_match
00-0039392,Jha'Quan Jackson,HOU,WR,HOU,jhaquanjackson,,,,,,,,,,False,No current listing found,2026-08-14,2026-08-14T15:29:18.007503+00:00,screened_no_match
00-0039650,Bryce Oliver,TEN,WR,TEN,bryceoliver,,,,,,,,,,False,No current listing found,2026-08-14,2026-08-14T15:29:18.007503+00:00,screened_no_match
00-0036646,Simi Fehoko,AZ,WR,ARI,simifehoko,,,,,,,,,,False,No current listing found,2026-08-14,2026-08-14T15:29:18.007503+00:00,screened_no_match
00-0036176,Mason Kinsey,TEN,WR,TEN,masonkinsey,,,,,,,,,,False,No current listing found,2026-08-14,2026-08-14T15:29:18.007503+00:00,screened_no_match
00-0040431,Dalen Cambre,NYG,WR,NYG,dalencambre,,,,,,,,,,False,No current listing found,2026-08-14,2026-08-14T15:29:18.007503+00:00,screened_no_match
00-0035544,Tom Kennedy,DET,WR,DET,tomkennedy,,,,,,,,,,False,No current listing found,2026-08-14,2026-08-14T15:29:18.007503+00:00,screened_no_match
00-0036497,Tim Jones,JAX,WR,JAX,timjones,,,,,,,,,,False,No current listing found,2026-08-14,2026-08-14T15:29:18.007503+00:00,screened_no_match
00-0039710,Jeshaun Jones,MIN,WR,MIN,jeshaunjones,,,,,,,,,,False,No current listing found,2026-08-14,2026-08-14T15:29:18.007503+00:00,screened_no_match
00-0034867,Malik Turner,SF,WR,SF,malikturner,,,,,,,,,,False,No current listing found,2026-08-14,2026-08-14T15:29:18.007503+00:00,screened_no_match
00-0038492,Jason Brownlee,KC,WR,KC,jasonbrownlee,,,,,,,,,,False,No current listing found,2026-08-14,2026-08-14T15:29:18.007503+00:00,screened_no_match
00-0034487,Trent Sherfield,BUF,WR,BUF,trentsherfield,,,,,,,,,,False,No current listing found,2026-08-14,2026-08-14T15:29:18.007503+00:00,screened_no_match
00-0040086,Mac Dalena,BUF,WR,BUF,macdalena,,,,,,,,,,False,No current listing found,2026-08-14,2026-08-14T15:29:18.007503+00:00,screened_no_match
00-0036841,Austin Trammell,JAX,WR,JAX,austintrammell,,,,,,,,,,False,No current listing found,2026-08-14,2026-08-14T15:29:18.007503+00:00,screened_no_match
00-0040099,Xavier Guillory,BAL,WR,BAL,xavierguillory,,,,,,,,,,False,No current listing found,2026-08-14,2026-08-14T15:29:18.007503+00:00,screened_no_match
00-0040352,Coleman Owen,IND,WR,IND,colemanowen,,,,,,,,,,False,No current listing found,2026-08-14,2026-08-14T15:29:18.007503+00:00,screened_no_match
00-0038911,Malik Cunningham,DET,WR,DET,malikcunningham,,,,,,,,,,False,No current listing found,2026-08-14,2026-08-14T15:29:18.007503+00:00,screened_no_match
00-0040383,Bryson Green,AZ,WR,ARI,brysongreen,,,,,,,,,,False,No current listing found,2026-08-14,2026-08-14T15:29:18.007503+00:00,screened_no_match
00-0036463,Chris Blair,ATL,WR,ATL,chrisblair,,,,,,,,,,False,No current listing found,2026-08-14,2026-08-14T15:29:18.007503+00:00,screened_no_match
00-0040629,Dalevon Campbell,LAC,WR,LAC,dalevoncampbell,,,,,,,,,,False,No current listing found,2026-08-14,2026-08-14T15:29:18.007503+00:00,screened_no_match
00-0040265,Ja'Seem Reed,CAR,WR,CAR,jaseemreed,,,,,,,,,,False,No current listing found,2026-08-14,2026-08-14T15:29:18.007503+00:00,screened_no_match
00-0040375,Jordan Moore,CIN,WR,CIN,jordanmoore,,,,,,,,,,False,No current listing found,2026-08-14,2026-08-14T15:29:18.007503+00:00,screened_no_match
00-0040405,Jamaal Pritchett,NYJ,WR,NYJ,jamaalpritchett,,,,,,,,,,False,No current listing found,2026-08-14,2026-08-14T15:29:18.007503+00:00,screened_no_match
00-0040275,JP Richardson,CHI,WR,CHI,jprichardson,,,,,,,,,,False,No current listing found,2026-08-14,2026-08-14T15:29:18.007503+00:00,screened_no_match
00-0040390,Jackson Meeks,DET,WR,DET,jacksonmeeks,,,,,,,,,,False,No current listing found,2026-08-14,2026-08-14T15:29:18.007503+00:00,screened_no_match
00-0037382,Brandon Johnson,LV,WR,LV,brandonjohnson,,,,,,,,,,False,No current listing found,2026-08-14,2026-08-14T15:29:18.007503+00:00,screened_no_match
00-0040753,Will Sheppard,GB,WR,GB,willsheppard,,,,,,,,,,False,No current listing found,2026-08-14,2026-08-14T15:29:18.007503+00:00,screened_no_match
00-0040048,Traeshon Holden,DAL,WR,DAL,traeshonholden,,,,,,,,,,False,No current listing found,2026-08-14,2026-08-14T15:29:18.007503+00:00,screened_no_match
00-0040597,Brennan Presley,LA,WR,LAR,brennanpresley,,,,,,,,,,False,No current listing found,2026-08-14,2026-08-14T15:29:18.007503+00:00,screened_no_match
00-0037132,Britain Covey,PHI,WR,PHI,britaincovey,Britain Covey,Hamstring,Questionable,"Aug 15, 2026",2026-08-14,https://api.myfantasyleague.com/2026/export?TYPE=injuries&JSON=1,,MyFantasyLeague,Documented public injury API,True,Current public injury listing,2026-08-14,2026-08-14T15:29:18.007503+00:00,normalized_name_and_team
00-0040120,Jimmy Holiday,KC,WR,KC,jimmyholiday,,,,,,,,,,False,No current listing found,2026-08-14,2026-08-14T15:29:18.007503+00:00,screened_no_match
00-0040323,Chandler Brayboy,JAX,WR,JAX,chandlerbrayboy,,,,,,,,,,False,No current listing found,2026-08-14,2026-08-14T15:29:18.007503+00:00,screened_no_match
00-0040419,Garrett Greene,TB,WR,TB,garrettgreene,,,,,,,,,,False,No current listing found,2026-08-14,2026-08-14T15:29:18.007503+00:00,screened_no_match
00-0040498,Dontae Fleming,MIN,WR,MIN,dontaefleming,,,,,,,,,,False,No current listing found,2026-08-14,2026-08-14T15:29:18.007503+00:00,screened_no_match
00-0040302,A.J. Henning,MIA,WR,MIA,ajhenning,,,,,,,,,,False,No current listing found,2026-08-14,2026-08-14T15:29:18.007503+00:00,screened_no_match
00-0040361,Stephen Gosnell,BUF,WR,BUF,stephengosnell,,,,,,,,,,False,No current listing found,2026-08-14,2026-08-14T15:29:18.007503+00:00,screened_no_match
00-0040621,Montorie Foster Jr,SEA,WR,SEA,montoriefoster,,,,,,,,,,False,No current listing found,2026-08-14,2026-08-14T15:29:18.007503+00:00,screened_no_match
00-0040461,Luke Grimm,LAC,WR,LAC,lukegrimm,,,,,,,,,,False,No current listing found,2026-08-14,2026-08-14T15:29:18.007503+00:00,screened_no_match
00-0040769,Jaden Smith,DAL,WR,DAL,jadensmith,,,,,,,,,,False,No current listing found,2026-08-14,2026-08-14T15:29:18.007503+00:00,screened_no_match
00-0040617,Luke Floriea,CLE,WR,CLE,lukefloriea,,,,,,,,,,False,No current listing found,2026-08-14,2026-08-14T15:29:18.007503+00:00,screened_no_match
00-0040049,Josh Kelly,HOU,WR,HOU,joshkelly,,,,,,,,,,False,No current listing found,2026-08-14,2026-08-14T15:29:18.007503+00:00,screened_no_match
00-0040609,Tru Edwards,LA,WR,LAR,truedwards,,,,,,,,,,False,No current listing found,2026-08-14,2026-08-14T15:29:18.007503+00:00,screened_no_match
00-0040551,Nick Nash,WAS,WR,WAS,nicknash,,,,,,,,,,False,No current listing found,2026-08-14,2026-08-14T15:29:18.007503+00:00,screened_no_match
00-0040445,Courtney Jackson,TEN,WR,TEN,courtneyjackson,,,,,,,,,,False,No current listing found,2026-08-14,2026-08-14T15:29:18.007503+00:00,screened_no_match
00-0040570,Jeremiah Webb,NE,WR,NE,jeremiahwebb,Jeremiah Webb,Arm,IR,,2026-07-26,https://www.cbssports.com/nfl/injuries/,,CBS Sports,"Secondary public tracker, independently reviewed",True,Current public injury listing,2026-08-14,2026-08-14T15:29:18.007503+00:00,normalized_name_and_team
00-0040337,Eli Pancol,IND,WR,IND,elipancol,,,,,,,,,,False,No current listing found,2026-08-14,2026-08-14T15:29:18.007503+00:00,screened_no_match
00-0040558,Isaiah Neyor,GB,WR,GB,isaiahneyor,,,,,,,,,,False,No current listing found,2026-08-14,2026-08-14T15:29:18.007503+00:00,screened_no_match
00-0040053,Tyrone Broden,SEA,WR,SEA,tyronebroden,,,,,,,,,,False,No current listing found,2026-08-14,2026-08-14T15:29:18.007503+00:00,screened_no_match
00-0040298,Andrew Armstrong,KC,WR,KC,andrewarmstrong,,,,,,,,,,False,No current listing found,2026-08-14,2026-08-14T15:29:18.007503+00:00,screened_no_match
00-0040571,Gee Scott Jr.,NYJ,WR,NYJ,geescott,Gee Scott Jr.,Undisclosed,Reserve/Injured,,2026-08-01,https://www.nfl.com/transactions/league/reserve-list/2026/8,,NFL,Official reserve transaction,True,Current public injury listing,2026-08-14,2026-08-14T15:29:18.007503+00:00,normalized_name_and_team
00-0039626,Cole Burgess,PIT,WR,PIT,coleburgess,Cole Burgess,Undisclosed,IR,"Feb 15, 2027",2026-08-14,https://api.myfantasyleague.com/2026/export?TYPE=injuries&JSON=1,,MyFantasyLeague,Documented public injury API,True,Current public injury listing,2026-08-14,2026-08-14T15:29:18.007503+00:00,normalized_name_and_team
00-0039259,Dayton Wade,BAL,WR,BAL,daytonwade,Dayton Wade,Undisclosed,Questionable,"Aug 15, 2026",2026-08-14,https://api.myfantasyleague.com/2026/export?TYPE=injuries&JSON=1,,MyFantasyLeague,Documented public injury API,True,Current public injury listing,2026-08-14,2026-08-14T15:29:18.007503+00:00,normalized_name_and_team
00-0039722,JaQuae Jackson,LAC,WR,LAC,jaquaejackson,,,,,,,,,,False,No current listing found,2026-08-14,2026-08-14T15:29:18.007503+00:00,screened_no_match
00-0039473,Xavier Johnson,CIN,WR,CIN,xavierjohnson,,,,,,,,,,False,No current listing found,2026-08-14,2026-08-14T15:29:18.007503+00:00,screened_no_match
00-0037570,Dennis Houston,TB,WR,TB,dennishouston,,,,,,,,,,False,No current listing found,2026-08-14,2026-08-14T15:29:18.007503+00:00,screened_no_match
00-0037156,Irvin Charles,SEA,WR,SEA,irvincharles,,,,,,,,,,False,No current listing found,2026-08-14,2026-08-14T15:29:18.007503+00:00,screened_no_match
00-0036775,Brandon Smith,PIT,WR,PIT,brandonsmith,,,,,,,,,,False,No current listing found,2026-08-14,2026-08-14T15:29:18.007503+00:00,screened_no_match
00-0039679,Ben Nikkel,IND,WR,IND,bennikkel,,,,,,,,,,False,No current listing found,2026-08-14,2026-08-14T15:29:18.007503+00:00,screened_no_match
00-0037708,Maurice Alexander,CHI,WR,CHI,mauricealexander,,,,,,,,,,False,No current listing found,2026-08-14,2026-08-14T15:29:18.007503+00:00,screened_no_match
00-0037055,Lance McCutcheon,TEN,WR,TEN,lancemccutcheon,,,,,,,,,,False,No current listing found,2026-08-14,2026-08-14T15:29:18.007503+00:00,screened_no_match
00-0037387,Jalen Virgil,BUF,WR,BUF,jalenvirgil,,,,,,,,,,False,No current listing found,2026-08-14,2026-08-14T15:29:18.007503+00:00,screened_no_match
00-0037422,Kendric Pryor,CIN,WR,CIN,kendricpryor,,,,,,,,,,False,No current listing found,2026-08-14,2026-08-14T15:29:18.007503+00:00,screened_no_match
00-0035976,Dan Chisena,CAR,WR,CAR,danchisena,Dan Chisena,Undisclosed,IR,,2026-07-29,https://www.cbssports.com/nfl/injuries/,,CBS Sports,"Secondary public tracker, independently reviewed",True,Current public injury listing,2026-08-14,2026-08-14T15:29:18.007503+00:00,normalized_name_and_team
00-0040788,Damien Alford,NO,WR,NO,damienalford,,,,,,,,,,False,No current listing found,2026-08-14,2026-08-14T15:29:18.007503+00:00,screened_no_match
00-0041022,Jonathan Brady,LV,WR,LV,jonathanbrady,,,,,,,,,,False,No current listing found,2026-08-14,2026-08-14T15:29:18.007503+00:00,screened_no_match
00-0041215,Ben Patterson,JAX,WR,JAX,benpatterson,,,,,,,,,,False,No current listing found,2026-08-14,2026-08-14T15:29:18.007503+00:00,screened_no_match
00-0041222,Gabriel Benyard,BUF,WR,BUF,gabrielbenyard,,,,,,,,,,False,No current listing found,2026-08-14,2026-08-14T15:29:18.007503+00:00,screened_no_match
00-0041311,Jalen Walthall,NYJ,WR,NYJ,jalenwalthall,Jalen Walthall,Undisclosed,Reserve/Injured,,2026-07-31,https://www.nfl.com/transactions/league/reserve-list/2026/7,,NFL,Official reserve transaction,True,Current public injury listing,2026-08-14,2026-08-14T15:29:18.007503+00:00,normalized_name_and_team
00-0041356,Luke Wysong,MIN,WR,MIN,lukewysong,,,,,,,,,,False,No current listing found,2026-08-14,2026-08-14T15:29:18.007503+00:00,screened_no_match
00-0041516,Romello Brinson,DAL,WR,DAL,romellobrinson,,,,,,,,,,False,No current listing found,2026-08-14,2026-08-14T15:29:18.007503+00:00,screened_no_match
