feature,rows,positive_rows,positive_mean,negative_mean,spearman_rho,point_biserial_r,univariate_auc,discriminative_auc,direction,p_value,q_value,association_rank
lag1_games,9077,3339,9.564839772386943,3.9961659114674104,0.41641329500602686,0.4280752332979258,0.7417503001954885,0.7417503001954885,higher_risk,0.0,0.0,1
lag1_targets,9077,3339,33.3737646001797,8.073893342628093,0.4059693092863094,0.37831109922252365,0.7252826086207648,0.7252826086207648,higher_risk,0.0,0.0,2
lag1_receiving_yards_after_catch,9077,3339,113.55525606469003,25.713314743813175,0.410443019718559,0.3787252614905368,0.7245157961336763,0.7245157961336763,higher_risk,0.0,0.0,3
lag1_receptions,9077,3339,21.60137765798143,5.118333914255838,0.4083899128735565,0.3818773716833754,0.7244568687744601,0.7244568687744601,higher_risk,0.0,0.0,4
lag1_receiving_yards,9077,3339,252.66786463012878,54.982398048100386,0.404870394906922,0.3693341296413101,0.7224909706479118,0.7224909706479118,higher_risk,0.0,0.0,5
lag1_receiving_first_downs,9077,3339,12.20365378855945,2.688915998605786,0.4083338157958113,0.36258918114825445,0.7194704606908583,0.7194704606908583,higher_risk,0.0,0.0,6
lag1_receiving_10,9077,3339,10.202156334231805,2.207215057511328,0.40929854121826764,0.3628460670973028,0.718042242095722,0.718042242095722,higher_risk,0.0,0.0,7
lag1_offense_snaps,9077,3339,322.026654687032,97.59846636458697,0.37684660509027446,0.3834591802310353,0.7131322986545041,0.7131322986545041,higher_risk,2.9013214992384397e-282,9.671071664128132e-281,8
lag1_late6_targets,9077,3339,12.270739742437856,2.907981875217846,0.39352601707716145,0.361800446845253,0.7078391186012014,0.7078391186012014,higher_risk,1.318060252927524e-307,5.991182967852381e-306,9
lag1_receiving_16,9077,3339,5.099131476489967,1.0442662948762635,0.40463353512961797,0.34627231941613595,0.7061594278920676,0.7061594278920676,higher_risk,0.0,0.0,10
lag1_late6_receptions,9077,3339,7.857741838873914,1.83635413035901,0.39412087761452363,0.36065283890966215,0.7048291518917666,0.7048291518917666,higher_risk,1.56989113136016e-308,8.721617396445335e-307,11
lag1_late6_receiving_yards,9077,3339,91.1413596885295,19.56971070059254,0.39355475419031133,0.34626560940638346,0.704407709055637,0.704407709055637,higher_risk,1.1893997776188156e-307,5.946998888094078e-306,12
lag1_late6_receiving_yards_after_catch,9077,3339,41.02815214135969,9.143081212966191,0.3932932175943775,0.34676019432135996,0.7024656376248214,0.7024656376248214,higher_risk,3.0282564758742344e-307,1.2617735316142644e-305,13
lag1_receiving_yards_per_target,9077,3339,4.93002199582191,2.1260594637521097,0.36671547755233547,0.3237449964131466,0.7014311205979464,0.7014311205979464,higher_risk,2.0936477002480457e-267,6.1577873536707225e-266,14
lag1_receiving_yards_per_reception,9077,3339,7.564138831564608,3.3021667667977193,0.35883806796972406,0.3257348022899998,0.6971040830448816,0.6971040830448816,higher_risk,3.9314434598158414e-256,1.0920676277266226e-254,15
lag1_receiving_yards_after_catch_per_reception,9077,3339,3.841289501948498,1.6973048727186808,0.3536066204971885,0.2915204528285493,0.6933218234473685,0.6933218234473685,higher_risk,8.83947090762567e-249,2.2098677269064176e-247,16
lag1_late6_receiving_first_downs,9077,3339,4.412099430967356,0.9637504356918787,0.3844477578713942,0.3391771477128129,0.6919104636095632,0.6919104636095632,higher_risk,1.1202769444341976e-293,4.000989087264992e-292,17
lag1_receiving_20,9077,3339,3.251871817909554,0.6495294527710004,0.39003094236613883,0.33737671859532903,0.6908491448121323,0.6908491448121323,higher_risk,3.319712854244201e-302,1.2768126362477697e-300,18
lag1_receiving_first_down_rate,9077,3339,0.3621850904327206,0.16064628283111798,0.3460670123021047,0.31667631547133795,0.6860257134151135,0.6860257134151135,higher_risk,2.2511858000804128e-238,5.35996619066765e-237,19
lag1_catch_rate,9077,3339,0.4635813536067215,0.21978907585507612,0.3328055737510181,0.3321149583134833,0.6829150900074963,0.6829150900074963,higher_risk,1.295303749213668e-220,2.8158777156818875e-219,20
lag1_receiving_20_rate,9077,3339,0.09438594610255416,0.036858546033400344,0.35706886759344425,0.22970554763856876,0.6748114298407938,0.6748114298407938,higher_risk,1.2385685656660033e-253,3.259390962278956e-252,21
lag1_receiving_tds,9077,3339,1.6076669661575322,0.3236319275008714,0.36974743688104944,0.32766268644852226,0.6700624275086483,0.6700624275086483,higher_risk,8.253428362917923e-272,2.579196363411851e-270,22
lag1_receiving_air_yards,9077,3339,285.3384246780473,63.529104217497384,0.30457264537748246,0.31265910602458996,0.6684897351045571,0.6684897351045571,higher_risk,4.129945170400269e-185,8.604052438333895e-184,23
lag1_late6_receiving_air_yards,9077,3339,105.47139862234202,22.98292087835483,0.2923525694836772,0.2989012256925739,0.6536026955639338,0.6536026955639338,higher_risk,1.0229072982347654e-170,1.967129419682241e-169,24
lag2_games,9077,3339,7.794249775381851,4.151272220285814,0.25862086781940347,0.27513114088601337,0.6459737164144064,0.6459737164144064,higher_risk,4.912419416030654e-134,5.9907553854032354e-133,25
lag1_receiving_air_yards_per_target,9077,3339,4.9002613389424425,2.2975425212149,0.26209953308149825,0.23033418575186212,0.6449937163288076,0.6449937163288076,higher_risk,1.3047610815111498e-137,1.6309513518889374e-136,26
lag1_late6_receiving_20,9077,3339,1.1725067385444743,0.22865109794353433,0.3404328325243612,0.29929954067797904,0.644822205874969,0.644822205874969,higher_risk,9.603689362152931e-231,2.182656673216575e-229,27
lag2_targets,9077,3339,28.322551662174305,9.273265946322761,0.2698142384357353,0.28587312456247926,0.6439409052014851,0.6439409052014851,higher_risk,1.0364923650010923e-145,1.5242534779427827e-144,28
lag2_receptions,9077,3339,18.12608565438754,5.876089229696759,0.271286461087087,0.2880223861310226,0.6433417929846901,0.6433417929846901,higher_risk,2.774648816195782e-147,4.2040133578723965e-146,29
missing_draft_number,9077,3339,0.2500748727163821,0.5360752875566399,-0.2785056664127138,-0.27850566641270996,0.3569997925798711,0.6430002074201289,lower_risk,4.0690934968437e-155,7.015678442833965e-154,30
missing_draft_round,9077,3339,0.2500748727163821,0.5360752875566399,-0.2785056664127138,-0.27850566641270996,0.3569997925798711,0.6430002074201289,lower_risk,4.0690934968437e-155,7.015678442833965e-154,31
was_drafted,9077,3339,0.7499251272836178,0.46392471244336003,0.2785056664127138,0.27850566641270996,0.6430002074201289,0.6430002074201289,higher_risk,4.0690934968437e-155,7.015678442833965e-154,32
lag2_receiving_yards_after_catch,9077,3339,96.02815214135968,30.17532241199024,0.2692483799112039,0.2847909482913632,0.6414979773144804,0.6414979773144804,higher_risk,4.146138858137061e-145,5.923055511624374e-144,33
lag2_receiving_first_downs,9077,3339,10.356094639113508,3.1307075636110144,0.27369522580356387,0.27849882990311786,0.6414939844509019,0.6414939844509019,higher_risk,7.115593433604717e-150,1.1859322389341196e-148,34
lag2_receiving_yards,9077,3339,215.39472896076668,64.76437783199721,0.26737802104773806,0.2825978432738552,0.6412932973860783,0.6412932973860783,higher_risk,3.969631280417102e-143,5.364366595158246e-142,35
lag2_receiving_10,9077,3339,8.702905061395628,2.5988149180899267,0.2727127701850394,0.2787299853025951,0.6396377987327434,0.6396377987327434,higher_risk,8.161159564585852e-149,1.3163160588041697e-147,36
lag2_receiving_16,9077,3339,4.399820305480683,1.2563611014290694,0.27267230696060085,0.2676855228164198,0.6338382035308188,0.6338382035308188,higher_risk,9.022165704195762e-149,1.4097133912805876e-147,37
lag1_carries,9077,3339,24.992512728361785,6.775880097594981,0.2628783773796812,0.20659085100171684,0.6289433703380447,0.6289433703380447,higher_risk,2.0343625297340648e-138,2.608157089402647e-137,38
lag2_receiving_yards_per_target,9077,3339,3.85674882538485,2.067484909693885,0.2402630013528488,0.21598775262350584,0.6268759282102963,0.6268759282102963,higher_risk,5.92760640304175e-116,5.699621541386298e-115,39
lag2_receiving_20,9077,3339,2.8215034441449536,0.7884280237016382,0.26847487538674975,0.2627107678295578,0.6268706304893392,0.6268706304893392,higher_risk,2.745519934289672e-144,3.8132221309578782e-143,40
lag2_receiving_yards_per_reception,9077,3339,6.013942512397675,3.2085229277756206,0.2357913050167197,0.2214487971787158,0.6245145278123043,0.6245145278123043,higher_risk,9.47211666758923e-112,8.770478395915955e-111,41
injury_lag2_designation_count,9077,3339,3.8697214734950585,1.6584175670965493,0.24300826156568292,0.20915427536850914,0.6223168087238798,0.6223168087238798,higher_risk,1.423173877892407e-118,1.4522182427473541e-117,42
injury_lag2_injury_report_weeks,9077,3339,2.024258760107817,0.8827117462530498,0.24303669857051058,0.21768760179374702,0.6222802727172799,0.6222802727172799,higher_risk,1.336494680302806e-118,1.3921819586487563e-117,43
lag2_receiving_first_down_rate,9077,3339,0.2876665025244362,0.1543780989317128,0.23505714917515919,0.218247977174563,0.6215267697754528,0.6215267697754528,higher_risk,4.561053988234077e-111,4.146412716576434e-110,44
lag2_receiving_yards_after_catch_per_reception,9077,3339,2.9917339658569384,1.6471884850660614,0.22786108887248221,0.1918601696240839,0.6196512721680915,0.6196512721680915,higher_risk,1.7286627849138564e-104,1.4649684617914038e-103,45
lag1_rushing_yards,9077,3339,108.39592692422882,27.216974555594284,0.24461193857294702,0.20973711034868725,0.6190256452493639,0.6190256452493639,higher_risk,4.066821263879507e-120,4.420457895521203e-119,46
lag1_fumbles_total,9077,3339,1.0020964360587001,0.34750784245381666,0.26729630409669275,0.19981491081750574,0.618327050706027,0.618327050706027,higher_risk,4.841745287834744e-143,6.370717483993085e-142,47
lag1_rush_yards_per_carry,9077,3339,2.074124697166294,0.8171856252884939,0.24182073727742223,0.20040096351992326,0.617638816730276,0.617638816730276,higher_risk,1.9501858185194637e-117,1.9119468809014348e-116,48
lag2_catch_rate,9077,3339,0.36115727895844585,0.20714159551118466,0.22131786347425672,0.21722694911028234,0.6169395175639545,0.6169395175639545,higher_risk,1.103387920893348e-98,9.044163286011049e-98,49
lag2_offense_snaps,9077,3339,243.82030548068283,93.15353781805507,0.22034691823338717,0.26931527182678716,0.616709001459457,0.616709001459457,higher_risk,7.758607492889875e-98,6.256941526524093e-97,50
lag2_receiving_20_rate,9077,3339,0.07719642462225045,0.03738685340012572,0.24233072373369027,0.16882534125120446,0.6145538990130163,0.6145538990130163,higher_risk,6.3466928308588775e-118,6.346692830858878e-117,51
lag2_receiving_tds,9077,3339,1.3641808924827792,0.3861972812826769,0.25639666028714264,0.25315044710264456,0.6136763302316351,0.6136763302316351,higher_risk,8.966895266551831e-132,1.0674875317323609e-130,52
injury_lag2_injury_reported,9077,3339,0.4788858939802336,0.25304984315092366,0.2305398916628294,0.23053989166282884,0.612918025414655,0.612918025414655,higher_risk,6.494554302638177e-107,5.696977458454541e-106,53
lag1_roster_weeks,9077,3339,13.716981132075471,11.52823283373998,0.20124937501859924,0.16308899559046422,0.6129161203228823,0.6129161203228823,higher_risk,6.265987955580877e-82,4.540570982304983e-81,54
lag2_receiving_air_yards,9077,3339,247.65408805031447,73.69013593586615,0.21058877649725374,0.24477567502297498,0.6118777148210188,0.6118777148210188,higher_risk,1.573815267588246e-89,1.1572171085207691e-88,55
lag1_rushing_first_downs,9077,3339,5.740041928721174,1.5137678633670268,0.24861501874143863,0.211999206834042,0.6110689381206358,0.6110689381206358,higher_risk,5.140192770009525e-124,5.841128147738096e-123,56
lag1_receiving_40,9077,3339,0.6046720575022462,0.10003485535029627,0.3034140222240153,0.265624745748571,0.6090413202400812,0.6090413202400812,higher_risk,1.013751277465523e-183,2.027502554931046e-182,57
lag1_late6_carries,9077,3339,9.363282419886193,2.5388637155803417,0.24592688739960797,0.19668419032857987,0.6088595797043944,0.6088595797043944,higher_risk,2.1661593356056224e-121,2.4068437062284692e-120,58
lag1_rush_first_down_rate,9077,3339,0.12453392992707098,0.05294843897049478,0.23825100779697642,0.1916122848661718,0.6064535270869079,0.6064535270869079,higher_risk,4.720351708800659e-114,4.4531619894345834e-113,59
lag1_rushing_10,9077,3339,2.907756813417191,0.6993726036946671,0.24966698249164307,0.21438533909444601,0.6038130176956407,0.6038130176956407,higher_risk,4.74349517782674e-125,5.515692067240395e-124,60
lag1_rushing_12,9077,3339,2.0688828990715784,0.49355176019519,0.24329808311724613,0.21120406810614456,0.59754015072251,0.59754015072251,higher_risk,7.498638309070652e-119,7.977274796883671e-118,61
lag2_receiving_air_yards_per_target,9077,3339,3.916002220981544,2.160479474768923,0.18276405844780924,0.16467389959018894,0.5970955597164848,0.5970955597164848,higher_risk,6.741027457870635e-68,4.110382596262583e-67,62
lag1_late6_rushing_yards,9077,3339,41.3968253968254,10.322760543743465,0.22020095086889083,0.19819576853328613,0.5966361716277866,0.5966361716277866,higher_risk,1.039475943775663e-97,8.249809077584627e-97,63
lag3_receiving_yards_after_catch,9077,3339,79.57112908056304,29.772743116068316,0.19464329939215513,0.22255587241883878,0.596222349158748,0.596222349158748,higher_risk,9.240792499408723e-77,6.329309931101864e-76,64
lag3_targets,9077,3339,23.328241988619347,9.18821889159986,0.1915643127894145,0.21717018642244046,0.5962014975378385,0.5962014975378385,higher_risk,2.0709031210279313e-74,1.3447422863817735e-73,65
lag3_receptions,9077,3339,14.886193471099132,5.7899965144649705,0.19302544182196746,0.22042048137399117,0.5959324881406732,0.5959324881406732,higher_risk,1.6047300570302336e-75,1.055743458572522e-74,66
combine_vertical,9077,3339,21.77328541479485,16.13523875914953,0.16898947424091224,0.15772409405954022,0.5958482987426081,0.5958482987426081,higher_risk,2.5803988730169612e-58,1.277425184661862e-57,67
lag3_games,9077,3339,6.294399520814615,3.8211920529801326,0.17519048359458264,0.18863178865011296,0.5946139297596318,0.5946139297596318,higher_risk,1.5484129634779169e-62,8.698949233022004e-62,68
lag3_receiving_yards,9077,3339,177.74992512728363,65.41111885674451,0.18910539243557115,0.216569275231437,0.5940067796213847,0.5940067796213847,higher_risk,1.4672495976869206e-72,9.286389858777977e-72,69
combine_broad_jump,9077,3339,73.80473195567535,54.74834437086093,0.16632389275410708,0.1549403675357283,0.5939547941034227,0.5939547941034227,higher_risk,1.5138220859603875e-56,7.208676599811369e-56,70
lag3_receiving_first_downs,9077,3339,8.49685534591195,3.1758452422446846,0.19323288007286027,0.21128001376025463,0.593894979441189,0.593894979441189,higher_risk,1.1143639596483377e-75,7.429093064322251e-75,71
lag3_receiving_10,9077,3339,7.138664270739742,2.6392471244336004,0.1939215103193584,0.21181477690739656,0.5933371790089994,0.5933371790089994,higher_risk,3.3117419404284785e-76,2.2376634732624853e-75,72
lag2_roster_weeks,9077,3339,10.89278227014076,8.534681073544789,0.16165331371551234,0.14484505155022914,0.5921601193620896,0.5921601193620896,higher_risk,1.6268402650055992e-53,7.531667893544441e-53,73
lag3_receiving_16,9077,3339,3.630128781072177,1.29766469153015,0.19890107016460984,0.20458147723002484,0.5917329873477897,0.5917329873477897,higher_risk,4.5082228805293014e-80,3.17480484544317e-79,74
missing_combine_forty,9077,3339,0.2611560347409404,0.44440571627744857,-0.18233725096920889,-0.18233725096920828,0.4083751592317459,0.5916248407682541,lower_risk,1.3703989167804184e-67,8.255415161327823e-67,75
draft_round,9077,3339,2.4540281521413596,1.9986057859881492,0.159613408047788,0.09104567480555258,0.5914536956744813,0.5914536956744813,higher_risk,3.2240619726485525e-52,1.465482714840251e-51,76
draft_number,9077,3339,70.49266247379455,61.25392122690833,0.15894910280219787,0.05633275706328682,0.5912674925265597,0.5912674925265597,higher_risk,8.45806855687585e-52,3.809940791385518e-51,77
lag1_late6_rushing_first_downs,9077,3339,2.1790955375861034,0.57859881491809,0.22829255516649502,0.19750864015199382,0.5900785325803576,0.5900785325803576,higher_risk,7.063478469403136e-105,6.08920557707167e-104,78
lag1_fumbles_lost_total,9077,3339,0.480083857442348,0.16103171836876962,0.23228690418073494,0.19477659676251782,0.5895729003461629,0.5895729003461629,higher_risk,1.6434495335182823e-108,1.4673656549270378e-107,79
lag3_receiving_20,9077,3339,2.332135369871219,0.8084698501219937,0.19772787527279817,0.203441519703349,0.5877489185081074,0.5877489185081074,higher_risk,3.746569070869088e-79,2.601784076992422e-78,80
lag3_receiving_yards_per_target,9077,3339,3.0242279197961563,1.7782051006793644,0.17189266750725615,0.1596086995356993,0.5853560188529969,0.5853560188529969,higher_risk,2.8439722257042803e-60,1.4659650647960207e-59,81
lag2_fumbles_total,9077,3339,0.8691224917640012,0.3738236319275009,0.19989912902612392,0.15071868523312673,0.5849602556100778,0.5849602556100778,higher_risk,7.368964041383876e-81,5.263545743845626e-80,82
lag3_receiving_yards_after_catch_per_reception,9077,3339,2.373892451821419,1.4017404153626236,0.17167435563790803,0.14798611234874862,0.5847715471359894,0.5847715471359894,higher_risk,4.0021640911923305e-60,2.0419204546899646e-59,83
lag3_receiving_yards_per_reception,9077,3339,4.7336221150239455,2.7708118850863244,0.17070934769801274,0.1626468412441715,0.584768415478281,0.584768415478281,higher_risk,1.8025699635775032e-59,9.012849817887516e-59,84
lag2_carries,9077,3339,20.38933812518718,8.176890902753573,0.17988136523527423,0.13925578526251367,0.5840223763206592,0.5840223763206592,higher_risk,7.868365648237468e-66,4.6284503813161575e-65,85
injury_lag3_designation_count,9077,3339,3.0694818808026354,1.5428720808644127,0.1747980894332445,0.15275616078599824,0.5828057273008838,0.5828057273008838,higher_risk,2.89413676999151e-62,1.6078537611063946e-61,86
injury_lag3_injury_report_weeks,9077,3339,1.5705300988319857,0.8084698501219937,0.17471876253885496,0.15526906154903303,0.5827488094220307,0.5827488094220307,higher_risk,3.283659670094113e-62,1.8042086099418204e-61,87
lag2_rush_yards_per_carry,9077,3339,1.7297828997875553,0.7983603588418705,0.17673444167717337,0.15482715964257293,0.5819396151672862,0.5819396151672862,higher_risk,1.3039009156624881e-63,7.4085279299005e-63,88
lag3_receiving_first_down_rate,9077,3339,0.22490209043829268,0.13457982654758927,0.16810313831503335,0.15694687874130597,0.5816863162529589,0.5816863162529589,higher_risk,1.0064611472778916e-57,4.8857337246499595e-57,89
combine_bench,9077,3339,9.174004192872117,6.189787382363193,0.15348524830256866,0.15182965375047547,0.5816747552165848,0.5816747552165848,higher_risk,2.026387457947712e-48,8.810380251946575e-48,90
lag3_receiving_20_rate,9077,3339,0.06118860244851389,0.03237335673449305,0.18357029774178207,0.1329793127113404,0.5814804358557688,0.5814804358557688,higher_risk,1.7568862318947855e-68,1.0844976740091268e-67,91
lag3_catch_rate,9077,3339,0.2823271849696134,0.1758397910685521,0.162034008226859,0.15823019272188416,0.5805298472554831,0.5805298472554831,higher_risk,9.278523801192593e-54,4.335758785604015e-53,92
lag2_rushing_yards,9077,3339,89.76819407008087,33.26298361798536,0.17213472555915724,0.14653395582152606,0.5798309134492278,0.5798309134492278,higher_risk,1.9462620568732082e-60,1.0136781546214626e-59,93
lag3_receiving_tds,9077,3339,1.1506439053608866,0.393168351341931,0.18925452344516724,0.19912594281990975,0.5790567676636716,0.5790567676636716,higher_risk,1.134924153962865e-72,7.275154833095288e-72,94
injury_lag3_injury_reported,9077,3339,0.37915543575920935,0.22202858138724293,0.16878459145749788,0.16878459145749602,0.5785634271859832,0.5785634271859832,higher_risk,3.5367614672340624e-58,1.7337066015853248e-57,95
missing_combine_broad_jump,9077,3339,0.3803533992213238,0.5348553502962705,-0.14915234862359128,-0.14915234862359297,0.4227490244625266,0.5772509755374734,lower_risk,8.005454955720821e-46,3.2809241621806644e-45,96
missing_combine_vertical,9077,3339,0.3710691823899371,0.5231788079470199,-0.1470171151068522,-0.14701711510685328,0.4239451872214586,0.5760548127785414,lower_risk,1.4319256605342497e-44,5.637502600528542e-44,97
missing_combine_bench,9077,3339,0.4983528002395927,0.6497037295224817,-0.1486208994976095,-0.1486208994976106,0.4243245353585555,0.5756754646414445,lower_risk,1.6474331723910613e-45,6.696882814597811e-45,98
lag2_receiving_40,9077,3339,0.5238095238095238,0.13454165214360406,0.21066695417855558,0.2035061931792938,0.57409055877229,0.57409055877229,higher_risk,1.3549065879356335e-89,1.0111243193549504e-88,99
lag2_rushing_first_downs,9077,3339,4.711590296495957,1.782851167654235,0.1727890766920644,0.14987399455437894,0.5736096144396979,0.5736096144396979,higher_risk,6.962265505756769e-61,3.7838399487808526e-60,100
lag3_receiving_air_yards,9077,3339,203.45432764300688,76.33879400487974,0.14663075393841837,0.1829603671070092,0.5733194663529999,0.5733194663529999,higher_risk,2.4024340108891895e-44,9.384507855035896e-44,101
lag2_rush_first_down_rate,9077,3339,0.10119190248464102,0.05023445638656907,0.17103391827926367,0.14610686232131992,0.5728680639914585,0.5728680639914585,higher_risk,1.0876153918291213e-59,5.493007029440007e-59,102
lag1_rushing_20,9077,3339,0.6585804132973945,0.143429766469153,0.2220348563677661,0.19146592145499847,0.5727097325971433,0.5727097325971433,higher_risk,2.599369917814608e-99,2.16614159817884e-98,103
lag1_rushing_tds,9077,3339,0.7891584306678646,0.20128964796096202,0.21085015399268656,0.18568883002134817,0.5724889246315422,0.5724889246315422,higher_risk,9.53551489896983e-90,7.223874923461992e-89,104
lag1_rush_20_rate,9077,3339,0.01661883552007011,0.004849423697226739,0.21813982531524428,0.09812395317971337,0.5714475701520034,0.5714475701520034,higher_risk,6.331286609004231e-96,4.946317663284556e-95,105
lag3_roster_weeks,9077,3339,8.602875112309075,6.5901010805158595,0.12650877773738753,0.12130076760141567,0.5696279465375923,0.5696279465375923,higher_risk,1.887517127898704e-33,6.088764928705497e-33,106
lag4_receiving_yards_after_catch,9077,3339,63.01138065289009,27.039212269083304,0.15259700686610927,0.16949925160136256,0.5690834817478118,0.5690834817478118,higher_risk,6.999126003647305e-48,2.991079488738164e-47,107
lag2_rushing_10,9077,3339,2.4540281521413596,0.8495991634715929,0.17274393011159028,0.1560481030619752,0.5690180561988503,0.5690180561988503,higher_risk,7.474982999241476e-61,4.01880806410832e-60,108
lag4_receptions,9077,3339,11.801437556154537,5.186998954339491,0.15107401480572302,0.16902213109758502,0.5687057255367166,0.5687057255367166,higher_risk,5.765599030059746e-47,2.3824789380412174e-46,109
lag4_targets,9077,3339,18.6837376460018,8.234402230742418,0.14859334595383514,0.16827830580649009,0.5682971224971921,0.5682971224971921,higher_risk,1.7101354477341826e-45,6.89570745054106e-45,110
lag4_receiving_first_downs,9077,3339,6.839772386942198,2.8555245730219587,0.15253772680016997,0.16599374124684857,0.5675972752907718,0.5675972752907718,higher_risk,7.600827570414127e-48,3.1936250295857676e-47,111
lag4_receiving_yards,9077,3339,142.91674153938305,59.2598466364587,0.1480002303350601,0.16879276705475463,0.5673409491073262,0.5673409491073262,higher_risk,3.8145872976428636e-45,1.5258349190571454e-44,112
lag4_receiving_10,9077,3339,5.743635819107517,2.3935169048448937,0.15257695879495575,0.16529629429304593,0.5669822960082535,0.5669822960082535,higher_risk,7.197128404680004e-48,3.049630679949154e-47,113
lag4_receiving_16,9077,3339,2.9179395028451633,1.1927500871383758,0.15588918799219337,0.15880787882601696,0.5656582833233693,0.5656582833233693,higher_risk,6.828146597402478e-50,3.0213038041603883e-49,114
lag3_receiving_air_yards_per_target,9077,3339,3.0816289545757867,1.8395395033079682,0.1305629184829697,0.12496404230108608,0.5652851202102471,0.5652851202102471,higher_risk,1.615716144045596e-35,5.385720480151986e-35,115
lag4_games,9077,3339,5.020964360587002,3.2011153712094806,0.12890978730276412,0.144079914699751,0.5650034797936572,0.5650034797936572,higher_risk,1.1460409965526563e-34,3.7452320148779616e-34,116
lag2_rushing_12,9077,3339,1.7622042527702906,0.6042174973858487,0.1675933285224579,0.15426924106384016,0.5646676356015617,0.5646676356015617,higher_risk,2.1948524766801764e-57,1.0552175368654694e-56,117
lag1_receiving_fumbles,9077,3339,0.23090745732255166,0.05420006971070059,0.21336508365787854,0.20898931715910313,0.5646414079682526,0.5646414079682526,higher_risk,7.440608224945876e-92,5.723544788419904e-91,118
lag2_fumbles_lost_total,9077,3339,0.4109014675052411,0.1779365632624608,0.1727221183302891,0.14289647993106938,0.5643129231717722,0.5643129231717722,higher_risk,7.73603721442618e-61,4.114913411928819e-60,119
lag4_receiving_yards_after_catch_per_reception,9077,3339,1.8445564584394314,1.0990106961678527,0.1403322792199562,0.1235614286186893,0.5634474373697165,0.5634474373697165,higher_risk,9.154927002695439e-41,3.4160175383191937e-40,120
lag4_receiving_20,9077,3339,1.8781072177298592,0.750261415127222,0.15613446669651576,0.1574977125770426,0.5632003756736588,0.5632003756736588,higher_risk,4.817201092510494e-50,2.1505362020136135e-49,121
lag4_receiving_yards_per_reception,9077,3339,3.6796599961783794,2.142640987280646,0.13886655623809024,0.13933094118445882,0.563093325174321,0.563093325174321,higher_risk,5.924921364057351e-40,2.194415320021241e-39,122
lag4_receiving_yards_per_target,9077,3339,2.3241554159056323,1.3625851158103324,0.13837493199841505,0.13572930314630272,0.562869959688258,0.562869959688258,higher_risk,1.1036383028751411e-39,4.0574937605703716e-39,123
lag4_receiving_first_down_rate,9077,3339,0.17462266808000287,0.10326231072623375,0.1416882170886524,0.13610726273843568,0.5627899719309519,0.5627899719309519,higher_risk,1.5990995590759352e-41,6.011652477729079e-41,124
lag4_catch_rate,9077,3339,0.21416063300816732,0.13565315931007063,0.13218906776038872,0.1278683505117469,0.560117180368139,0.560117180368139,higher_risk,2.2960183293669258e-36,7.917304584023882e-36,125
lag4_receiving_20_rate,9077,3339,0.04652239868429097,0.026174487846355877,0.14783699723752627,0.10605678129031612,0.5598465529478243,0.5598465529478243,higher_risk,4.7544291283493865e-45,1.8866782255354708e-44,126
lag3_carries,9077,3339,17.252770290506138,7.60317183687696,0.1359888591610215,0.11463985428627668,0.5596878039991479,0.5596878039991479,higher_risk,2.1902925706815095e-38,7.878750254250035e-38,127
injury_lag4_designation_count,9077,3339,2.4189877208745134,1.319449285465319,0.1366835882185049,0.11792149200003038,0.5595747772530163,0.5595747772530163,higher_risk,9.225164281774636e-39,3.36684827801994e-38,128
injury_lag4_injury_report_weeks,9077,3339,1.2075471698113207,0.6707912164517253,0.13621139850395286,0.12058687051068129,0.559362450860376,0.559362450860376,higher_risk,1.661181337382794e-38,6.018772961531863e-38,129
lag3_receiving_40,9077,3339,0.4570230607966457,0.13959567793656327,0.17673741709182098,0.16947882487342578,0.5593476537777029,0.5593476537777029,higher_risk,1.2977156449061113e-63,7.4085279299005e-63,130
lag3_fumbles_total,9077,3339,0.735549565738245,0.3687696061345416,0.14250193450497745,0.11741962299229569,0.5578397866881791,0.5578397866881791,higher_risk,5.567537559674034e-42,2.1089157423007704e-41,131
lag3_rush_yards_per_carry,9077,3339,1.4140123277322445,0.7231432892156212,0.13275262986623126,0.12148576136666063,0.5577936991255681,0.5577936991255681,higher_risk,1.1611416002183432e-36,4.031741667424803e-36,132
lag4_receiving_air_yards,9077,3339,165.7831686133573,68.92924363889857,0.1259716787322286,0.14645290883955434,0.5576019111880662,0.5576019111880662,higher_risk,3.507331278351584e-33,1.1241446404973026e-32,133
lag3_offense_snaps,9077,3339,169.1069182389937,82.96392471244336,0.1195630396721873,0.1665954289909287,0.5571033773780112,0.5571033773780112,higher_risk,4.6613716045262904e-30,1.4386949396686082e-29,134
lag2_history_available,9077,3339,0.6975142258161126,0.5843499477169746,0.11277876508074558,0.11277876508074876,0.556582139049569,0.556582139049569,higher_risk,6.3101648684222155e-27,1.9121711722491563e-26,135
injury_lag4_injury_reported,9077,3339,0.29410002994908657,0.18107354478912513,0.13101054732522616,0.13101054732522463,0.5565132425799807,0.5565132425799807,higher_risk,9.465457513358145e-36,3.2000775889491827e-35,136
lag3_rushing_yards,9077,3339,76.48307876609763,31.402579295921925,0.12943935844857207,0.12136137412034576,0.5563619313183621,0.5563619313183621,higher_risk,6.134926509101655e-35,2.0180679306255447e-34,137
combine_forty,9077,3339,3.3854896685933595,2.576747995006286,0.09564488533203802,0.17405641387294196,0.5556986984099842,0.5556986984099842,higher_risk,8.095405645518739e-20,2.2240125399776755e-19,138
lag4_receiving_tds,9077,3339,0.9155435759209344,0.36580690135935867,0.1460742001080371,0.15140385807614434,0.5556638326208291,0.5556638326208291,higher_risk,5.050747444396236e-44,1.9576540482155954e-43,139
lag1_rushing_fumbles,9077,3339,0.3638814016172507,0.10421749738584873,0.1778248319454404,0.17178122560224385,0.5555739018502982,0.5555739018502982,higher_risk,2.24219404973255e-64,1.303601191704971e-63,140
years_exp,9077,3339,3.814315663372267,3.357964447542698,0.0917467282728711,0.06476458082181927,0.5544763341148908,0.5544763341148908,higher_risk,2.3202539535591534e-18,6.270956631240955e-18,141
lag4_receiving_air_yards_per_target,9077,3339,2.4099219401360594,1.4102924896677473,0.1170683655858827,0.11102419941953409,0.553530782264086,0.553530782264086,higher_risk,6.93344096935693e-29,2.126822383238322e-28,142
missing_combine_shuttle,9077,3339,0.4971548367774783,0.6033461136284419,-0.10327240556149679,-0.1032724055614977,0.4469043615745182,0.5530956384254818,lower_risk,7.680592320558531e-23,2.2070667587811874e-22,143
lag4_roster_weeks,9077,3339,6.706798442647499,5.011327988846288,0.1030639550805783,0.10608255169457932,0.5530355627917727,0.5530355627917727,higher_risk,9.354530138655082e-23,2.672722896758595e-22,144
lag3_rushing_first_downs,9077,3339,3.9856244384546273,1.6863018473335658,0.1315233679430991,0.12273337083732883,0.5525516694815049,0.5525516694815049,higher_risk,5.118355767544734e-36,1.7528615642276486e-35,145
lag3_rush_first_down_rate,9077,3339,0.08331179298074455,0.04474266563240619,0.1309952077701458,0.11856478729101705,0.5523434925353284,0.5523434925353284,higher_risk,9.64084694479976e-36,3.235183538523409e-35,146
lag3_history_available,9077,3339,0.5489667565139263,0.4456256535378181,0.09971990064572106,0.0997199006457209,0.5516705514880542,0.5516705514880542,higher_risk,2.0965868480869828e-21,5.922561717759838e-21,147
lag3_rushing_10,9077,3339,2.1024258760107815,0.8309515510630882,0.1358548911431632,0.1272115236901712,0.5509573164449296,0.5509573164449296,higher_risk,2.586455400915346e-38,9.237340717554808e-38,148
weight,9077,3339,220.13447139862234,207.5299756012548,0.08411103721319033,0.13704339068387267,0.5503381616187998,0.5503381616187998,higher_risk,1.1186194680840857e-15,2.824796636575974e-15,149
lag1_late6_rushing_20,9077,3339,0.26504941599281223,0.05472289996514465,0.1865959305905782,0.16634080642138677,0.5492049190826622,0.5492049190826622,higher_risk,1.0725482578250608e-70,6.703426611406631e-70,150
missing_combine_cone,9077,3339,0.5157232704402516,0.6136284419658418,-0.09558244398476012,-0.09558244398475901,0.45104741423720485,0.5489525857627952,lower_risk,8.551666751759954e-20,2.336520970426217e-19,151
lag2_rushing_20,9077,3339,0.5633423180592992,0.18682467758800975,0.15268025898781343,0.13811545704203837,0.5484157152429576,0.5484157152429576,higher_risk,6.233550605792436e-48,2.6868752611174297e-47,152
lag2_rush_20_rate,9077,3339,0.014346789880637575,0.005134206183691976,0.15141805136029263,0.08007458900199727,0.5480222485490247,0.5480222485490247,higher_risk,3.587402012514073e-47,1.4947508385475305e-46,153
lag2_rushing_tds,9077,3339,0.6451033243486074,0.23143952596723597,0.14464851190912,0.1350812176457895,0.5477191823742789,0.5477191823742789,higher_risk,3.345387388155648e-43,1.2768654153265832e-42,154
lag2_receiving_fumbles,9077,3339,0.19077568134171907,0.06169397002439875,0.16484952505993128,0.15755308201147888,0.5476870828827661,0.5476870828827661,higher_risk,1.4003572792902007e-55,6.605458864576418e-55,155
lag3_rushing_12,9077,3339,1.506439053608865,0.5934123387940049,0.12975176858466994,0.12543887104216922,0.5469996840157372,0.5469996840157372,higher_risk,4.2383451117044733e-35,1.403425533676978e-34,156
lag4_fumbles_total,9077,3339,0.6148547469302186,0.34280237016382015,0.1212198054882255,0.09072000449669326,0.5456994197351432,0.5456994197351432,higher_risk,7.5236340665889985e-31,2.3511356458090622e-30,157
lag4_receiving_40,9077,3339,0.3836477987421384,0.13018473335657024,0.14520506381095089,0.13973299964821068,0.5448659029388625,0.5448659029388625,higher_risk,1.6027572198930349e-43,6.164450845742442e-43,158
lag4_history_available,9077,3339,0.4249775381850854,0.33705123736493553,0.08784978326948004,0.08784978326948087,0.5439631504100749,0.5439631504100749,higher_risk,5.797530940542632e-17,1.5176782566865529e-16,159
combine_shuttle,9077,3339,2.1450793732422917,1.7029139118021728,0.08077401375078554,0.10030832451690819,0.5437940669909602,0.5437940669909602,higher_risk,1.412977495229683e-14,3.532443738074207e-14,160
lag3_fumbles_lost_total,9077,3339,0.34561245882000596,0.1789822237713489,0.12202417348426481,0.10629550547105227,0.543409264550021,0.543409264550021,higher_risk,3.076034374566702e-31,9.673064070964472e-31,161
lag4_carries,9077,3339,12.978137166816412,7.107877309166957,0.10662567726933093,0.07455414366059443,0.5429540259077866,0.5429540259077866,higher_risk,3.0523219297889167e-24,8.977417440555637e-24,162
missing_age,9077,3339,0.0,0.08417567096549321,-0.18084388501220955,-0.18084388501220836,0.4579121645172534,0.5420878354827465,lower_risk,1.619350810813663e-66,9.638992921509898e-66,163
lag4_rush_yards_per_carry,9077,3339,1.087808711141321,0.6143782977319919,0.1049313439403564,0.09342434711657482,0.5420023412273028,0.5420023412273028,higher_risk,1.5772321876174795e-23,4.611790022273332e-23,164
lag1_receiving_fumbles_lost,9077,3339,0.1278825995807128,0.029801324503311258,0.17241342308551472,0.16786312301040224,0.5417398561170305,0.5417398561170305,higher_risk,1.2568713547029076e-60,6.615112393173198e-60,165
lag1_rushing_fumbles_lost,9077,3339,0.17041030248577418,0.04792610665737191,0.16117374666363893,0.15194829321877595,0.5417033201104307,0.5417033201104307,higher_risk,3.294410848957532e-53,1.5111976371364826e-52,166
lag4_rushing_yards,9077,3339,57.74992512728362,30.04914604391774,0.10373373711446164,0.07879037900212338,0.5415332971940032,0.5415332971940032,higher_risk,4.9578325984998766e-23,1.4412304065406618e-22,167
lag2_rushing_fumbles,9077,3339,0.31476489967056004,0.11955385151620773,0.13100997557888377,0.1292532503439407,0.5395459994064464,0.5395459994064464,higher_risk,9.472229663289581e-36,3.2000775889491827e-35,168
lag1_kickoff_returns,9077,3339,1.3617849655585506,0.7155803415824329,0.10856184810030857,0.07729105867069709,0.5383318557128378,0.5383318557128378,higher_risk,4.527265423847276e-25,1.3474004237640702e-24,169
lag4_fumbles_lost_total,9077,3339,0.29499850254567234,0.1580690135935866,0.11302511592125908,0.09265761103930695,0.5372754692762979,0.5372754692762979,higher_risk,4.892037827838937e-27,1.4914749475118711e-26,170
combine_cone,9077,3339,3.3925456820793873,2.726077032737426,0.06916905085779161,0.09241861773510074,0.5372033889547059,0.5372033889547059,higher_risk,4.410265283420909e-11,9.504882076338166e-11,171
lag3_rushing_20,9077,3339,0.4998502545672357,0.18055071453468108,0.12231071233225069,0.11808423525711512,0.536486161048003,0.536486161048003,higher_risk,2.2336416174760597e-31,7.068486131253353e-31,172
lag3_rush_20_rate,9077,3339,0.011278918288482449,0.004985988119411948,0.12106720605935128,0.060489490090691385,0.5361187393073461,0.5361187393073461,higher_risk,8.909281847631731e-31,2.766857716655817e-30,173
lag4_rushing_first_downs,9077,3339,3.02994908655286,1.5859184384803067,0.09760115729817145,0.08214437964076576,0.5357980575579898,0.5357980575579898,higher_risk,1.4275678307261605e-20,3.98761963889989e-20,174
lag4_rush_first_down_rate,9077,3339,0.06357232493960097,0.03874443426115374,0.09751898125501639,0.0843449587120702,0.5357690897241857,0.5357690897241857,higher_risk,1.536580019415883e-20,4.268277831710786e-20,175
lag1_kickoff_return_yards,9077,3339,32.16921233902366,16.143952596723597,0.1008363824937285,0.07611939620142563,0.5350937477393346,0.5350937477393346,higher_risk,7.50732602615426e-22,2.132763075612006e-21,176
injury_lag5_injury_report_weeks,9077,3339,0.8334830787660976,0.5095852213314744,0.09172061694767963,0.08358554878109456,0.5347211587634587,0.5347211587634587,higher_risk,2.3719560807275473e-18,6.376226023461149e-18,177
injury_lag5_designation_count,9077,3339,1.7008086253369272,1.041477866852562,0.09156162108113242,0.07946614557081483,0.5346621531128,0.5346621531128,higher_risk,2.711899866345481e-18,7.251069161351554e-18,178
lag3_rushing_tds,9077,3339,0.525905959868224,0.22446845590798187,0.1118393551861104,0.10376330764188582,0.5344208588863554,0.5344208588863554,higher_risk,1.6576331209097256e-26,4.992870846113631e-26,179
injury_lag5_injury_reported,9077,3339,0.19946091644204852,0.13157894736842105,0.09008342953135844,0.09008342953135923,0.5339409845368137,0.5339409845368137,higher_risk,9.318460662007682e-18,2.4652012333353656e-17,180
lag3_receiving_fumbles,9077,3339,0.15753219526804432,0.06326246078773091,0.12238108379642541,0.12040207150060547,0.5336039920702251,0.5336039920702251,higher_risk,2.0645937804526904e-31,6.575139428193281e-31,181
lag4_rushing_10,9077,3339,1.590595986822402,0.8037643778319972,0.09628177268055095,0.0832509360462863,0.5332186154920393,0.5332186154920393,higher_risk,4.618786671488606e-20,1.27590792030072e-19,182
lag1_rushing_40,9077,3339,0.13117699910152741,0.028755663994423145,0.15460504809140901,0.13511008875529382,0.533065764498714,0.533065764498714,higher_risk,4.2044027726230496e-49,1.8440363037820395e-48,183
lag4_rushing_12,9077,3339,1.1437556154537287,0.5712791913558731,0.0906237151316462,0.08313745496600893,0.5300515178570777,0.5300515178570777,higher_risk,5.948367144579089e-18,1.5820125384518856e-17,184
lag2_receiving_fumbles_lost,9077,3339,0.1069182389937107,0.03468107354478912,0.1279397660651402,0.127274610856422,0.5298387217157811,0.5298387217157811,higher_risk,3.576838547053405e-34,1.161311216575781e-33,185
age,9077,3339,26.61584918618238,24.54006806230994,0.04778318575994175,0.14532166947374775,0.5286026042239172,0.5286026042239172,higher_risk,5.308620634019574e-06,1.0130955408434302e-05,186
lag2_rushing_fumbles_lost,9077,3339,0.14375561545372867,0.055942837225514117,0.1110635220422161,0.11102892387232582,0.5278582613808878,0.5278582613808878,higher_risk,3.658428247730818e-26,1.095337798721802e-25,187
lag4_offense_snaps,9077,3339,112.34710991314765,65.17270826071803,0.06575662222905508,0.1024398253886967,0.5270902745221586,0.5270902745221586,higher_risk,3.740267451824147e-10,7.89085960300453e-10,188
lag4_receiving_fumbles,9077,3339,0.12728361784965558,0.05716277448588358,0.1036005090309657,0.09623920671002459,0.5262401338428749,0.5262401338428749,higher_risk,5.627226072816168e-23,1.6263659169988925e-22,189
height,9077,3339,73.29200359389039,69.74555594283723,0.043821350719430614,0.13270511205465058,0.5261116575853813,0.5261116575853813,higher_risk,2.9828706593029292e-05,5.345646342836791e-05,190
lag3_rushing_fumbles,9077,3339,0.2578616352201258,0.12617636807249913,0.08978862599519516,0.09101862167964486,0.5260769744762589,0.5260769744762589,higher_risk,1.189174650819574e-17,3.1294069758409844e-17,191
lag1_late6_kickoff_return_yards,9077,3339,12.613656783468103,6.5803415824329035,0.08689308869563463,0.06348951927732416,0.5242192490263937,0.5242192490263937,higher_risk,1.2512923031078868e-16,3.258573706010122e-16,192
missing_height,9077,3339,0.0,0.04810038340885326,-0.13508790549622834,-0.135087905496229,0.4759498082955734,0.5240501917044267,lower_risk,6.679323936169724e-38,2.3685545872942285e-37,193
lag1_punt_returns,9077,3339,1.31476489967056,0.5650052283025444,0.0924633926279023,0.085305108492323,0.5240231289623951,0.5240231289623951,higher_risk,1.264961523405813e-18,3.4373954440375358e-18,194
missing_weight,9077,3339,0.0,0.04792610665737191,-0.13483529894808027,-0.13483529894808102,0.476036946671314,0.523963053328686,lower_risk,9.118334159862615e-38,3.210681042205146e-37,195
lag1_late6_mean_delta_targets,9077,3339,0.12666648499138808,0.015035330080620376,0.04302333306810916,0.04756936418616809,0.5238583515726297,0.5238583515726297,higher_risk,4.153977116512379e-05,7.287679151776104e-05,196
missing_years_exp,9077,3339,0.0,0.047228999651446495,-0.13382068310073925,-0.1338206831007404,0.4763855001742768,0.5236144998257233,lower_risk,3.1649765405849662e-37,1.1066351540506874e-36,197
lag1_attempts,9077,3339,28.814615154237796,11.349947716974556,0.08006580345482213,0.09570769830660386,0.523567942514456,0.523567942514456,higher_risk,2.389715605862866e-14,5.828574648446014e-14,198
lag4_rushing_20,9077,3339,0.3863432165318958,0.17619379574764726,0.08537616674568346,0.08169850968068232,0.5231194108391476,0.5231194108391476,higher_risk,4.166877239907129e-16,1.0684300615146485e-15,199
lag4_rush_20_rate,9077,3339,0.008366969057452798,0.0042033105662661295,0.0850578272582907,0.04735983835148899,0.5230344646238029,0.5230344646238029,higher_risk,5.349535777290114e-16,1.357750197281755e-15,200
lag1_passing_air_yards,9077,3339,240.12488769092542,93.1681770651795,0.07725829245687964,0.09682306938757841,0.5226119779017705,0.5226119779017705,higher_risk,1.835828574167901e-13,4.3503046781229877e-13,201
lag1_passing_air_yards_per_attempt,9077,3339,1.2260630020448353,0.618825853156603,0.07696957290445287,0.08667691350467979,0.5225274753379344,0.5225274753379344,higher_risk,2.2550748167401678e-13,5.293602856197576e-13,202
lag2_rushing_40,9077,3339,0.11260856543875412,0.037120948065528056,0.10734304543211926,0.09885594197084696,0.5223798176769759,0.5223798176769759,higher_risk,1.5110774648388131e-24,4.47064338709708e-24,203
lag4_rushing_tds,9077,3339,0.4159928122192273,0.19972115719762984,0.07958241387304998,0.08021083130813836,0.522365933994468,0.522365933994468,higher_risk,3.411824800781926e-14,8.241122707202722e-14,204
lag3_receiving_fumbles_lost,9077,3339,0.09014675052410902,0.03572673405367724,0.09878981967065617,0.09931213160631863,0.5218832672501362,0.5218832672501362,higher_risk,4.890990432256335e-21,1.373873716925937e-20,205
lag2_kickoff_returns,9077,3339,1.0838574423480083,0.7685604740327641,0.06447144116317652,0.037304968469465474,0.5213423777695729,0.5213423777695729,higher_risk,8.145781161924793e-10,1.6970377420676651e-09,206
lag2_punt_returns,9077,3339,1.19916142557652,0.5470547228999652,0.0866490188486488,0.07394706102804594,0.5209664483588078,0.5209664483588078,higher_risk,1.5206490538811343e-16,3.9395053209355813e-16,207
lag1_late6_attempts,9077,3339,10.437256663671757,4.22812826768909,0.08009419882379003,0.08952085091279612,0.5208570230190412,0.5208570230190412,higher_risk,2.3401187322888e-14,5.76383924209064e-14,208
lag1_punt_return_yards,9077,3339,11.790655884995507,4.750609968630185,0.0795857281404339,0.08429497248064016,0.5201803500796641,0.5201803500796641,higher_risk,3.403554929258323e-14,8.241122707202722e-14,209
lag1_passing_first_downs,9077,3339,10.166516921233903,3.87626350644824,0.07312505399649241,0.09686020271555684,0.5201421177584723,0.5201421177584723,higher_risk,3.249881038466104e-12,7.28672878579844e-12,210
lag1_late6_passing_air_yards,9077,3339,87.20754716981132,34.99825723248519,0.07668560037627878,0.08992847197464787,0.5198934902335601,0.5198934902335601,higher_risk,2.758731662874939e-13,6.445634726343315e-13,211
lag4_rushing_fumbles,9077,3339,0.21084156933213538,0.12059951202509585,0.07316043996989667,0.0655101631656258,0.5197965654274801,0.5197965654274801,higher_risk,3.1729544830362805e-12,7.146293880712343e-12,212
lag1_pass_yards_per_attempt,9077,3339,0.9917745906530507,0.4565086940640396,0.07068147893208378,0.0876414226695017,0.5197516261393624,0.5197516261393624,higher_risk,1.6542789081101666e-11,3.627804623048611e-11,213
lag1_passing_tds,9077,3339,1.3495058400718778,0.4773440223074242,0.0807319635573256,0.09837223531184655,0.519726442391956,0.519726442391956,higher_risk,1.4580012460973433e-14,3.6268687713864255e-14,214
lag1_completions,9077,3339,18.22461814914645,7.090449634018822,0.06998295998063514,0.09582241453513891,0.519568946106363,0.519568946106363,higher_risk,2.608527040105638e-11,5.695473886693533e-11,215
lag1_pass_td_rate,9077,3339,0.011634838148978307,0.003701182088463117,0.08008020875996297,0.06111382063219718,0.5195672758889184,0.5195672758889184,higher_risk,2.364448125255029e-14,5.79521599327213e-14,216
lag1_completion_rate,9077,3339,0.06889303639312461,0.04058063989157833,0.06987992623873351,0.07586802275125817,0.5195401609525918,0.5195401609525918,higher_risk,2.7887523837075736e-11,6.062505181972986e-11,217
lag1_passing_yards,9077,3339,209.43575920934413,80.11014290693622,0.06985900210524056,0.09698607219132935,0.5195217885607015,0.5195217885607015,higher_risk,2.8268141759084115e-11,6.118645402399159e-11,218
lag1_passing_10,9077,3339,8.45792153339323,3.2208086441268735,0.07197664246533916,0.09715467442063444,0.5194918812295849,0.5194918812295849,higher_risk,7.0289810942914445e-12,1.5550843128963373e-11,219
lag1_passing_20,9077,3339,2.6448038334830786,1.0022655977692576,0.07546921264233845,0.0964005877459896,0.5193359507728461,0.5193359507728461,higher_risk,6.488891999548142e-13,1.5020583332287366e-12,220
lag1_late6_passing_20,9077,3339,0.9320155735250075,0.3684210526315789,0.0851108393228429,0.08788429228464764,0.5193250421651614,0.5193250421651614,higher_risk,5.131929638977744e-16,1.3091657242290162e-15,221
lag1_late6_passing_first_downs,9077,3339,3.6534890685834083,1.4064133844545137,0.07922551694722083,0.09215568157917552,0.519324337542177,0.519324337542177,higher_risk,4.431828172752134e-14,1.0602459743426158e-13,222
lag1_late6_mean_delta_receiving_air_yards,9077,3339,1.2270186045732852,0.14447014555257137,0.03469070750760749,0.044030030273413866,0.5192001934111801,0.5192001934111801,higher_risk,0.0009500645574944872,0.0013457005063661292,223
lag1_passing_16,9077,3339,4.181191973644804,1.5780759846636458,0.073005538901367,0.09735608203865513,0.5191404570403892,0.5191404570403892,higher_risk,3.523487028444706e-12,7.864926402778362e-12,224
lag2_kickoff_return_yards,9077,3339,25.81132075471698,17.773963053328686,0.05730783863911514,0.03754331309813126,0.5186798423857554,0.5186798423857554,higher_risk,4.772138598764061e-08,9.621247174927542e-08,225
lag1_passing_yards_after_catch,9077,3339,94.92213237496256,36.57302195887069,0.06725185673178473,0.09560284428389983,0.5184750058744678,0.5184750058744678,higher_risk,1.4846558804776331e-10,3.1588422988885807e-10,226
lag3_rushing_fumbles_lost,9077,3339,0.12129380053908356,0.05838271174625305,0.07713158751650782,0.08029657648547293,0.5184068923193068,0.5184068923193068,higher_risk,2.0094639696944198e-13,4.739301815317027e-13,227
lag1_late6_passing_yards,9077,3339,74.68253968253968,29.15162077378878,0.07395103238449455,0.09148155828969096,0.5183213719667155,0.5183213719667155,higher_risk,1.8524839602579844e-12,4.248816422610056e-12,228
lag1_passing_yards_after_catch_per_completion,9077,3339,0.6101799064426587,0.3471896631475025,0.06616375488628898,0.0641291395921743,0.5181760891461858,0.5181760891461858,higher_risk,2.9140725134287683e-10,6.173882443705018e-10,229
lag1_passing_40,9077,3339,0.4749925127283618,0.17584524224468456,0.08025014982967431,0.09332142692436475,0.5179739667382459,0.5179739667382459,higher_risk,2.085176848171946e-14,5.1613288321087765e-14,230
lag1_late6_passing_yards_after_catch,9077,3339,33.8230008984726,13.371558034158243,0.07329086014929648,0.0894372178741014,0.5178136258635678,0.5178136258635678,higher_risk,2.9045530604945353e-12,6.5713870146935184e-12,231
position_QB,9077,3339,0.10572027553159628,0.14116416869989543,-0.05113779761278788,-0.05113779761278814,0.4822780534158504,0.5177219465841496,lower_risk,1.1059127858405669e-06,2.1684564428246406e-06,232
lag4_receiving_fumbles_lost,9077,3339,0.07187780772686433,0.03224119902405019,0.08591961142814106,0.07757080182768505,0.5173419982126586,0.5173419982126586,higher_risk,2.7144369717334656e-16,6.995971576632643e-16,233
lag2_punt_return_yards,9077,3339,10.835579514824797,4.800453119553851,0.07365068697381917,0.07055414272349698,0.5173161881337105,0.5173161881337105,higher_risk,2.27419675806582e-12,5.192230041246164e-12,234
position_K,9077,3339,0.029649595687331536,0.06361101429069362,-0.07435977901913553,-0.07435977901913882,0.48301929069831895,0.516980709301681,lower_risk,1.3995109704254334e-12,3.2246796553581417e-12,235
lag1_late6_punt_return_yards,9077,3339,4.505540581012279,1.7640292784942488,0.07929825541207376,0.07505018482365394,0.5169215992624319,0.5169215992624319,higher_risk,4.2022024161514236e-14,1.0101448115748616e-13,236
lag3_kickoff_returns,9077,3339,1.0155735250074873,0.6976298361798536,0.05411766628537968,0.03586789780672525,0.5165795700463621,0.5165795700463621,higher_risk,2.527174918777836e-07,5.014235949956023e-07,237
lag3_rushing_40,9077,3339,0.09284216831386642,0.03834088532589752,0.08180924670028611,0.07380338072870601,0.516063681633172,0.516063681633172,higher_risk,6.5026445468226105e-15,1.6338302881463844e-14,238
lag1_sack_fumbles,9077,3339,0.24857741838873915,0.11537120948065528,0.07261406436690708,0.07232064512643607,0.5160005526331969,0.5160005526331969,higher_risk,4.5874843178258664e-12,1.0194409595168593e-11,239
lag4_kickoff_returns,9077,3339,0.8987720874513327,0.6348902056465667,0.0573304675850789,0.029568304360426276,0.5159683487530939,0.5159683487530939,higher_risk,4.714570174018206e-08,9.54366431987491e-08,240
position_TE,9077,3339,0.2138364779874214,0.18194492854653188,0.03891605355209332,0.03891605355209393,0.5159457747204448,0.5159457747204448,higher_risk,0.00020935657611202878,0.00033337034412743433,241
lag4_rushing_fumbles_lost,9077,3339,0.09883198562443846,0.0545486232136633,0.07186543771581066,0.0594423340606989,0.5158689969122898,0.5158689969122898,higher_risk,7.569538557074874e-12,1.6672992416464482e-11,242
lag1_passing_interceptions,9077,3339,0.6705600479185385,0.2933077727431161,0.06299770083365114,0.08406337191772548,0.5153117706173468,0.5153117706173468,higher_risk,1.9531343266385923e-09,4.052145905889196e-09,243
lag1_sacks_suffered,9077,3339,1.9245283018867925,0.7736144998257233,0.05988305277678005,0.09345469664779255,0.515036341321879,0.515036341321879,higher_risk,1.1638999518344696e-08,2.3948558679721596e-08,244
lag4_punt_returns,9077,3339,0.9293201557352501,0.4337748344370861,0.07547440929759613,0.06046072238237059,0.514967731920914,0.514967731920914,higher_risk,6.465539845321009e-13,1.5020583332287366e-12,245
lag3_punt_returns,9077,3339,1.007487271638215,0.5198675496688742,0.06782098452050185,0.05717613406103127,0.5149445315567229,0.5149445315567229,higher_risk,1.0390257568289968e-10,2.220140506044865e-10,246
lag1_sack_yards_lost,9077,3339,-12.479484875711291,-5.158069013593587,-0.059223796658503434,-0.09021516969617503,0.48520307390994044,0.5147969260900596,lower_risk,1.6796383550099297e-08,3.4418818750203476e-08,247
lag2_attempts,9077,3339,25.96615753219527,11.912513070756361,0.05202787960403071,0.07774696421784397,0.5145855130975843,0.5145855130975843,higher_risk,7.17428418007916e-07,1.4122606653699134e-06,248
lag1_sack_fumbles_lost,9077,3339,0.132973944294699,0.06047403276402928,0.07332528645935861,0.06779222599623153,0.5145817029140388,0.5145817029140388,higher_risk,2.837542420787028e-12,6.448960047243246e-12,249
lag1_weekly_slope_targets,9077,3339,0.0016523382173085212,-0.0018854352296045996,0.026052966893022927,0.014461454784933072,0.5144232671311333,0.5144232671311333,higher_risk,0.013064336075762087,0.016168732767032287,250
lag4_kickoff_return_yards,9077,3339,21.26355196166517,15.094632276054375,0.052941874844926365,0.027493923737002872,0.5143768403056038,0.5143768403056038,higher_risk,4.5671136764153884e-07,9.025916356552151e-07,251
lag3_kickoff_return_yards,9077,3339,24.412398921832885,16.214360404322065,0.04775469059990392,0.03668337080682922,0.5143172344205509,0.5143172344205509,higher_risk,5.377669740444577e-06,1.0223706730883226e-05,252
lag1_interception_rate,9077,3339,0.0039549427978330725,0.003028681605947832,0.058785134342898095,0.01222729260268593,0.5142879534209759,0.5142879534209759,higher_risk,2.1393860960778253e-08,4.366094073628215e-08,253
lag2_passing_40,9077,3339,0.42557651991614254,0.1988497734402231,0.06481673803418855,0.07027428488169594,0.5141553538141659,0.5141553538141659,higher_risk,6.618340894234759e-10,1.3904077508896552e-09,254
lag2_passing_air_yards,9077,3339,216.55016471997604,100.17689090275357,0.0495183498080355,0.07676147933315071,0.5138109236605196,0.5138109236605196,higher_risk,2.3875176593043955e-06,4.626972207954255e-06,255
lag3_punt_return_yards,9077,3339,9.561245882000598,4.688915998605786,0.06471288697000252,0.057209732877735106,0.5138092012487798,0.5138092012487798,higher_risk,7.045711355460295e-10,1.4739981915188902e-09,256
lag2_passing_tds,9077,3339,1.2153339323150645,0.5031369815266643,0.0575993656797086,0.08185009768154658,0.5135552499057632,0.5135552499057632,higher_risk,4.079660211454018e-08,8.291992299703289e-08,257
lag1_late6_mean_delta_rushing_yards,9077,3339,0.8086434882150935,0.184622451743522,0.027656645591427723,0.04060284087505135,0.5134705385647467,0.5134705385647467,higher_risk,0.008418950211618275,0.01060321185342352,258
lag2_passing_air_yards_per_attempt,9077,3339,1.0093297779149515,0.6564122152093729,0.04820415960114637,0.050285057511833695,0.5134443892228802,0.5134443892228802,higher_risk,4.383727904901817e-06,8.430245970965032e-06,259
lag2_pass_td_rate,9077,3339,0.008757992367271036,0.004645253179913647,0.056901128676502405,0.032453009005756664,0.5133909683618018,0.5133909683618018,higher_risk,5.9316779894360695e-08,1.1910999978787288e-07,260
position_RB,9077,3339,0.27163821503444147,0.24503311258278146,0.02944176224694533,0.02944176224694546,0.51330255122583,0.51330255122583,higher_risk,0.0050339443636880235,0.006606226199065648,261
lag4_punt_return_yards,9077,3339,8.992213237496257,3.931334959916347,0.06862453987413566,0.0611656758584946,0.5132236856458694,0.5132236856458694,higher_risk,6.246676900283496e-11,1.3404886052110508e-10,262
lag2_passing_first_downs,9077,3339,9.14585205151243,4.069710700592541,0.04778547205024015,0.07920272441426401,0.5125001683266018,0.5125001683266018,higher_risk,5.303260760922841e-06,1.0130955408434302e-05,263
lag2_passing_yards,9077,3339,189.50703803533992,84.53677239456256,0.047036680735101664,0.07934469422882984,0.5124602135936701,0.5124602135936701,higher_risk,7.4265174251100134e-06,1.3959619220131604e-05,264
lag2_pass_yards_per_attempt,9077,3339,0.7845815799396243,0.49843035490307586,0.04688733119998925,0.04674730411499904,0.512420650317952,0.512420650317952,higher_risk,7.937793040421294e-06,1.4864780974571714e-05,265
lag2_completions,9077,3339,16.349805330937407,7.376612059951203,0.04659221718230534,0.0785125851955498,0.5123514406825929,0.5123514406825929,higher_risk,9.048705945003674e-06,1.6756862861117914e-05,266
lag2_completion_rate,9077,3339,0.05740530239086231,0.038965893459417714,0.0461847113722816,0.05178835245056699,0.5122434245887951,0.5122434245887951,higher_risk,1.0829194774469535e-05,1.9906608041304293e-05,267
lag2_passing_10,9077,3339,7.639113507038036,3.4057162774485885,0.04683798232548751,0.07918917542062319,0.5120475393991246,0.5120475393991246,higher_risk,8.11401636999784e-06,1.5138090242533283e-05,268
lag2_passing_16,9077,3339,3.809823300389338,1.6798536075287556,0.04766927829011797,0.07981308726323538,0.5119298934578731,0.5119298934578731,higher_risk,5.589543572079193e-06,1.0586256765301502e-05,269
lag2_sack_fumbles,9077,3339,0.22491764001197964,0.1240850470547229,0.05592800972488636,0.05443184453859931,0.5119060928592881,0.5119060928592881,higher_risk,9.922343938323088e-08,1.9765625375145592e-07,270
lag2_passing_20,9077,3339,2.4369571728062294,1.0585569884977344,0.04752303763826133,0.0808811759810514,0.5116527417506656,0.5116527417506656,higher_risk,5.970914025898621e-06,1.1265875520563435e-05,271
lag2_passing_yards_after_catch,9077,3339,86.50254567235699,37.70163820146392,0.04464823239032315,0.08092714724742578,0.5116090551256312,0.5116090551256312,higher_risk,2.1041718279850268e-05,3.8119054854801215e-05,272
lag2_passing_yards_after_catch_per_completion,9077,3339,0.49419958018799603,0.3400707212359534,0.0434224236779993,0.03943885071763039,0.5112903306623425,0.5112903306623425,higher_risk,3.5224455723246155e-05,6.267696747908568e-05,273
lag2_sack_yards_lost,9077,3339,-11.01916741539383,-5.510630881840362,-0.04671899385355684,-0.06843909433761947,0.4889111654140557,0.5110888345859443,lower_risk,8.554436146249241e-06,1.590043893354878e-05,274
lag4_rushing_40,9077,3339,0.08086253369272237,0.033809689787382365,0.06076334804044194,0.06613942404925963,0.5109512243268006,0.5109512243268006,higher_risk,7.089465143018919e-09,1.4647655254171321e-08,275
lag2_sacks_suffered,9077,3339,1.6975142258161127,0.8333914255838272,0.04563032103327281,0.070796072098676,0.5108608499047612,0.5108608499047612,higher_risk,1.3794874607615788e-05,2.5081590195665068e-05,276
lag1_weekly_slope_receiving_air_yards,9077,3339,0.033500401681042506,-0.012804642627942488,0.01838003999570094,0.018059948186351635,0.510166770167954,0.510166770167954,higher_risk,0.0799414411421,0.09252481613668982,277
is_rookie,9077,3339,0.12368972746331237,0.14395259672359706,-0.028461064597763888,-0.0284610645977642,0.4898685653698577,0.5101314346301423,lower_risk,0.006699511155866183,0.00850191771049008,278
lag1_late6_mean_delta_carries,9077,3339,0.13970795127848518,0.03796064421020347,0.02030389130361585,0.03163822693825356,0.5099576276273171,0.5099576276273171,higher_risk,0.05307540311149876,0.06200397559754528,279
lag2_passing_interceptions,9077,3339,0.59958071278826,0.3222377134890206,0.04264570094342905,0.06065844680727939,0.5099298602623015,0.5099298602623015,higher_risk,4.8495511958846806e-05,8.448695463213729e-05,280
lag1_late6_mean_delta_receptions,9077,3339,0.06020220155111149,0.007697222858885516,0.017813646525353225,0.03314167651428729,0.5097811848125875,0.5097811848125875,higher_risk,0.08968404843191685,0.10311880045433906,281
lag4_attempts,9077,3339,20.64660077867625,11.52701289647961,0.039543513314144525,0.05350680802478938,0.5097718159366094,0.5097718159366094,higher_risk,0.00016507349762247205,0.00027150246319485537,282
lag2_sack_fumbles_lost,9077,3339,0.11740041928721175,0.06674799581735796,0.050243816799795504,0.04719980975506777,0.5097388552392268,0.5097388552392268,higher_risk,1.696158495849396e-06,3.299919252625284e-06,283
lag1_special_teams_tds,9077,3339,0.031446540880503145,0.008191007319623562,0.07829775370448931,0.07527572671742552,0.5096093611929778,0.5096093611929778,higher_risk,8.70140522143663e-14,2.0717631479611025e-13,284
lag4_passing_air_yards,9077,3339,173.64779874213838,96.49790867898223,0.03801639939640934,0.053874275490928866,0.5093379508582361,0.5093379508582361,higher_risk,0.00029263058509597904,0.00045311697875680563,285
lag1_pat_att,9077,3339,0.8721174004192872,1.4165214360404321,-0.0463199801303471,-0.039309424365026394,0.490737600383983,0.509262399616017,lower_risk,1.0204158313436165e-05,1.8826860356893295e-05,286
lag3_passing_air_yards,9077,3339,191.59988020365378,102.1653886371558,0.03481438688378415,0.06061285304166674,0.509229204044306,0.509229204044306,higher_risk,0.0009109091188795964,0.0012939049984085176,287
lag1_pat_make_rate,9077,3339,0.025582064854666728,0.04287622883557526,-0.04616195302920893,-0.04557221413236301,0.4907819916320018,0.5092180083679982,lower_risk,1.093806404336728e-05,2.00330843285115e-05,288
lag4_passing_air_yards_per_attempt,9077,3339,0.7665628897783178,0.48899805750964037,0.037424290598650434,0.046093803636443935,0.5091925114548209,0.5091925114548209,higher_risk,0.00036340031405660635,0.0005539638933789731,289
lag1_pat_made,9077,3339,0.8343815513626834,1.356570233530847,-0.045940876458523024,-0.039210005229284334,0.4908259914228071,0.509174008577193,lower_risk,1.2049795411204147e-05,2.19886777576718e-05,290
lag3_passing_40,9077,3339,0.3941299790356394,0.1903102126176368,0.04312310269184257,0.06521204151505126,0.5091362199075097,0.5091362199075097,higher_risk,3.9868247667631546e-05,7.0190576879633e-05,291
lag1_history_available,9077,3339,0.8763102725366876,0.8581387242941791,0.025628506778815122,0.025628506778814956,0.5090857741212542,0.5090857741212542,higher_risk,0.014623525846870145,0.01796501946789944,292
lag3_passing_air_yards_per_attempt,9077,3339,0.8792663891538955,0.6059953347393843,0.03420334747315562,0.04086410844081221,0.509067219049331,0.509067219049331,higher_risk,0.0011201211505442391,0.0015820920205427108,293
lag2_interception_rate,9077,3339,0.0031465002852730513,0.003149022276241575,0.03876865779194957,-3.3506504497947745e-05,0.5090271338306616,0.5090271338306616,higher_risk,0.0002212725219739361,0.00035122622535545413,294
lag1_weekly_slope_rushing_first_downs,9077,3339,0.002104510595019562,0.0005258202947852773,0.02035812578014434,0.01858818621700606,0.5089864222804502,0.5089864222804502,higher_risk,0.05244374867554238,0.06140954177463979,295
lag1_late6_mean_delta_receiving_20,9077,3339,0.0063846006244197865,-0.00015315244155463627,-0.01822003328622249,0.016955396949571933,0.491088450435932,0.5089115495640679,lower_risk,0.08260241810123693,0.09538385462036597,296
lag1_fg_att,9077,3339,0.7747828691224917,1.1005576856047403,-0.04452539943200484,-0.029539530957341558,0.49113310265542653,0.5088668973445735,lower_risk,2.2169948458855695e-05,4.001795750695974e-05,297
lag3_attempts,9077,3339,22.77987421383648,12.226734053677239,0.03321968210818579,0.05999728387002734,0.5088575284685953,0.5088575284685953,higher_risk,0.0015520837215816942,0.002137856365815006,298
lag1_made_field_goal_mean_distance,9077,3339,0.9810462664900943,1.614034597530478,-0.04404494237240795,-0.04376217823044608,0.4912652064164326,0.5087347935835673,lower_risk,2.7159482159959513e-05,4.884798949633006e-05,299
lag1_field_goal_make_rate,9077,3339,0.023090807932442125,0.03637521647231094,-0.043495671838786616,-0.04005465603096488,0.49137413591039536,0.5086258640896046,lower_risk,3.4169458242772935e-05,6.101688971923738e-05,300
lag1_fg_made_distance,9077,3339,24.252171308775083,33.69327291739282,-0.043387234908607714,-0.027336952865128376,0.49139563995999413,0.5086043600400059,lower_risk,3.574289758612812e-05,6.337393189029809e-05,301
lag1_fg_made,9077,3339,0.666367175801138,0.9196584175670965,-0.043341192106698116,-0.02691769184011642,0.4914047739616441,0.5085952260383559,lower_risk,3.643158646427386e-05,6.436676053758633e-05,302
lag1_weekly_slope_rushing_yards,9077,3339,0.0452319293174983,0.007428119300199824,0.017632761517611173,0.024451008359064087,0.5085462938866597,0.5085462938866597,higher_risk,0.09298970527040419,0.10663957026422498,303
lag3_sack_fumbles,9077,3339,0.20035938903863432,0.11693970024398745,0.039980860256325745,0.04764613234892766,0.5082207841650025,0.5082207841650025,higher_risk,0.00013959417150425334,0.0002326569525070889,304
lag4_passing_40,9077,3339,0.36238394728960766,0.1836876960613454,0.040047696041475324,0.05804147100880422,0.5080081446065913,0.5080081446065913,higher_risk,0.0001360433706650969,0.00022826068903539746,305
lag1_fg_made_20_29,9077,3339,0.18688230008984727,0.2478215406064831,-0.040831668475158976,-0.02256017195309227,0.4920507305583297,0.5079492694416703,lower_risk,0.00010026885591443947,0.0001688027877347466,306
lag2_fg_made_20_29,9077,3339,0.14285714285714285,0.26124085047054724,-0.042972132636756484,-0.04370890581853632,0.4921106496091535,0.5078893503908465,lower_risk,4.2425523273994415e-05,7.417049523425598e-05,307
lag1_weekly_slope_rushing_20,9077,3339,0.0006085243467274996,4.7840678489173945e-05,0.024374912517235378,0.03199260018576201,0.5078496566293906,0.5078496566293906,higher_risk,0.020225264356729774,0.024485792199430718,308
lag2_fg_att,9077,3339,0.6579814315663373,1.0655280585569884,-0.04208936237614167,-0.037695650616090134,0.4921717691287655,0.5078282308712345,lower_risk,6.078105697195018e-05,0.00010552266835408018,309
lag2_pat_att,9077,3339,0.7595088349805331,1.3152666434297664,-0.04192597842818629,-0.041896312010891376,0.49217724952975556,0.5078227504702444,lower_risk,6.491508441554575e-05,0.00011230983462897188,310
lag2_field_goal_make_rate,9077,3339,0.01914892352584166,0.032791557503976485,-0.041867771393029794,-0.043577714126520714,0.4922254509613197,0.5077745490386802,lower_risk,6.645114869216481e-05,0.00011457094602097382,311
lag4_passing_tds,9077,3339,0.9712488769092543,0.48762635064482396,0.03701592184081648,0.059569654345512216,0.5077566202982987,0.5077566202982987,higher_risk,0.0004212143185374405,0.0006324539317378987,312
lag2_fg_made,9077,3339,0.5537586103623839,0.9024050191704427,-0.04170363411374304,-0.03783899089785956,0.4922559324296831,0.5077440675703169,lower_risk,7.097000426488123e-05,0.00012194158808398837,313
lag2_pat_made,9077,3339,0.7310572027553159,1.2697804112931335,-0.04153018731335381,-0.041943552856913716,0.49226342231103604,0.507736577688964,lower_risk,7.60602415136695e-05,0.00012979563398237114,314
lag2_fg_made_distance,9077,3339,20.431266846361186,32.68386197281283,-0.04163025795057402,-0.03640873817111586,0.49226955514071524,0.5077304448592848,lower_risk,7.30827904101428e-05,0.00012514176440092946,315
lag1_fg_missed_distance,9077,3339,4.408505540581012,7.358487277797142,-0.03970458417355745,-0.03865693340399834,0.49229259892202076,0.5077074010779792,lower_risk,0.00015522040385418246,0.0002569874235996398,316
lag1_fg_missed,9077,3339,0.09553758610362384,0.15789473684210525,-0.03968557842629969,-0.03816194305632705,0.49229633081412344,0.5077036691858765,lower_risk,0.00015635374557560058,0.00025800948114785573,317
lag4_pass_td_rate,9077,3339,0.004274030352431381,0.0026779595298939943,0.036762705227461605,0.020713812918831363,0.5077035647972863,0.5077035647972863,higher_risk,0.0004612614688793054,0.0006884499535512021,318
lag2_pat_make_rate,9077,3339,0.022762554567993382,0.03740333503195948,-0.04123167966102416,-0.040898473446390554,0.4923191658182484,0.5076808341817516,lower_risk,8.563809250271212e-05,0.0001451493093266307,319
lag1_missed_field_goal_mean_distance,9077,3339,1.2430065391519962,1.9478561159375238,-0.03949741539710476,-0.03887840332831377,0.49233281462642814,0.5076671853735719,lower_risk,0.0001680023094820141,0.0002754136221016624,320
lag2_made_field_goal_mean_distance,9077,3339,0.8627158110996462,1.400433261455165,-0.041272726186414165,-0.03982150597250737,0.49233594628413674,0.5076640537158632,lower_risk,8.425662722571952e-05,0.00014329358371721008,321
lag1_fg_made_30_39,9077,3339,0.20545073375262055,0.29261066573719063,-0.03911090115129622,-0.02835432589669795,0.4923747005482802,0.5076252994517199,lower_risk,0.000194537576658909,0.000312761377265127,322
lag4_passing_10,9077,3339,6.089847259658581,3.2790170791216453,0.033309558606526526,0.056016143541925564,0.5076177834732193,0.5076177834732193,higher_risk,0.001507034179542963,0.002081538922020667,323
lag2_fg_made_40_49,9077,3339,0.16831386642707397,0.2478215406064831,-0.041095650403178696,-0.02911516081820185,0.4924551580542426,0.5075448419457573,lower_risk,9.037099937169524e-05,0.0001526537151548906,324
lag1_fg_made_40_49,9077,3339,0.1931716082659479,0.2614151272220286,-0.0381844027454688,-0.024094791036355565,0.49257690124766285,0.5074230987523372,lower_risk,0.0002750402969963445,0.00043109764419489737,325
lag3_passing_tds,9077,3339,1.073674752920036,0.5160334611362845,0.03292262661466321,0.06582311682951275,0.5074130774476697,0.5074130774476697,higher_risk,0.0017099891665819935,0.0023424509131260186,326
lag3_sack_yards_lost,9077,3339,-9.706199460916443,-5.425932380620425,-0.03253488555223,-0.055381863237508905,0.4925974136056539,0.5074025863943461,lower_risk,0.0019383190887345314,0.0026479768971783215,327
lag4_passing_16,9077,3339,3.0371368673255468,1.6158940397350994,0.03296251881690897,0.05679063302724231,0.5073906599979059,0.5073906599979059,higher_risk,0.0016879589582804852,0.002318624942692974,328
lag4_passing_first_downs,9077,3339,7.309973045822103,3.916869989543395,0.031772136611057905,0.05631029258978259,0.5073324633588219,0.5073324633588219,higher_risk,0.002471096029046198,0.0033574674307692907,329
lag2_fg_made_30_39,9077,3339,0.17130877508235998,0.28058556988497735,-0.03934411336857929,-0.036739454462648785,0.4927648529044716,0.5072351470955284,lower_risk,0.00017809176518784645,0.00029099961632001055,330
lag1_late6_pat_att,9077,3339,0.3189577717879605,0.5235273614499826,-0.037904758703155204,-0.038501306297742226,0.49279413390404664,0.5072058660959533,lower_risk,0.00030490211925595176,0.00046764128720237996,331
lag4_pass_yards_per_attempt,9077,3339,0.5638429876946874,0.352997539718835,0.030825912330026437,0.043992573388992234,0.5071987415746664,0.5071987415746664,higher_risk,0.0033171019461490227,0.004458470357727181,332
lag4_passing_yards,9077,3339,150.96525905959868,81.28232833739979,0.030799203837651445,0.056112556078841254,0.5071925043563968,0.5071925043563968,higher_risk,0.0033444181049784656,0.004483134188979177,333
lag3_pass_td_rate,9077,3339,0.00544965585153165,0.004869760454133408,0.03191330624619524,0.005197935159992541,0.5071858234866186,0.5071858234866186,higher_risk,0.00236336962425983,0.0032198496243321935,334
lag3_sacks_suffered,9077,3339,1.4914645103324349,0.8279888462879051,0.031363583334857524,0.05643901140255411,0.5071581083158978,0.5071581083158978,higher_risk,0.002808680784606597,0.003785284076289215,335
lag3_passing_10,9077,3339,6.744234800838575,3.472812826768909,0.0291060852231973,0.06297707491176842,0.5071306541166527,0.5071306541166527,higher_risk,0.005556437657334974,0.007128053857705092,336
lag3_fg_made_40_49,9077,3339,0.13596885294998504,0.2382363192750087,-0.03999501559545974,-0.03901357578333041,0.49297926706891765,0.5070207329310823,lower_risk,0.00013883605117967647,0.00023216730966501084,337
lag3_fg_made_20_29,9077,3339,0.12668463611859837,0.2401533635413036,-0.039723793482804456,-0.043772301850202915,0.49300168451868137,0.5069983154813187,lower_risk,0.00015408359173917725,0.0002559528101979688,338
lag4_passing_20,9077,3339,1.9227313566936208,1.0224817009410945,0.03172449951188457,0.05660808445056501,0.5069828398728088,0.5069828398728088,higher_risk,0.0025084547895187783,0.0033989902297002416,339
lag1_late6_fg_att,9077,3339,0.2863132674453429,0.39299407459044966,-0.03673998189188166,-0.025667802847056723,0.4930262419345461,0.5069737580654539,lower_risk,0.00046502595081976205,0.0006920029030055983,340
lag2_fg_missed,9077,3339,0.08864929619646601,0.14098989194841408,-0.03808438056631903,-0.03358507177540866,0.4930310699068467,0.5069689300931532,lower_risk,0.00028539218358432963,0.000444536111502071,341
lag2_fg_missed_distance,9077,3339,4.195867026055705,6.487974904147786,-0.03798637011732167,-0.03162489629559755,0.4930489725500807,0.5069510274499194,lower_risk,0.0002958881627381763,0.0004552125580587328,342
lag3_fg_att,9077,3339,0.55675351901767,0.9966887417218543,-0.039274825725381206,-0.04244955590185924,0.4930559665856298,0.5069440334143702,lower_risk,0.00018283658454901528,0.00029681263725489493,343
lag3_passing_20,9077,3339,2.117999401018269,1.086615545486232,0.02957709542841612,0.06269890846849506,0.5069405885908908,0.5069405885908908,higher_risk,0.004836274403471025,0.006363518951935559,344
lag3_fg_made,9077,3339,0.4719976040730758,0.8445451376786337,-0.039224642188821775,-0.042146271270054325,0.4930648396158041,0.5069351603841958,lower_risk,0.0001863467991602415,0.0003015320374761189,345
lag3_fg_made_distance,9077,3339,17.36657681940701,30.606308818403626,-0.03914315368971179,-0.04102180562277895,0.4930792452412635,0.5069207547587364,lower_risk,0.0001921819797845889,0.0003099709351364337,346
lag4_completions,9077,3339,12.920934411500449,7.074416172882538,0.02959382624049298,0.05471189136036427,0.5069177274896184,0.5069177274896184,higher_risk,0.00481232242469655,0.006348710322818667,347
lag1_late6_fg_made,9077,3339,0.2413896376160527,0.32990589055420005,-0.03640105492543544,-0.02498215900114275,0.49310116684522337,0.5068988331547766,lower_risk,0.0005246514786891028,0.0007738222399544289,348
lag2_missed_field_goal_mean_distance,9077,3339,1.1038504786461405,1.720166449349032,-0.03768002955357745,-0.03608933921234175,0.4931050292230639,0.5068949707769361,lower_risk,0.00033107260774934116,0.0005062272289745278,349
lag3_field_goal_make_rate,9077,3339,0.01769710593003647,0.029593034804843783,-0.03892632674343309,-0.03978298018623328,0.49311758195104577,0.5068824180489542,lower_risk,0.00020855578356390048,0.00033315620377619886,350
lag3_fg_made_30_39,9077,3339,0.14285714285714285,0.2628093412338794,-0.03932981492190119,-0.04214453810243271,0.49312107896882035,0.5068789210311797,lower_risk,0.000179061755266015,0.00029163152323455213,351
lag4_completion_rate,9077,3339,0.04029413613909981,0.03021291179829834,0.029342397029965564,0.03320385910632371,0.5068589567132878,0.5068589567132878,higher_risk,0.005183840547614369,0.006749792379706209,352
lag3_made_field_goal_mean_distance,9077,3339,0.7739236568326399,1.2655774632078631,-0.03872779875565207,-0.0383212072773709,0.4931526826145292,0.5068473173854708,lower_risk,0.00022468857652167335,0.00035551989955960974,353
lag3_passing_first_downs,9077,3339,8.05121293800539,4.174451028232833,0.02740815943898808,0.06215219713144813,0.5068306674053205,0.5068306674053205,higher_risk,0.009024840220609348,0.011337738970614757,354
lag3_special_teams_tds,9077,3339,0.02845163222521713,0.011327988846287905,0.05592998600662003,0.05108280590321333,0.5067850756885133,0.5067850756885133,higher_risk,9.912546948494654e-08,1.9765625375145592e-07,355
lag4_passing_yards_after_catch,9077,3339,68.39592692422882,36.38724294179156,0.02939800458910021,0.056745463944418345,0.50675738661494,0.50675738661494,higher_risk,0.005099513057167739,0.006674755310428978,356
lag3_pat_make_rate,9077,3339,0.020766461920188408,0.03401198049337866,-0.03814932569538739,-0.03855272635474488,0.4932431092308638,0.5067568907691362,lower_risk,0.0002786309360350197,0.00043536083755471827,357
lag3_passing_yards,9077,3339,166.6942198262953,86.34715928895085,0.02674548897220587,0.06255429053607489,0.5067433202523991,0.5067433202523991,higher_risk,0.010834851789402257,0.01354356473675282,358
lag3_passing_16,9077,3339,3.3617849655585506,1.715057511327989,0.028212596709275835,0.06351406514312992,0.5067400842061003,0.5067400842061003,higher_risk,0.007193556158480627,0.009105767289215983,359
lag3_pat_made,9077,3339,0.6951182988918838,1.154234925060997,-0.03801567071898021,-0.03707344231189375,0.49326662276082556,0.5067333772391744,lower_risk,0.0002927135682768964,0.00045311697875680563,360
lag3_pat_att,9077,3339,0.7181790955375861,1.1863018473335658,-0.0379879710558195,-0.03681882138053543,0.49327152902456894,0.5067284709754311,lower_risk,0.0002957143644281961,0.0004552125580587328,361
lag3_pass_yards_per_attempt,9077,3339,0.6297831636465535,0.4702989955258394,0.026462397252100065,0.02838949062588202,0.5066719445537914,0.5066719445537914,higher_risk,0.011701821521761501,0.01451838898481576,362
lag1_weekly_slope_carries,9077,3339,0.006622565171702822,0.001110160099620012,0.0136905943013406,0.01651062223062385,0.5066592613400718,0.5066592613400718,higher_risk,0.19214119461709012,0.21735429255326938,363
lag4_sack_yards_lost,9077,3339,-8.46900269541779,-4.991808992680377,-0.0307576637402496,-0.047668358973819554,0.49338998397739525,0.5066100160226048,lower_risk,0.003387320646177405,0.004528503537670328,364
lag3_passing_yards_after_catch,9077,3339,75.98861934710992,38.494597420704075,0.02667878088542662,0.06409152888301146,0.5066040397758109,0.5066040397758109,higher_risk,0.01103384216026,0.01372368427893035,365
lag4_passing_yards_after_catch_per_completion,9077,3339,0.36165589770716655,0.2544138850173538,0.028557159872022245,0.03269339239893683,0.5065641111400266,0.5065641111400266,higher_risk,0.006516870049742541,0.008291183269392545,366
lag4_sack_fumbles,9077,3339,0.17280622941000298,0.112757058208435,0.03348960230867235,0.03590180540240489,0.5065575607559863,0.5065575607559863,higher_risk,0.0014203855289587578,0.0019672929763971713,367
lag3_passing_interceptions,9077,3339,0.5486672656483977,0.32450331125827814,0.029371901187175708,0.049649419476581726,0.506557456367396,0.506557456367396,higher_risk,0.0051389490218733454,0.006708810733516117,368
lag3_fg_missed,9077,3339,0.07187780772686433,0.1321017776228651,-0.03716033625577772,-0.04062642455506116,0.4935243059959448,0.5064756940040551,lower_risk,0.00039985687850071816,0.0006040134116325048,369
lag3_fg_missed_distance,9077,3339,3.3542976939203353,6.108400139421401,-0.03715000420560599,-0.04002640452260982,0.49352608060197967,0.5064739193980203,lower_risk,0.00040135089094949395,0.0006044441128757439,370
lag3_missed_field_goal_mean_distance,9077,3339,0.9743060591550029,1.5703319451168216,-0.03684629960619969,-0.03661702300058858,0.4935790056172544,0.5064209943827456,lower_risk,0.0004476677438825326,0.0006701612932373242,371
lag4_passing_interceptions,9077,3339,0.4980533093740641,0.3177065179505054,0.030378425589586446,0.04014439902930882,0.506412747684113,0.506412747684113,higher_risk,0.0038026959762948475,0.005056776564221872,372
lag3_sack_fumbles_lost,9077,3339,0.10182689427972447,0.06500522830254445,0.03387179702620276,0.03619058899457412,0.5064095116378141,0.5064095116378141,higher_risk,0.0012514501438610414,0.001762605836424002,373
lag3_passing_yards_after_catch_per_completion,9077,3339,0.4025374461377085,0.3189254572745523,0.025854662820761896,0.023175138447942716,0.5064000383732458,0.5064000383732458,higher_risk,0.01377364665678155,0.01696261903544526,374
lag4_fg_made_40_49,9077,3339,0.12518718179095537,0.2068665040083653,-0.03893815247337698,-0.03294623800340195,0.4936009794155095,0.5063990205844905,lower_risk,0.00020763086165617633,0.0003327417654746416,375
lag3_completions,9077,3339,14.297394429469902,7.556117113976995,0.025291645488482874,0.060763582995751284,0.506387172479493,0.506387172479493,higher_risk,0.015975458888189957,0.01957776824533083,376
lag4_sack_fumbles_lost,9077,3339,0.09044624138963761,0.056465667479958175,0.0351291776436487,0.03650578076194859,0.5063422592885228,0.5063422592885228,higher_risk,0.000817872637859345,0.001168389482656207,377
lag1_fg_missed_50_59,9077,3339,0.03264450434261755,0.056465667479958175,-0.03853990357567741,-0.03389804213582578,0.4936797145097322,0.5063202854902678,lower_risk,0.0002410310444900454,0.00038017514903792654,378
lag2_fg_made_50_59,9077,3339,0.0637915543575921,0.09986057859881492,-0.03638297683525467,-0.0293124766372468,0.4937065945717307,0.5062934054282693,lower_risk,0.0005280263259298056,0.0007747717551355953,379
lag4_sacks_suffered,9077,3339,1.3129679544773885,0.7628093412338794,0.02912885839764726,0.04936297326054191,0.5062891776903627,0.5062891776903627,higher_risk,0.0055195289372832685,0.0071127950222722525,380
lag2_special_teams_tds,9077,3339,0.02605570530098832,0.01237364935517602,0.050286689238055654,0.04245209428946203,0.5061951496676633,0.5061951496676633,higher_risk,1.6620519812269385e-06,3.2461952758338644e-06,381
lag4_fg_made_20_29,9077,3339,0.132973944294699,0.20634367375392124,-0.03729814082708174,-0.029215437702952537,0.4938323567258769,0.5061676432741231,lower_risk,0.00038042189583274244,0.0005763968118677916,382
lag3_completion_rate,9077,3339,0.046051484497231114,0.037920552242577135,0.024057461537408446,0.02418348810910594,0.5060754942460486,0.5060754942460486,higher_risk,0.021911562418870874,0.026463239636317484,383
lag4_made_field_goal_mean_distance,9077,3339,0.6607679936585222,1.106150161434691,-0.03665395837247964,-0.03730039554224035,0.49392643694287164,0.5060735630571284,lower_risk,0.000479533356727284,0.0007114738230375134,384
lag4_field_goal_make_rate,9077,3339,0.01548026680196606,0.025795201851790607,-0.03658450407878423,-0.03691677139554269,0.4939379457849506,0.5060620542150494,lower_risk,0.0004915504667158845,0.0007271456608223143,385
lag4_interception_rate,9077,3339,0.0036393079064913625,0.0017795432506680343,0.028705215519530102,0.029125490621691532,0.5060595488888826,0.5060595488888826,higher_risk,0.006244133884108174,0.007964456484831855,386
lag3_fg_missed_40_49,9077,3339,0.03024857741838874,0.05507145346810736,-0.03821281727912487,-0.03560647523595124,0.4939605720118949,0.5060394279881051,lower_risk,0.0002721676815420386,0.00042793660619817387,387
lag4_fg_made_distance,9077,3339,16.339922132374962,26.00662251655629,-0.036381017214672504,-0.032092001310364465,0.49397166329961273,0.5060283367003873,lower_risk,0.000528394337002476,0.0007747717551355953,388
lag3_interception_rate,9077,3339,0.0034012986602572383,0.002309917970912699,0.026988863423278123,0.0161947655686073,0.5060254399170069,0.5060254399170069,higher_risk,0.01013570050253743,0.01270137907586144,389
lag4_fg_made,9077,3339,0.4546271338724169,0.7168002788428024,-0.036343542436268535,-0.03164212877806241,0.4939778744207347,0.5060221255792653,lower_risk,0.0005354541288185277,0.0007828276737112976,390
lag4_fg_att,9077,3339,0.5411799940101827,0.8468107354478912,-0.03633440652945303,-0.031370795336505324,0.49397938805529384,0.5060206119447062,lower_risk,0.0005371884970479527,0.0007830736108570739,391
lag1_fg_missed_40_49,9077,3339,0.04103024857741839,0.0695364238410596,-0.033791175993306465,-0.03550839902776962,0.49405765340086016,0.5059423465991398,lower_risk,0.0012854652071462957,0.0018054286617223256,392
lag3_fg_made_50_59,9077,3339,0.05810122791254867,0.0911467410247473,-0.03616204066920532,-0.027960137080854,0.49409445037893585,0.5059055496210642,lower_risk,0.0005709081051807667,0.0008298082924139052,393
lag4_pat_made,9077,3339,0.5992812219227314,1.0090623910770302,-0.03555853664865212,-0.03538827257955636,0.4940959118191998,0.5059040881808001,lower_risk,0.0007051286433320744,0.001021868126150609,394
lag4_pat_att,9077,3339,0.6157532195268044,1.0338096897873823,-0.03555036383919754,-0.03530267535818022,0.4940972688708735,0.5059027311291264,lower_risk,0.0007071327432962214,0.001021868126150609,395
lag4_pat_make_rate,9077,3339,0.018263487285323825,0.029872112186497702,-0.035529535046909054,-0.03591678326099876,0.49410087027723837,0.5058991297227616,lower_risk,0.0007122642461490635,0.001026317357563492,396
lag2_fg_missed_40_49,9077,3339,0.03923330338424678,0.06082258626699198,-0.034953277044769276,-0.02850703947421726,0.49417289840453515,0.5058271015954648,lower_risk,0.0008687237956422588,0.001237498284390682,397
lag4_fg_made_30_39,9077,3339,0.14195867026055706,0.2129661903102126,-0.0354995851895937,-0.027256663039180888,0.4941782222226398,0.5058217777773601,lower_risk,0.0007197040218074695,0.001034057502596939,398
lag4_special_teams_tds,9077,3339,0.02845163222521713,0.011327988846287905,0.048849910716368725,0.049442345006509354,0.5058090162721979,0.5058090162721979,higher_risk,3.2585000148043057e-06,6.2905405691202815e-06,399
lag1_fg_made_50_59,9077,3339,0.07397424378556454,0.10508888114325549,-0.03160724288759769,-0.0243006955175193,0.49427412923996444,0.5057258707600356,lower_risk,0.002602632949283484,0.0035170715530857895,400
lag4_missed_field_goal_mean_distance,9077,3339,0.8505885240452559,1.3716939990634327,-0.033770589007761705,-0.034282779240488254,0.49447335486452404,0.505526645135476,lower_risk,0.0012942904708905857,0.0018127317519475987,401
lag4_fg_missed_distance,9077,3339,3.4851752021563343,5.140118508191008,-0.03369420394886031,-0.02509453387537037,0.4944858553982107,0.5055141446017892,lower_risk,0.0013275082343372567,0.0018455512514708654,402
lag4_fg_missed,9077,3339,0.07517220724767895,0.11171139769954688,-0.0336912763076501,-0.02562891588032155,0.4944863512440146,0.5055136487559855,lower_risk,0.0013287969010590231,0.0018455512514708654,403
position_WR,9077,3339,0.37915543575920935,0.3682467758800976,0.010881895831621498,0.010881895831621599,0.5054543299395559,0.5054543299395559,higher_risk,0.2998794407573744,0.3309927602178525,404
lag3_fg_missed_50_59,9077,3339,0.026654687032045522,0.04583478563959568,-0.03538276382286249,-0.030182780780395303,0.49473411756305674,0.5052658824369433,lower_risk,0.0007494210027129553,0.0010736690583280162,405
lag1_weekly_slope_receptions,9077,3339,-0.0018798923624752525,-0.00152791161397709,0.009121100475563896,-0.0021562261788352147,0.5049969774283682,0.5049969774283682,higher_risk,0.3848772947468141,0.42017171915591056,406
lag4_fg_missed_40_49,9077,3339,0.03204552261156035,0.04461484837922621,-0.0337105308931801,-0.019137857999659096,0.4950217081292928,0.5049782918707072,lower_risk,0.0013203502406196187,0.001844064581870976,407
lag1_weekly_slope_kickoff_return_yards,9077,3339,0.037793838624655865,0.01845368718129994,0.013668629989151299,0.0157410262595334,0.5047161199262057,0.5047161199262057,higher_risk,0.19285608308715663,0.21767052267173434,408
lag2_fg_missed_30_39,9077,3339,0.011380652890086853,0.024398745207389334,-0.03732930015423048,-0.03583807853073885,0.495366399254415,0.5046336007455849,lower_risk,0.0003761584417361534,0.0005716693643406586,409
lag4_fg_made_50_59,9077,3339,0.04672057502246182,0.07859881491808993,-0.030573037315163466,-0.029312564894656876,0.495380517811251,0.5046194821887491,lower_risk,0.0035841393056843525,0.004778852407579136,410
lag2_fg_missed_50_59,9077,3339,0.03324348607367475,0.04775182990589055,-0.02914664913701332,-0.021849285210597622,0.49548819464213034,0.5045118053578697,lower_risk,0.005490908160192741,0.007106224229779851,411
lag4_fg_missed_50_59,9077,3339,0.02605570530098832,0.03799233182293482,-0.02892430897586342,-0.020041491851033905,0.49598132634263825,0.5040186736573617,lower_risk,0.00585945487336185,0.007492909045219757,412
lag1_pat_missed,9077,3339,0.025456723569931117,0.05193447194144301,-0.02671411747847549,-0.03720849635053465,0.49604466411979387,0.5039553358802061,lower_risk,0.01092824643386653,0.013626242436242556,413
lag3_gwfg_att,9077,3339,0.014675052410901468,0.025967235970721505,-0.029140899583208455,-0.02857250485930723,0.49618600627104015,0.5038139937289599,lower_risk,0.005500217553849604,0.007106224229779851,414
lag3_gwfg_distance,9077,3339,0.6091644204851752,1.0146392471244337,-0.029104061184384956,-0.02546791900024781,0.4961907559518981,0.5038092440481019,lower_risk,0.005559882009009972,0.007128053857705092,415
lag2_pat_missed,9077,3339,0.020964360587002098,0.036772394562565355,-0.02918745128172376,-0.02623587081594234,0.49621841892832386,0.5037815810716761,lower_risk,0.005425651187384647,0.007046300243356684,416
lag3_fg_missed_30_39,9077,3339,0.011081162024558252,0.02265597769257581,-0.030353342981806735,-0.032487982609418105,0.49640524840778694,0.503594751592213,lower_risk,0.0038318486186002016,0.00508202734562361,417
lag1_late6_mean_delta_passing_first_downs,9077,3339,0.016821403798317258,0.009870401767019862,0.012895063206979543,0.003491117034765567,0.5035519261730486,0.5035519261730486,higher_risk,0.21926742967588608,0.24581550412094855,418
lag1_gwfg_distance,9077,3339,0.7286612758310872,1.1376786336702684,-0.02520013767379799,-0.02449338070576755,0.49647808554665845,0.5035219144533416,lower_risk,0.01636150992571443,0.020001845874956514,419
lag1_gwfg_att,9077,3339,0.018268942797244683,0.028058556988497733,-0.025118589038158022,-0.02402122966889927,0.49648956829158986,0.5035104317084101,lower_risk,0.016712105202954824,0.020380616101164418,420
lag4_fg_missed_30_39,9077,3339,0.011680143755615454,0.022133147438131752,-0.02971154671587852,-0.029502907758846886,0.4964957533155643,0.5035042466844357,lower_risk,0.004646952525883554,0.006146762600375072,421
lag1_weekly_slope_passing_first_downs,9077,3339,-0.001987797283927577,-0.0005403433546359638,0.012782420015382134,-0.006864854991221204,0.5034926073566188,0.5034926073566188,higher_risk,0.22332011556227782,0.24979878698241367,422
lag1_late6_mean_delta_rushing_first_downs,9077,3339,0.03946019045497601,0.011417767578984604,0.007716160512739204,0.03384867909669666,0.50344638930827,0.50344638930827,higher_risk,0.46227984615323725,0.4981463859409884,423
lag1_fg_blocked,9077,3339,0.01287810721772986,0.023004531195538514,-0.027934065285830294,-0.027432114400696744,0.49657166991784935,0.5034283300821507,lower_risk,0.00778618891137465,0.009831046605271022,424
lag1_gwfg_made,9077,3339,0.015873015873015872,0.02405019170442663,-0.026041077886584923,-0.02209968328562594,0.496580334170843,0.503419665829157,lower_risk,0.01310645185253746,0.016180804756219087,425
lag1_weekly_slope_receiving_yards_after_catch,9077,3339,-0.014024687933312423,-0.007299974877116231,0.006211056798192759,-0.006322192188586351,0.5033924204070925,0.5033924204070925,higher_risk,0.5540443478787379,0.5919277220926686,426
lag3_gwfg_made,9077,3339,0.013177598083258461,0.022133147438131752,-0.02470689407379735,-0.0247758917416061,0.4969561852901654,0.5030438147098346,lower_risk,0.018584742655064317,0.02255429933867029,427
lag4_gwfg_att,9077,3339,0.014375561545372867,0.02126176368072499,-0.02400731548347278,-0.01894689873940568,0.4970536059420491,0.5029463940579508,lower_risk,0.022189420631275325,0.026732282231236446,428
lag2_gwfg_made,9077,3339,0.014076070679844266,0.02335308469850122,-0.023305326356038932,-0.025141380462695984,0.4970537103306394,0.5029462896693606,lower_risk,0.026402944104084364,0.031582469024024354,429
lag4_gwfg_distance,9077,3339,0.5537586103623839,0.8372255141164169,-0.023998000307816042,-0.019523114390804095,0.4970547020222471,0.5029452979777529,lower_risk,0.022241258816388724,0.026732282231236446,430
lag2_gwfg_att,9077,3339,0.01737047020065888,0.02631578947368421,-0.020657631867898988,-0.022088047412026687,0.4972337545517339,0.5027662454482661,lower_risk,0.04906877493553754,0.0578641213862471,431
lag2_gwfg_distance,9077,3339,0.7136867325546571,1.0230045311955385,-0.020586882713712746,-0.019082245262902118,0.49724317562200715,0.5027568243779929,lower_risk,0.04984946342748234,0.05864642756174393,432
lag1_fg_missed_30_39,9077,3339,0.016471997604073075,0.023527361449982572,-0.0213230385597872,-0.018651629569198167,0.4972754055992578,0.5027245944007421,lower_risk,0.04221598576393625,0.05001894047859746,433
lag3_fg_blocked,9077,3339,0.01287810721772986,0.020041826420355523,-0.02391735856106957,-0.019486921259777905,0.4972865490812708,0.5027134509187292,lower_risk,0.02269454151193978,0.027211680469951777,434
lag4_gwfg_made,9077,3339,0.01287810721772986,0.018647612408504707,-0.020365692762398815,-0.01698585795484501,0.49764838603234735,0.5023516139676527,lower_risk,0.05235804171266551,0.06140954177463979,435
lag1_late6_mean_delta_attempts,9077,3339,0.06887382481779371,0.057249912051383356,0.007944502823392277,0.002034951169606805,0.5023372083421933,0.5023372083421933,higher_risk,0.44914046162406085,0.48608275067539053,436
lag1_late6_mean_delta_receiving_yards,9077,3339,0.5059988823621421,0.042283237086912194,0.003957018473403058,0.023041444871809078,0.5021741533641676,0.5021741533641676,higher_risk,0.7061937587354337,0.7449301252483478,437
lag1_weekly_slope_attempts,9077,3339,-0.0034037726147083036,0.0017466117670443383,0.006835175210597792,-0.008516836422613767,0.5019970581207486,0.5019970581207486,higher_risk,0.5149398158917874,0.5513274260083376,438
lag4_fg_blocked,9077,3339,0.011380652890086853,0.018299058905542,-0.01781221176706369,-0.02007267926293565,0.49806265215289464,0.5019373478471054,lower_risk,0.08971335639527499,0.10311880045433906,439
lag1_weekly_slope_passing_yards_after_catch,9077,3339,-0.019175490704927103,-0.003681596623049999,-0.007042653835464844,-0.007501154671797659,0.4980770055840588,0.5019229944159411,lower_risk,0.5022646508907882,0.540069517086869,440
lag2_fg_blocked,9077,3339,0.015573525007487272,0.022133147438131752,-0.015700575273064354,-0.016808380491608436,0.4981027634687118,0.5018972365312881,lower_risk,0.13472076947179157,0.15309178349067223,441
lag4_fg_made_0_19,9077,3339,0.006888289907157832,0.010805158591843849,-0.019261979028984334,-0.016988384957518924,0.49822829074852987,0.5017717092514702,lower_risk,0.0665021313371608,0.0775083115817725,442
lag1_late6_mean_delta_receiving_first_downs,9077,3339,0.027026781330889805,0.003791839471258906,-0.003274548485024321,0.02347456825216125,0.49824120883657763,0.5017587911634224,lower_risk,0.7550745731864071,0.7931455600697555,443
lag4_pat_missed,9077,3339,0.011081162024558252,0.016556291390728478,-0.018456891610469116,-0.013560687786417662,0.4983140720725968,0.5016859279274032,lower_risk,0.07869227326452638,0.09129034021406772,444
lag1_late6_mean_delta_passing_yards,9077,3339,0.1967972583464071,0.22601054355361894,0.005881546994754606,-0.0007182161416872316,0.5016435722568949,0.5016435722568949,higher_risk,0.5752648879915376,0.6132887931679506,445
lag4_pat_blocked,9077,3339,0.005390835579514825,0.008191007319623562,-0.020663912947167573,-0.012463980732153438,0.49839849634499017,0.5016015036550099,lower_risk,0.04900151740200548,0.0578641213862471,446
lag1_weekly_slope_fg_made,9077,3339,2.715971041108167e-05,-0.00021827309816827722,0.008081520966851474,0.008429807629560825,0.5015869675438127,0.5015869675438127,higher_risk,0.441360385364694,0.4786988995278677,447
lag3_pat_missed,9077,3339,0.018568433662773286,0.023875914952945276,-0.014152978082330025,-0.010707151491885624,0.49843080461368333,0.5015691953863166,lower_risk,0.1775605941849412,0.2013158664228358,448
lag1_weekly_slope_fg_att,9077,3339,0.00017470301686211255,-0.00029088840375171695,0.007724344110483681,0.014104812989594675,0.5015232905037386,0.5015232905037386,higher_risk,0.4618094879625043,0.4981463859409884,449
lag2_fg_made_0_19,9077,3339,0.006888289907157832,0.010805158591843849,-0.01582880616198143,-0.01746167186346815,0.49852415411054607,0.5014758458894539,lower_risk,0.13156662833499078,0.14984809605352026,450
lag1_late6_mean_delta_punt_return_yards,9077,3339,0.08864021988088551,0.022497544716297023,0.005665742733446817,0.013425114208209507,0.5014366479738018,0.5014366479738018,higher_risk,0.5893664066293052,0.6256543594790925,451
lag2_pat_blocked,9077,3339,0.007487271638215035,0.00871383757406762,-0.01707438058193352,-0.005179269281685666,0.4985653876037088,0.5014346123962912,lower_risk,0.10381926735216936,0.11878634708486197,452
lag3_pat_blocked,9077,3339,0.004492362982929021,0.008191007319623562,-0.018786612962307304,-0.0168602199984426,0.4985726687078812,0.5014273312921188,lower_risk,0.07349714604032218,0.08546179772130486,453
lag2_fg_missed_20_29,9077,3339,0.001497454327643007,0.004182642035552457,-0.024876960794432763,-0.021505300755072097,0.49859529493482546,0.5014047050651745,lower_risk,0.017791196459022725,0.021643791312679714,454
lag1_late6_mean_delta_fg_made,9077,3339,0.0015972846905319017,0.0013704489320568525,0.006908428038365615,0.0008126331729957183,0.5013643066807341,0.5013643066807341,higher_risk,0.5104482846008227,0.5476912924901531,455
lag3_fg_missed_60_,9077,3339,0.0017969451931716084,0.00435691878703381,-0.02293650654416592,-0.019910245925153832,0.4986579019918491,0.5013420980081509,lower_risk,0.02888345057543123,0.034467124791684046,456
lag1_late6_mean_delta_passing_air_yards,9077,3339,0.6330147968523158,0.5448683455674729,0.004519738537180599,0.001809302428051338,0.5013228383132432,0.5013228383132432,higher_risk,0.666775131284763,0.7048362909986924,457
lag1_fg_made_0_19,9077,3339,0.006588799041629231,0.010456605088881143,-0.013314213673027252,-0.018018415437955012,0.4987586108843269,0.5012413891156731,lower_risk,0.20465784928371844,0.22995263964462745,458
lag1_late6_mean_delta_kickoff_return_yards,9077,3339,0.3244983540185735,0.22730441503395557,0.0035326676990917144,0.008197321775142624,0.5012294627192329,0.5012294627192329,higher_risk,0.7364612848568863,0.775222405112512,459
lag1_late6_mean_delta_pat_att,9077,3339,0.002872389696893238,0.006073280646955564,-0.005673967712051821,-0.008184235547444636,0.4988700718016041,0.5011299281983959,lower_risk,0.5888279134317045,0.6256543594790925,460
lag3_gwfg_missed,9077,3339,0.0008984725965858042,0.003136981526664343,-0.02246826091102221,-0.022468260911022744,0.4988807455349607,0.5011192544650394,lower_risk,0.03231782521929645,0.03838221522481764,461
lag3_fg_made_0_19,9077,3339,0.007487271638215035,0.010630881840362495,-0.011572391862927314,-0.01345698212355262,0.498935575642008,0.501064424357992,lower_risk,0.2702651743372859,0.2996287963828004,462
lag1_fg_made_60_,9077,3339,0.0002994908655286014,0.002265597769257581,-0.022848953618647215,-0.022597359914801086,0.49910405882672854,0.5008959411732714,lower_risk,0.02950208566530112,0.03512153055392991,463
lag1_pat_blocked,9077,3339,0.012279125486672657,0.00801673056814221,0.009562791049006111,0.01678171901690719,0.5008612058698539,0.5008612058698539,higher_risk,0.3622949621225814,0.39725324794142697,464
lag1_fg_missed_60_,9077,3339,0.0026954177897574125,0.00435691878703381,-0.013324895901561253,-0.012088722162358324,0.49919396350011186,0.5008060364998881,lower_risk,0.20429998552355144,0.22995263964462745,465
lag1_weekly_slope_punt_return_yards,9077,3339,0.0013271555836990533,0.00017555825483364255,-0.0031473702945874335,0.0022904708874311192,0.49920515917641983,0.5007948408235802,lower_risk,0.7643038074054781,0.8011570308233523,466
lag1_weekly_slope_passing_air_yards,9077,3339,-0.020843977139697625,0.022599593474185265,0.002715519258858114,-0.008575274924540664,0.5007892560339996,0.5007892560339996,higher_risk,0.7958716185026413,0.8325016929943947,467
lag3_fg_missed_20_29,9077,3339,0.0020964360587002098,0.004182642035552457,-0.012313228180704152,-0.01536853531479778,0.4993047197944046,0.5006952802055954,lower_risk,0.24079054428781654,0.2681409179151632,468
lag4_fg_missed_60_,9077,3339,0.002395926924228811,0.0036598117811084,-0.01229428220734786,-0.010122280795087393,0.49930578977745504,0.5006942102225449,lower_risk,0.2415151102940717,0.26835012254896856,469
lag1_weekly_slope_receiving_yards,9077,3339,-0.035341390668880056,-0.019693700097796352,-0.0012311520369911887,-0.007556452266722547,0.49932405778075495,0.500675942219245,lower_risk,0.9066342772525127,0.9369305129804044,470
lag1_gwfg_missed,9077,3339,0.0017969451931716084,0.0033112582781456954,-0.012586488869624247,-0.01340619655512226,0.49932982525036823,0.5006701747496318,lower_risk,0.23051104395409772,0.2572667901273412,471
lag2_fg_made_60_,9077,3339,0.0005989817310572028,0.0020913210177762286,-0.01680843330048456,-0.01715213344352082,0.499340916538086,0.500659083461914,lower_risk,0.10932307743424202,0.1247980336007329,472
lag1_fg_missed_20_29,9077,3339,0.0026954177897574125,0.004008365284071105,-0.01079768880742221,-0.009799828814750122,0.4993681880572981,0.5006318119427019,lower_risk,0.3036525450959052,0.33441910252852997,473
lag1_weekly_slope_receiving_20,9077,3339,-0.000439693716232779,-0.00026953096287120516,-0.001202175676438002,-0.004376295829833905,0.4994190774950622,0.5005809225049378,lower_risk,0.9088225975909923,0.9369305129804044,474
lag2_fg_missed_60_,9077,3339,0.0032943995208146153,0.0038340885325897525,-0.009392918458195551,-0.0040828674205739875,0.4994318129030769,0.5005681870969231,lower_risk,0.3708919476246667,0.4057898770510577,475
lag1_late6_mean_delta_receiving_yards_after_catch,9077,3339,0.24465227378774954,0.01746200168951333,-0.0010231199497033208,0.021602332348434564,0.49944047715607054,0.5005595228439295,lower_risk,0.9223562629865418,0.9489261964882119,476
lag1_late6_mean_delta_passing_yards_after_catch,9077,3339,0.08270031752415709,0.11936901098928122,0.001647128301428374,-0.0019002516649355415,0.5004521852759684,0.5004521852759684,higher_risk,0.8753160675611791,0.9136910934876609,477
lag4_gwfg_missed,9077,3339,0.0011979634621144056,0.0020913210177762286,-0.010269888767310465,-0.010269888767310402,0.4995533212221691,0.5004466787778309,lower_risk,0.32790864433264943,0.36033916959631807,478
lag1_weekly_slope_receiving_first_downs,9077,3339,-0.0014519434217664833,-0.0008598507365988325,0.0007987561974414214,-0.005901129372271396,0.5004270798200048,0.5004270798200048,higher_risk,0.939346469805836,0.9577049829336558,479
lag1_weekly_slope_passing_20,9077,3339,-0.0008302062875935688,-4.485063043832987e-05,-0.0016044800786601712,-0.012796545821260066,0.4995934847322815,0.5004065152677185,lower_risk,0.8785198283391208,0.9151248211865841,480
lag3_fg_made_60_,9077,3339,0.0008984725965858042,0.0015684907633321714,-0.008892022080945526,-0.008892022080945614,0.49966499091662675,0.5003350090833732,lower_risk,0.39696192976777767,0.43242040279714344,481
lag2_gwfg_blocked,9077,3339,0.0008984725965858042,0.0005228302544440571,0.011298663361034675,0.0061031569608129554,0.5002748812553688,0.5002748812553688,higher_risk,0.2817933980824414,0.3117183607106653,482
lag1_weekly_slope_pat_att,9077,3339,0.00011671335948505653,0.0001225917309239564,0.0012056971914590725,-0.00014538401708193236,0.5002394413289669,0.5002394413289669,higher_risk,0.9085625168993445,0.9369305129804044,483
lag1_weekly_slope_passing_yards,9077,3339,-0.05152564185249498,-0.009969227398369486,0.0007840274433842312,-0.009579670735552258,0.5002176763078924,0.5002176763078924,higher_risk,0.94046629324085,0.9577049829336558,484
lag1_late6_mean_delta_passing_20,9077,3339,-0.0003720946112375982,0.0037812775006772917,-0.0008303920814358144,-0.007041302249208377,0.49978741263588405,0.5002125873641159,lower_risk,0.9369529904912829,0.9577049829336558,485
lag1_gwfg_blocked,9077,3339,0.0005989817310572028,0.0006971070059254096,-0.008167475821790374,-0.0015942663729786952,0.4998012963183918,0.5001987036816082,lower_risk,0.4365706380685793,0.4745333022484558,486
lag1_late6_mean_delta_fg_att,9077,3339,0.0033125504605889355,0.0011750477459963376,0.0008174669190948993,0.006697917497269125,0.5001614369548761,0.5001614369548761,higher_risk,0.9379347375671842,0.9577049829336558,487
lag4_fg_made_60_,9077,3339,0.0008984725965858042,0.0012199372603694668,-0.0046729368793571036,-0.004672936879357639,0.4998392676681081,0.500160732331892,lower_risk,0.6562407902290605,0.6951703286324794,488
lag4_fg_missed_20_29,9077,3339,0.002994908655286014,0.0033112582781456954,-0.0008610915135979717,-0.0023923692601128866,0.49995320781440455,0.5000467921855954,lower_risk,0.9346556590451941,0.9577049829336558,489
lag3_gwfg_blocked,9077,3339,0.0005989817310572028,0.0006971070059254096,0.0015629120399722322,-0.0015942663729786397,0.5000380235440115,0.5000380235440115,higher_risk,0.8817166760348016,0.9165454012835775,490
lag4_gwfg_blocked,9077,3339,0.0002994908655286014,0.0005228302544440571,-0.0013029901175580132,-0.004189583163237206,0.4999754425841353,0.5000245574158647,lower_risk,0.9013141649598126,0.9349732001657807,491
lag2_gwfg_missed,9077,3339,0.002395926924228811,0.0024398745207389336,-0.00043099084221897107,-0.00043099084221843303,0.499978026201745,0.500021973798255,lower_risk,0.9672872145088691,0.9830154618992573,492
lag1_late6_mean_delta_rushing_20,9077,3339,0.008399357393888272,0.0010562227573408071,5.6494622322379886e-05,0.04135019883226859,0.5000185028776281,0.5000185028776281,higher_risk,0.9957117574041205,1.0,493
lag1_fg_missed_0_19,9077,3339,0.0,0.0,0.0,0.0,0.5,0.5,higher_risk,1.0,1.0,494
lag2_fg_missed_0_19,9077,3339,0.0,0.0,0.0,0.0,0.5,0.5,higher_risk,1.0,1.0,495
lag3_fg_missed_0_19,9077,3339,0.0,0.0,0.0,0.0,0.5,0.5,higher_risk,1.0,1.0,496
lag4_fg_missed_0_19,9077,3339,0.0,0.0,0.0,0.0,0.5,0.5,higher_risk,1.0,1.0,497
missing_is_rookie,9077,3339,0.0,0.0,0.0,0.0,0.5,0.5,higher_risk,1.0,1.0,498
missing_team_changed,9077,3339,0.0,0.0,0.0,0.0,0.5,0.5,higher_risk,1.0,1.0,499
missing_was_drafted,9077,3339,0.0,0.0,0.0,0.0,0.5,0.5,higher_risk,1.0,1.0,500
