target_season,player_id,model_position,team,candidate_name,roster_status,available_for_draft,is_rookie,injury_probability,predicted_points,health_probability,fantasy_score_percentile,combined_draft_score,position_raw_points_rank,position_combined_rank,risk_band,combined_draft_score_70_30,combined_draft_score_90_10
2026,00-0037224,K,LAC,Cameron Dicker,ACT,True,0,0.2899689756500464,141.69835637188822,0.7100310243499536,1.0,94.20062048699907,1,1,moderate,91.3009307304986,97.10031024349954
2026,00-0039404,K,MIN,Will Reichard,ACT,True,0,0.2944369626258986,133.2053193740802,0.7055630373741014,0.9534883720930233,90.39033051492389,3,2,moderate,87.91107716773467,92.8695838621131
2026,00-0032726,K,HOU,Ka'imi Fairbairn,ACT,True,0,0.45121375398399133,137.02055892188116,0.5487862460160087,0.9767441860465116,89.1152598040411,2,3,moderate,84.83568040373606,93.39483920434614
2026,00-0037692,K,DAL,Brandon Aubrey,ACT,True,0,0.21577280559715728,127.89220208718247,0.7842271944028427,0.9069767441860465,88.24268342294057,5,4,lower,87.01518792510853,89.4701789207726
2026,00-0031492,K,SEA,Jason Myers,ACT,True,0,0.3860630101842951,128.308076412459,0.6139369898157049,0.9302325581395349,86.6973444474769,4,5,moderate,83.53438876423859,89.86030013071519
2026,00-0035358,K,TB,Chase McLaughlin,ACT,True,0,0.38088065291779055,125.38594703194968,0.6191193470822094,0.8837209302325582,83.08006136024885,6,6,moderate,80.43404552874534,85.72607719175234
2026,00-0036816,K,MIA,Riley Patterson,ACT,True,0,0.37483293568351356,123.93598761475847,0.6251670643164864,0.8604651162790697,81.34055058865532,7,7,moderate,78.98757006902947,83.69353110828114
2026,00-0032569,K,DEN,Wil Lutz,ACT,True,0,0.32272709996267585,123.48417302019817,0.6772729000373241,0.8372093023255814,80.522202186793,8,8,moderate,78.92283816391043,82.12156620967556
2026,00-0031136,K,PIT,Chris Boswell,ACT,True,0,0.44982368790583765,123.4372986834141,0.5501763120941623,0.813953488372093,76.1198053116507,9,9,moderate,73.48203354887139,78.75757707442999
2026,00-0039409,K,JAX,Cam Little,ACT,True,0,0.26787579520238747,117.46440980989011,0.7321242047976125,0.7674418604651163,76.03783293316155,11,10,moderate,75.68465637648652,76.39100948983659
2026,00-0039172,K,DET,Jake Bates,ACT,True,0,0.22667585793284745,117.20593632592522,0.7733241420671526,0.7441860465116279,75.00136656227328,12,11,lower,75.29274751782853,74.70998560671804
2026,00-0025565,K,ATL,Nick Folk,ACT,True,0,0.49482214539333375,120.615652233744,0.5051778546066663,0.7906976744186046,73.35937104562169,10,12,moderate,70.5041728475023,76.21456924374108
2026,00-0036854,K,CIN,Evan McPherson,ACT,True,0,0.35248855781990185,116.30417350727949,0.6475114421800982,0.7209302325581395,70.62464744825311,13,13,moderate,69.89045954447272,71.35883535203354
2026,00-0038428,K,CLE,Andre Szmyt,ACT,True,0,0.22880571770124544,116.07703418591528,0.7711942822987545,0.6744186046511628,69.37737401806811,15,14,lower,70.34513079454403,68.4096172415922
2026,00-0034173,K,SF,Eddy Pineiro,ACT,True,0,0.3696412614926486,116.28650318733487,0.6303587385073515,0.6976744186046512,68.42112825851912,14,15,moderate,67.74797145754613,69.09428505949212
2026,00-0031203,K,CHI,Cairo Santos,ACT,True,0,0.4214697687009008,109.04373194409725,0.5785302312990992,0.6511627906976745,63.66362788179595,16,16,moderate,62.93730228781019,64.3899534757817
2026,00-0038567,K,AZ,Chad Ryland,ACT,True,0,0.2694428926611739,106.32599710205699,0.7305571073388262,0.6046511627906976,62.98323517003234,18,17,moderate,64.24229461551361,61.72417572455105
2026,00-0035192,K,TEN,Joey Slye,ACT,True,0,0.37936481870594796,108.85979697461799,0.620635181294052,0.627906976744186,62.645261765415924,17,18,moderate,62.57254381091458,62.71797971991726
2026,00-0038905,K,IND,Blake Grupe,ACT,True,0,0.20023063962667845,104.5103076893378,0.7997693603733216,0.5813953488372093,62.50701511444318,19,19,lower,64.6907552298043,60.32327499908205
2026,00-0040200,K,NE,Andy Borregales,ACT,True,0,0.2932199887813583,102.80452831475664,0.7067800112186418,0.5581395348837209,58.786763015070505,20,20,moderate,60.273167778419726,57.300358251721306
2026,00-0040074,K,BAL,Tyler Loop,ACT,True,0,0.27833967417729394,98.68850544851321,0.7216603258227061,0.5348837209302325,57.22390419087272,21,21,moderate,59.09167023979746,55.35613814194799
2026,00-0033787,K,PHI,Jake Elliott,ACT,True,0,0.2453359904552102,92.65117897654201,0.7546640095447898,0.4883720930232558,54.16304763275625,23,22,lower,56.8259667979716,51.50012846754092
2026,00-0033303,K,KC,Harrison Butker,ACT,True,0,0.45368813478771636,96.36533599946797,0.5463118652122836,0.5116279069767442,51.85646986238521,22,23,moderate,52.2033094447406,51.50963028002982
2026,00-0040279,K,CAR,Ryan Fitzgerald,ACT,True,0,0.2143328835882537,86.97116131298749,0.7856671164117464,0.4418604651162791,51.062179537537254,25,24,lower,54.50024605049193,47.624113024582584
2026,00-0035269,K,LV,Matt Gay,ACT,True,0,0.3260653372958484,92.62567430592891,0.6739346627041516,0.46511627906976744,50.687995579664424,24,25,moderate,52.776179416008276,48.599811743320586
2026,00-0036162,K,BUF,Tyler Bass,ACT,True,0,0.05947389165809328,66.67954044412377,0.9405261083419068,0.37209302325581395,48.577964027303246,28,26,lower,54.262294878164184,42.89363317644232
2026,00-0033862,K,MIA,Zane Gonzalez,ACT,True,0,0.3105860928162847,79.75560722737312,0.6894139071837153,0.3953488372093023,45.41618512041849,27,27,moderate,48.35683582016262,42.47553442067436
2026,00-0038562,K,WAS,Jake Moody,ACT,True,0,0.42070467666516004,80.59151968165149,0.5792953233348399,0.4186046511627907,45.07427855972006,26,28,moderate,46.68118528144055,43.467371837999565
2026,00-0039576,K,IND,Spencer Shrader,ACT,True,0,0.22493640840348536,59.132868566618555,0.7750635915965146,0.3488372093023256,43.408248576116335,29,29,lower,47.67051239905823,39.145984753174446
2026,00-0039498,K,LA,Harrison Mevis,ACT,True,0,0.2420136021962839,58.148532086740445,0.7579863978037161,0.32558139534883723,41.2062395839813,30,30,lower,45.5302896085301,36.88218955943251
2026,00-0034794,K,NYJ,Jason Sanders,ACT,True,0,0.062070329028634665,46.63719997595,0.9379296709713654,0.27906976744186046,41.08417481477614,32,31,lower,47.672773850071195,34.49557577948109
2026,00-0039229,K,NO,Charlie Smyth,E14,True,0,0.21486974195079664,49.54208544973544,0.7851302580492033,0.3023255813953488,39.88865167261197,31,32,lower,44.71669843915052,35.06060490607343
2026,00-0041174,K,CHI,Gabriel Plascencia,ACT,True,0,1.8512741064599854e-07,39.15269140476904,0.9999998148725894,0.1744186046511628,33.95348466954481,33,33,lower,42.20929677175908,25.697672567330542
2026,00-0041333,K,NO,Mason Shipley,ACT,True,0,1.8512741064599854e-07,39.15269140476904,0.9999998148725894,0.1744186046511628,33.95348466954481,33,33,lower,42.20929677175908,25.697672567330542
2026,00-0041582,K,LV,Kansei Matsuzawa,E14,True,1,0.040186649850980104,39.15269140476904,0.9598133501490199,0.1744186046511628,33.14975537507342,33,35,lower,41.003702830052,25.29580792009485
2026,00-0040899,K,GB,Trey Smack,ACT,True,1,0.04218086935855783,39.15269140476904,0.9578191306414422,0.1744186046511628,33.10987098492186,33,36,lower,40.943876244824665,25.27586572501907
2026,00-0041262,K,PIT,Laith Marjan,ACT,True,1,0.04230654751921299,39.15269140476904,0.957693452480787,0.1744186046511628,33.10735742170876,33,37,lower,40.94010590000501,25.27460894341252
2026,00-0041145,K,NYG,Dominic Zvada,ACT,True,1,0.04582297127472476,39.15269140476904,0.9541770287252752,0.1744186046511628,33.037028946598525,33,38,lower,40.834613187339656,25.2394447058574
2026,00-0041182,K,WAS,Drew Stevens,ACT,True,1,0.051367239671124484,39.15269140476904,0.9486327603288756,0.1744186046511628,32.92614357867053,33,39,lower,40.66828513544767,25.184002021893402
2026,00-0038748,K,TB,B.T. Potter,ACT,True,1,0.061425765214308224,39.15269140476904,0.9385742347856918,0.1744186046511628,32.72497306780685,33,40,lower,40.366529369152154,25.083416766461564
2026,00-0038152,K,GB,Lucas Havrisik,ACT,True,0,0.04227595463145038,21.310431536074656,0.9577240453685496,0.06976744186046512,24.735876256208197,41,41,lower,33.61544229128906,15.856310221127357
2026,00-0040530,K,NYG,Ben Sauls,ACT,True,0,0.042970455723398866,19.158157713890944,0.9570295442766011,0.046511627906976744,22.86152111809016,42,42,lower,31.966700281786416,13.756341954393916
2026,00-0038097,K,NYJ,Cade York,ACT,True,0,0.02910919430264366,9.41498288295961,0.9708908056973563,0.023255813953488372,21.27828123022619,43,43,lower,30.75463114766488,11.801931312787515
2026,00-0033106,QB,DET,Jared Goff,ACT,True,0,0.6474337669290227,270.91776307789496,0.35256623307097734,0.9915966386554622,86.37905575385652,2,1,higher,79.98875169801167,92.76935980970138
2026,00-0034857,QB,BUF,Josh Allen,ACT,True,0,0.7748694614714893,315.90446362433875,0.22513053852851073,1.0,84.50261077057021,1,2,higher,76.75391615585532,92.25130538528511
2026,00-0034855,QB,TB,Baker Mayfield,ACT,True,0,0.8026173234313894,264.76518872900084,0.19738267656861064,0.9831932773109243,82.60311571624615,3,3,higher,74.74500970882302,90.4612217236693
2026,00-0033873,QB,KC,Patrick Mahomes,ACT,True,0,0.7499633187103724,253.504708194275,0.25003668128962764,0.9663865546218487,82.31165799554046,5,4,higher,75.14815926221824,89.47515672886266
2026,00-0036389,QB,PHI,Jalen Hurts,ACT,True,0,0.7673060024773483,253.13403509700163,0.23269399752265174,0.957983193277311,81.29253541263792,6,5,higher,74.03964345509131,88.5454273701845
2026,00-0034869,QB,SEA,Sam Darnold,ACT,True,0,0.7003804981425557,249.15573002125626,0.29961950185744435,0.9327731092436975,80.61423877664468,9,6,higher,74.28270270278216,86.94577485050722
2026,00-0039851,QB,NE,Drake Maye,ACT,True,0,0.8758081458110591,263.3487261022927,0.12419185418894085,0.9747899159663865,80.46703036108974,4,7,higher,71.96104974331527,88.9730109788642
2026,00-0026498,QB,LA,Matthew Stafford,ACT,True,0,0.6900388292683792,224.29329517874498,0.30996117073162077,0.9159663865546218,79.47653433900217,11,8,higher,73.41648218077215,85.53658649723216
2026,00-0036355,QB,LAC,Justin Herbert,ACT,True,0,0.8055200375572895,252.62787386178502,0.19447996244271049,0.9411764705882353,79.18371689591304,8,9,higher,71.71675181445778,86.65068197736828
2026,00-0039918,QB,CHI,Caleb Williams,ACT,True,0,0.8563305231588322,252.65703504523603,0.14366947684116782,0.9495798319327731,78.8397760914452,7,10,higher,70.78067254052915,86.89887964236125
2026,00-0036264,QB,GB,Jordan Love,ACT,True,0,0.7419478430438121,208.4822834944634,0.2580521569561879,0.8991596638655462,77.09381624836746,13,11,higher,70.68274117927386,83.50489131746104
2026,00-0039732,QB,DEN,Bo Nix,ACT,True,0,0.8731852865184876,244.5153796219556,0.1268147134815124,0.9243697478991597,76.48587410156303,10,12,higher,68.51032375738654,84.4614244457395
2026,00-0023459,QB,PIT,Aaron Rodgers,ACT,True,0,0.6805510131712748,198.37926950293047,0.31944898682872525,0.8739495798319328,76.30494612312914,16,13,higher,70.75994019309705,81.8499520531612
2026,00-0036442,QB,CIN,Joe Burrow,ACT,True,0,0.5508155471266731,179.0176749527559,0.44918445287332687,0.8403361344537815,76.21057981376906,20,14,higher,72.29906299796451,80.1220966295736
2026,00-0034796,QB,BAL,Lamar Jackson,ACT,True,0,0.7210576495716755,199.80742609026777,0.2789423504283245,0.8823529411764706,76.16708230268414,15,15,higher,70.13297639520268,82.20118821016558
2026,00-0036971,QB,JAX,Trevor Lawrence,ACT,True,0,0.7598498773036675,205.23510166531003,0.2401501226963325,0.8907563025210085,76.06350665560734,14,16,higher,69.55744485736057,82.56956845385407
2026,00-0035710,QB,IND,Daniel Jones,ACT,True,0,0.6756188832873479,186.5819247663756,0.32438111671265213,0.865546218487395,75.73131981324465,17,17,higher,70.31966879549721,81.14297083099207
2026,00-0040691,QB,NYG,Jaxson Dart,ACT,True,0,0.8913412629983586,209.25936959364844,0.10865873700164141,0.907563025210084,74.77821675683956,12,18,higher,66.78917387475512,82.76725963892397
2026,00-0033077,QB,DAL,Dak Prescott,ACT,True,0,0.6730201557455858,179.3495776537151,0.3269798442544142,0.8487394957983193,74.43875654895383,19,19,higher,69.22116003351478,79.65635306439287
2026,00-0033119,QB,AZ,Jacoby Brissett,ACT,True,0,0.680042149046526,170.292517597156,0.31995785095347395,0.8235294117647058,72.28150996024596,22,20,higher,67.24579435213363,77.31722556835827
2026,00-0037834,QB,SF,Brock Purdy,ACT,True,0,0.6350504652442047,163.72391322941982,0.3649495347557953,0.8067226890756303,71.83680582116632,24,21,higher,67.41907427796798,76.25453736436468
2026,00-0040676,QB,TEN,Cam Ward,ACT,True,0,0.8369486638877568,181.65078771660444,0.1630513361122432,0.8571428571428571,71.83245529367343,18,22,higher,64.89154008336729,78.77337050397956
2026,00-0039910,QB,WAS,Jayden Daniels,ACT,True,0,0.5124777242390169,103.03719964347201,0.48752227576098306,0.773109243697479,71.59918501101798,28,23,higher,68.74331533165302,74.45505469038295
2026,00-0030565,QB,NYJ,Geno Smith,ACT,True,0,0.6808069401622091,170.13671375566733,0.3191930598377909,0.8151260504201681,71.59394523036926,23,24,higher,66.63461532454549,76.55327513619305
2026,00-0039163,QB,HOU,C.J. Stroud,ACT,True,0,0.7597446417967579,170.6239176490658,0.24025535820324206,0.8319327731092437,71.35972901280434,21,25,higher,65.44295486374433,77.27650316186435
2026,00-0036212,QB,ATL,Tua Tagovailoa,ACT,True,0,0.6434084378169966,148.54507707280015,0.35659156218300336,0.7899159663865546,70.32510855458443,26,26,higher,65.99186451254891,74.65835259661995
2026,00-0032268,QB,WAS,Marcus Mariota,ACT,True,0,0.5640343821886519,90.16821830316006,0.4359656178113481,0.7563025210084033,69.22351403689923,30,27,higher,66.02014500492868,72.42688306886978
2026,00-0036945,QB,KC,Justin Fields,ACT,True,0,0.6024131998972487,96.07026070510922,0.39758680010275127,0.7647058823529411,69.12820659029032,29,28,higher,65.4570157677884,72.79939741279222
2026,00-0036972,QB,SF,Mac Jones,ACT,True,0,0.5670080392893135,88.32078515336558,0.43299196071068646,0.7394957983193278,67.81950307975994,32,29,higher,64.75446470367355,70.88454145584637
2026,00-0029604,QB,LV,Kirk Cousins,ACT,True,0,0.46833463082906085,74.46039774129537,0.5316653691709392,0.7142857142857143,67.77616452627593,35,30,moderate,65.94996107512819,69.60236797742368
2026,00-0035993,QB,BAL,Tyler Huntley,ACT,True,0,0.34272398733412857,47.37929852818867,0.6572760126658714,0.680672268907563,67.59930176592248,39,31,moderate,67.36533920350556,67.8332643283394
2026,00-0040668,QB,CLE,Shedeur Sanders,ACT,True,0,0.5467632223199946,86.3247704955002,0.45323677768000536,0.7310924369747899,67.5521305115833,33,32,higher,64.77357391863545,70.33068710453114
2026,00-0039150,QB,CAR,Bryce Young,ACT,True,0,0.8171106331433262,152.25770775716492,0.18288936685667379,0.7983193277310925,67.52333355562088,25,33,higher,61.369033946876684,73.67763316436506
2026,00-0035228,QB,MIN,Kyler Murray,ACT,True,0,0.516268129267054,77.46415804010906,0.483731870732946,0.7226890756302521,67.4897634650791,34,34,higher,65.10019141610603,69.87933551405216
2026,00-0040743,QB,NO,Tyler Shough,ACT,True,0,0.7895314809295183,138.03672226696523,0.2104685190704817,0.7815126050420168,66.73037878477098,27,35,higher,61.01993792505562,72.44081964448633
2026,00-0039923,QB,MIN,J.J. McCarthy,ACT,True,0,0.6656443286638879,89.30475109589527,0.3343556713361121,0.7478991596638656,66.5190461998315,31,36,higher,62.38361131655395,70.65448108310902
2026,00-0040206,QB,IND,Riley Leonard,ACT,True,0,0.34111202544805447,42.26986388507305,0.6588879745519456,0.6638655462184874,66.2870031885179,41,37,moderate,66.23722747185248,66.33677890518332
2026,00-0039917,QB,ATL,Michael Penix Jr.,ACT,True,0,0.4602996156141208,60.31427198273425,0.5397003843858792,0.6890756302521008,65.92005810788565,38,38,moderate,64.42630564922342,67.41381056654787
2026,00-0040704,QB,CLE,Dillon Gabriel,ACT,True,0,0.49978543271251885,66.40996860034853,0.5002145672874811,0.6974789915966386,65.80261067348071,37,39,moderate,63.82996643038914,67.7752549165723
2026,00-0035100,QB,TB,Jake Browning,ACT,True,0,0.2721823217251206,39.23776983970079,0.7278176782748794,0.6386554621848739,65.6487905402875,44,40,moderate,66.54041270118756,64.75716837938744
2026,00-0039376,QB,NO,Spencer Rattler,ACT,True,0,0.43812237039340846,46.70366088139602,0.5618776296065915,0.6722689075630253,65.01906519717386,40,41,moderate,63.91515241760951,66.12297797673818
2026,00-0026158,QB,CIN,Joe Flacco,ACT,True,0,0.6064098968964245,72.74011767438267,0.39359010310357545,0.7058823529411765,64.34239029736564,36,42,higher,61.219467798989626,67.46531279574164
2026,00-0039164,QB,IND,Anthony Richardson,ACT,True,0,0.3978138559697782,39.26634590858451,0.6021861440302219,0.6470588235294118,63.808428762957384,43,43,moderate,63.35970196796548,64.25715555794929
2026,00-0032950,QB,MIN,Carson Wentz,ACT,True,0,0.4359343479149998,41.789694849364274,0.5640656520850003,0.6554621848739496,63.718287831615974,42,44,moderate,62.804322503726475,64.63225315950547
2026,00-0038128,QB,MIA,Malik Willis,ACT,True,0,0.33909791665148503,38.85911848649381,0.660902083348515,0.6302521008403361,63.63820973419718,45,45,moderate,63.94470955927898,63.331709909115396
2026,00-0031503,QB,NYG,Jameis Winston,ACT,True,0,0.3453492889845029,37.90667395113419,0.6546507110154971,0.6218487394957983,62.840913379973806,46,46,moderate,63.1689330951708,62.51289366477681
2026,00-0040234,QB,MIA,Quinn Ewers,ACT,True,0,0.34098606127186887,37.63734417085487,0.6590139387281311,0.6134453781512605,62.25590902666346,47,47,moderate,62.711594632432174,61.80022342089476
2026,00-0033869,QB,TEN,Mitchell Trubisky,ACT,True,0,0.3211642720506967,31.835617872848996,0.6788357279493034,0.5882352941176471,60.63553808839784,50,48,moderate,61.54154242671439,59.729533750081266
2026,00-0036898,QB,HOU,Davis Mills,ACT,True,0,0.3709264025122491,32.35927367621603,0.6290735974877508,0.5966386554621849,60.312564386729804,49,49,moderate,60.63691380698546,59.98821496647414
2026,00-0028118,QB,GB,Tyrod Taylor,ACT,True,0,0.4222310162716535,33.71973976476448,0.5777689837283465,0.6050420168067226,59.95874101910474,48,50,moderate,59.68601068832098,60.2314713498885
2026,00-0038102,QB,CAR,Kenny Pickett,ACT,True,0,0.33244479562797824,30.712840414043825,0.6675552043720218,0.5798319327731093,59.73765870928918,51,51,moderate,60.61489142527831,58.86042599330005
2026,00-0027973,QB,PHI,Andy Dalton,ACT,True,0,0.31083033966190476,27.696597139135708,0.6891696603380952,0.5714285714285714,59.497678921047616,52,52,moderate,60.67508981014286,58.320268031952374
2026,00-0037012,QB,LAC,Trey Lance,ACT,True,0,0.32459931681645304,26.879995424435496,0.675400683183547,0.5630252100840336,58.55003047039362,53,53,moderate,59.67378520138876,57.42627573939849
2026,00-0040398,QB,NYJ,Brady Cook,ACT,True,0,0.2596191259206838,22.573362945699163,0.7403808740793162,0.5378151260504201,57.83282756561994,56,54,moderate,59.85848504590889,55.80717008533098
2026,00-0034771,QB,PIT,Mason Rudolph,ACT,True,0,0.33470948368896514,26.16799053974478,0.6652905163110349,0.5546218487394958,57.675558225380364,54,55,moderate,58.78224490109576,56.568871549664976
2026,00-0039398,QB,DAL,Joe Milton III,ACT,True,0,0.30276872761699863,23.902305728388757,0.6972312723830014,0.5462184873949579,57.642104439256656,55,56,moderate,59.152232289137096,56.13197658937623
2026,00-0037013,QB,NO,Zach Wilson,ACT,True,0,0.31953501441173077,21.968763176726195,0.6804649855882692,0.5294117647058824,55.96224088823597,57,57,moderate,57.472773097059836,54.4517086794121
2026,00-0037077,QB,DAL,Sam Howell,ACT,True,0,0.13270192195390085,15.916578453315669,0.8672980780460992,0.4789915966386555,55.66528929201442,63,58,lower,59.54835410608885,51.782224477939984
2026,00-0039152,QB,TEN,Will Levis,ACT,True,0,0.28888890809165263,21.346620340532425,0.7111110919083474,0.5126050420168067,55.230625199511486,59,59,moderate,57.21568569842689,53.24556470059607
2026,00-0026300,QB,CIN,Josh Johnson,ACT,True,0,0.29362774872116865,19.56512738912192,0.7063722512788313,0.5042016806722689,54.46357947935814,60,60,moderate,56.48528518542376,52.441873773292514
2026,00-0040673,QB,SEA,Jalen Milroe,ACT,True,0,0.39034025105928455,21.48147457043498,0.6096597489407154,0.5210084033613446,53.873867247721876,58,61,moderate,54.76038070351558,52.98735379192817
2026,00-0038400,QB,PHI,Tanner McKee,ACT,True,0,0.2442952049639537,14.788273544314572,0.7557047950360463,0.47058823529411764,52.76115472425034,64,62,lower,55.61232032166963,49.90998912683105
2026,00-0035289,QB,AZ,Gardner Minshew,ACT,True,0,0.3620694111805917,17.87208603935768,0.6379305888194082,0.4957983193277311,52.42247732260665,61,63,moderate,53.84380001752342,51.001154627689886
2026,00-0040494,QB,MIN,Max Brosmer,ACT,True,0,0.1966165139646613,13.9627637933799,0.8033834860353387,0.453781512605042,52.370190729110135,66,64,lower,55.866210463413104,48.874170994807166
2026,00-0031237,QB,DET,Teddy Bridgewater,ACT,True,0,0.19228292505085923,12.875021336107874,0.8077170749491408,0.44537815126050423,51.78459359982316,67,65,lower,55.40798283670952,48.161204362936786
2026,00-0035704,QB,SEA,Drew Lock,ACT,True,0,0.3842748893977989,16.525611139756347,0.615725110602201,0.48739495798319327,51.30609885069948,62,66,moderate,52.589400376889564,50.022797324509405
2026,00-0038579,QB,LV,Aidan O'Connell,ACT,True,0,0.32113872350053174,14.369184516809476,0.6788612764994683,0.46218487394957986,50.55201544595575,65,67,moderate,52.718779471454646,48.38525142045687
2026,00-0037324,QB,KC,Chris Oladokun,ACT,True,0,0.21629276763682548,11.493726923333695,0.7837072323631745,0.42857142857142855,49.959858932977774,69,68,lower,53.511216970895234,46.408500895060314
2026,00-0038550,QB,TEN,Hendon Hooker,ACT,True,0,0.11678719503011105,8.69581541510765,0.883212804969889,0.40336134453781514,49.933163662422984,72,69,lower,54.731678266743735,45.134649058102255
2026,00-0038416,QB,CHI,Tyson Bagent,ACT,True,0,0.19605862770216756,9.336638190623018,0.8039413722978325,0.42016806722689076,49.69227282410791,70,70,lower,53.530005874817334,45.85453977339849
2026,00-0032434,QB,NYG,Brandon Allen,ACT,True,0,0.18928101674923273,8.857479102228924,0.8107189832507673,0.4117647058823529,49.155556135603575,71,71,lower,53.145098909287725,45.16601336191944
2026,00-0033537,QB,CLE,Deshaun Watson,ACT,True,0,0.29501770050525034,12.34074367675257,0.7049822994947497,0.4369747899159664,49.0576291831723,68,72,moderate,51.73770427896014,46.37755408738447
2026,00-0040014,QB,GB,Kyle McCord,ACT,True,0,0.16586510049492684,8.28336044084479,0.8341348995050731,0.3865546218487395,47.607067738000616,74,73,lower,52.082870514563965,43.13126496143729
2026,00-0040222,QB,MIA,Cam Miller,ACT,True,0,0.13642498650792248,7.897021873614545,0.8635750134920775,0.36134453781512604,46.179063295051634,77,74,lower,51.20136805182115,41.15675853828212
2026,00-0040203,QB,PIT,Will Howard,ACT,True,0,0.17359187080783134,8.115125246875188,0.8264081291921687,0.3697478991596639,46.10799451661648,76,75,lower,50.67459681694153,41.54139221629144
2026,00-0033319,QB,JAX,Nick Mullens,ACT,True,0,0.2997735454208355,8.327136846871666,0.7002264545791645,0.3949579831932773,45.601167747045466,73,76,moderate,48.653852460904346,42.5484830331866
2026,00-0035264,QB,DEN,Jarrett Stidham,ACT,True,0,0.1364604543611435,7.808573515056919,0.8635395456388565,0.35294117647058826,45.506085030424195,78,77,lower,50.612068722106876,40.40010133874151
2026,00-0034577,QB,BUF,Kyle Allen,ACT,True,0,0.26697814393907804,8.130406612219534,0.733021856060922,0.37815126050420167,44.91253796155458,75,78,moderate,48.46124391712178,41.36383200598737
2026,00-0040211,QB,HOU,Graham Mertz,ACT,True,0,0.14171039943476718,7.762650964132627,0.8582896005652328,0.3445378151260504,44.72881722138869,79,79,lower,49.86633507578052,39.59129936699687
2026,00-0035251,QB,CAR,Will Grier,ACT,True,0,0.06174701991276971,7.376328376643645,0.9382529800872303,0.31932773109243695,44.31127808913956,82,80,lower,50.500530579087496,38.12202559919163
2026,00-0035282,QB,IND,Easton Stick,ACT,True,0,0.0470487948657248,7.155141213247433,0.9529512051342752,0.31092436974789917,43.932973682517435,83,81,lower,50.353242036381204,37.512705328653674
2026,00-0040589,QB,SF,Kurtis Rourke,ACT,True,0,0.15099329062891506,7.609748973685403,0.8490067093710849,0.33613445378151263,43.8708904899427,80,82,lower,48.99961304583843,38.74216793404698
2026,00-0039107,QB,LA,Stetson Bennett,ACT,True,0,0.050515125356254416,6.833893967795944,0.9494848746437455,0.3025210084033613,43.19137816514381,84,83,lower,49.66101682754766,36.72173950273997
2026,00-0038108,QB,NYJ,Bailey Zappe,ACT,True,0,0.17372738716537645,7.543493613067979,0.8262726128346236,0.3277310924369748,42.74393965165045,81,84,lower,47.72935485562695,37.75852444767397
2026,00-0038391,QB,CIN,Sean Clifford,ACT,True,0,0.019094730162153017,6.5304443611751735,0.980905269837847,0.2857142857142857,42.47524825389979,86,85,lower,49.42715809513542,35.52333841266418
2026,00-0036679,QB,BUF,Shane Buechele,ACT,True,0,0.1421181093059922,6.561696857156167,0.8578818906940078,0.29411764705882354,40.687049578586034,85,86,lower,46.32469201493789,35.049407142234195
2026,00-0038658,QB,SF,Adrian Martinez,ACT,True,0,0.10015458373692424,6.352116677572494,0.8998454162630758,0.2773109243697479,40.181782274841346,87,87,lower,46.407127193774635,33.95643735590807
2026,00-0038476,QB,NE,Tommy DeVito,ACT,True,0,0.08779878837102142,6.250382527490674,0.9122012116289786,0.2689075630252101,39.75662927459638,88,88,lower,46.18956576063407,33.32369278855869
2026,00-0032156,QB,ATL,Trevor Siemian,ACT,True,0,0.09069514975142977,5.967525649173538,0.9093048502485702,0.25210084033613445,38.35416423186216,90,89,lower,44.92620433098652,31.7821241327378
2026,00-0037327,QB,BAL,Skylar Thompson,ACT,True,0,0.1572854877125474,6.193730571235541,0.8427145122874526,0.2605042016806723,37.694626380202834,89,90,lower,43.51672948627064,31.872523274135034
2026,00-0028986,QB,CHI,Case Keenum,ACT,True,0,0.03742088494787216,3.0767027524596284,0.9625791150521279,0.226890756302521,37.402842805244234,93,91,lower,44.75972639274031,30.045959217748162
2026,00-0039677,QB,WAS,Sam Hartman,ACT,True,0,0.04040944017925128,3.0375287494596015,0.9595905598207487,0.2184873949579832,36.670802793053625,94,92,lower,44.08183444168129,29.259771144425972
2026,00-0036879,QB,DEN,Sam Ehlinger,ACT,True,0,0.14703146507093282,5.965164980186518,0.8529685349290672,0.24369747899159663,36.55516901790907,91,93,lower,42.64787957728379,30.46245845853437
2026,00-0040464,QB,LAC,DJ Uiagalelei,ACT,True,0,0.09054490007941857,2.9194371876407392,0.9094550999205815,0.21008403361344538,34.99582468748726,95,94,lower,41.989535350558626,28.002114024415896
2026,00-0040415,QB,TB,Connor Bazelak,ACT,True,0,0.07638524520591378,2.900419112490346,0.9236147547940863,0.20168067226890757,34.60674887739433,96,95,lower,41.82608970264612,27.387408052142543
2026,00-0039577,QB,AZ,Kedon Slovis,ACT,True,0,0.22319143276683637,5.815710678815818,0.7768085672331636,0.23529411764705882,34.359700756427976,92,96,lower,39.774845252289026,28.944556260566927
2026,00-0039534,QB,JAX,Carter Bradley,ACT,True,0,0.059395108016682546,2.8629516724476707,0.9406048919833174,0.19327731092436976,34.274282713615925,97,97,lower,41.74755852420541,26.801006903026455
2026,00-0040981,QB,BAL,Joe Fagnano,ACT,True,1,0.028707286367500397,2.0927760078733373,0.9712927136324996,0.17647058823529413,33.54350133147352,99,98,lower,41.49172258544558,25.595280077501464
2026,00-0041092,QB,CLE,Taylen Green,ACT,True,1,0.09821929030710472,2.1480562258862603,0.9017807096928953,0.18487394957983194,32.825530160244455,98,99,lower,39.9945977613751,25.656462559113823
2026,00-0041251,QB,TB,Jalon Daniels,ACT,True,1,0.03680336240347594,1.725824067391003,0.9631966375965241,0.15966386554621848,32.03704199562796,101,100,lower,40.07236971613102,24.001714275124904
2026,00-0041453,QB,DET,Luke Altmyer,ACT,True,1,0.08881551284315813,2.014730464692518,0.9111844871568419,0.16806722689075632,31.66906789439734,100,101,lower,39.1002404970582,24.237895291736486
2026,00-0041568,QB,LA,Ty Simpson,RES,True,1,0.03841314740873978,1.5953431967220681,0.9615868525912602,0.15126050420168066,31.332577387959653,102,102,lower,39.435840871855454,23.229313904063858
2026,00-0041172,QB,CHI,Miller Moss,ACT,True,1,0.03698272615629913,1.590749323903456,0.9630172738437008,0.14285714285714285,30.68891690544544,103,103,lower,38.890518215311026,22.48731559557986
2026,00-0041123,QB,NE,Behren Morton,ACT,True,1,0.03879421695645443,1.562004960581306,0.9612057830435455,0.13445378151260504,29.98041818187931,104,104,lower,38.247938197188724,21.712898166569904
2026,00-0040906,QB,KC,Garrett Nussmeier,ACT,True,1,0.03646107104910353,1.5563717283995442,0.9635389289508964,0.12605042016806722,29.354812192463303,105,105,lower,37.72969728029161,20.979927104635014
2026,00-0041149,QB,CAR,Haynes King,ACT,True,1,0.036936629000618566,1.5544975088431008,0.9630633709993814,0.11764705882352941,28.67303212586998,106,106,lower,37.1271952476285,20.218869004111458
2026,00-0041561,QB,AZ,Carson Beck,RES,True,1,0.03858600554925812,1.5350679933127689,0.9614139944507418,0.1092436974789916,27.96777568733416,107,107,lower,36.48947865705167,19.44607271761666
2026,00-0041203,QB,JAX,Joey Aguilar,ACT,True,1,0.03811117258036262,1.5207637716232436,0.9618888274196373,0.10084033613445378,27.305003439149043,108,108,lower,35.91548835200089,18.694518526297212
2026,00-0040891,QB,PHI,Cole Payton,ACT,True,1,0.03728807582716433,1.5134101964551627,0.9627119241728357,0.09243697478991597,26.64919646664999,109,109,lower,35.35194596047919,17.94644697282079
2026,00-0041056,QB,NYJ,Cade Klubnik,ACT,True,1,0.04462782684141044,1.5068129153542138,0.9553721731585896,0.08403361344537816,25.83013253880204,110,110,lower,34.543518135934164,17.116746941669927
2026,00-0040996,QB,LV,Jacob Clark,ACT,True,1,0.03872588633380994,1.50057670073385,0.9612741136661901,0.07563025210084033,25.275902441391025,111,111,lower,34.13234105704453,16.41946382573753
2026,00-0040942,QB,GB,Kyron Drones,ACT,True,1,0.04193770343205306,1.4604504164152445,0.958062296567947,0.06722689075630252,24.539397191863134,112,112,lower,33.44775124997959,15.631043133746694
2026,00-0041194,QB,ATL,Jack Strand,ACT,True,1,0.055747311992982156,1.4597947744434987,0.9442526880070179,0.058823529411764705,23.59093611308153,113,113,lower,32.44522769903407,14.736644527129
2026,00-0041117,QB,WAS,Athan Kaliakmanis,ACT,True,1,0.03945925457467329,1.4090813567453,0.9605407454253267,0.05042016806722689,23.24442835388468,114,114,lower,32.345634127465686,14.143222580303686
2026,00-0041414,QB,LA,Matthew Caldwell,ACT,True,1,0.03944468535076362,1.4055365113616387,0.9605553146492364,0.04201680672268908,22.572450830799852,115,115,lower,31.757835910065328,13.387065751534378
2026,00-0041562,QB,LV,Fernando Mendoza,RES,True,1,0.04005472938354815,1.342824383723108,0.9599452706164519,0.03361344537815126,21.887981042581135,116,116,lower,31.151299294964147,12.62466279019813
2026,00-0040985,QB,BAL,Diego Pavia,ACT,True,0,2.460444778017921e-05,0.03926363686432858,0.9999753955522198,0.012605042016806723,21.00791127238893,118,117,lower,30.881614807743073,11.134207737034801
2026,00-0041156,QB,MIA,Mark Gronowski,ACT,True,0,2.460444778017921e-05,0.03926363686432858,0.9999753955522198,0.012605042016806723,21.00791127238893,118,117,lower,30.881614807743073,11.134207737034801
2026,00-0041565,QB,PIT,Drew Allar,RES,True,1,0.05243348348927503,1.3091601421005328,0.947566516510725,0.025210084033613446,20.96813705290357,117,119,lower,30.191701377674697,11.744572728132457
2026,00-0039139,RB,DET,Jahmyr Gibbs,ACT,True,0,0.8285948488790137,257.7712815616482,0.1714051511209863,1.0,83.42810302241973,1,1,higher,75.1421545336296,91.71405151120986
2026,00-0032764,RB,BAL,Derrick Henry,ACT,True,0,0.7130902235905323,204.33842027817857,0.2869097764094677,0.9671361502347418,83.1090875469687,8,2,higher,76.30682380871595,89.91135128522143
2026,00-0038542,RB,ATL,Bijan Robinson,ACT,True,0,0.8734753397861984,240.51114276399994,0.1265246602138016,0.9953051643192489,82.15490634981595,2,3,higher,73.46710130876146,90.8427113908704
2026,00-0039040,RB,MIA,De'Von Achane,ACT,True,0,0.8780166978579533,228.8390082710499,0.12198330214204667,0.9906103286384976,81.68849233392075,3,4,higher,73.00222206895623,90.37476259888525
2026,00-0040122,RB,LV,Ashton Jeanty,ACT,True,0,0.8915911638677598,209.94673350735522,0.10840883613224017,0.9812206572769953,80.66582930480443,5,5,higher,71.93771109335687,89.39394751625197
2026,00-0037248,RB,BUF,James Cook,ACT,True,0,0.9153364229262697,215.49188737125303,0.08466357707373029,0.9859154929577465,80.56651097809433,4,6,higher,71.55399181925416,89.57903013693449
2026,00-0038597,RB,CIN,Chase Brown,ACT,True,0,0.8685210572121714,204.9991198059249,0.13147894278782857,0.971830985915493,80.37605772899602,7,7,higher,71.97253729771937,88.77957816027265
2026,00-0038120,RB,NYJ,Breece Hall,ACT,True,0,0.9127034990763974,209.75603849726096,0.08729650092360264,0.9765258215962441,79.86799574617159,6,8,higher,70.97570253944517,88.76028895289801
2026,00-0036223,RB,IND,Jonathan Taylor,ACT,True,0,0.8406704788133526,192.42079396091165,0.15932952118664745,0.9577464788732394,79.8063087335921,10,9,higher,71.82213915672617,87.79047831045801
2026,00-0033280,RB,SF,Christian McCaffrey,ACT,True,0,0.8738018963701765,200.96701946692042,0.12619810362982353,0.9624413145539906,79.51926723691572,9,10,higher,71.15683512767404,87.88169934615739
2026,00-0034844,RB,PHI,Saquon Barkley,ACT,True,0,0.7931299240059478,169.67587399345499,0.20687007599405216,0.9389671361502347,79.25477241189984,14,11,higher,71.933801810338,86.57574301346165
2026,00-0037840,RB,LA,Kyren Williams,ACT,True,0,0.8558655924971771,170.84372926613378,0.14413440750282291,0.9483568075117371,78.75123275099543,12,12,higher,70.70900875090628,86.79345675108458
2026,00-0036275,RB,CHI,D'Andre Swift,ACT,True,0,0.9166710132502671,182.89787395516421,0.08332898674973288,0.9530516431924883,77.91071119039373,11,13,higher,69.21348462596616,86.60793775482128
2026,00-0038134,RB,KC,Kenneth Walker III,ACT,True,0,0.8896680776869669,169.97381385759655,0.11033192231303313,0.9436619718309859,77.69959619273953,13,14,higher,69.36629569756,86.03289668791906
2026,00-0036997,RB,DAL,Javonte Williams,ACT,True,0,0.7841737528100499,157.02328458199068,0.21582624718995014,0.9154929577464789,77.55596156351731,19,15,higher,70.55929445795202,84.5526286690826
2026,00-0040734,RB,NE,TreVeyon Henderson,ACT,True,0,0.8919143656594851,166.24568645147278,0.10808563434051488,0.9342723004694836,76.90349672436899,15,16,higher,68.64163006307929,85.16536338565868
2026,00-0040784,RB,CLE,Quinshon Judkins,ACT,True,0,0.8616612466788557,164.3265788149009,0.13833875332114431,0.9248826291079812,76.75738539506139,17,17,higher,68.89194663719302,84.62282415292975
2026,00-0035700,RB,GB,Josh Jacobs,ACT,True,0,0.8905064298551777,165.38754940723985,0.1094935701448223,0.9295774647887324,76.55606858599504,16,18,higher,68.35522963955593,84.75690753243413
2026,00-0039361,RB,TB,Bucky Irving,ACT,True,0,0.7733579935373881,137.23880247324882,0.2266420064626119,0.892018779342723,75.89434247667009,24,19,higher,69.24057474786895,82.54811020547119
2026,00-0037228,RB,PIT,Jaylen Warren,ACT,True,0,0.8988065791310023,158.83637142106238,0.10119342086899774,0.92018779342723,75.63889189155837,18,20,higher,67.44894816597602,83.82883561714068
2026,00-0039384,RB,NYG,Tyrone Tracy Jr.,ACT,True,0,0.8429286669357161,143.64605464608175,0.1570713330642839,0.9014084507042254,75.25410271762371,22,21,higher,67.81073154122429,82.69747389402312
2026,00-0036139,RB,PIT,Rico Dowdle,ACT,True,0,0.8869025786579332,155.8146331223887,0.1130974213420668,0.9061032863849765,74.75021133763946,21,22,higher,66.82015268721035,82.68026998806856
2026,00-0033553,RB,AZ,James Conner,ACT,True,0,0.45702321240995886,85.09989843482951,0.5429767875900411,0.7981220657276995,74.70930101001679,44,23,moderate,72.1578482286402,77.26075379139337
2026,00-0036973,RB,NO,Travis Etienne,ACT,True,0,0.9098352310976137,156.51137655444677,0.09016476890238634,0.9107981220657277,74.66714514330596,20,24,higher,66.46081161167253,82.87347867493936
2026,00-0040236,RB,CHI,Kyle Monangai,ACT,True,0,0.8174127315097585,135.5351468660874,0.18258726849024154,0.8873239436619719,74.63766086276257,25,25,higher,67.59029411104527,81.68502761447989
2026,00-0035261,RB,TEN,Tony Pollard,ACT,True,0,0.8615743537436696,142.28981237347648,0.13842564625633036,0.8967136150234741,74.50560212700455,23,26,higher,66.9227224393331,82.08848181467597
2026,00-0036919,RB,TB,Kenneth Gainwell,ACT,True,0,0.8016133035490283,128.55264308776182,0.19838669645097173,0.8779342723004695,74.202475713057,27,27,higher,67.40699995456201,80.99795147155197
2026,00-0036875,RB,NE,Rhamondre Stevenson,ACT,True,0,0.7572865517572273,120.20063111956735,0.24271344824277274,0.863849765258216,73.96225018551274,30,28,higher,67.7508870153583,80.17361335566717
2026,00-0040666,RB,LAC,Omarion Hampton,ACT,True,0,0.7906064511141687,126.88158235834659,0.20939354888583128,0.8685446009389671,73.671439052834,29,29,higher,67.07992853230263,80.26294957336535
2026,00-0040583,RB,HOU,Woody Marks,ACT,True,0,0.8534068354264245,129.7798509451539,0.14659316457357552,0.8826291079812206,73.54219192996916,26,30,higher,66.1818324958927,80.9025513640456
2026,00-0033906,RB,NO,Alvin Kamara,ACT,True,0,0.591994484591879,92.0735304152684,0.408005515408121,0.8169014084507042,73.51222298421875,40,31,higher,69.42326405379293,77.60118191464458
2026,00-0033293,RB,MIN,Aaron Jones,ACT,True,0,0.6155351563795686,98.65747719939591,0.38446484362043143,0.8215962441314554,73.41699640292507,39,32,higher,69.04568239781483,77.7883104080353
2026,00-0036158,RB,DEN,J.K. Dobbins,ACT,True,0,0.5631081813543353,91.04972373076902,0.43689181864566473,0.8075117370892019,73.33877534004944,42,33,higher,69.63257615561406,77.04497452448481
2026,00-0040730,RB,DEN,RJ Harvey,ACT,True,0,0.8379695883211926,127.20951394552053,0.16203041167880738,0.8732394366197183,73.09976316315361,28,34,higher,65.9876729137445,80.21185341256272
2026,00-0035685,RB,HOU,David Montgomery,ACT,True,0,0.7825227678802607,115.65693251105651,0.21747723211973935,0.8591549295774648,73.08193900859197,31,35,higher,66.66516203401471,79.49871598316922
2026,00-0040715,RB,NYG,Cam Skattebo,ACT,True,0,0.7079063826502642,109.84086887103895,0.2920936173497358,0.8356807511737089,72.69633244089142,36,36,higher,67.26046110265169,78.13220377913116
2026,00-0039738,RB,LA,Blake Corum,ACT,True,0,0.7629611641497875,113.49794895971756,0.23703883585021246,0.8450704225352113,72.34641051982115,34,37,higher,66.26609465297116,78.42672638667113
2026,00-0040242,RB,WAS,Jacory Croskey-Merritt,ACT,True,0,0.7857726628056739,114.81181813257344,0.21422733719432607,0.8497652582159625,72.26576740116353,33,38,higher,65.91038819094715,78.62114661137988
2026,00-0037256,RB,WAS,Rachaad White,ACT,True,0,0.7494546083624104,110.3450520200649,0.2505453916375896,0.8403755868544601,72.2409547811086,35,39,higher,66.34265282893989,78.1392567332773
2026,00-0039165,RB,SEA,Zach Charbonnet,ACT,True,0,0.8074405883265144,115.50366944051586,0.19255941167348556,0.8544600938967136,72.2079957452068,32,40,higher,65.58898892297452,78.82700256743908
2026,00-0037525,RB,MIN,Jordan Mason,ACT,True,0,0.7671649372101413,102.02304349939706,0.23283506278985866,0.8309859154929577,71.13557449523378,37,41,higher,65.1540659682028,77.1170830222648
2026,00-0039391,RB,LAC,Kimani Vidal,ACT,True,0,0.7543010365982386,99.1876702006795,0.24569896340176145,0.8262910798122066,71.01726565301176,38,42,higher,65.21134448890732,76.82318681711621
2026,00-0036555,RB,CAR,Chuba Hubbard,ACT,True,0,0.6862302082828179,86.2418155268516,0.3137697917171821,0.8028169014084507,70.5007479470197,43,43,higher,65.61027685010701,75.3912190439324
2026,00-0037263,RB,AZ,Tyler Allgeier,ACT,True,0,0.6618835649916867,79.96996413509876,0.33811643500831334,0.7887323943661971,69.86092024946204,46,44,higher,65.3547606558832,74.36707984304087
2026,00-0033526,RB,CIN,Samaje Perine,ACT,True,0,0.6176035859280639,73.8543521310269,0.38239641407193614,0.7699530516431925,69.24417241289412,50,45,higher,65.36860603718155,73.1197387886067
2026,00-0039032,RB,TEN,Tyjae Spears,ACT,True,0,0.795157297159394,91.17063196326274,0.20484270284060602,0.812206572769953,69.07337987840836,41,46,higher,62.999741179114885,75.14701857770184
2026,00-0038797,RB,SEA,Emanuel Wilson,ACT,True,0,0.7018037744202283,79.05608641465753,0.29819622557977166,0.784037558685446,68.68692920643112,47,47,higher,63.82851587537437,73.54534253748787
2026,00-0038555,RB,PHI,Tank Bigsby,ACT,True,0,0.754027461909706,83.24956739004723,0.24597253809029396,0.7934272300469484,68.39362916556175,45,48,higher,62.919082245995206,73.8681760851283
2026,00-0039875,RB,BUF,Ray Davis,ACT,True,0,0.720365418335778,76.46512198312718,0.27963458166422195,0.7793427230046949,67.94010947366004,48,49,higher,62.9430280602553,72.93719088706476
2026,00-0039798,RB,NYJ,Isaiah Davis,ACT,True,0,0.7201467530313967,76.00219460038176,0.27985324696860325,0.7746478873239436,67.56889592528756,49,50,higher,62.62094952173415,72.51684232884095
2026,00-0038611,RB,JAX,Chris Rodriguez Jr.,ACT,True,0,0.6714573726379194,71.35078954021158,0.3285426273620806,0.7605633802816901,67.41592296977683,52,51,higher,63.095715440580726,71.73613049897291
2026,00-0037746,RB,ATL,Brian Robinson,ACT,True,0,0.534716963631004,52.99529704156576,0.46528303636899604,0.7230046948356808,67.14603631423438,60,52,higher,64.56881972956752,69.72325289890124
2026,00-0037197,RB,DET,Isiah Pacheco,ACT,True,0,0.5813638739285382,55.03571754504783,0.41863612607146183,0.7323943661971831,66.96427181720388,58,53,higher,63.82668941594667,70.1018542184611
2026,00-0038951,RB,TB,Sean Tucker,ACT,True,0,0.6362077330594523,60.97087461262096,0.36379226694054767,0.7417840375586855,66.61856834350579,56,54,higher,62.83865063732441,70.39848604968718
2026,00-0040162,RB,CLE,Dylan Sampson,ACT,True,0,0.7427860311716152,72.74979465753879,0.25721396882838476,0.7652582159624414,66.364936653563,51,55,higher,61.28449418222244,71.44537912490357
2026,00-0040198,RB,MIA,Ollie Gordon II,ACT,True,0,0.708640689156587,70.10173459147089,0.29135931084341304,0.755868544600939,66.29666978494339,53,56,higher,61.65157744736812,70.94176212251865
2026,00-0040586,RB,DAL,Jaydon Blue,ACT,True,0,0.3620677638370509,41.53200573815184,0.6379322361629491,0.6666666666666666,66.09197805659231,72,57,moderate,65.80463375155514,66.37932236162949
2026,00-0040202,RB,NO,Devin Neal,ACT,True,0,0.70235710906427,66.14885399926949,0.29764289093573004,0.7511737089201878,66.04675453232962,54,58,higher,61.511446352485045,70.58206271217419
2026,00-0040719,RB,JAX,Bhayshul Tuten,ACT,True,0,0.7011571135779424,61.32874532479166,0.2988428864220576,0.7464788732394366,65.69516758759607,55,59,higher,61.21880771942229,70.17152745576986
2026,00-0035250,RB,NYG,Devin Singletary,ACT,True,0,0.6028714368802633,52.809474904083544,0.39712856311973666,0.7183098591549296,65.4073599947891,61,60,higher,62.19554703443717,68.61917295514102
2026,00-0033955,RB,WAS,Jeremy McNichols,ACT,True,0,0.5381440132570875,45.28029395599153,0.4618559867429125,0.6948356807511737,64.82397419495214,66,61,higher,62.494177254869534,67.15377113503477
2026,00-0038454,RB,LAC,Keaton Mitchell,ACT,True,0,0.6702509236529557,54.33133115336525,0.3297490763470443,0.7276995305164319,64.81094396825544,59,62,higher,60.83143942656155,68.79044850994931
2026,00-0034975,RB,BAL,Justice Hill,ACT,True,0,0.511807296680429,44.6345478139877,0.488192703319571,0.6854460093896714,64.59953481756513,68,63,higher,62.62700175686412,66.57206787826614
2026,00-0040078,RB,KC,Brashard Smith,ACT,True,0,0.7264749404603089,59.145541001296785,0.2735250595396911,0.7370892018779343,64.43763734102856,57,64,higher,59.801995917646124,69.073278764411
2026,00-0037157,RB,AZ,Bam Knight,ACT,True,0,0.5902270877290227,48.29398862949932,0.40977291227097734,0.6995305164319249,64.15789955997353,65,65,higher,61.26032351836406,67.05547560158301
2026,00-0041027,RB,AZ,Jeremiyah Love,ACT,True,1,0.10282755703788612,20.82563811064393,0.8971724429621138,0.5774647887323944,64.14063195783383,91,66,lower,67.33770850013101,60.94355541553662
2026,00-0041096,RB,WAS,Kaytron Allen,ACT,True,1,0.07130280732072475,18.097272878066484,0.9286971926792753,0.568075117370892,64.01995324325686,93,67,lower,67.6261739963407,60.41373249017303
2026,00-0038705,RB,KC,Emari Demercado,ACT,True,0,0.6372160921385904,48.654021140673464,0.36278390786140957,0.704225352112676,63.593706326242284,64,68,higher,60.17929188372961,67.00812076875494
2026,00-0037267,RB,WAS,Jerome Ford,ACT,True,0,0.5255683067514256,42.19238067353916,0.47443169324857437,0.676056338028169,63.57314090722501,70,69,higher,61.55689445942907,65.58938735502096
2026,00-0040179,RB,IND,DJ Giddens,ACT,True,0,0.30176006570477487,27.969501443316464,0.6982399342952251,0.6197183098591549,63.5422634746369,82,70,moderate,64.3274797189976,62.757047230276186
2026,00-0040644,RB,CAR,Trevor Etienne,ACT,True,0,0.5490178370533856,43.30104625520714,0.4509821629466144,0.6807511737089202,63.47973715564591,69,71,higher,61.182047048022845,65.77742726326896
2026,00-0035537,RB,BUF,Ty Johnson,ACT,True,0,0.6836193951545755,52.6539255606706,0.3163806048454245,0.7136150234741784,63.41681397484275,62,72,higher,59.444469788555224,67.3891581611303
2026,00-0041239,RB,NYJ,Chip Trayanum,ACT,True,1,0.07190075822685138,17.77520613618002,0.9280992417731486,0.5586854460093896,63.25682051621414,95,73,lower,66.95095847385173,59.562682558576554
2026,00-0036924,RB,TEN,Michael Carter,ACT,True,0,0.6747110493818508,50.726713509837325,0.3252889506181492,0.7089201877934272,63.21939403583716,63,74,higher,59.38308166408438,67.05570640758994
2026,00-0038794,RB,DEN,Jaleel McLaughlin,ACT,True,0,0.45023253515296147,36.682830093472106,0.5497674648470385,0.6525821596244131,63.20192206689382,75,75,moderate,62.17377511912008,64.23006901466756
2026,00-0041485,RB,CAR,Miles Davis,ACT,True,1,0.07036010663117602,17.528361549967016,0.929639893368824,0.5539906103286385,62.912046693667556,96,76,lower,66.66853952406942,59.155553863265695
2026,00-0039874,RB,MIA,Jaylen Wright,ACT,True,0,0.6224816078139945,45.199724734583334,0.37751839218600547,0.6901408450704225,62.76163544935392,67,77,higher,59.63541092050975,65.88785997819808
2026,00-0037085,RB,DEN,Tyler Badie,ACT,True,0,0.5836157565059987,42.08016528238932,0.41638424349400127,0.6713615023474179,62.036605057673455,71,78,higher,59.48683246913929,64.58637764620762
2026,00-0039405,RB,HOU,Jawhar Jordan,ACT,True,0,0.39724042207203736,28.41911579611637,0.6027595779279626,0.6244131455399061,62.008243201751746,81,79,moderate,61.79170752563231,62.22477887787118
2026,00-0029892,RB,SF,Kyle Juszczyk,ACT,True,0,0.4913509070003992,35.60969431398998,0.5086490929996008,0.647887323943662,62.00396777548498,76,80,moderate,60.611585466044374,63.39635008492559
2026,00-0032104,RB,JAX,Ameer Abdullah,ACT,True,0,0.4768384983549782,35.273883952020086,0.5231615016450217,0.6431924882629108,61.91862909393328,77,81,moderate,60.7183192277544,63.11893896011219
2026,00-0041200,RB,NYJ,Sam Scott,ACT,True,1,0.054693460908097964,16.619057254441742,0.945306539091902,0.5352112676056338,61.72303219028874,100,82,lower,65.82398490515142,57.622079475426055
2026,00-0040142,RB,PIT,Kaleb Johnson,ACT,True,0,0.43463341891053825,31.342485693901825,0.5653665810894617,0.6291079812206573,61.63597011944181,80,83,moderate,60.998556118129855,62.273384120753775
2026,00-0041326,RB,NO,C.J. Donaldson,ACT,True,1,0.0923882796382123,16.622282569032734,0.9076117203617877,0.539906103286385,61.344722670146545,99,84,lower,65.0217788409006,57.667666499392524
2026,00-0039794,RB,NYJ,Braelon Allen,ACT,True,0,0.31556668796778137,22.504314738156474,0.6844333120322186,0.5915492957746479,61.0126099026162,88,85,moderate,61.94145006519191,60.083769740040495
2026,00-0040937,RB,DAL,Dominic Richardson,ACT,True,1,0.05463571431171023,16.418745075723223,0.9453642856882898,0.5258215962441315,60.97301341329631,102,86,lower,65.1684403077379,56.777586518854726
2026,00-0037563,RB,DAL,Malik Davis,ACT,True,0,0.6143867573046133,40.32316576970496,0.38561324269538666,0.6619718309859155,60.67001133278098,73,87,higher,57.906425449875684,63.433597215686255
2026,00-0039373,RB,NO,Audric Estimé,ACT,True,0,0.598806095180556,36.695220110051494,0.40119390481944395,0.6572769953051644,60.60603772080203,74,88,higher,58.045206815944816,63.166868625659234
2026,00-0041486,RB,IND,Anderson Castle,ACT,True,1,0.05456092169045899,16.386141344174362,0.945439078309541,0.5211267605633803,60.598922411261235,103,89,lower,64.84204558872285,56.35579923379963
2026,00-0039921,RB,AZ,Trey Benson,ACT,True,0,0.5399333256327516,32.162596748818686,0.46006667436724835,0.6384976525821596,60.281145693917736,78,90,higher,58.49683591176862,62.06545547606686
2026,00-0041307,RB,HOU,Josh Pitsenberger,ACT,True,1,0.06259954324231051,16.141509182820343,0.9374004567576895,0.5117370892018779,59.68697627130402,105,91,lower,63.94360994686213,55.4303425957459
2026,00-0040886,RB,TEN,Nicholas Singleton,ACT,True,1,0.07205300915440749,16.03355351503134,0.9279469908455925,0.5070422535211268,59.12232009860199,106,92,lower,63.33136747184665,54.91327272535733
2026,00-0036755,RB,LAC,Jaret Patterson,ACT,True,0,0.374598624763404,22.058001144335833,0.625401375236596,0.5821596244131455,59.08079745778356,90,93,moderate,59.51321496601807,58.64837994954905
2026,00-0040238,RB,JAX,LeQuint Allen Jr.,ACT,True,0,0.5828671534803913,31.75305803217779,0.4171328465196087,0.6338028169014085,59.04688228250485,79,94,higher,56.880182578686856,61.21358198632285
2026,00-0040208,RB,CIN,Tahj Brooks,ACT,True,0,0.4332748492653045,22.52537102698754,0.5667251507346955,0.596244131455399,59.03403353112583,87,95,moderate,58.7388437239188,59.32922333833286
2026,00-0040964,RB,KC,E.J. Smith,ACT,True,1,0.06958438422836079,15.94066055888193,0.9304156157716392,0.49765258215962443,58.42051888820274,108,96,lower,62.748149224322894,54.092888552082584
2026,00-0038551,RB,NO,Kendre Miller,ACT,True,0,0.4878689690897444,25.41951579429243,0.5121310309102556,0.6009389671361502,58.31773798909713,86,97,moderate,57.42965862683819,59.20581735135608
2026,00-0039363,RB,SF,Isaac Guerendo,ACT,True,0,0.3884854280768918,18.90706156158131,0.6115145719231082,0.5727699530516432,58.05188768259363,92,98,moderate,58.43933387130827,57.66444149387898
2026,00-0040959,RB,KC,Jaydn Ott,ACT,True,1,0.06971711060680835,15.923950434955419,0.9302828893931916,0.49295774647887325,58.04227750617369,109,99,lower,62.41552893531688,53.6690260770305
2026,00-0040878,RB,LV,Mike Washington,ACT,True,1,0.16608439820658816,16.252956136190495,0.8339156017934118,0.5164319248826291,57.99286602647856,104,100,lower,61.1677027955864,54.81802925737074
2026,00-0039344,RB,CAR,Jonathon Brooks,ACT,True,0,0.24945499543031358,16.43913525720085,0.7505450045696864,0.5305164319248826,57.45221464538434,101,101,lower,59.65250037183238,55.2519289189363
2026,00-0038440,RB,MIN,Zavier Scott,ACT,True,0,0.5718194313560123,26.131730238285687,0.4281805686439877,0.6103286384976526,57.38990245269196,84,102,higher,55.56842175415532,59.21138315122862
2026,00-0040021,RB,DAL,Phil Mafah,ACT,True,0,0.3110064433771515,16.872576377950228,0.6889935566228484,0.5446009389671361,57.347946249827864,98,103,moderate,58.791872426384984,55.90402007327073
2026,00-0041281,RB,CLE,T.J. Harden,ACT,True,1,0.08730735895842236,15.839466855373596,0.9126926410415777,0.48826291079812206,57.314885684681315,110,104,lower,61.55918298711587,53.07058838224676
2026,00-0040998,RB,LV,Roman Hemby,ACT,True,1,0.053065239765825535,15.645366816690203,0.9469347602341744,0.47417840375586856,56.87296750515297,113,105,lower,61.60053106993604,52.14540394036992
2026,00-0038685,RB,GB,Chris Brooks,ACT,True,0,0.6299260611901473,26.352620535574093,0.37007393880985273,0.6150234741784038,56.603356710469356,83,106,higher,54.153861356783835,59.05285206415487
2026,00-0041496,RB,DEN,Jonah Coleman,ACT,True,1,0.0887646036400773,15.659859206879325,0.9112353963599227,0.4788732394366197,56.53456708212803,112,107,lower,60.858188651361054,52.210945512895
2026,00-0041433,RB,TB,Kadarius Calloway,ACT,True,1,0.05388656662716918,15.552739022037684,0.9461134333728308,0.4694835680751174,56.48095411346601,114,108,lower,61.24725276644314,51.71465546048887
2026,00-0039746,RB,PHI,Will Shipley,ACT,True,0,0.5543321431064582,22.327174168655127,0.4456678568935418,0.5868544600938967,55.861713945382576,89,109,higher,54.449847913379024,57.27357997738613
2026,00-0041221,RB,BUF,Jackson Acker,ACT,True,1,0.05126959680340688,15.367802939636531,0.9487304031965931,0.45539906103286387,55.40653294656097,117,110,lower,60.339846368198266,50.47321952492367
2026,00-0038738,RB,DAL,Hunter Luepke,ACT,True,0,0.6562298159521696,25.597840149394926,0.34377018404783044,0.6056338028169014,55.32610790630872,85,111,higher,52.707471718618,57.944744093999425
2026,00-0041165,RB,CHI,Coleman Bennett,ACT,True,1,0.06872102987430471,15.345453078466107,0.9312789701256953,0.4507042253521127,54.681917430682915,118,112,lower,59.48766487841874,49.8761699829471
2026,00-0041512,RB,SEA,Jadarian Price,ACT,True,1,0.2802200634582518,15.9909597168784,0.7197799365417482,0.5023474178403756,54.58339215806502,107,113,moderate,56.75771734507874,52.40906697105129
2026,00-0041490,RB,PIT,Eli Heidenreich,ACT,True,1,0.23813717349089752,15.68171310957963,0.7618628265091025,0.4835680751173709,53.92270253957172,111,114,lower,56.705650053489045,51.139755025654395
2026,00-0041436,RB,MIA,D.J. Herman,ACT,True,1,0.052394786908277584,15.070921899800007,0.9476052130917224,0.43661971830985913,53.88168172662318,121,115,lower,58.99153667444181,48.771826778804545
2026,00-0041415,RB,LA,Dean Connors,ACT,True,1,0.07543279230708123,15.098235060827074,0.9245672076929188,0.4413145539906103,53.796508473107195,120,116,lower,58.629035010130295,48.96398193608411
2026,00-0040991,RB,BAL,Elijah Tau-Tolliver,ACT,True,1,0.053013969878644554,15.005100636272365,0.9469860301213554,0.431924882629108,53.49371121275575,122,117,lower,58.644322687678226,48.34309973783327
2026,00-0036727,RB,DEN,Adam Prentice,ACT,True,0,0.5340143192378962,17.41679457932164,0.4659856807621038,0.5492957746478874,53.26337558707307,97,118,higher,52.430274648215224,54.0964765259309
2026,00-0041081,RB,MIN,Max Bredeson,ACT,True,1,0.048402732595679634,14.687306309862809,0.9515972674043204,0.41784037558685444,52.45917539503476,125,119,lower,57.79674431320942,47.1216064768601
2026,00-0039796,RB,BAL,Rasheen Ali,ACT,True,0,0.6423136645460735,17.88077882482519,0.3576863354539265,0.5633802816901409,52.2241492442898,94,120,higher,50.16720978192766,54.281088706651936
2026,00-0036265,RB,CAR,AJ Dillon,ACT,True,0,0.30751709638141667,15.370492989817572,0.6924829036185833,0.460093896713615,50.65716980946087,116,121,moderate,52.98105987851055,48.333279740411186
2026,00-0041104,RB,MIN,Demond Claiborne,ACT,True,1,0.25288049437959964,15.13653921787548,0.7471195056204003,0.4460093896713615,50.623141286116926,119,122,moderate,53.63424244560731,47.61204012662654
2026,00-0041376,RB,LAC,Gregory Desrosiers,ACT,True,1,0.0697074422513662,14.127552723702545,0.9302925577486338,0.39906103286384975,50.53073378408065,129,123,lower,55.84304903292849,45.21841853523282
2026,00-0041191,RB,ATL,Cash Jones,ACT,True,1,0.06799242543126863,14.056447853481096,0.9320075745687314,0.39436619718309857,50.18944726602251,130,124,lower,55.56586103987884,44.813033492166184
2026,00-0041052,RB,SF,Kaelon Black,ACT,True,1,0.0756382689925675,14.021995849853766,0.9243617310074325,0.38967136150234744,49.66094354033645,131,125,lower,55.007847235387295,44.31403984528559
2026,00-0041323,RB,NE,Myles Montgomery,ACT,True,1,0.075629670326248,13.91397361252857,0.924370329673752,0.38497652582159625,49.28552865920274,132,126,lower,54.6794666977243,43.891590620681185
2026,00-0037594,RB,TEN,Julius Chestnut,ACT,True,0,0.43355593004819554,15.400938891890071,0.5664440699518045,0.4647887323943662,48.51197999058539,115,127,moderate,49.52853336615976,47.495426615011
2026,00-0037329,RB,CHI,Brittain Brown,ACT,True,0,0.10307459496876051,13.675351236498578,0.8969254050312395,0.3755868544600939,47.9854564574323,134,128,lower,53.198841963143764,42.77207095172084
2026,00-0041241,RB,CIN,Kentrel Bullock,ACT,True,1,0.07462975150957692,13.30595302202222,0.925370248490423,0.3615023474178404,47.427592763235694,137,129,lower,53.066271773961525,41.78891375250986
2026,00-0040466,RB,CLE,Raheim Sanders,ACT,True,0,0.31908904496131035,14.883829968660722,0.6809109550386896,0.4225352112676056,47.421036002182234,124,130,moderate,50.00479343989308,44.8372785644714
2026,00-0041244,RB,CIN,Jamal Haynes,ACT,True,1,0.07378271252640657,13.278290345797343,0.9262172874735934,0.3568075117370892,47.068946688439,138,131,lower,52.76304444580404,41.37484893107396
2026,00-0041129,RB,NE,Jam Miller,ACT,True,1,0.11681546043981553,13.51658747187453,0.8831845395601845,0.36619718309859156,46.959465439091005,136,132,lower,52.12933900370695,41.789591874475086
2026,00-0040946,RB,GB,Jaden Nixon,ACT,True,1,0.0743610917605389,13.199474213922112,0.9256389082394612,0.352112676056338,46.68179224929626,139,133,lower,52.417054571127494,40.94652992746503
2026,00-0041139,RB,NYG,Damon Bankston,ACT,True,1,0.07604212571848043,12.941986161503516,0.9239578742815195,0.3427230046948357,45.896997861217244,141,134,lower,51.70934655708408,40.084649165350406
2026,00-0040984,RB,BAL,Dontae McMillan,ACT,True,1,0.07477277178276558,12.89781670454594,0.9252272282172345,0.3380281690140845,45.54679808547145,142,135,lower,51.41878867750296,39.67480749343994
2026,00-0039757,RB,NE,Terrell Jennings,ACT,True,0,0.38340145318865815,14.28141499151833,0.6165985468113419,0.40375586854460094,44.63244041979491,128,136,moderate,46.76086720246232,42.5040136371275
2026,00-0037745,RB,SEA,Velus Jones Jr.,ACT,True,0,0.2959488018319197,13.704078521392487,0.7040511981680804,0.38028169014084506,44.50355917462922,133,137,moderate,47.74125425490156,41.26586409435686
2026,00-0041157,RB,MIA,Anthony Hankerson,ACT,True,1,0.10281737594119916,12.811440677743644,0.8971826240588008,0.3286384976525822,44.234732293382585,144,138,lower,49.920173557444784,38.5492910293204
2026,00-0035125,RB,LAC,Alec Ingold,ACT,True,0,0.5053039125385625,14.984048887104182,0.49469608746143745,0.4272300469483568,44.07232550509729,123,139,higher,44.746985910228105,43.39766509996649
2026,00-0039299,RB,SEA,George Holani,ACT,True,0,0.4787031042652645,14.563041076215425,0.5212968957347355,0.4131455399061033,43.47758110718297,126,140,moderate,44.5590946654693,42.396067548896646
2026,00-0040547,RB,ATL,Nate Carter,ACT,True,0,0.11598788617653599,12.764246093045006,0.884012113823464,0.3192488262910798,43.22014837975566,146,141,lower,48.867781255079514,37.57251550443183
2026,00-0041277,RB,CLE,Davon Booth,ACT,True,1,0.07400252060023722,12.403841509823684,0.9259974793997627,0.3004694835680751,42.557508273441265,150,142,lower,48.81278823175814,36.30222831512439
2026,00-0039407,RB,LV,Dylan Laube,ACT,True,0,0.5298136582366973,14.461717738175933,0.47018634176330265,0.4084507042253521,42.079783173294224,127,143,higher,42.69713954867373,41.462426797914716
2026,00-0040205,RB,TEN,Kalel Mullings,ACT,True,0,0.2936193112543882,13.160807064177357,0.7063806887456118,0.3474178403755869,41.92104100495918,140,144,moderate,45.51066948865944,38.33141252125893
2026,00-0040556,RB,AZ,Corey Kiner,ACT,True,0,0.23963416282454297,12.857588036643914,0.760365837175457,0.3333333333333333,41.8739834101758,143,145,lower,46.14430844859705,37.60365837175457
2026,00-0040601,RB,LA,Jordan Waters,ACT,True,1,0.046447596173982704,11.8135980017126,0.9535524038260172,0.27230046948356806,40.85508563520579,156,146,lower,47.66760497863029,34.0425662917813
2026,00-0039021,RB,CHI,Roschon Johnson,ACT,True,0,0.4434548806368671,13.658434390922316,0.5565451193631329,0.37089201877934275,40.802263889610074,135,147,moderate,42.65879489544798,38.94573288377218
2026,00-0037276,RB,NO,Ty Chandler,ACT,True,0,0.2240071854078954,12.742210069199892,0.7759928145921046,0.3145539906103286,40.68417554066838,147,148,lower,45.29856378048615,36.06978730085062
2026,00-0041217,RB,JAX,J'mari Taylor,ACT,True,1,0.2476691339899055,12.732114081917855,0.7523308660100945,0.30985915492957744,39.83534971456808,148,149,lower,44.26006682537326,35.410632603762906
2026,00-0040649,RB,SEA,Robbie Ouzts,ACT,True,0,0.3080382195636768,12.774058353980667,0.6919617804363232,0.323943661971831,39.75472856647294,145,150,moderate,43.434909751117864,36.07454738182802
2026,00-0041125,RB,IND,Seth McGowan,ACT,True,1,0.0982673977023358,11.636440355900481,0.9017326022976642,0.25821596244131456,38.69192904125845,159,151,lower,45.12709543982194,32.25676264269495
2026,00-0038397,RB,HOU,Evan Hull,ACT,True,0,0.26807225636777465,12.308940570128941,0.7319277436322253,0.29107981220657275,37.92493984917032,152,152,moderate,42.33341916342685,33.5164605349138
2026,00-0041312,RB,HOU,Noah Whittington,ACT,True,1,0.08145010539445337,11.46796375874343,0.9185498946055466,0.24413145539906103,37.901514324035816,162,153,lower,44.64569871610067,31.157329931970956
2026,00-0040888,RB,BAL,Adam Randall,ACT,True,1,0.13685308788136696,11.076783664634346,0.863146912118633,0.2347417840375587,36.04228096537735,164,154,lower,42.3263322461881,29.75822968456661
2026,00-0038614,RB,LAC,Scott Matlock,ACT,True,0,0.34948274984190353,12.151023833202716,0.6505172501580965,0.2863849765258216,35.92114312522766,153,155,moderate,39.56246586155041,32.27982038890491
2026,00-0039603,RB,HOU,British Brooks,ACT,True,0,0.4329272459195237,12.520414202021154,0.5670727540804763,0.3051643192488263,35.75460062151563,149,156,moderate,38.373684969832134,33.13551627319913
2026,00-0037258,RB,PHI,Dameon Pierce,ACT,True,0,0.3592443599984146,12.003898185742054,0.6407556400015855,0.28169014084507044,35.35032406763734,154,157,moderate,38.9409790592025,31.75966907607219
2026,00-0041013,RB,KC,Emmett Johnson,ACT,True,1,0.1677947447647153,10.881296174394787,0.8322052552352848,0.22535211267605634,34.672274118790206,166,158,lower,40.74080554438248,28.60374269319792
2026,00-0036425,RB,JAX,DeeJay Dallas,ACT,True,0,0.2819412999730965,11.511743714853077,0.7180587000269034,0.24882629107981222,34.26727728692305,161,159,moderate,38.95960137639396,29.574953197452132
2026,00-0037557,RB,LA,Ronnie Rivers,ACT,True,0,0.31048095277006504,11.537361276471733,0.689519047229935,0.2535211267605634,34.07207108544377,160,160,moderate,38.43205029013749,29.71209188075005
2026,00-0034959,RB,NYJ,Andrew Beck,ACT,True,0,0.4049034045157795,11.867786704186162,0.5950965954842204,0.27699530516431925,34.061556322829944,155,161,moderate,37.24256922602896,30.880543419630936
2026,00-0040177,RB,SF,Jordan James,ACT,True,0,0.1998879797127938,10.117718777925361,0.8001120202872062,0.22065727699530516,33.654822565368534,167,162,lower,39.44936999828755,27.860275132449523
2026,00-0041178,RB,WAS,Robert Henry,ACT,True,1,0.194650318671348,10.03466808929576,0.805349681328652,0.215962441314554,33.38398893173736,168,163,lower,39.27786133187834,27.49011653159638
2026,00-0040067,RB,SEA,Jacardia Wright,ACT,True,0,0.15809840357970203,9.844258033735697,0.8419015964202979,0.20657276995305165,33.36385352465009,170,164,lower,39.71714178932256,27.010565259977625
2026,00-0040651,RB,GB,Damien Martinez,ACT,True,0,0.12835344810292323,9.221828930891295,0.8716465518970767,0.19718309859154928,33.20757892526548,172,165,lower,39.952213458320756,26.462944392210204
2026,00-0036842,RB,NYJ,Kene Nwangwu,ACT,True,0,0.5270507728504898,12.317015196556289,0.47294922714951015,0.29577464788732394,33.12095637397612,151,166,higher,34.89270216659798,31.349210581354253
2026,00-0038389,RB,DAL,Israel Abanikanda,ACT,True,0,0.041753844201541275,7.120316747866617,0.9582461557984587,0.17370892018779344,33.061636730992646,177,167,lower,40.90700908709931,25.216264374885995
2026,00-0036569,RB,CIN,Gary Brightwell,ACT,True,0,0.09003153388119405,7.577319782283813,0.909968466118806,0.18309859154929578,32.84725664631978,175,168,lower,40.11595539201489,25.578557900624677
2026,00-0037120,RB,ATL,Tyler Goodson,ACT,True,0,0.43223266630162804,11.780989650611614,0.567767333698372,0.2676056338028169,32.76379737819279,157,169,moderate,35.76541437714834,29.762180379237236
2026,00-0038409,RB,PIT,Lew Nichols III,ACT,True,0,0.07552031442028966,7.2718961053627496,0.9244796855797104,0.1784037558685446,32.76189418107777,176,170,lower,40.222653478189436,25.301134883966114
2026,00-0039811,RB,GB,MarShawn Lloyd,ACT,True,0,0.22538920637779825,9.622457222792992,0.7746107936222018,0.20187793427230047,31.642450614228068,171,171,lower,37.36977920772709,25.915122020729058
2026,00-0036567,RB,PHI,Elijah Mitchell,ACT,True,0,0.08287972611020895,6.705700193990137,0.917120273889791,0.1643192488262911,31.487945383899106,179,172,lower,39.01595563453411,23.95993513326411
2026,00-0040692,RB,LA,Jarquez Hunter,ACT,True,0,0.35397910904089125,10.8845116526125,0.6460208909591088,0.2300469483568075,31.324173687726777,165,173,moderate,35.483913113749786,27.16443426170376
2026,00-0038098,RB,GB,Pierre Strong,ACT,True,0,0.09298587308719684,6.4735505099423465,0.9070141269128031,0.1596244131455399,30.910235589899248,180,175,lower,38.38413272757189,23.43633845222662
2026,00-0039364,RB,DET,Sione Vaki,ACT,True,0,0.45463840537315475,11.19699769609226,0.5453615946268453,0.23943661971830985,30.06216147000169,163,176,moderate,33.12141121908705,27.00291172091634
2026,00-0038396,RB,NYG,Eric Gray,ACT,True,0,0.1760916657135535,7.092465119427037,0.8239083342864465,0.16901408450704225,29.999293446292306,178,177,lower,36.54823594408636,23.450350948498265
2026,00-0031595,RB,CLE,Michael Burton,ACT,True,0,0.10337248834285882,6.026881409682743,0.8966275116571412,0.15023474178403756,29.951329575865827,182,178,lower,37.41525727459687,22.48740187713479
2026,00-0038636,RB,SEA,Kenny McIntosh,ACT,True,0,0.15267423946450878,6.376691561362597,0.8473257605354912,0.15492957746478872,29.340881407892915,181,179,lower,36.264843238599944,22.416919577185894
2026,00-0040429,RB,TB,Josh Williams,ACT,True,0,0.11390140968952325,5.385476248597024,0.8860985903104768,0.1267605633802817,27.862816876632067,187,180,lower,35.45619714593403,20.269436607330118
2026,00-0039266,RB,CIN,Kendall Milton,ACT,True,0,0.15759863439487298,5.478019443076282,0.842401365605127,0.13615023474178403,27.740046091445258,185,181,lower,34.80255740007869,20.677534782811833
2026,00-0035973,RB,SF,Patrick Taylor,ACT,True,0,0.07134874698752544,4.67843933050582,0.9286512530124745,0.11267605633802817,27.58710956729174,190,182,lower,35.74686153403621,19.42735760054728
2026,00-0035594,RB,PIT,Travis Homer,ACT,True,0,0.3905052940432359,8.47966027639861,0.6094947059567641,0.18779342723004694,27.213368297539038,174,183,moderate,31.430381084806214,22.996355510271865
2026,00-0037509,RB,SF,Sincere McCormick,ACT,True,0,0.06648165749939282,3.8702665679922847,0.9335183425006072,0.10328638497652583,26.933277648134208,192,184,lower,35.235597223375024,18.630958072893396
2026,00-0038896,RB,DET,Jacob Saylors,ACT,True,0,0.42667113616710745,8.503537759824127,0.5733288638328926,0.19248826291079812,26.8656383095217,173,185,moderate,30.67404431874265,23.057232300300758
2026,00-0036187,RB,NE,Reggie Gilliam,ACT,True,0,0.509236914566237,10.006464991387702,0.490763085433763,0.2112676056338028,26.716670159379486,169,186,higher,29.51162495737909,23.92171536137988
2026,00-0040476,RB,IND,Ulysses Bentley IV,ACT,True,0,0.16853236668568192,4.988497328135475,0.831467633314318,0.12206572769953052,26.3946108822488,188,187,lower,33.48862993839668,19.300591826100927
2026,00-0040039,RB,LAC,Amar Johnson,ACT,True,0,0.1628501454023857,4.853790108778925,0.8371498545976143,0.11737089201877934,26.132668453454627,189,188,lower,33.33045807924299,18.934878827666278
2026,00-0039305,RB,NE,Jack Westover,ACT,True,0,0.22671876865302848,5.468479916100798,0.7732812313469715,0.13145539906103287,25.98205655182205,186,189,lower,32.40031487468145,19.56379822896267
2026,00-0040400,RB,MIA,Donovan Edwards,ACT,True,0,0.07421171328303633,3.0465298070248616,0.9257882867169637,0.08685446009389672,25.464122541851008,194,190,lower,33.853460808081685,17.074784275620342
2026,00-0040393,RB,DET,Kye Robichaux,ACT,True,0,0.07525363686279636,3.0465298070248616,0.9247463631372036,0.08685446009389672,25.443284070255807,194,191,lower,33.82220310068889,17.06436503982274
2026,00-0033376,RB,NYG,Patrick Ricard,ACT,True,0,0.31080812179514755,5.687296659196187,0.6891918782048525,0.14084507042253522,25.051443197899864,184,193,moderate,30.534911275723044,19.567975120076692
2026,00-0039325,RB,PHI,Carson Steele,ACT,True,0,0.1537286899569497,3.794676450839409,0.8462713100430503,0.09859154929577464,24.812750144522973,193,194,lower,32.28954775199574,17.33595253705022
2026,00-0040394,RB,CAR,Anthony Tyus III,ACT,True,0,0.06014633463062277,3.0362553810228707,0.9398536653693772,0.07511737089201878,24.806462978749046,198,195,lower,33.453825923522636,16.15910003397546
2026,00-0040637,RB,BAL,Lucas Scott,ACT,True,0,0.13204560752239897,3.0465298070248616,0.867954392477601,0.08685446009389672,24.307444657063755,194,196,lower,32.1184439809008,16.49644533322671
2026,00-0040260,RB,CLE,Ahmani Marshall,ACT,True,0,0.06768047397163983,2.982569400038637,0.9323195260283602,0.07042253521126761,24.28019333746861,199,197,lower,32.89916324563954,15.661223429297683
2026,00-0040567,RB,NE,Brock Lampe,ACT,True,0,0.13621773248230937,3.0465298070248616,0.8637822675176906,0.08685446009389672,24.224002157865545,194,198,lower,31.993280232103494,16.45472408362761
2026,00-0039471,RB,BUF,Frank Gore Jr.,ACT,True,0,0.05714972778643445,2.980860942883767,0.9428502722135655,0.06572769953051644,24.11522140671262,200,199,lower,32.886447133543115,15.343995679882132
2026,00-0039703,RB,DEN,Cody Schrader,ACT,True,0,0.04376883492326991,2.963898621819705,0.9562311650767301,0.06103286384976526,24.007252409515818,201,200,lower,32.95923542178548,15.055269397246175
2026,00-0039652,RB,DET,Jabari Small,ACT,True,0,0.02132882325695397,2.9392282295163965,0.978671176743046,0.046948356807511735,23.329292079461855,204,201,lower,32.646520278817206,14.012063880106515
2026,00-0040618,RB,PIT,Max Hurleman,ACT,True,0,0.06006776457312877,2.9452696996769894,0.9399322354268712,0.0539906103286385,23.1178935348285,202,202,lower,31.97730978581084,14.258477283846178
2026,00-0040568,RB,NE,Lan Larison,ACT,True,0,0.06410969876814684,2.9452696996769894,0.9358903012318531,0.0539906103286385,23.03705485092814,202,203,lower,31.85605175996029,14.218057941895996
2026,00-0036020,RB,CHI,Salvon Ahmed,ACT,True,0,0.03200575553868459,2.886200006660802,0.9679942444613154,0.04225352112676056,22.74016657936715,205,204,lower,31.99757381271271,13.482759346021602
2026,00-0039230,RB,NYG,Dante Miller,ACT,True,0,0.029034470465163022,2.8475475107941626,0.970965529534837,0.03286384976525822,22.04841857191739,207,205,lower,31.429435369613184,12.667401774221606
2026,00-0038930,RB,MIA,Carlos Washington,ACT,True,0,0.03035383138628723,2.7748116930396436,0.9696461686137128,0.023474178403755867,21.27085764457472,209,206,lower,30.7325775466743,11.809137742475153
2026,00-0038488,RB,SEA,Brady Russell,ACT,True,0,0.5287697038009753,5.974198261994834,0.4712302961990247,0.14553990610328638,21.067798412243402,183,207,higher,24.32470231320079,17.81089451128602
2026,00-0039244,RB,LV,Chris Collier,ACT,True,0,0.1005038295842341,2.8732260984496616,0.8994961704157659,0.03755868544600939,20.994618243996065,206,208,lower,29.61399309369364,12.375243394298503
2026,00-0041231,RB,IND,Lincoln Pare,ACT,True,0,1.8512741064599854e-07,0.03926363686432858,0.9999998148725894,0.011737089201877934,20.938963433602016,210,209,lower,30.821590690309144,11.056336176894906
2026,00-0041273,RB,BUF,Desmond Reid,ACT,True,0,1.8512741064599854e-07,0.03926363686432858,0.9999998148725894,0.011737089201877934,20.938963433602016,210,209,lower,30.821590690309144,11.056336176894906
2026,00-0041350,RB,MIN,Kejon Owens,ACT,True,0,1.8512741064599854e-07,0.03926363686432858,0.9999998148725894,0.011737089201877934,20.938963433602016,210,209,lower,30.821590690309144,11.056336176894906
2026,00-0038489,RB,BUF,Ben VanSumeren,ACT,True,0,0.07467228770065835,2.8053890402779404,0.9253277122993416,0.028169014084507043,20.76007537274739,208,213,lower,29.731662354895743,11.788488390599047
2026,00-0030506,TE,KC,Travis Kelce,ACT,True,0,0.7694026724737829,157.3229971970585,0.2305973275262171,0.9743589743589743,82.56066449924229,6,1,higher,75.1230480309147,89.99828096756987
2026,00-0040663,TE,CLE,Harold Fannin Jr.,ACT,True,0,0.8996090119634627,183.1809966945272,0.10039098803653734,0.9948717948717949,81.59756335047435,2,2,higher,72.65275528212175,90.54237141882692
2026,00-0037744,TE,AZ,Trey McBride,ACT,True,0,0.9468655152996667,222.8997975887238,0.05313448470033333,1.0,81.06268969400668,1,3,higher,71.59403454101,90.53134484700334
2026,00-0036970,TE,ATL,Kyle Pitts,ACT,True,0,0.8754271438439565,158.45624037102203,0.12457285615604352,0.9794871794871794,80.85043148209523,5,4,higher,72.30128824878386,89.39957471540659
2026,00-0040126,TE,CHI,Colston Loveland,ACT,True,0,0.8959758520393294,158.96950895233948,0.10402414796067061,0.9846153846153847,80.8497137284442,4,5,higher,72.04380136189704,89.65562609499132
2026,00-0040128,TE,IND,Tyler Warren,ACT,True,0,0.9189217725537339,167.16336424705744,0.08107822744626614,0.9897435897435898,80.8010517284125,3,6,higher,71.71439810543927,89.88770535138575
2026,00-0039338,TE,LV,Brock Bowers,ACT,True,0,0.852930643822639,147.34822415177499,0.14706935617736105,0.9692307692307692,80.47984866200876,7,7,higher,72.25823453147467,88.70146279254284
2026,00-0033288,TE,SF,George Kittle,ACT,True,0,0.8535663150304816,140.11028564691756,0.14643368496951836,0.958974358974359,79.6466224173391,9,8,higher,71.52121567729068,87.7720291573875
2026,00-0033090,TE,NE,Hunter Henry,ACT,True,0,0.8452774518851159,126.624488543095,0.15472254811488406,0.9487179487179487,78.99188685973357,11,9,higher,71.05193285370292,86.93184086576422
2026,00-0038996,TE,GB,Tucker Kraft,ACT,True,0,0.7858005893022566,111.93943123620807,0.2141994106977434,0.9333333333333333,78.95065488062154,14,10,higher,71.75931565426563,86.14199410697744
2026,00-0040189,TE,LAC,Oronde Gadsden II,ACT,True,0,0.8860027039694365,133.15158345752664,0.11399729603056352,0.9538461538461539,78.58763822830359,10,11,higher,70.18914965014767,86.98612680645948
2026,00-0038041,TE,DAL,Jake Ferguson,ACT,True,0,0.8259551415875234,116.03578155867503,0.17404485841247663,0.9384615384615385,78.55782024517262,13,12,higher,70.91365344468198,86.20198704566323
2026,00-0036040,TE,NO,Juwan Johnson,ACT,True,0,0.9385088036890401,141.7548721496059,0.061491196310959895,0.9641025641025641,78.35802905442432,8,13,higher,69.33191537650828,87.38414273234038
2026,00-0034383,TE,HOU,Dalton Schultz,ACT,True,0,0.8667224043100824,122.3746975928201,0.1332775956899176,0.9435897435897436,78.15273140097784,12,14,higher,70.04960992197957,86.2558528799761
2026,00-0038129,TE,TB,Cade Otton,ACT,True,0,0.7804022504757285,102.72292693731727,0.21959774952427147,0.9179487179487179,77.82785242638286,17,15,higher,70.8443427421384,84.81136211062733
2026,00-0039065,TE,DET,Sam LaPorta,ACT,True,0,0.8229423377018737,110.07392597557545,0.17705766229812625,0.9282051282051282,77.7975635023728,15,16,higher,70.28608884330276,85.3090381614428
2026,00-0034351,TE,PHI,Dallas Goedert,ACT,True,0,0.8248803110584445,105.11914201186143,0.1751196889415555,0.9230769230769231,77.34854762498496,16,17,higher,69.86897528363129,84.82811996633863
2026,00-0040736,TE,NYJ,Mason Taylor,ACT,True,0,0.7245156576830222,98.47187229860484,0.2754843423169778,0.8974358974358975,77.30455864121136,21,18,higher,71.08504309002215,83.52407419240055
2026,00-0038933,TE,BUF,Dalton Kincaid,ACT,True,0,0.7880123131749511,99.96902692156102,0.21198768682504887,0.9076923076923077,76.85513835188559,19,19,higher,69.89809214321299,83.8121845605582
2026,00-0034753,TE,BAL,Mark Andrews,ACT,True,0,0.6773916962028206,82.55340269197193,0.3226083037971794,0.8717948717948718,76.19575581953335,26,20,higher,70.7038901395564,81.68762149951026
2026,00-0040584,TE,TEN,Gunnar Helm,ACT,True,0,0.7264479146965728,87.00280354547918,0.27355208530342723,0.8769230769230769,75.62488785991471,25,21,higher,69.5911779437182,81.6585977761112
2026,00-0037809,TE,WAS,Chig Okonkwo,ACT,True,0,0.8349298398873097,98.69752560306857,0.16507016011269027,0.9025641025641026,75.50653140738201,20,22,higher,68.13159198286789,82.88147083189614
2026,00-0038935,TE,JAX,Brenton Strange,ACT,True,0,0.879796822293358,102.7185011973939,0.12020317770664202,0.9128205128205128,75.42970457977387,18,23,higher,67.50353122863515,83.35587793091257
2026,00-0039847,TE,NYG,Theo Johnson,ACT,True,0,0.758808458274495,94.19775246130277,0.24119154172550505,0.882051282051282,75.38793339861267,24,24,higher,68.97933599535489,81.79653080187043
2026,00-0036894,TE,PIT,Pat Freiermuth,ACT,True,0,0.80184109050643,97.11995967232738,0.19815890949356996,0.8923076923076924,75.34779357448679,22,25,higher,68.40630574634555,82.289281402628
2026,00-0039793,TE,SEA,AJ Barner,ACT,True,0,0.7937768372848882,95.71729715147418,0.20622316271511176,0.8871794871794871,75.0988222286612,23,26,higher,68.28925898401745,81.90838547330496
2026,00-0040737,TE,LA,Terrance Ferguson,ACT,True,0,0.7472049238789432,70.88729363801936,0.2527950761210568,0.8666666666666667,74.38923485575447,27,27,higher,68.25051895029837,80.52795076121056
2026,00-0040739,TE,SEA,Elijah Arroyo,ACT,True,0,0.7185578215657511,66.17622135932159,0.2814421784342489,0.8461538461538461,73.32115126099268,31,28,higher,67.67403458379671,78.96826793818865
2026,00-0037112,TE,SF,Jake Tonges,ACT,True,0,0.6419604484519918,59.88968904950625,0.35803955154800815,0.8256410256410256,73.21207308224223,35,29,higher,68.53605834131203,77.8880878231724
2026,00-0037838,TE,NYG,Isaiah Likely,ACT,True,0,0.6393590892434734,58.01282608259668,0.3606409107565266,0.8153846153846154,72.44358744589977,37,30,higher,67.89615039961888,76.99102449218064
2026,00-0033885,TE,LAC,David Njoku,ACT,True,0,0.7223028845871277,63.690762030309116,0.27769711541287234,0.8358974358974359,72.42573718005232,33,31,higher,66.84373397520667,78.00774038489796
2026,00-0034829,TE,CIN,Mike Gesicki,ACT,True,0,0.55861133880385,53.82348320481295,0.44138866119614995,0.7948717948717948,72.41751681366658,41,32,higher,68.88268547691013,75.95234815042305
2026,00-0035229,TE,MIN,T.J. Hockenson,ACT,True,0,0.8262816622188831,68.85390960814236,0.1737183377811169,0.8615384615384616,72.39744367869928,28,33,higher,65.51924244112581,79.27564491627271
2026,00-0038558,TE,PIT,Darnell Washington,ACT,True,0,0.8169187483317819,67.15692621328752,0.1830812516682181,0.8564102564102564,72.17444554618487,29,34,higher,65.44115549876449,78.90773559360525
2026,00-0033881,TE,DEN,Evan Engram,ACT,True,0,0.7683103054748206,65.04316497131246,0.2316896945251794,0.841025641025641,71.91584517255488,32,35,higher,65.82248570755024,78.00920463755948
2026,00-0036290,TE,CHI,Cole Kmet,ACT,True,0,0.8103665750645237,66.87454164016968,0.1896334249354763,0.8512820512820513,71.89523260127363,30,36,higher,65.27874633780787,78.51171886473938
2026,00-0039066,TE,LV,Michael Mayer,ACT,True,0,0.7374548197482119,63.06297341943554,0.2625451802517881,0.8307692307692308,71.71244206657423,34,37,higher,66.0302015613998,77.39468257174865
2026,00-0040194,TE,BUF,Jackson Hawes,ACT,True,0,0.7043756147519133,57.48580726396753,0.29562438524808665,0.8102564102564103,70.73300052547455,38,38,higher,65.58668027539132,75.87932077555779
2026,00-0039144,TE,GB,Luke Musgrave,ACT,True,0,0.6946897927234769,57.36315376184555,0.30531020727652314,0.8051282051282052,70.51646055578688,39,39,higher,65.51828057727005,75.5146405343037
2026,00-0036244,TE,LA,Colby Parkinson,ACT,True,0,0.802979799853929,59.62422246388966,0.19702020014607102,0.8205128205128205,69.58142964394706,36,40,higher,63.34650344027957,75.81635584761456
2026,00-0040187,TE,CAR,Mitchell Evans,ACT,True,0,0.7341966640606492,56.5384807162768,0.2658033359393508,0.8,69.31606671878703,40,41,higher,63.97410007818052,74.65803335939351
2026,00-0035644,TE,NO,Noah Fant,ACT,True,0,0.7463001590533698,53.755415844516385,0.25369984094663023,0.7897435897435897,68.25348399841978,42,42,higher,62.89304651045019,73.61392148638937
2026,00-0039041,TE,AZ,Elijah Higgins,ACT,True,0,0.7196153057326288,52.902649549639065,0.2803846942673712,0.7794871794871795,67.96666824432178,44,43,higher,62.97564339212369,72.95769309651988
2026,00-0037252,TE,MIA,Greg Dulcich,ACT,True,0,0.747262483811677,53.38104351262726,0.25273751618832296,0.7846153846153846,67.82398109299723,43,44,higher,62.50520240872661,73.14275977726784
2026,00-0036637,TE,KC,Noah Gray,ACT,True,0,0.658556421087208,47.648543581633184,0.341443578912792,0.7589743589743589,67.54682029620456,48,45,higher,63.371512495588874,71.72212809682023
2026,00-0038115,TE,TEN,Daniel Bellinger,ACT,True,0,0.7373177315366077,51.17341517274822,0.26268226846339227,0.7743589743589744,67.2023633179858,45,46,higher,62.08559625902998,72.31913037694162
2026,00-0039074,TE,LA,Davis Allen,ACT,True,0,0.7258047837590187,51.162828855653906,0.2741952162409813,0.7692307692307693,67.02236586328117,46,47,higher,62.07201033338329,71.97272139317906
2026,00-0039356,TE,CAR,Ja'Tavion Sanders,ACT,True,0,0.6709229675603617,46.78294442422255,0.32907703243963826,0.7538461538461538,66.88923295648507,49,48,higher,62.64154174241992,71.13692417055023
2026,00-0032392,TE,ATL,Austin Hooper,ACT,True,0,0.665831602737067,43.246409903512124,0.334168397262933,0.7435897435897436,66.17054743243814,51,49,higher,62.07633396917005,70.26476089570626
2026,00-0033110,TE,LA,Tyler Higbee,ACT,True,0,0.5855585960461198,36.324511146688494,0.4144414039538802,0.7230769230769231,66.13498192523146,55,50,higher,63.04862673400101,69.22133711646188
2026,00-0036422,TE,DEN,Adam Trautman,ACT,True,0,0.6569959425447428,42.550434351200366,0.3430040574552572,0.7384615384615385,65.93700422602822,52,51,higher,61.98242941596541,69.89157903609104
2026,00-0034613,TE,CIN,Tanner Hudson,ACT,True,0,0.45155927743980007,22.530965823630037,0.5484407225601999,0.6820512820512821,65.53291701530657,63,52,moderate,64.19681142039575,66.86902261021739
2026,00-0035689,TE,BUF,Dawson Knox,ACT,True,0,0.7900906101224158,49.928704519578694,0.20990938987758423,0.764102564102564,65.32639292575682,47,53,higher,59.78446118350701,70.86832466800661
2026,00-0036754,TE,DET,Brock Wright,ACT,True,0,0.5541424200981314,24.885026075092547,0.4458575799018686,0.7025641025641025,65.12227980316557,59,54,higher,62.55521457654323,67.6893450297879
2026,00-0037805,TE,NYJ,Jeremy Ruckert,ACT,True,0,0.6793677287446206,40.067464875134284,0.3206322712553794,0.7333333333333333,65.07931209177426,53,55,higher,60.95230147099472,69.20632271255378
2026,00-0035249,TE,MIN,Josh Oliver,ACT,True,0,0.6237341537245424,36.270379996584126,0.37626584627545756,0.717948717948718,64.96121436140659,56,56,higher,61.54438564467398,68.3780430781392
2026,00-0036628,TE,WAS,John Bates,ACT,True,0,0.5565201088909463,23.679960445761687,0.4434798911090537,0.6974358974358974,64.66446961705287,60,57,higher,62.12490955378443,67.2040296803213
2026,00-0037005,TE,CAR,Tommy Tremble,ACT,True,0,0.7705882081882819,46.14228973840638,0.2294117918117181,0.7487179487179487,64.48567173367026,50,58,higher,59.29261016460795,69.67873330273257
2026,00-0038046,TE,LAC,Charlie Kolar,ACT,True,0,0.6454266746405655,36.119594727782115,0.35457332535943453,0.7128205128205128,64.11710753282972,57,59,higher,60.534635658218924,67.6995794074405
2026,00-0038547,TE,DAL,Luke Schoonmaker,ACT,True,0,0.7106471938268023,37.88787318661077,0.2893528061731977,0.7282051282051282,64.0434663798742,54,60,higher,59.6549431595549,68.4319896001935
2026,00-0034270,TE,DET,Tyler Conklin,ACT,True,0,0.48159053386093703,20.6973071005254,0.518409466139063,0.6666666666666666,63.7015226561146,66,61,moderate,62.21895065083856,65.18409466139062
2026,00-0033217,TE,IND,Mo Alie-Cox,ACT,True,0,0.494880237690201,20.42255769294165,0.5051197623097989,0.6615384615384615,63.0254721692729,67,62,moderate,61.46128517698628,64.58965916155954
2026,00-0036887,TE,SF,Luke Farrell,ACT,True,0,0.5774571161618808,20.950436674982274,0.4225428838381192,0.676923076923077,62.60470383060854,64,63,higher,60.06090189975897,65.14850576145813
2026,00-0035631,TE,CIN,Drew Sample,ACT,True,0,0.6618785769163538,23.390970187733704,0.33812142308364623,0.6923076923076923,62.147043846288305,61,64,higher,58.60518115404785,65.68890653852877
2026,00-0034981,TE,HOU,Foster Moreau,ACT,True,0,0.4739219668733679,18.083761265383178,0.5260780331266321,0.6358974358974359,61.39335553432751,72,65,moderate,60.295161506619465,62.49154956203555
2026,00-0037086,TE,PHI,Grant Calcaterra,ACT,True,0,0.5414102161252875,19.178238724802846,0.4585897838747125,0.6512820512820513,61.274359780058354,69,66,higher,59.34743710598496,63.201282454131736
2026,00-0039912,TE,WAS,Ben Sinnott,ACT,True,0,0.7709364542189295,26.78530688951659,0.22906354578107047,0.7076923076923077,61.19665553100603,58,67,higher,56.41036791189366,65.9829431501184
2026,00-0037004,TE,JAX,Hunter Long,ACT,True,0,0.4701436900314762,17.941420487514804,0.5298563099685238,0.6307692307692307,61.05866466090893,73,68,moderate,60.04953545290187,62.06779386891601
2026,00-0038720,TE,NE,Julian Hill,RES,True,0,0.7015874354983058,23.231016261166697,0.2984125645016942,0.6871794871794872,60.94261026439285,62,69,higher,57.054941037614924,64.8302794911708
2026,00-0039359,TE,HOU,Cade Stover,ACT,True,0,0.5791315408090343,19.23639152173805,0.4208684591909657,0.6564102564102564,60.93018969663982,68,70,higher,58.57477172444692,63.28560766883273
2026,00-0033246,TE,PHI,Johnny Mundt,ACT,True,0,0.5321435582752485,18.790350811356518,0.4678564417247515,0.6410256410256411,60.63918011654632,71,71,higher,58.90748812353742,62.37087210955521
2026,00-0037304,TE,LV,Connor Heyward,ACT,True,0,0.5576719767100817,18.826328882854934,0.44232802328991827,0.6461538461538462,60.538868158106055,70,72,higher,58.500609929466776,62.57712638674534
2026,00-0038589,TE,GB,Josh Whyle,ACT,True,0,0.4645763554921154,15.643090592566278,0.5354236445078846,0.6205128205128205,60.34949853118333,75,73,moderate,59.49860677113398,61.20039029123269
2026,00-0039737,TE,AZ,Tip Reiman,ACT,True,0,0.44763939961723304,15.011156829642927,0.552360600382767,0.6102564102564103,59.867724828168164,77,74,moderate,59.28876672943173,60.44668292690461
2026,00-0034365,TE,LV,Ian Thomas,ACT,True,0,0.5113754141887741,17.83317744788301,0.4886245858112259,0.6256410256410256,59.82377376750657,74,75,higher,58.45360936920857,61.193938165804575
2026,00-0036876,TE,TEN,Kylen Granson,ACT,True,0,0.4718983184606703,15.62200646643195,0.5281016815393297,0.6153846153846154,59.79280286155583,76,76,moderate,58.919973523102975,60.66563220000868
2026,00-0036423,TE,LV,Albert Okwuegbunam,ACT,True,0,0.2502025704809582,11.620119307375436,0.7497974295190418,0.5538461538461539,59.30364089807315,88,77,moderate,61.263153654802025,57.344128141344264
2026,00-0039530,TE,DAL,Brevyn Spann-Ford,ACT,True,0,0.7242342073862351,20.74298166770559,0.2757657926137649,0.6717948717948717,59.25890559586503,65,78,higher,55.29861480405397,63.2191963876761
2026,00-0039754,TE,TB,Devin Culp,ACT,True,0,0.39273553242394166,12.388487432063583,0.6072644675760583,0.5846153846153846,58.91452012075193,82,79,moderate,59.14101095035868,58.688029291145206
2026,00-0038783,TE,DEN,Nate Adkins,ACT,True,0,0.3868650914211503,12.169545599636907,0.6131349085788498,0.5743589743589743,58.21141612029494,84,80,moderate,58.59917546249369,57.823656778096186
2026,00-0039824,TE,KC,Jared Wiley,ACT,True,0,0.3572390867252823,11.864045232577213,0.6427609132747176,0.5641025641025641,57.98342339369948,86,81,moderate,58.770006885421026,57.196839901977945
2026,00-0037292,TE,IND,Andrew Ogletree,ACT,True,0,0.5295849732910346,14.172458617513449,0.4704150267089654,0.6051282051282051,57.81855694443572,78,82,higher,56.471425160243314,59.16568872862812
2026,00-0037282,TE,CAR,James Mitchell,ACT,True,0,0.21797703323831583,11.023366195012649,0.7820229667616841,0.5230769230769231,57.486613181387526,94,83,lower,60.07607361823515,54.89715274453992
2026,00-0036590,TE,JAX,Quintin Morris,ACT,True,0,0.512332078890606,13.453233402625207,0.48766792110939405,0.5948717948717949,57.34310201193147,80,84,higher,56.271063274307465,58.41514074955547
2026,00-0039050,TE,TB,Payne Durham,ACT,True,0,0.46991543918251394,12.288897104010385,0.530084560817486,0.5794871794871795,56.960665575324086,83,85,moderate,56.46663938862715,57.45469176202103
2026,00-0040363,TE,BUF,Keleki Latu,ACT,True,0,0.35336164489890226,11.419546102110967,0.6466383551010977,0.5487179487179488,56.83020299945786,89,86,moderate,57.80940706328934,55.850998935626365
2026,00-0036429,TE,ATL,Charlie Woerner,ACT,True,0,0.5385080413537924,12.856115308476594,0.4614919586462076,0.5897435897435898,56.40932635241134,81,87,higher,55.126810041437516,57.69184266338515
2026,00-0037755,TE,NYJ,Jelani Woods,ACT,True,0,0.19510868931253045,9.973971530062371,0.8048913106874696,0.5025641025641026,56.30295441887759,98,88,lower,59.32622650011127,53.27968233764393
2026,00-0039648,TE,TEN,David Martin-Robinson,ACT,True,0,0.5912763095433634,13.718618258601023,0.4087236904566366,0.6,56.17447380913273,79,89,higher,54.261710713699095,58.08723690456637
2026,00-0037348,TE,NYG,Tanner Conner,ACT,True,0,0.4650840628509708,11.637022847272778,0.5349159371490292,0.558974358974359,55.416267460929305,87,90,moderate,55.17568324267601,55.656851679182594
2026,00-0033576,TE,SEA,Eric Saubert,ACT,True,0,0.3952838646307723,11.270179118248002,0.6047161353692276,0.5384615384615384,55.17124578430763,91,91,moderate,55.83379175338452,54.508699815230734
2026,00-0040244,TE,NO,Moliki Matavao,ACT,True,0,0.36602038779609675,11.044880022343248,0.6339796122039032,0.5282051282051282,54.93600250048832,93,92,moderate,55.99374734047608,53.87825766050057
2026,00-0039458,TE,CLE,Brenden Bates,ACT,True,0,0.3865896215746313,11.183391166043352,0.6134103784253687,0.5333333333333333,54.93487423517405,92,93,moderate,55.735644686094396,54.13410378425368
2026,00-0038394,TE,IND,Will Mallory,ACT,True,0,0.2672181746658257,9.660398026448185,0.7327818253341742,0.49743589743589745,54.45050830155528,99,94,moderate,56.80396758053805,52.09704902257252
2026,00-0039686,TE,WAS,Colson Yankoff,ACT,True,0,0.577120852551058,11.957023809707612,0.42287914744894195,0.5692307692307692,53.99604448744037,85,95,higher,52.532528269622105,55.45956070525866
2026,00-0038564,TE,PHI,Cameron Latu,ACT,True,0,0.47873685079328027,11.400819536992175,0.5212631492067197,0.5435897435897435,53.912442471313874,90,96,moderate,53.68917652748364,54.135708415144116
2026,00-0036232,TE,SEA,Harrison Bryant,ACT,True,0,0.3666718892152793,10.272004500122554,0.6333281107847206,0.5128205128205128,53.692203241335434,96,97,moderate,54.89727922097751,52.48712726169336
2026,00-0040225,TE,NYG,Thomas Fidone II,ACT,True,0,0.2874871897496916,9.072757331559034,0.7125128102503084,0.48717948717948717,53.224615179365145,101,98,moderate,55.47794841007335,50.97128194865693
2026,00-0034798,TE,BAL,Durham Smythe,ACT,True,0,0.4276128415475507,10.800340743926661,0.5723871584524494,0.517948717948718,52.88364060494642,95,99,moderate,53.428025009983735,52.339256199909116
2026,00-0037277,TE,AZ,Teagan Quitoriano,ACT,True,0,0.17126519140575022,7.761589107557035,0.8287348085942497,0.4461538461538462,52.26700386419269,109,100,lower,56.092813488596725,48.44119423978866
2026,00-0038809,TE,MIA,Ben Sims,ACT,True,0,0.36160668163681736,9.143876001809652,0.6383933183631827,0.49230769230769234,52.152481751879044,100,101,moderate,53.61333801243394,50.69162549132413
2026,00-0037311,TE,TB,Ko Kieft,ACT,True,0,0.13035858924571006,7.587590829493646,0.8696414107542899,0.4307692307692308,51.85436667662427,112,102,lower,56.24308847647485,47.46564487677367
2026,00-0038643,TE,SF,Brayden Willis,ACT,True,0,0.3388979191981962,9.06169763307506,0.6611020808018038,0.48205128205128206,51.786144180138635,102,103,moderate,53.57665216764386,49.99563619263343
2026,00-0040215,TE,MIN,Gavin Bartholomew,ACT,True,0,0.3005585469918945,8.527261574520736,0.6994414530081055,0.4717948717948718,51.732418803751855,104,104,moderate,54.00888461588419,49.45595299161951
2026,00-0041133,TE,DEN,Dallen Bentley,ACT,True,1,0.1129359020272547,6.640132832276054,0.8870640979727453,0.4205128205128205,51.382307600480544,114,105,lower,56.0478203750798,46.716794825881294
2026,00-0040509,TE,MIN,Ben Yurosek,ACT,True,0,0.47616849484834994,10.159765814662743,0.52383150515165,0.5076923076923077,51.09201471841761,97,106,moderate,51.25340669301104,50.930622743824195
2026,00-0036556,TE,HOU,Brevin Jordan,ACT,True,0,0.06275729487843715,6.194691395559415,0.9372427051215628,0.4,50.74485410243126,118,107,lower,56.11728115364689,45.37242705121563
2026,00-0037475,TE,PHI,Stone Smartt,ACT,True,0,0.3877086293499397,8.879079004739907,0.6122913706500603,0.47692307692307695,50.399673566847355,103,108,moderate,51.7533565041172,49.04599062957753
2026,00-0041084,TE,JAX,Tanner Koziol,ACT,True,1,0.08711189058187419,6.130395710022814,0.9128881094181258,0.39487179487179486,49.847505778106104,119,109,lower,55.027668923569415,44.66734263264279
2026,00-0039420,TE,PIT,Jaheim Bell,ACT,True,0,0.22051919158465658,6.791560922587498,0.7794808084153434,0.4256410256410256,49.64089821958891,113,110,lower,53.179296047332095,46.102500391845744
2026,00-0033455,TE,WAS,Anthony Firkser,ACT,True,0,0.289419982788583,7.616892539697101,0.710580017211417,0.441025641025641,49.49365162627962,110,111,moderate,52.18919538813738,46.79810786442186
2026,00-0039814,TE,CIN,Erick All,ACT,True,0,0.33166250150969295,7.768695163174926,0.668337498490307,0.4512820512820513,49.46931407237024,108,112,moderate,51.6398685444528,47.29875960028768
2026,00-0040879,TE,BAL,Matthew Hibner,ACT,True,1,0.14776413695297563,6.287660862585047,0.8522358630470244,0.40512820512820513,49.454973671196896,117,113,lower,53.926050250385096,44.983897092008704
2026,00-0039631,TE,CIN,Cam Grandy,ACT,True,0,0.20536374264252785,6.347528707207216,0.7946362573574721,0.4153846153846154,49.123494377918675,115,114,lower,52.91601079764725,45.33097795819011
2026,00-0041395,TE,NE,Eli Raridon,ACT,True,1,0.13884787949518543,6.109767622985444,0.8611521205048146,0.38974358974358975,48.402529589583466,120,115,lower,53.116614897195724,43.68844428197122
2026,00-0037078,TE,MIA,Cole Turner,ACT,True,0,0.021723168900541472,5.827834930567852,0.9782768310994585,0.358974358974359,48.28348533993789,126,116,lower,54.47651006118889,42.09046061868689
2026,00-0040240,TE,DEN,Caleb Lohner,ACT,True,0,0.338570884095621,7.595376236502979,0.661429115904379,0.4358974358974359,48.10037718988245,111,117,moderate,50.355693989951874,45.84506038981302
2026,00-0041094,TE,TB,Bauer Sharp,ACT,True,1,0.1344517221731267,6.108681280964411,0.8655482778268733,0.38461538461538464,48.080196325768235,121,118,lower,52.88952525788313,43.27086739365335
2026,00-0036741,TE,CLE,Jack Stoll,ACT,True,0,0.48332856071665736,8.52636703520941,0.5166714392833427,0.4666666666666667,47.66676211900018,105,119,moderate,48.166809845166945,47.166714392833434
2026,00-0038710,TE,CLE,Blake Whiteheart,ACT,True,0,0.4729613144561011,8.491469203220497,0.5270386855438989,0.46153846153846156,47.4638506339549,106,120,moderate,48.11885287400928,46.808848393900526
2026,00-0040488,TE,LV,Carter Runyon,ACT,True,0,0.2993656638118032,6.289494336324747,0.7006343361881968,0.41025641025641024,46.83319954427675,116,121,moderate,49.736978803594624,43.929420284958894
2026,00-0036825,TE,CAR,Feleipe Franks,ACT,True,0,0.4840805093673766,8.488662418164111,0.5159194906326234,0.4564102564102564,46.83121032547298,107,122,moderate,47.42630266769665,46.23611798324931
2026,00-0041457,TE,DET,Miles Kitselman,ACT,True,1,0.06438179471446107,5.308952835268272,0.935618205285539,0.3487179487179487,46.609800003146674,128,123,lower,52.47880256882258,40.740797437470775
2026,00-0041032,TE,NYJ,Kenyon Sadiq,ACT,True,1,0.1931278441014939,6.092156816851139,0.8068721558985061,0.37948717948717947,46.49641747694448,122,124,lower,50.77026724105775,42.22256771283121
2026,00-0041398,TE,PIT,Riley Nowakowski,ACT,True,1,0.09698193384225443,5.312104407117681,0.9030180661577456,0.35384615384615387,46.368053630847214,127,125,lower,51.85977275396314,40.8763345077313
2026,00-0040901,TE,TEN,Jaren Kanak,ACT,True,1,0.18252650424645986,5.922406612729209,0.8174734957535401,0.3641025641025641,45.47767504327592,125,126,lower,50.011384359785694,40.943965726766166
2026,00-0037539,TE,DEN,Lucas Krull,ACT,True,0,0.224511352105354,6.048844771291645,0.775488647894646,0.37435897435897436,45.45849090661087,123,127,lower,49.469787641967585,41.447194171254154
2026,00-0041483,TE,PHI,Eli Stowers,ACT,True,1,0.11225362881976221,5.278450384787956,0.8877463711802378,0.3435897435897436,45.242106910784244,129,128,lower,50.68367318668919,39.8005406348793
2026,00-0037340,TE,NO,Zaire Mitchell-Paden,ACT,True,0,0.2679115680270462,6.034950730259455,0.7320884319729538,0.36923076923076925,44.18023017792061,124,129,moderate,47.80880680534246,40.55165355049877
2026,00-0041558,TE,CHI,Sam Roush,RES,True,1,0.12667049791532564,5.083388604897594,0.8733295020846743,0.3333333333333333,44.13325670836015,131,130,lower,49.53321839587357,38.73329502084674
2026,00-0040945,TE,GB,R.J. Maryland,ACT,True,1,0.10996119611659082,4.988911033635351,0.8900388038834092,0.3128205128205128,42.826417103309204,135,131,lower,48.598600013938174,37.05423419268025
2026,00-0041116,TE,CIN,Jack Endries,ACT,True,1,0.09401363317856191,4.919431971555573,0.9059863668214381,0.3076923076923077,42.73511195181337,136,132,lower,48.71805254310468,36.75217136052208
2026,00-0036534,TE,BUF,Shane Zylstra,ACT,True,0,0.22048565506058954,5.105209634850995,0.7795143449394104,0.3384615384615385,42.66720997571129,130,133,lower,47.07773804049001,38.25668191093256
2026,00-0041263,TE,PIT,Lake McRee,ACT,True,1,0.056911395156200216,4.602210301942166,0.9430886048437997,0.29743589743589743,42.656643891747784,138,134,lower,49.11317096582681,36.20011681766876
2026,00-0037031,TE,CHI,Nikola Kalinic,ACT,True,0,0.09862623032612758,4.57833049972497,0.9013737696738724,0.2923076923076923,41.41209077809283,139,135,lower,47.50275155175464,35.32143000443103
2026,00-0033757,TE,PIT,Robert Tonyan,ACT,True,0,0.14818815845976355,4.645890262358881,0.8518118415402365,0.30256410256410254,41.24136503593293,137,136,lower,46.73384242569428,35.748887646171596
2026,00-0040628,TE,GB,Drake Dabney,ACT,True,0,0.27008820670101213,5.02956936295247,0.7299117932989878,0.3230769230769231,40.4443897121336,133,137,moderate,44.51273841435425,36.37604100991295
2026,00-0040853,TE,IND,Carson Towt,ACT,True,1,0.032214577811362236,3.702024162014858,0.9677854221886377,0.26153846153846155,40.278785366849675,145,138,lower,47.34125497335144,33.21631576034791
2026,00-0040887,TE,BAL,Josh Cuevas,ACT,True,1,0.05719636869086215,3.7097430334251253,0.9428036313091378,0.26666666666666666,40.18940595951609,144,139,lower,46.950775605940805,33.428036313091376
2026,00-0041472,TE,HOU,Marlin Klein,ACT,True,1,0.08107266765630368,3.946175185073417,0.9189273323436963,0.2717948717948718,40.122136390463666,143,140,lower,46.593460995951915,33.65081178497542
2026,00-0040058,TE,SEA,Nick Kallerup,ACT,True,0,0.27632594748889483,5.0191333997663445,0.7236740525111052,0.31794871794871793,39.90937848611954,134,141,moderate,43.966631831743406,35.852125140495666
2026,00-0041327,TE,NO,Cody Hardy,ACT,True,1,0.03651637098693586,3.348906612034009,0.9634836290130642,0.2564102564102564,39.7824930930818,146,142,lower,46.85322681910988,32.711759367053716
2026,00-0038735,TE,DAL,Princeton Fant,ACT,True,0,0.1545123050415832,4.292415170898308,0.8454876949584168,0.27692307692307694,39.06360005301449,142,143,lower,44.74924623336789,33.377953872661095
2026,00-0038498,TE,PHI,E.J. Jenkins,ACT,True,0,0.2078109527326776,4.363826027184708,0.7921890472673224,0.28717948717948716,38.818139919705416,140,144,lower,43.868235520583774,33.768044318827066
2026,00-0031484,TE,NYG,Chris Manhertz,ACT,True,0,0.3865955652567457,5.039181801853996,0.6134044347432543,0.3282051282051282,38.52449895127534,132,145,moderate,41.376492016656606,35.67250588589408
2026,00-0039489,TE,SF,Hayden Rucci,ACT,True,0,0.22549084015313015,4.362584068789816,0.7745091598468699,0.28205128205128205,38.05428576103996,141,146,lower,42.97886453899584,33.12970698308408
2026,00-0041524,TE,MIA,Will Kacmarek,ACT,True,1,0.03070936926091746,3.0387853224012558,0.9692906307390825,0.2205128205128205,37.026838255807284,153,147,lower,44.514616358069915,29.53906015354467
2026,00-0040094,TE,KC,Tre Watson,ACT,True,0,0.16629948392206864,3.1095886326934337,0.8337005160779314,0.2512820512820513,36.77657442412273,147,148,lower,42.60075907208154,30.952389776163926
2026,00-0040081,TE,KC,Jake Briningstool,ACT,True,0,0.14781922121239832,3.076132606054443,0.8521807787876017,0.24102564102564103,36.32566685780331,149,149,lower,42.437218235422925,30.21411548018371
2026,00-0041314,TE,NE,Tanner Arkin,ACT,True,1,0.03395809254180439,2.955691881764215,0.9660419074581956,0.21025641025641026,36.141350969676736,155,150,lower,43.699205941694586,28.583495997658876
2026,00-0040387,TE,DET,Zach Horton,ACT,True,0,0.21051250429660046,3.0916984186869407,0.7894874957033995,0.24615384615384617,35.48205760637568,148,151,lower,40.915394101871215,30.04872111088015
2026,00-0040046,TE,AZ,Rivaldo Fairweather,ACT,True,0,0.18397416375159717,3.0597387774920985,0.8160258362484029,0.2358974358974359,35.19231159676293,150,152,lower,40.993595600272606,29.39102759325326
2026,00-0040504,TE,MIN,Bryson Nesbit,ACT,True,0,0.1634375801723496,3.0441729648596,0.8365624198276504,0.2282051282051282,34.98765865296326,151,153,lower,41.07123156918849,28.90408573673804
2026,00-0040528,TE,PIT,JJ Galbreath,ACT,True,0,0.12322069597122973,2.934995273674998,0.8767793040287702,0.20512820512820512,33.945842490831815,156,154,lower,40.66235347983747,27.229331501826167
2026,00-0040598,TE,LA,Mark Redman,ACT,True,0,0.16799517484861567,2.9994233437515763,0.8320048251513843,0.2153846153846154,33.87086573379692,154,155,lower,40.03706783146461,27.70466363612923
2026,00-0041180,TE,WAS,Quentin Moore,ACT,True,1,0.03247874078460926,2.89967880064116,0.9675212592153908,0.1794871794871795,33.70939954328217,161,156,lower,41.58974034056429,25.82905874600006
2026,00-0040552,TE,ATL,Joshua Simon,ACT,True,0,0.10488505541992667,2.922129876659024,0.8951149445800733,0.19743589743589743,33.69717068647326,157,157,lower,40.67396115791502,26.720380215031497
2026,00-0040566,TE,NE,CJ Dippre,ACT,True,0,0.23552878490423498,3.0441729648596,0.764471215095765,0.2282051282051282,33.54583455832555,151,158,lower,38.90849542723193,28.18317368941919
2026,00-0040292,TE,CAR,Bryce Pierre,RES,True,0,0.11701504623444282,2.922129876659024,0.8829849537655572,0.19743589743589743,33.454570870182934,157,159,lower,40.31006143347954,26.599080306886336
2026,00-0040331,TE,JAX,Patrick Herbert,ACT,True,0,0.10562166423974055,2.9114112135633814,0.8943783357602595,0.18974358974358974,33.067053894692364,159,160,lower,40.11340135485907,26.02070643452567
2026,00-0040697,TE,DET,Thomas Gordon,ACT,True,0,0.10319318472298064,2.9011367875613905,0.8968068152770193,0.18461538461538463,32.705367074771154,160,161,lower,39.8272813813875,25.583452768154807
2026,00-0040938,TE,DAL,D.J. Rogers,ACT,True,1,0.03358573509958979,2.8655328441229093,0.9664142649004102,0.1641025641025641,32.45649042621332,164,162,lower,40.4796074341918,24.433373418234872
2026,00-0039275,TE,GB,Messiah Swinson,ACT,True,0,0.062005309224837456,2.8781248580324603,0.9379946907751625,0.16923076923076924,32.29835535396479,163,163,lower,39.985994569408724,24.610716138520853
2026,00-0039843,TE,CHI,Qadir Ismail,ACT,True,0,0.03855849784348802,2.8557603114328365,0.961441502156512,0.15897435897435896,31.946778761078953,165,164,lower,39.97145019290049,23.922107329257425
2026,00-0041170,TE,CHI,Hayden Large,ACT,True,1,0.033577250049078515,2.830936137567869,0.9664227499509215,0.15384615384615385,31.636147306710733,166,165,lower,39.761913267758416,23.51038134566306
2026,00-0041579,TE,MIA,Seydou Traore,E14,True,1,0.03594961525925996,2.8230907282570326,0.96405038474074,0.14871794871794872,31.178443592250694,167,166,lower,39.331767952478614,23.02511923202278
2026,00-0039518,TE,NO,Treyton Welch,ACT,True,0,0.15790553913980487,2.888843521128103,0.8420944608601951,0.17435897435897435,30.790607165921845,162,167,lower,37.46796203093406,24.11325230090964
2026,00-0041237,TE,NYJ,Chase Curtis,ACT,True,1,0.034773930019916535,2.800807950676247,0.9652260699800834,0.13846153846153847,30.381444476524745,169,168,lower,38.6490897917102,22.113799161339294
2026,00-0041077,TE,DEN,Justin Joly,ACT,True,1,0.057568598358380685,2.8119071456561375,0.9424314016416193,0.14358974358974358,30.33580752001187,168,169,lower,38.324224100530635,22.347390939493113
2026,00-0041131,TE,CLE,Carsen Ryan,ACT,True,1,0.03615737292688745,2.7657122832101555,0.9638426270731125,0.1282051282051282,29.533262797872506,171,170,lower,37.889637786552356,21.176887809192664
2026,00-0039023,TE,TEN,Joel Wilson,ACT,True,0,0.07881728258518914,2.7854981071792837,0.9211827174148108,0.13333333333333333,29.09032101496288,170,171,lower,36.96881485577766,21.211827174148105
2026,00-0036145,TE,WAS,Lawrence Cager,ACT,True,0,0.019114043061018254,2.763490461976715,0.9808859569389817,0.11794871794871795,29.053616574677065,172,172,lower,37.682988964579714,20.42424418477443
2026,00-0036032,TE,IND,Sean McKeon,ACT,True,0,0.03904551077877423,2.763490461976715,0.9609544892212257,0.11794871794871795,28.65498722032195,172,173,lower,37.08504493304704,20.22492950759687
2026,00-0041384,TE,LAC,Evan Svoboda,ACT,True,1,0.031712454129966546,2.7016832028671174,0.9682875458700334,0.1076923076923077,27.981135532785284,175,174,lower,36.587087914562545,19.375183151008024
2026,00-0041452,TE,LAC,Johnny Pascuzzi,ACT,True,1,0.03459793342134101,2.681999250470794,0.965402066578659,0.10256410256410256,27.513169536701383,176,175,lower,36.14154917684695,18.88478989655582
2026,00-0041207,TE,JAX,Ethan Conner,ACT,True,1,0.03420242392196685,2.6814202932011644,0.9657975760780332,0.09743589743589744,27.11082331643245,177,176,lower,35.79444010285382,18.427206530011098
2026,00-0035039,TE,CHI,Stephen Carlson,ACT,True,0,0.1267173076950112,2.763490461976715,0.8732826923049888,0.11794871794871795,26.901551281997204,172,177,lower,34.454891025559924,19.3482115384345
2026,00-0040927,TE,PHI,Dae'Quan Wright,ACT,True,1,0.03684430724151975,2.680679658703081,0.9631556927584802,0.09230769230769231,26.647729239784983,178,178,lower,35.35620924429288,17.93924923527711
2026,00-0040955,TE,KC,John Michael Gyllenborg,ACT,True,1,0.03158281791810027,2.6798349233929315,0.9684171820818998,0.08717948717948718,26.342702615996966,179,179,lower,35.1550795650211,17.53032566697284
2026,00-0041016,TE,LV,Patrick Gurd,ACT,True,1,0.035113659491423435,2.6736557873138347,0.9648863405085766,0.08205128205128205,25.86182937427409,180,180,lower,34.69017995884705,17.03347878970115
2026,00-0041195,TE,ATL,Jack Velling,ACT,True,1,0.037010483123236626,2.6734930533778525,0.9629895168767634,0.07692307692307693,25.413636491381418,181,181,lower,34.27430089091828,16.552972091844552
2026,00-0041087,TE,CLE,Joe Royer,ACT,True,1,0.03245400107059438,2.6689627015325135,0.9675459989294056,0.07179487179487179,25.09450972217785,182,182,lower,34.05202099352319,16.136998450832515
2026,00-0041246,TE,CIN,Josh Kattus,ACT,True,1,0.04682271890185409,2.6679058491792715,0.9531772810981459,0.06666666666666667,24.39687895529625,183,183,lower,33.261985099611046,15.531772810981456
2026,00-0041422,TE,LA,Dan Villari,ACT,True,1,0.034160087631492975,2.666706052527684,0.9658399123685071,0.06153846153846154,24.23987517044706,184,184,lower,33.28288967874752,15.196860662146609
2026,00-0041503,TE,JAX,Nate Boerkircher,ACT,True,1,0.03275644155304072,2.6610970108412313,0.9672435584469593,0.05641025641025641,23.857691681759697,185,185,lower,32.96602470212673,14.749358661392668
2026,00-0041403,TE,LA,Rohan Jones,ACT,True,1,0.03532564900921966,2.659773652890573,0.9646743509907804,0.05128205128205128,23.396051122379706,186,186,lower,32.529974119467006,14.262128125292417
2026,00-0040939,TE,DAL,Michael Trigg,ACT,True,1,0.03284096237624595,2.657084359405991,0.967159037623754,0.046153846153846156,23.035488444782768,187,187,lower,32.24554035948186,13.825436530083692
2026,00-0041366,TE,AZ,Jameson Geers,ACT,True,1,0.03215920918390452,2.6525242522498336,0.9678407908160955,0.041025641025641026,22.63886709837319,188,188,lower,31.90701859627774,13.370715600468646
2026,00-0041510,TE,LA,Max Klare,ACT,True,1,0.034152185099348434,2.6478375003391927,0.9658478149006515,0.035897435897435895,22.1887511698079,189,189,lower,31.488254959840063,12.889247379775744
2026,00-0040792,TE,HOU,Layne Pryor,ACT,True,1,0.035397832082365445,2.6464264175306664,0.9646021679176345,0.03076923076923077,21.75358181989115,190,190,lower,31.0919111913752,12.415252448407113
2026,00-0041041,TE,NO,Oscar Delp,ACT,True,1,0.03407465387645574,2.643419510921203,0.9659253461235443,0.02564102564102564,21.369788973752936,191,191,lower,30.772632178578128,11.966945768927749
2026,00-0040974,TE,SEA,Lance Mason,ACT,True,1,0.038309637640116675,2.6360766033588985,0.9616903623598834,0.020512820512820513,20.874832888223306,192,192,lower,30.286608306693942,11.463057469752677
2026,00-0041357,TE,SF,Khalil Dinkins,ACT,True,0,1.8512741064599854e-07,0.03926363686432858,0.9999998148725894,0.007692307692307693,20.615380912836397,194,193,lower,30.538455984639224,10.692305841033583
2026,00-0041535,TE,HOU,Louis Hansen,ACT,True,0,1.8512741064599854e-07,0.03926363686432858,0.9999998148725894,0.007692307692307693,20.615380912836397,194,193,lower,30.538455984639224,10.692305841033583
2026,00-0041252,TE,TB,Kenny Fletcher,ACT,True,1,0.03945858491958608,2.616397150096112,0.9605414150804139,0.015384615384615385,20.441597532377504,193,195,lower,29.893165529335498,10.99002953541952
2026,00-0039075,WR,LA,Puka Nacua,ACT,True,0,0.8993027831571866,274.17139067460334,0.10069721684281341,1.0,82.01394433685627,1,1,higher,73.02091650528439,91.00697216842813
2026,00-0036963,WR,DET,Amon-Ra St. Brown,ACT,True,0,0.9325189365723793,270.3596951662886,0.06748106342762072,0.9974226804123711,81.14343570154212,2,2,higher,71.8440195316946,90.4428518713896
2026,00-0037238,WR,ATL,Drake London,ACT,True,0,0.8871782213173938,218.1044587148358,0.11282177868260623,0.9845360824742269,81.01932217159028,7,3,higher,72.30217913367406,89.73646520950648
2026,00-0036900,WR,CIN,Ja'Marr Chase,ACT,True,0,0.9502343181412399,249.86548802952814,0.04976568185876007,0.9948453608247423,80.58294250315458,3,4,higher,71.13214571349475,90.0337392928144
2026,00-0038543,WR,SEA,Jaxon Smith-Njigba,ACT,True,0,0.9504487525150643,249.30345499792514,0.04955124748493567,0.9922680412371134,80.3724682486678,4,5,higher,70.94530031114601,89.79963618618957
2026,00-0031381,WR,LA,Davante Adams,ACT,True,0,0.7790307095523111,158.64923903972112,0.22096929044768887,0.9484536082474226,80.29567446874759,21,6,higher,73.02083129075025,87.57051764674493
2026,00-0040129,WR,TB,Emeka Egbuka,ACT,True,0,0.8953293397294604,189.8465856964577,0.10467066027053962,0.9768041237113402,80.237743102318,10,7,higher,71.51640846791,88.95907773672602
2026,00-0036322,WR,MIN,Justin Jefferson,ACT,True,0,0.9574404161122998,222.22310614727337,0.0425595838877002,0.9871134020618557,79.82026384270246,6,8,higher,70.3747256609609,89.26580202444401
2026,00-0037247,WR,DAL,George Pickens,ACT,True,0,0.9721600173740413,240.48022792339245,0.02783998262595866,0.9896907216494846,79.73205738447794,5,9,higher,70.11354999424267,89.3505647747132
2026,00-0034348,WR,DEN,Courtland Sutton,ACT,True,0,0.8821380236070763,177.24839740193366,0.11786197639292373,0.9639175257731959,79.47064158971415,15,10,higher,71.01008609591142,87.93119708351686
2026,00-0040124,WR,CAR,Tetairoa McMillan,ACT,True,0,0.9236305595702092,188.7842189809002,0.07636944042979077,0.9742268041237113,79.46553313849273,11,11,higher,70.4869595015535,88.44410677543193
2026,00-0036554,WR,HOU,Nico Collins,ACT,True,0,0.9186464000551708,185.69735307091122,0.08135359994482916,0.9716494845360825,79.35903076178317,12,12,higher,70.45607191587064,88.26198960769571
2026,00-0036358,WR,DAL,CeeDee Lamb,ACT,True,0,0.968324841948517,210.7592257292351,0.03167515805148302,0.9819587628865979,79.19020419195749,8,13,higher,69.68736814360634,88.69304024030865
2026,00-0039064,WR,BAL,Zay Flowers,ACT,True,0,0.9767004701786705,200.06852527886906,0.023299529821329545,0.979381443298969,78.81650606034411,9,14,higher,69.25568692556772,88.3773251951205
2026,00-0039849,WR,AZ,Marvin Harrison Jr.,ACT,True,0,0.719620430234919,128.701563331354,0.28037956976508105,0.9149484536082474,78.80346768396143,34,15,higher,72.45777884552976,85.14915652239307
2026,00-0031408,WR,SF,Mike Evans,ACT,True,0,0.5793910850799757,108.57019699369583,0.4206089149200243,0.8788659793814433,78.72145664891596,48,16,higher,74.13888600430175,83.30402729353014
2026,00-0037240,WR,DET,Jameson Williams,ACT,True,0,0.942600777445053,183.80251416171114,0.057399222554947005,0.9690721649484536,78.67375764697523,13,17,higher,69.55702822304015,87.79048707091029
2026,00-0035659,WR,WAS,Terry McLaurin,ACT,True,0,0.7702521844033584,136.01812134012997,0.2297478155966416,0.9252577319587629,78.61557486863387,30,18,higher,71.66047570501264,85.57067403225508
2026,00-0037239,WR,NO,Chris Olave,ACT,True,0,0.9464477638378603,178.37350819852315,0.053552236162139666,0.9664948453608248,78.39063235210878,14,19,higher,69.26120626012191,87.52005844409562
2026,00-0034960,WR,JAX,Jakobi Meyers,ACT,True,0,0.9291126592931193,172.88835356818998,0.07088734070688074,0.961340206185567,78.32496330898297,16,20,higher,69.4204346541961,87.22949196376985
2026,00-0039893,WR,JAX,Brian Thomas Jr.,ACT,True,0,0.8442072795881955,151.5584221516467,0.15579272041180448,0.9381443298969072,78.16740079998866,25,21,higher,70.34388470513764,85.9909168948397
2026,00-0036613,WR,DEN,Jaylen Waddle,ACT,True,0,0.9138721427318696,162.75741352204153,0.08612785726813044,0.9536082474226805,78.01121693917705,19,22,higher,69.33641303763154,86.68602084072255
2026,00-0035676,WR,NE,A.J. Brown,ACT,True,0,0.9378519124059461,170.4080157650268,0.06214808759405388,0.9587628865979382,77.94399267971613,17,23,higher,68.97784468967728,86.91014066975498
2026,00-0040735,WR,CHI,Luther Burden III,ACT,True,0,0.8812181634272522,154.5536720055542,0.11878183657274777,0.9432989690721649,77.83955425722814,23,24,higher,69.59438293223398,86.08472558222232
2026,00-0039915,WR,LAC,Ladd McConkey,ACT,True,0,0.8806830793872139,151.68568816353343,0.11931692061278609,0.9407216494845361,77.6440703710186,24,25,higher,69.4300230823011,85.85811765973611
2026,00-0034827,WR,BUF,DJ Moore,ACT,True,0,0.8417269518584141,137.4196088766882,0.15827304814158594,0.9304123711340206,77.59845065355337,28,26,higher,69.87705742362903,85.31984388347772
2026,00-0038117,WR,TEN,Wan'Dale Robinson,ACT,True,0,0.9449750207265117,164.52716912952337,0.05502497927348826,0.9561855670103093,77.5953449462945,18,27,higher,68.58373906892629,86.60695082366271
2026,00-0038559,WR,AZ,Michael Wilson,ACT,True,0,0.9126595500784721,156.25627051777826,0.0873404499215279,0.9458762886597938,77.41691209121406,22,28,higher,68.8315537038314,86.00227047859673
2026,00-0036912,WR,PHI,DeVonta Smith,ACT,True,0,0.9338007207059897,160.64310230462848,0.06619927929401026,0.9510309278350515,77.40645981268432,20,29,higher,68.55814332727391,86.25477629809474
2026,00-0038994,WR,MIN,Jordan Addison,ACT,True,0,0.8494435102939393,136.81974788195473,0.15055648970606073,0.9278350515463918,77.23793391783256,29,30,higher,69.46514829942925,85.01071953623587
2026,00-0036252,WR,PIT,Michael Pittman,ACT,True,0,0.8816359504852249,150.24168509370594,0.11836404951477508,0.9355670103092784,77.21264181503777,26,31,higher,69.04061220709274,85.3846714229828
2026,00-0036410,WR,CIN,Tee Higgins,ACT,True,0,0.8752909529564559,147.66799403121288,0.12470904704354413,0.9329896907216495,77.13335619860284,27,32,higher,69.05054976182178,85.2161626353839
2026,00-0039919,WR,CHI,Rome Odunze,ACT,True,0,0.7941648208314427,128.43114655794835,0.20583517916855731,0.9123711340206185,77.10639430502064,35,33,higher,70.04103475650001,84.17175385354125
2026,00-0037816,WR,NE,Romeo Doubs,ACT,True,0,0.7820980223550255,124.33656381577144,0.21790197764497454,0.9072164948453608,76.93535914052836,37,34,higher,70.04221396852449,83.82850431253222
2026,00-0031235,WR,NYG,Odell Beckham Jr.,ACT,True,0,0.21472050331614562,55.26020808876839,0.7852794966838543,0.7628865979381443,76.73651776872863,93,35,lower,76.96044675618572,76.51258878127153
2026,00-0037664,WR,IND,Alec Pierce,ACT,True,0,0.8698576830054322,135.72701144855853,0.1301423169945678,0.9226804123711341,76.41727932958207,31,36,higher,68.49189837581642,84.34266028334775
2026,00-0038997,WR,IND,Josh Downs,ACT,True,0,0.788215660359728,121.40287668393128,0.211784339640272,0.9020618556701031,76.4006352464137,39,37,higher,69.49786008611537,83.303410406712
2026,00-0038544,WR,LAC,Quentin Johnston,ACT,True,0,0.8508249288161924,130.5483091361828,0.14917507118380757,0.9175257731958762,76.38556327934626,33,38,higher,68.70205625922556,84.06907029946694
2026,00-0038606,WR,JAX,Parker Washington,ACT,True,0,0.824514506834466,128.08970600746582,0.17548549316553397,0.9097938144329897,76.29321501794986,36,39,higher,68.95013180527529,83.6362982306244
2026,00-0038608,WR,NE,Kayshon Boutte,ACT,True,0,0.6663010236311675,97.39044400946077,0.3336989763688325,0.8685567010309279,76.15851560985088,52,40,higher,70.80993836322992,81.50709285647183
2026,00-0040705,WR,TEN,Chimere Dike,ACT,True,0,0.7397404374160008,110.21649907038683,0.2602595625839992,0.884020618556701,75.92684073621608,46,41,higher,69.68923017648903,82.16445129594308
2026,00-0039916,WR,SF,Ricky Pearsall,ACT,True,0,0.6988912440308283,100.57139598467515,0.30110875596917175,0.8737113402061856,75.91908233587829,50,42,higher,70.19305649350814,81.64510817824842
2026,00-0035640,WR,PIT,DK Metcalf,ACT,True,0,0.8888890993419784,133.24975273969346,0.11111090065802165,0.9201030927835051,75.83046543584085,32,43,higher,67.74054351458601,83.92038735709568
2026,00-0039337,WR,NYG,Malik Nabers,ACT,True,0,0.6591114482888205,91.41523543772139,0.3408885517111795,0.8608247422680413,75.68375041566689,55,44,higher,70.48438851009827,80.8831123212355
2026,00-0039894,WR,KC,Xavier Worthy,ACT,True,0,0.8346071578960123,122.88826514957485,0.16539284210398775,0.904639175257732,75.67899086269833,38,45,higher,68.28652753116087,83.07145419423576
2026,00-0039067,WR,KC,Rashee Rice,ACT,True,0,0.8120054038972181,117.85276344068807,0.1879945961027819,0.8969072164948454,75.51246924164327,41,46,higher,68.42334303772263,82.6015954455639
2026,00-0037740,WR,NYJ,Garrett Wilson,ACT,True,0,0.692360122038868,95.89764429928447,0.307639877961132,0.865979381443299,75.43114807468656,53,47,higher,69.84775303986488,81.01454310950822
2026,00-0040718,WR,JAX,Travis Hunter,ACT,True,0,0.6881143216907052,89.94797335502078,0.3118856783092948,0.8582474226804123,74.89750738061889,56,48,higher,69.43388993690772,80.36112482433005
2026,00-0037545,WR,SEA,Rashid Shaheed,ACT,True,0,0.7407514782597445,99.85111032416539,0.2592485217402555,0.8711340206185567,74.87569208428965,51,49,higher,68.75683709550663,80.99454707307265
2026,00-0036259,WR,MIN,Jauan Jennings,ACT,True,0,0.8357188683054585,117.55692661107108,0.1642811316945415,0.8917525773195877,74.62582881945785,43,50,higher,67.35111436320737,81.9005432757083
2026,00-0039868,WR,DEN,Troy Franklin,ACT,True,0,0.8684786614820902,121.38217502450203,0.1315213385179098,0.8994845360824743,74.58918965695615,40,51,higher,66.90955768131049,82.26882163260177
2026,00-0039901,WR,BUF,Keon Coleman,ACT,True,0,0.6821709159807592,88.82561340244872,0.3178290840192408,0.8505154639175257,74.39781879378688,59,52,higher,69.07095499480403,79.72468259276972
2026,00-0038563,WR,LV,Tre Tucker,ACT,True,0,0.8607851320765383,117.70117547813541,0.13921486792346172,0.8943298969072165,74.33068911104657,42,53,higher,66.779538821209,81.8818394008841
2026,00-0038621,WR,NE,DeMario Douglas,ACT,True,0,0.7162829252047396,89.61552108281026,0.2837170747952604,0.8556701030927835,74.12794974332789,57,54,higher,68.40841946035266,79.8474800263031
2026,00-0038124,WR,GB,Christian Watson,ACT,True,0,0.824214381761008,109.74905527220078,0.17578561823899197,0.8814432989690721,74.03117628230562,47,55,higher,66.97459947500481,81.08775308960641
2026,00-0036407,WR,CLE,Jerry Jeudy,ACT,True,0,0.8504068580061659,110.92019343734985,0.1495931419938341,0.8865979381443299,73.91969789142307,45,56,higher,66.5496499299181,81.28974585292804
2026,00-0037261,WR,BUF,Khalil Shakir,ACT,True,0,0.867389165289049,113.6166860637764,0.13261083471095103,0.8891752577319587,73.78623731277573,44,57,higher,66.22059308256564,81.3518815429858
2026,00-0040170,WR,TEN,Elic Ayomanor,ACT,True,0,0.765841289196962,92.44355642504974,0.23415871080303796,0.8634020618556701,73.75533916451438,54,58,higher,67.46290565398805,80.04777267504069
2026,00-0034837,WR,TEN,Calvin Ridley,ACT,True,0,0.4881981790042182,68.36021312636511,0.5118018209957818,0.7938144329896907,73.74119105909088,81,59,moderate,70.9210649391518,76.56131717902998
2026,00-0039491,WR,CAR,Jalen Coker,ACT,True,0,0.6440009628511268,82.06588834064716,0.35599903714887315,0.8298969072164949,73.51173332029705,67,60,higher,68.77275461962084,78.25071202097327
2026,00-0040130,WR,HOU,Jayden Higgins,ACT,True,0,0.855516348772186,103.91212183366852,0.14448365122781404,0.8762886597938144,72.99276580806145,49,61,higher,65.67471572240142,80.31081589372143
2026,00-0040727,WR,LAC,Tre Harris,ACT,True,0,0.7663354307132318,89.28129418620834,0.23366456928676815,0.8530927835051546,72.92071406614772,58,62,higher,66.72643192396387,79.11499620833159
2026,00-0040667,WR,GB,Matthew Golden,ACT,True,0,0.7278784222236021,86.11536921379613,0.2721215777763979,0.8427835051546392,72.8651119678991,62,63,higher,67.15849269411667,78.57173124168149
2026,00-0039410,WR,DAL,Ryan Flournoy,ACT,True,0,0.7563081376715627,86.70227414689424,0.24369186232843731,0.845360824742268,72.5027032259502,61,64,higher,66.48601360181189,78.5193928500885
2026,00-0039342,WR,CAR,Xavier Legette,ACT,True,0,0.6887807612482947,81.0681633210457,0.3112192387517053,0.8273195876288659,72.40995178534338,68,65,higher,67.24894829657177,77.570955274115
2026,00-0040729,WR,LV,Jack Bech,ACT,True,0,0.6693950081940836,79.4769379325806,0.3306049918059164,0.8221649484536082,72.38529571240699,70,66,higher,67.46969614593007,77.30089527888391
2026,00-0040138,WR,HOU,Jaylin Noel,ACT,True,0,0.7324844039234143,84.82361299575255,0.2675155960765857,0.8376288659793815,72.36062119988223,64,67,higher,66.65948850085428,78.06175389891018
2026,00-0039890,WR,NYJ,Adonai Mitchell,ACT,True,0,0.6635151888145873,78.77613381720205,0.33648481118541274,0.8195876288659794,72.2967065329866,71,68,higher,67.46567835618093,77.12773470979228
2026,00-0040237,WR,TB,Tez Johnson,ACT,True,0,0.7151802679098526,82.75785974593947,0.28481973209014744,0.8324742268041238,72.29433278613286,66,69,higher,66.8177878389931,77.7708777332726
2026,00-0040669,WR,DET,Isaac TeSlaa,ACT,True,0,0.7265660854746275,83.38953776803537,0.27343391452537247,0.8350515463917526,72.27280200184765,65,70,higher,66.65662568318386,77.88897832051146
2026,00-0038619,WR,CIN,Andrei Iosivas,ACT,True,0,0.6575558614637153,78.0751401262398,0.34244413853628475,0.8170103092783505,72.20970751299373,72,71,higher,67.46404580557308,76.9553692204144
2026,00-0039146,WR,GB,Jayden Reed,ACT,True,0,0.6408672011059248,75.3162850203657,0.35913279889407523,0.8118556701030928,72.13110958612893,74,72,higher,67.60388087403875,76.6583382982191
2026,00-0033908,WR,SEA,Cooper Kupp,ACT,True,0,0.7951063731388172,87.995873769767,0.20489362686118284,0.8479381443298969,71.93292408361542,60,73,higher,65.50247890892827,78.36336925830254
2026,00-0038393,WR,PHI,Dontayvion Wicks,ACT,True,0,0.6210040010687917,71.76483538021216,0.3789959989312083,0.8041237113402062,71.90981688584066,77,74,higher,67.65853976175067,76.16109400993065
2026,00-0040134,WR,DEN,Pat Bryant,ACT,True,0,0.7660848165600921,85.03985793898259,0.23391518343990791,0.8402061855670103,71.89479851415899,63,75,higher,65.83188849288796,77.95770853543
2026,00-0039880,WR,MIA,Malik Washington,ACT,True,0,0.7447894278576912,80.02655555602988,0.2552105721423088,0.8247422680412371,71.08359288614514,69,76,higher,65.38827592715586,76.77890984513444
2026,00-0036309,WR,NYG,Darnell Mooney,ACT,True,0,0.7046048423511083,76.82598698570388,0.2953951576488917,0.8144329896907216,71.06254232823557,73,77,higher,65.87216400781728,76.25292064865387
2026,00-0038979,WR,CLE,Cedric Tillman,ACT,True,0,0.5849738606560644,64.94432588259302,0.4150261393439356,0.7835051546391752,70.98093515801273,85,78,higher,67.29614500506034,74.66572531096514
2026,00-0033555,WR,NE,Mack Hollins,ACT,True,0,0.6356148289668134,68.01274691542237,0.3643851710331866,0.7912371134020618,70.58667249282867,82,79,higher,66.31815306913992,74.85519191651744
2026,00-0038104,WR,KC,Tyquan Thornton,ACT,True,0,0.5775372392957827,62.175514414545006,0.4224627607042173,0.7757731958762887,70.51111088418743,88,80,higher,66.97800653246672,74.04421523590815
2026,00-0037837,WR,NYG,Calvin Austin III,ACT,True,0,0.5999265036364557,64.68131233678199,0.4000734963635443,0.7809278350515464,70.4756967313946,86,81,higher,66.66715334451457,74.28424011827462
2026,00-0035662,WR,PHI,Marquise Brown,ACT,True,0,0.6745555224280567,70.84546544115473,0.3254444775719433,0.7989690721649485,70.42641532463475,79,82,higher,65.6911693787047,75.1616612705648
2026,00-0038976,WR,DEN,Marvin Mims Jr.,ACT,True,0,0.7320247560217878,73.80640803166168,0.26797524397821215,0.8092783505154639,70.10177292080135,75,83,higher,64.68874185542883,75.51480398617389
2026,00-0038977,WR,HOU,Tank Dell,ACT,True,0,0.5077106231582824,50.78585359662696,0.4922893768417176,0.7525773195876289,70.05197310384467,97,84,higher,67.44909367638554,72.65485253130377
2026,00-0040164,WR,WAS,Jaylin Lane,ACT,True,0,0.6542154642845434,66.50026497762812,0.34578453571545664,0.788659793814433,70.00847421946376,83,85,higher,65.57972163847401,74.43722680045354
2026,00-0033307,WR,AZ,Kendrick Bourne,ACT,True,0,0.622157039535679,62.97260140553133,0.377842960464321,0.7783505154639175,69.82490044639982,87,86,higher,65.81982489640386,73.82997599639579
2026,00-0037291,WR,LV,Jalen Nailor,ACT,True,0,0.7297747133112988,71.67219043927359,0.27022528668870116,0.8015463917525774,69.52821707398022,78,87,higher,64.21500602334145,74.84142812461899
2026,00-0039855,WR,TB,Jalen McMillan,ACT,True,0,0.5573718015829935,52.118915487737446,0.4426281984170065,0.7551546391752577,69.26493510236075,96,88,higher,66.13967069477823,72.39019950994326
2026,00-0036550,WR,BAL,Rashod Bateman,ACT,True,0,0.5817846174465413,53.001122179993295,0.4182153825534587,0.7603092783505154,69.18904991911042,94,89,higher,65.76811096113984,72.60998887708098
2026,00-0039424,WR,NO,Devaughn Vele,ACT,True,0,0.6063979265075183,56.767177706006656,0.39360207349248166,0.7654639175257731,69.1091548719115,92,90,higher,65.39053643157857,72.8277733122444
2026,00-0037614,WR,CAR,John Metchie III,ACT,True,0,0.5779185237793895,52.89931559823658,0.42208147622061054,0.7577319587628866,69.06018622544315,95,91,higher,65.70368140002036,72.4166910508659
2026,00-0040782,WR,CLE,Isaiah Bond,ACT,True,0,0.6974612652257115,65.7074283578048,0.3025387347742885,0.7860824742268041,68.9373726336301,84,92,higher,64.10193523910493,73.77281002815525
2026,00-0036626,WR,WAS,Dyami Brown,ACT,True,0,0.5628585443609582,48.10671417211975,0.43714145563904183,0.75,68.74282911278084,98,93,higher,65.61424366917124,71.87141455639042
2026,00-0038618,WR,HOU,Xavier Hutchinson,ACT,True,0,0.7565626958082425,70.19785197862349,0.24343730419175746,0.7963917525773195,68.58008629002072,80,94,higher,63.050541806165086,74.10963077387633
2026,00-0037741,WR,ATL,Jahan Dotson,ACT,True,0,0.5505789020439004,46.849294603942774,0.44942109795609964,0.7448453608247423,68.57605082510138,100,95,higher,65.62180819641496,71.5302934537878
2026,00-0035535,WR,NYG,Darius Slayton,ACT,True,0,0.7992356184449322,73.26370616639439,0.20076438155506782,0.8067010309278351,68.55137010532817,76,96,higher,62.49200361160049,74.61073659905584
2026,00-0037666,WR,MIA,Jalen Tolbert,ACT,True,0,0.5271636323327008,45.441218364467026,0.4728363676672992,0.7319587628865979,68.01342838427382,105,97,higher,65.42220443208083,70.6046523364668
2026,00-0032775,WR,SF,Demarcus Robinson,ACT,True,0,0.4758245176021733,42.360409409494075,0.5241754823978266,0.7190721649484536,68.00928284383284,110,98,moderate,66.06031601832656,69.9582496693391
2026,00-0037801,WR,DAL,KaVontae Turpin,ACT,True,0,0.6933302462284715,59.09641993472541,0.3066697537715285,0.7731958762886598,67.98906517852336,89,99,higher,63.32380395335204,72.65432640369467
2026,00-0036988,WR,BUF,Josh Palmer,ACT,True,0,0.5418966102567888,45.50362529188438,0.4581033897432112,0.7345360824742269,67.92495439280238,104,100,higher,65.16062746549223,70.68928132011253
2026,00-0035406,WR,DEN,Lil'Jordan Humphrey,ACT,True,0,0.3881288253885134,35.3960479443611,0.6118711746114867,0.6958762886597938,67.90752658501323,119,101,moderate,67.06747544453016,68.74757772549631
2026,00-0040648,WR,SEA,Tory Horton,ACT,True,0,0.5978669149852736,47.03864178856427,0.40213308501472644,0.7474226804123711,67.83647613328422,99,102,higher,64.38358017930777,71.28937208726067
2026,00-0034775,WR,SF,Christian Kirk,ACT,True,0,0.49635025202848426,42.824509765189276,0.5036497479715157,0.7216494845360825,67.80495372231692,109,103,moderate,65.62495635667125,69.98495108796257
2026,00-0033921,WR,TB,Chris Godwin Jr.,ACT,True,0,0.6947229067557736,58.75918442925077,0.30527709324422636,0.7680412371134021,67.54884083395669,91,105,higher,62.921199395264935,72.17648227264846
2026,00-0033857,WR,NYG,JuJu Smith-Schuster,ACT,True,0,0.6026176442063553,46.680801678303006,0.39738235579364467,0.7422680412371134,67.32909041484196,101,106,higher,63.880233560407284,70.77794726927667
2026,00-0038359,WR,LA,Xavier Smith,ACT,True,0,0.5829655666263958,45.60825231196759,0.41703443337360424,0.7371134020618557,67.30976083242054,103,107,higher,64.10897114553804,70.51055051930307
2026,00-0035208,WR,ATL,Olamide Zaccheaus,ACT,True,0,0.5463674832325216,43.7313241141006,0.4536325167674784,0.7268041237113402,67.21698023225679,107,108,higher,64.48526416281817,69.9486963016954
2026,00-0040131,WR,NE,Kyle Williams,ACT,True,0,0.7230942086344271,58.84746368664264,0.2769057913655729,0.770618556701031,67.18760036339393,90,109,higher,62.250472710039354,72.12472801674852
2026,00-0039355,WR,WAS,Luke McCaffrey,ACT,True,0,0.5844643777324652,44.328227821863045,0.4155356222675348,0.729381443298969,66.66122790926823,106,110,higher,63.52276969895387,69.79968611958256
2026,00-0036415,WR,WAS,Van Jefferson,ACT,True,0,0.4875133433928891,37.79650702331795,0.5124866566071109,0.7036082474226805,66.53839292595666,116,111,moderate,64.62717701780096,68.44960883411235
2026,00-0035500,WR,DET,Greg Dortch,ACT,True,0,0.5719818176746171,43.16524161763922,0.4280181823253829,0.7242268041237113,66.49850797640457,108,112,higher,63.53642175842128,69.46059419438785
2026,00-0039451,WR,NYJ,Isaiah Williams,ACT,True,0,0.6447159740383462,45.93019011959442,0.35528402596165376,0.7396907216494846,66.28093825119183,102,113,higher,62.436871294313534,70.12500520807016
2026,00-0036980,WR,PHI,Elijah Moore,ACT,True,0,0.44601073460273666,32.593608065641284,0.5539892653972633,0.6855670103092784,65.92514613268754,123,114,moderate,64.60936868356738,67.24092358180769
2026,00-0032464,WR,CHI,Kalif Raymond,ACT,True,0,0.5532323779554517,38.522222048194195,0.44676762204454834,0.7087628865979382,65.63638336872603,114,115,higher,63.016430723192116,68.25633601425992
2026,00-0036849,WR,MIA,Tutu Atwell,ACT,True,0,0.43509639675894796,31.652599948999832,0.564903603241052,0.6778350515463918,65.52487618853239,126,116,moderate,64.39556170547898,66.65419067158578
2026,00-0040311,WR,MIA,Theo Wease Jr.,ACT,True,0,0.3969242206501866,27.417724841060455,0.6030757793498134,0.6675257731958762,65.46357744266636,130,117,moderate,64.81907750420574,66.10807738112699
2026,00-0036427,WR,DAL,Tyler Johnson,ACT,True,0,0.49319377775916207,33.615996682908026,0.5068062222408379,0.6907216494845361,65.39385640357965,121,118,moderate,63.55470213114266,67.23301067601662
2026,00-0036165,WR,NYG,Isaiah Hodgins,ACT,True,0,0.2591809213518252,20.208790898204448,0.7408190786481748,0.6288659793814433,65.12565992347895,145,119,moderate,66.24519091614627,64.00612893081164
2026,00-0033375,WR,NYJ,Tim Patrick,ACT,True,0,0.5030223160776699,32.66703353185217,0.4969776839223301,0.6881443298969072,64.99110007019918,122,120,higher,63.07943361045341,66.90276652994496
2026,00-0038679,WR,BUF,Tyrell Shavers,ACT,True,0,0.49774336093564087,31.949146662474806,0.5022566390643591,0.6829896907216495,64.68430803901914,124,121,moderate,62.87697752244623,66.49163855559205
2026,00-0039751,WR,LA,Jordan Whittington,ACT,True,0,0.6459369226887836,41.05751138357415,0.35406307731121645,0.7164948453608248,64.40084917509031,111,122,higher,60.77653149459423,68.02516685558639
2026,00-0036182,WR,IND,Nick Westbrook-Ikhine,ACT,True,0,0.4474529534416276,26.708619229074138,0.5525470465583724,0.6649484536082474,64.24681721982724,131,123,moderate,63.12280314932849,65.370831290326
2026,00-0040218,WR,CAR,Jimmy Horn Jr.,ACT,True,0,0.638609590087191,39.19618721566628,0.361390409912809,0.711340206185567,64.13502469310156,113,124,higher,60.63552673037397,67.63452265582912
2026,00-0037231,WR,NO,Kevin Austin Jr.,ACT,True,0,0.38118704838534856,23.627050210105025,0.6188129516146514,0.6469072164948454,64.12883635188066,138,125,moderate,63.84789370307872,64.4097790006826
2026,00-0034272,WR,DAL,Marquez Valdes-Scantling,ACT,True,0,0.3409943354500599,22.29918413994982,0.65900566454994,0.6365979381443299,64.10794834254519,142,126,moderate,64.33202560660128,63.883871078489086
2026,00-0040581,WR,LV,Dont'e Thornton Jr.,ACT,True,0,0.6552094096532645,39.43189394143569,0.34479059034673554,0.7139175257731959,64.0092138687904,112,127,higher,60.31794451452578,67.70048322305499
2026,00-0039739,WR,PIT,Roman Wilson,ACT,True,0,0.6056244487545157,36.62940465742431,0.3943755512454843,0.7010309278350515,63.969985251713815,117,128,higher,60.903431485818125,67.03653901760947
2026,00-0039792,WR,BAL,Devontez Walker,ACT,True,0,0.497161382773391,30.372436696678633,0.502838617226609,0.6726804123711341,63.871205334222914,128,129,moderate,62.17278738277765,65.56962328566816
2026,00-0039907,WR,NO,Ja'Lynn Polk,ACT,True,0,0.21039018979222468,15.527177946329852,0.7896098102077753,0.6005154639175257,63.833433317557564,156,130,lower,65.72437678046006,61.94248985465507
2026,00-0039394,WR,ATL,Casey Washington,ACT,True,0,0.35035887620931233,21.70681781054024,0.6496411237906876,0.6314432989690721,63.50828639333952,144,131,moderate,63.69026464155567,63.32630814512336
2026,00-0039920,WR,CLE,Malachi Corley,ACT,True,0,0.6619868627688511,37.921944922971285,0.3380131372311489,0.7061855670103093,63.25510810544773,115,132,higher,59.57338380765612,66.93683240323934
2026,00-0037742,WR,WAS,Treylon Burks,ACT,True,0,0.3831959294330859,21.837383611791907,0.6168040705669141,0.634020618556701,63.057730895874364,143,133,moderate,62.885565415976494,63.229896375772235
2026,00-0040590,WR,LA,Konata Mumpfield,ACT,True,0,0.5715474921283269,31.873130214336317,0.4284525078716731,0.6804123711340206,63.002039848155114,125,134,higher,60.48244121553164,65.52163848077859
2026,00-0039062,WR,DAL,Jonathan Mingo,ACT,True,0,0.2963706954557088,16.45616820197513,0.7036293045442912,0.6108247422680413,62.938565472329124,152,135,moderate,63.86661109509163,62.01051984956663
2026,00-0038938,WR,NYG,Jalin Hyatt,ACT,True,0,0.26770789064552275,15.749928884812814,0.7322921093544772,0.6030927835051546,62.893264867501905,155,136,moderate,64.18525812599513,61.60127160900868
2026,00-0035359,WR,TB,David Sills,ACT,True,0,0.4332092192844353,23.457089240629763,0.5667907807155648,0.6443298969072165,62.88220736688862,139,137,moderate,62.106816204972105,63.65759852880514
2026,00-0040009,WR,GB,Savion Williams,ACT,True,0,0.6457406003685235,33.69151197685114,0.35425939963147646,0.6932989690721649,62.549105518402726,120,138,higher,59.158709823995835,65.9395012128096
2026,00-0041438,WR,TEN,Carnell Tate,ACT,True,1,0.14312543775067985,13.679976759973652,0.8568745622493201,0.5670103092783505,62.498315987254436,169,139,lower,65.39695851696415,59.599673457544746
2026,00-0035021,WR,IND,Ashton Dulin,ACT,True,0,0.5129238188050323,25.580432384267233,0.48707618119496765,0.654639175257732,62.11265764451791,135,140,higher,60.437027703890266,63.788287585145554
2026,00-0035645,WR,NYG,Gunner Olszewski,RES,True,0,0.5451020158172345,26.525334286375948,0.4548979841827655,0.6623711340206185,62.08765040530479,132,141,higher,60.01291890692626,64.16238190368333
2026,00-0038839,WR,CIN,Mitchell Tinsley,ACT,True,0,0.411517103713603,18.91670193826761,0.588482896286397,0.6262886597938144,61.872750709233095,146,142,moderate,61.49469307415891,62.25080834430727
2026,00-0041397,WR,PIT,Kaden Wetjen,ACT,True,1,0.09427602894739989,11.610077590226894,0.9057239710526002,0.5463917525773195,61.825819627237564,177,143,lower,65.41914181199037,58.23249744248476
2026,00-0040154,WR,MIN,Tai Felton,ACT,True,0,0.5913630307526621,28.761726795004876,0.40863696924733794,0.6701030927835051,61.78098680762717,129,144,higher,59.1663255722655,64.39564804298884
2026,00-0038090,WR,GB,Skyy Moore,ACT,True,0,0.5560463200305696,26.345282781021535,0.44395367996943036,0.6597938144329897,61.662578754027784,133,145,higher,59.50417740939219,63.82098009866337
2026,00-0041248,WR,CIN,Noah Thomas,ACT,True,1,0.12342226132438927,11.801586483917403,0.8765777386756107,0.5515463917525774,61.6552661137184,175,146,lower,64.90557958294873,58.40495264448807
2026,00-0041550,WR,LAC,Brenen Thompson,RES,True,1,0.10684183608723544,11.551751932844025,0.8931581639127646,0.5438144329896907,61.368317917430545,178,147,lower,64.86175522666129,57.87488060819981
2026,00-0040172,WR,SF,Jordan Watkins,ACT,True,0,0.3558151094492826,15.807673077527948,0.6441848905507175,0.6056701030927835,61.33730605843702,154,148,moderate,61.72245393301636,60.952158183857684
2026,00-0039379,WR,CLE,Jamari Thrash,ACT,True,0,0.4944834447885853,22.620221952935957,0.5055165552114147,0.6391752577319587,61.244351722784984,141,149,moderate,59.907764697579545,62.58093874799043
2026,00-0040277,WR,CHI,Jahdae Walker,ACT,True,0,0.4373307810457944,18.180311546949415,0.5626692189542055,0.6237113402061856,61.150291595578956,147,150,moderate,60.53987038305916,61.76071280809876
2026,00-0036862,WR,PIT,Ben Skowronek,ACT,True,0,0.5551650060098213,24.621464023241227,0.4448349939901787,0.6520618556701031,61.061648333411824,136,151,higher,58.989379716612575,63.133916950211066
2026,00-0035298,WR,CHI,Scott Miller,ACT,True,0,0.28054112518184954,14.306026860374597,0.7194588748181505,0.5798969072164949,60.780930073682605,164,152,moderate,62.17654974969916,59.385310397666046
2026,00-0040075,WR,BAL,LaJohntay Wester,ACT,True,0,0.530374013939109,23.381786196641315,0.469625986060891,0.6417525773195877,60.732725906784836,140,153,higher,59.01145999419787,62.4539918193718
2026,00-0040184,WR,LAC,KeAndre Lambert-Smith,ACT,True,0,0.5650436510903888,24.523432410447604,0.4349563489096112,0.6494845360824743,60.65788986479016,137,154,higher,58.51260799306153,62.80317173651879
2026,00-0040582,WR,NYJ,Arian Smith,ACT,True,0,0.677334169249531,31.618333338182786,0.32266583075046895,0.6752577319587629,60.473935171710416,127,155,higher,56.94801615962747,63.99985418379336
2026,00-0041368,WR,AZ,Harrison Wallace,ACT,True,1,0.1008004621133962,11.222298385954407,0.8991995378866038,0.5309278350515464,60.45821756185579,183,156,lower,64.14093459020636,56.775500533505216
2026,00-0038840,WR,CAR,Brycen Tremayne,ACT,True,0,0.6064724952895797,25.60911534961089,0.3935275047104203,0.6572164948453608,60.447869681837275,134,157,higher,57.81097978048787,63.08475958318668
2026,00-0041267,WR,NYJ,Malik McClain,ACT,True,1,0.11247508100080376,11.232866490042486,0.8875249189991963,0.5335051546391752,60.43091075111795,182,158,lower,63.97110839471816,56.89071310751773
2026,00-0036387,WR,MIA,Jalen Reagor,ACT,True,0,0.09166657719516771,11.036658090304892,0.9083334228048323,0.5257731958762887,60.228524126199744,185,159,lower,64.05412639548518,56.402921856914304
2026,00-0040024,WR,PHI,Darius Cooper,ACT,True,0,0.37246998452079827,15.45861911001388,0.6275300154792017,0.595360824742268,60.17946628896548,158,160,moderate,60.50115819633481,59.857774381596144
2026,00-0041051,WR,CHI,Zavion Thomas,ACT,True,1,0.14880717870796342,11.269025570308633,0.8511928212920365,0.538659793814433,60.11663993099536,180,161,lower,63.2419702057714,56.991309656219336
2026,00-0036630,WR,CLE,Tylan Wallace,ACT,True,0,0.4336275794386149,15.823908292395554,0.5663724205613851,0.6082474226804123,59.98724222566069,153,162,moderate,59.56849220447042,60.40599224685096
2026,00-0034386,WR,HOU,Justin Watson,ACT,True,0,0.22670539151763777,12.063278543227028,0.7732946084823622,0.5541237113402062,59.795789076863734,174,163,lower,61.9874980482853,57.60408010544218
2026,00-0039884,WR,MIA,Tahj Washington,ACT,True,0,0.2582477807712612,12.7493071639509,0.7417522192287388,0.5618556701030928,59.7834979928222,171,164,moderate,61.582463484078666,57.98453250156573
2026,00-0038640,WR,AZ,Jalen Brooks,ACT,True,0,0.3740781555096188,14.828776067686722,0.6259218444903811,0.5902061855670103,59.73493173516845,160,165,moderate,60.09208832440216,59.37777514593474
2026,00-0033589,WR,CAR,David Moore,ACT,True,0,0.29389452345265715,13.96512431316263,0.7061054765473429,0.5695876288659794,59.6891198402252,168,166,moderate,61.05429831703885,58.32394136341157
2026,00-0038573,WR,LAC,Derius Davis,ACT,True,0,0.40908077983410274,15.513876249967563,0.5909192201658973,0.5979381443298969,59.653435949709696,157,167,moderate,59.5832467080697,59.7236251913497
2026,00-0041374,WR,LAC,Sincere Brown,ACT,True,1,0.11065419482641141,11.030882180350133,0.8893458051735886,0.5231958762886598,59.642586206564566,186,168,lower,63.304085495413844,55.981086917715274
2026,00-0034419,WR,NYG,Braxton Berrios,ACT,True,0,0.22137025437450172,11.671945678969077,0.7786297456254982,0.5489690721649485,59.49012068570585,176,169,lower,61.78672742031135,57.19351395110035
2026,00-0038647,WR,NO,Ronnie Bell,ACT,True,0,0.20779355124748045,11.496803526653713,0.7922064487525196,0.5412371134020618,59.14309804721534,179,170,lower,61.652791400719906,56.633404693710766
2026,00-0041511,WR,NYJ,Omar Cooper,ACT,True,1,0.13143601376888156,11.014485179669009,0.8685639862311184,0.520618556701031,59.02076426070485,187,171,lower,62.50021855600571,55.541309965403975
2026,00-0034418,WR,DET,Cedrick Wilson Jr.,ACT,True,0,0.30713622604090535,13.271756804920837,0.6928637739590946,0.5644329896907216,59.01191465443962,170,172,moderate,60.29622249712335,57.72760681175589
2026,00-0041373,WR,LAC,Jerand Bradley,ACT,True,1,0.11374808053791347,10.917892567319267,0.8862519194620866,0.5154639175257731,58.96215179130358,189,173,lower,62.67003181066673,55.254271771940445
2026,00-0036331,WR,AZ,Devin Duvernay,ACT,True,0,0.52873558179755,17.65920005348356,0.47126441820245,0.6185567010309279,58.90982444652323,149,174,higher,57.43690161823846,60.382747274808004
2026,00-0040563,WR,NE,Efton Chism III,ACT,True,0,0.5229133129299848,16.62299252782648,0.4770866870700152,0.615979381443299,58.82008425686423,150,175,higher,57.431157313131386,60.20901120059706
2026,00-0040646,WR,KC,Jalen Royals,ACT,True,0,0.3698379488521029,14.29449034209604,0.6301620511478971,0.5773195876288659,58.788808033267216,165,176,moderate,59.31723266845753,58.2603833980769
2026,00-0041047,WR,CAR,Chris Brazzell,ACT,True,1,0.11592612747189156,10.840360723617334,0.8840738725281084,0.5128865979381443,58.71240528561371,190,177,lower,62.42427803151336,55.000532539714065
2026,00-0038824,WR,NYG,Ryan Miller,ACT,True,0,0.4369931301136636,14.960504159168828,0.5630068698863364,0.5927835051546392,58.682817810097866,159,178,moderate,58.38505145741484,58.98058416278089
2026,00-0040241,WR,DET,Dominic Lovett,ACT,True,0,0.2176404046066994,11.24069520485201,0.7823595953933006,0.5360824742268041,58.53378984601034,181,179,lower,60.9965610576753,56.07101863434538
2026,00-0038891,WR,LV,Shedrick Jackson,ACT,True,0,0.3051967939869207,12.231844928160374,0.6948032060130793,0.5567010309278351,58.43214659448839,173,180,moderate,59.81316834534084,57.05112484363595
2026,00-0039623,WR,NO,Mason Tipton,ACT,True,0,0.37741723869525606,14.265809555508506,0.6225827613047439,0.5747422680412371,58.43103666939384,166,181,moderate,58.90944160202891,57.952631736758775
2026,00-0041489,WR,PIT,Germie Bernard,ACT,True,1,0.1251348037752503,10.824687092664444,0.8748651962247497,0.5103092783505154,58.32204619253623,191,182,lower,61.967605371278566,54.67648701379388
2026,00-0040432,WR,NYG,Beaux Collins,ACT,True,0,0.1587163136026436,10.925573734357798,0.8412836863973564,0.5180412371134021,58.268972697019294,188,183,lower,61.50139718985883,55.03654820417976
2026,00-0041542,WR,CAR,Malick Meiga,ACT,True,1,0.11172493725383444,10.64357755394378,0.8882750627461655,0.5025773195876289,57.97168682193362,194,184,lower,61.82866425351898,54.114709390348246
2026,00-0041525,WR,MIA,Chris Bell,ACT,True,1,0.14024991312242518,10.652528812282089,0.8597500868775748,0.5077319587628866,57.813558438582426,192,185,lower,61.33373971972931,54.29337715743554
2026,00-0039816,WR,IND,Anthony Gould,ACT,True,0,0.40026846702411106,14.090168275810923,0.599731532975889,0.5721649484536082,57.767826535806435,167,186,moderate,58.043492381029246,57.492160690583624
2026,00-0041069,WR,CIN,Colbie Young,ACT,True,1,0.11462914232933522,10.641476874066116,0.8853708576706648,0.5,57.707417153413296,195,187,lower,61.56112573011995,53.85370857670665
2026,00-0035891,WR,SEA,Cody White,ACT,True,0,0.46572328563494797,14.765751302116833,0.534276714365052,0.5876288659793815,57.69584356565156,161,188,moderate,57.16232204950826,58.229365081794846
2026,00-0040930,WR,DAL,Camden Brown,ACT,True,1,0.13718879046421986,10.64955049328991,0.8628112095357802,0.5051546391752577,57.668595324736216,193,189,lower,61.24516102834144,54.092029621131
2026,00-0041474,WR,LAC,Mante Morrow,ACT,True,1,0.11536755825712365,10.61096456313566,0.8846324417428764,0.49742268041237114,57.48646326784722,196,190,lower,61.35856088115228,53.61436565454216
2026,00-0041158,WR,MIA,Donaven McCulley,ACT,True,1,0.1138974317476939,10.610208395298544,0.886102568252306,0.4948453608247423,57.3096802310255,197,191,lower,61.22225230530114,53.39710815674986
2026,00-0041176,WR,WAS,Jaden Bradley,ACT,True,1,0.11050041104620166,10.536486339136268,0.8894995889537983,0.4896907216494845,56.96524951103472,199,192,lower,60.96333818407786,52.96716083799159
2026,00-0038519,WR,KC,Nikko Remigio,ACT,True,0,0.48396899478155614,14.340010243273365,0.5160310052184438,0.5824742268041238,56.91855824869878,163,193,moderate,56.25412603284198,57.58299046455557
2026,00-0039589,WR,TB,Kameron Johnson,ACT,True,0,0.6449890664657645,18.110459242243532,0.3550109335342355,0.6211340206185567,56.79094032016925,148,194,higher,54.129709449326036,59.45217119101246
2026,00-0040259,WR,CLE,Gage Larvadain,ACT,True,0,0.621932300795924,16.543662297839052,0.378067699204076,0.6134020618556701,56.63351893253513,151,195,higher,54.280175306019196,58.98686255905107
2026,00-0037093,WR,LV,Dareke Young,ACT,True,0,0.43219592049583316,12.278363602826825,0.5678040795041668,0.5592783505154639,56.09834963132045,172,196,moderate,56.18360692120747,56.01309234143341
2026,00-0035140,WR,BUF,Mecole Hardman,ACT,True,0,0.14398489481178456,10.52755368971717,0.8560151051882154,0.48711340206185566,56.08937426871275,200,197,lower,59.77839129997635,52.40035723744916
2026,00-0041048,WR,TB,Ted Hurst,ACT,True,1,0.1340435818961093,10.377369092428621,0.8659564181038907,0.48195876288659795,55.87582939300565,202,198,lower,59.71580594517858,52.03585284083272
2026,00-0038576,WR,CIN,Charlie Jones,ACT,True,0,0.5547918490093346,14.438993655631602,0.44520815099066535,0.5850515463917526,55.708286731153514,162,199,higher,54.309852777142645,57.10672068516438
2026,00-0041042,WR,NYG,Malachi Fields,ACT,True,1,0.10402942869386299,10.241213961673443,0.895970571306137,0.47164948453608246,55.65137018900933,206,200,lower,59.89458105670988,51.40815932130879
2026,00-0041070,WR,AZ,Reggie Virgil,ACT,True,1,0.13721204912921137,10.333369230682289,0.8627879508707886,0.4793814432989691,55.606274481333294,203,201,lower,59.4403395570515,51.7722094056151
2026,00-0040870,WR,BAL,Ja'Kobi Lane,ACT,True,1,0.1637406067081266,10.40597631135331,0.8362593932918734,0.4845360824742268,55.488074463775604,201,202,lower,59.00530757195208,51.97084135559914
2026,00-0041352,WR,MIN,Marcus Sanders,ACT,True,1,0.13595443545535188,10.323412199868425,0.8640455645446481,0.4742268041237113,55.21905562078986,205,203,lower,59.117243224999235,51.3208680165805
2026,00-0041322,WR,NE,Jimmy Kibble,ACT,True,1,0.11514948036837577,10.132938228820782,0.8848505196316242,0.46649484536082475,55.01659802149847,208,204,lower,59.20015476420646,50.83304127879047
2026,00-0041359,WR,SF,Wesley Grimes,ACT,True,1,0.13163172217675073,10.216041188354248,0.8683682778232493,0.4690721649484536,54.89313875234127,207,205,lower,58.88609988108924,50.900177623593315
2026,00-0039521,WR,AZ,Xavier Weaver,ACT,True,0,0.37120607102696307,11.109509699753222,0.6287939289730369,0.5283505154639175,54.843919816574136,184,206,moderate,55.84835395166533,53.83948568148295
2026,00-0041319,WR,NE,Cameron Dorner,ACT,True,1,0.12040391169646601,10.031244620534151,0.879596088303534,0.46134020618556704,54.499138260916034,210,207,lower,58.68169708209572,50.31657943973637
2026,00-0041179,WR,WAS,Chris Hilton,ACT,True,1,0.13612419237896395,10.1226093705523,0.863875807621036,0.4639175257731959,54.39091821427638,209,208,lower,58.39050103275479,50.39133539579799
2026,00-0041011,WR,LV,E.J. Williams,ACT,True,1,0.10980390430725114,9.881362955364994,0.8901960956927488,0.4536082474226804,54.09258170766941,213,209,lower,58.4584601903701,49.72670322496872
2026,00-0040876,WR,BAL,Elijah Sarratt,ACT,True,1,0.10856010325507576,9.8691108282115,0.8914398967449242,0.45103092783505155,53.911272161702605,214,210,lower,58.31536185080134,49.50718247260388
2026,00-0041446,WR,DET,Kendrick Law,ACT,True,1,0.14450512307784466,10.001501797836504,0.8554948769221553,0.4587628865979381,53.81092846627815,211,211,lower,57.77824836952033,49.84360856303598
2026,00-0040934,WR,DAL,Jordan Hudson,ACT,True,1,0.11186702817150561,9.844417946633834,0.8881329718284944,0.4484536082474227,53.638948096363706,215,212,lower,58.03574173217443,49.24215446055298
2026,00-0041547,WR,CLE,K.C. Concepcion,ACT,True,1,0.1453097233129539,9.929101139367244,0.8546902766870461,0.45618556701030927,53.58865089456566,212,213,lower,57.57369799133303,49.60360379779829
2026,00-0041318,WR,NE,Kyle Dixon,ACT,True,1,0.11072495114004341,9.813614088163517,0.8892750488599566,0.44587628865979384,53.45560406998264,216,214,lower,57.88959167198426,49.02161646798101
2026,00-0041342,WR,MIN,Dillon Bell,ACT,True,1,0.11251623892422105,9.8106867639516,0.887483761075779,0.44329896907216493,53.21359274728877,217,215,lower,57.65544066732491,48.771744827252625
2026,00-0041293,WR,DEN,Dane Key,ACT,True,1,0.11138865282029654,9.78835010794725,0.8886113471797035,0.44072164948453607,53.02995890235695,218,216,lower,57.508855879308626,48.55106192540528
2026,00-0040977,WR,BAL,Cortez Braham,ACT,True,1,0.10578094989785836,9.774235052292903,0.8942190501021416,0.4381443298969072,52.93592739379541,219,217,lower,57.49667459584775,48.37518019174306
2026,00-0041294,WR,DEN,Joseph Manjack,ACT,True,1,0.11091238612129893,9.769750607978763,0.889087613878701,0.43556701030927836,52.627113102316294,220,218,lower,57.16231913801052,48.091907066622056
2026,00-0041399,WR,LA,C.J. Daniels,ACT,True,1,0.10803517043263382,9.75371458602722,0.8919648295673662,0.4329896907216495,52.47847184907928,221,219,lower,57.06822323753645,47.88872046062211
2026,00-0041035,WR,SF,De'Zhaun Stribling,ACT,True,1,0.10794741484346966,9.752958418190104,0.8920525851565303,0.43041237113402064,52.27404139385226,222,220,lower,56.89044353407735,47.65763925362716
2026,00-0040948,WR,GB,J.Michael Sturdivant,ACT,True,1,0.10955427501751587,9.752677019862602,0.8904457249824841,0.42783505154639173,52.035718623361014,223,221,lower,56.66182535772195,47.40961188900009
2026,00-0032951,WR,IND,Laquon Treadwell,ACT,True,0,0.32065258037554245,10.328957096842847,0.6793474196244575,0.47680412371134023,51.731278289396364,204,222,moderate,53.756711248527544,49.7058453302652
2026,00-0041287,WR,CLE,Kole Wilson,ACT,True,1,0.12390939785473025,9.751683047338577,0.8760906021452698,0.4252577319587629,51.542430599606426,224,223,lower,56.0507593014715,47.03410189774135
2026,00-0041309,WR,HOU,Daniel Sobkowicz,ACT,True,1,0.10964180373672949,9.741786138124525,0.8903581962632705,0.42010309278350516,51.41541134794583,226,224,lower,56.11796238274348,46.71286031314816
2026,00-0040970,WR,MIN,Michael Briscoe,ACT,True,1,0.10869967040829966,9.735884830073942,0.8913003295917004,0.4175257731958763,51.228068447504114,227,225,lower,55.965814011462356,46.490322883545865
2026,00-0041523,WR,MIA,Caleb Douglas,ACT,True,1,0.13383468920829916,9.749067691842429,0.8661653107917009,0.422680412371134,51.13773920552474,225,226,lower,55.57258818973041,46.702890221319066
2026,00-0041067,WR,NO,Bryce Lance,ACT,True,1,0.10916190228868565,9.69723058256897,0.8908380977113144,0.4097938144329897,50.60026710886546,230,227,lower,55.41070994164872,45.789824276082214
2026,00-0041435,WR,TB,Dean Patterson,ACT,True,1,0.10693703285634365,9.685347271703495,0.8930629671436563,0.40463917525773196,50.23239336349168,232,228,lower,55.11663128235094,45.34815544463244
2026,00-0041308,WR,HOU,Treyvhon Saunders,ACT,True,1,0.1420371650522191,9.707206778615127,0.8579628349477809,0.41237113402061853,50.1489474206051,229,229,lower,54.604864429876734,45.69303041133348
2026,00-0040900,WR,DAL,Anthony Smith,ACT,True,1,0.10693703285634365,9.684208413187713,0.8930629671436563,0.4020618556701031,50.02620779648137,233,230,lower,54.93621891121692,45.11619668174585
2026,00-0040534,WR,CIN,Ke'Shawn Williams,ACT,True,0,0.47049405949270234,10.547583107048641,0.5295059405072977,0.49226804123711343,49.971562109115034,198,231,moderate,50.34394110181687,49.59918311641319
2026,00-0040867,WR,PHI,Makai Lemon,ACT,True,1,0.14217224745769988,9.68942900083735,0.8578277525423001,0.4072164948453608,49.73387463847486,231,232,lower,54.239987215444266,45.22776206150548
2026,00-0040954,WR,KC,Omari Evans,ACT,True,1,0.11967433033546918,9.650960187592204,0.8803256696645309,0.39690721649484534,49.35909071287824,235,233,lower,54.1932752445751,44.52490618118139
2026,00-0041476,WR,SEA,Rashad Rochelle,ACT,True,1,0.13900947047464962,9.67240519131354,0.8609905295253504,0.39948453608247425,49.17857347710495,234,234,lower,53.79363341153371,44.56351354267618
2026,00-0041037,WR,CLE,Denzel Boston,ACT,True,1,0.1095458806730822,9.64986143433936,0.8904541193269178,0.3917525773195876,49.14928857210536,237,235,lower,54.13630399217867,44.162273152032064
2026,00-0041020,WR,KC,Xavier Loyd,ACT,True,1,0.10538993223653742,9.63936378707192,0.8946100677634625,0.38917525773195877,49.02622197382595,238,236,lower,54.080570074141,43.971873873510916
2026,00-0041152,WR,CAR,Kobe Prentice,ACT,True,1,0.13635131795823113,9.650897254805605,0.8636486820417688,0.3943298969072165,48.819365393412696,236,237,lower,53.51255324475822,44.126177542067175
2026,00-0041451,WR,NO,Brock Rechsteiner,ACT,True,1,0.1095441537788421,9.538938015030634,0.8904558462211579,0.38144329896907214,48.32458084194893,241,238,lower,53.41470631446978,43.23445536942807
2026,00-0041185,WR,ATL,Vinny Anthony,ACT,True,1,0.10548140521385865,9.524068007796881,0.8945185947861414,0.3788659793814433,48.19965024623829,242,239,lower,53.35617640028527,43.043124092191306
2026,00-0041100,WR,JAX,Josh Cameron,ACT,True,1,0.10283140557520445,9.492267273828938,0.8971685944247956,0.37628865979381443,48.046464672001065,243,240,lower,53.255264018310875,42.837665325691255
2026,00-0040953,WR,KC,Jeff Caldwell,ACT,True,1,0.1453973009525581,9.577107355954038,0.8546026990474419,0.3865979381443299,48.01988903249523,239,241,lower,52.69993664152635,43.33984142346411
2026,00-0041040,WR,WAS,Antonio Williams,ACT,True,1,0.27574160474696924,9.729269475895794,0.7242583952530308,0.41494845360824745,47.68104419372041,228,242,moderate,50.77414361016825,44.587944777272575
2026,00-0041407,WR,CHI,Kyron Hudson,ACT,True,1,0.10255619002255766,9.478676711209404,0.8974438099774423,0.3711340206185567,47.63959784903338,245,243,lower,52.90269574262225,42.37649995544453
2026,00-0032208,WR,LV,Phillip Dorsett,ACT,True,0,0.02868407053746415,9.260654731674599,0.9713159294625359,0.35051546391752575,47.467555702652774,253,244,lower,53.67556035810288,41.25955104720268
2026,00-0041106,WR,JAX,C.J. Williams,ACT,True,1,0.10103557469803978,9.46589080311843,0.8989644253019602,0.36855670103092786,47.463824588513425,246,245,lower,52.76790183122376,42.15974734580311
2026,00-0041317,WR,NE,Nick DeGennaro,ACT,True,1,0.09875480377986046,9.403719821394366,0.9012451962201395,0.3634020618556701,47.0970688728564,248,246,lower,52.47550021650109,41.718637529211705
2026,00-0040986,WR,BAL,Ty Pezza,ACT,True,1,0.1077944209525313,9.358903087147127,0.8922055790474687,0.3582474226804124,46.50390539538236,250,247,lower,51.84348695905293,41.164323831711805
2026,00-0040895,WR,SEA,Emmanuel Henderson,ACT,True,1,0.09885529418786368,9.346687053738323,0.9011447058121363,0.3556701030927835,46.4765023636654,251,248,lower,51.93124839085894,41.02175633647188
2026,00-0041004,WR,LV,Chase Roberts,ACT,True,1,0.1369215151566856,9.393066560048483,0.8630784848433144,0.36082474226804123,46.127549078309585,249,249,lower,51.15008650406232,41.105011652556854
2026,00-0041168,WR,CHI,Omari Kelly,ACT,True,1,0.11160961103354057,9.330999498833268,0.8883903889664594,0.35309278350515466,46.01523045974156,252,250,lower,51.36820651435461,40.662254405128515
2026,00-0041292,WR,DEN,Kolbe Katsis,ACT,True,1,0.09923542478501635,9.258055243284657,0.9007645752149837,0.3479381443298969,45.85034305069142,254,251,lower,51.37860735954229,40.322078741840556
2026,00-0041205,WR,JAX,Brady Boyd,ACT,True,1,0.099405821764346,9.224506563265262,0.900594178235654,0.3427835051546392,45.43456397708422,256,252,lower,51.01267070789437,39.85645724627407
2026,00-0040912,WR,TEN,Hank Beatty,ACT,True,1,0.11180176821124568,9.238485506860638,0.8881982317887543,0.34536082474226804,45.392830615156534,255,253,lower,50.82120468562139,39.964456544691664
2026,00-0041005,WR,LV,Corey Rucker,RES,True,1,0.1053385987977409,9.113983363974766,0.8946614012022591,0.3402061855670103,45.10972286940601,257,254,lower,50.6542750257585,39.56517071305352
2026,00-0038752,WR,SEA,Jake Bobo,ACT,True,0,0.21481344557277862,9.430377463084747,0.7851865544272214,0.36597938144329895,44.98208160400834,247,255,lower,49.17415333384757,40.79000987416912
2026,00-0041187,WR,ATL,Le'Meke Brockington,ACT,True,1,0.10365463125214017,8.991500005764838,0.8963453687478599,0.33505154639175255,44.7310310862974,259,256,lower,50.34396930985848,39.118092862736326
2026,00-0041201,WR,NYJ,D.T. Sheffield,ACT,True,1,0.10489659870043797,8.990946607987153,0.895103401299562,0.3324742268041237,44.500006170321136,260,257,lower,50.12629791527552,38.87371442536675
2026,00-0041529,WR,MIA,Kevin Coleman,ACT,True,1,0.27023062187789954,9.481640299523907,0.7297693781221004,0.37371134020618557,44.492294778936845,244,258,moderate,48.05287515809601,40.93171439977771
2026,00-0041229,WR,IND,E.J. Horton,ACT,True,1,0.10313512347081451,8.962640414907444,0.8968648765291855,0.3247422680412371,43.916678973882675,263,259,lower,49.637905058762165,38.19545288900319
2026,00-0040890,WR,KC,Cyrus Allen,ACT,True,1,0.10262227165158858,8.959163840331112,0.8973777283484115,0.31958762886597936,43.514564876246574,264,260,lower,49.2924658710709,37.73666388142225
2026,00-0040603,WR,LA,Mario Williams,ACT,True,1,0.10526519828479348,8.959163840331112,0.8947348017152065,0.31958762886597936,43.46170634358247,264,261,lower,49.21317807207475,37.71023461509021
2026,00-0041132,WR,IND,Deion Burks,ACT,True,1,0.1058071773438179,8.959163840331112,0.8941928226561822,0.31958762886597936,43.450866762401986,264,262,lower,49.196918700304025,37.70481482449996
2026,00-0041266,WR,ATL,Keelan Marion,ACT,True,1,0.10215343483896293,8.957812372579403,0.8978465651610371,0.31443298969072164,43.11157047847847,267,263,lower,48.94570623318163,37.277434723775315
2026,00-0040522,WR,TEN,Xavier Restrepo,ACT,True,0,0.16450044128932692,8.97881330852759,0.835499558710673,0.32989690721649484,43.10174375153304,261,264,lower,48.15777026647483,38.045717236591265
2026,00-0041481,WR,MIN,Terrill Davis,ACT,True,1,0.10528269342729696,8.954505698976776,0.894717306572703,0.3118556701030928,42.842799739701476,268,265,lower,48.67141610439759,37.01418337500538
2026,00-0040919,WR,TEN,Tyren Montgomery,ACT,True,1,0.10300951136860174,8.945346070365789,0.8969904886313983,0.30927835051546393,42.68207781386508,269,266,lower,48.559199195024426,36.80495643270574
2026,00-0041233,WR,IND,Raylen Sharpe,ACT,True,1,0.10570527203461737,8.922528061623476,0.8942947279653827,0.30670103092783507,42.42197703353445,270,267,lower,48.297914003909945,36.54604006315898
2026,00-0040967,WR,KC,Jacob De Jesus,ACT,True,1,0.10570527203461737,8.913778061623477,0.8942947279653827,0.30412371134020616,42.215791466524145,271,268,lower,48.11750163277592,36.31408130027238
2026,00-0040894,WR,LV,Malik Benson,ACT,True,1,0.1032892269129301,8.908626406270162,0.8967107730870699,0.3015463917525773,42.05792680194758,272,269,lower,48.00957061529251,36.10628298860266
2026,00-0040989,WR,BAL,Octavian Smith,ACT,True,1,0.1037415158238127,8.90236569591477,0.8962584841761873,0.29896907216494845,41.84269545671962,273,270,lower,47.81558957683201,35.86980133660723
2026,00-0041380,WR,LAC,Devonte Ross,ACT,True,1,0.10541790690372263,8.893807423932122,0.8945820930962773,0.2963917525773196,41.60298206811111,274,271,lower,47.584885473300695,35.62107866292153
2026,00-0041467,WR,HOU,Lewis Bond,ACT,True,1,0.10400737152289916,8.865774108613184,0.8959926284771008,0.29381443298969073,41.425007208717275,275,273,lower,47.44678916359138,35.403225253843175
2026,00-0038496,WR,NYG,Xavier Gipson,ACT,True,0,0.30303265764917703,9.104150780829286,0.6969673423508229,0.33762886597938147,40.94965612536697,258,274,moderate,44.54304088908139,37.35627136165256
2026,00-0041272,WR,BUF,Ja'Mori Maclin,ACT,True,1,0.1027533311248279,8.804379797845963,0.8972466688751721,0.28737113402061853,40.93462409915292,277,275,lower,47.033379447698465,34.83586875060738
2026,00-0041299,WR,DEN,Cam Ross,ACT,True,1,0.1053038238592354,8.804379797845963,0.8946961761407646,0.28737113402061853,40.88361424446477,277,276,lower,46.956864665666245,34.810363823263316
2026,00-0040785,WR,CIN,Dohnte Meyers,ACT,True,1,0.10131599679644857,8.789539386882748,0.8986840032035515,0.28350515463917525,40.654092435205044,279,277,lower,46.80588092084882,34.50230394956129
2026,00-0040506,WR,MIN,Myles Price,ACT,True,0,0.504118471371575,9.550254687034,0.49588152862842505,0.38402061855670105,40.639280057104585,240,278,higher,41.75788915782183,39.52067095638735
2026,00-0038590,WR,LV,Justin Shorter,RES,True,0,0.30354205675592255,8.965763152752753,0.6964579432440774,0.327319587628866,40.11472587519083,262,279,moderate,43.806109431342946,36.42334231903871
2026,00-0036955,WR,MIA,Terrace Marshall Jr.,ACT,True,0,0.028783992859144316,8.717338455905425,0.9712160071408557,0.25773195876288657,40.042876843848035,289,280,lower,47.17771732762773,32.90803636006835
2026,00-0041228,WR,IND,Sahmir Hagans,ACT,True,1,0.10316156406921545,8.757756619226708,0.8968384359307846,0.27448453608247425,39.89553160521363,282,281,lower,46.11907060369674,33.67199260673053
2026,00-0041361,WR,SF,Will Pauling,ACT,True,1,0.10526519828479348,8.757756619226708,0.8947348017152065,0.27448453608247425,39.853458920902064,282,282,lower,46.0559615772294,33.65095626457475
2026,00-0041199,WR,NYJ,Caullin Lacy,ACT,True,1,0.10526887943799805,8.74717242782066,0.894731120562002,0.2706185567010309,39.54410694732251,284,283,lower,45.78523258593222,33.302981308712795
2026,00-0040653,WR,SEA,Ricky White III,ACT,True,0,0.11519511830223227,8.736637021543954,0.8848048816977677,0.26804123711340205,39.13939660302752,285,284,lower,45.30703304887118,32.97176015718386
2026,00-0041536,WR,DET,Kyre Duplessis,ACT,True,1,0.10306016344898004,8.727201790129305,0.8969398365510199,0.26417525773195877,39.0728173495771,286,285,lower,45.40046313776771,32.745171561386485
2026,00-0041220,WR,JAX,Michael Wortham,ACT,True,1,0.10570527203461737,8.727201790129305,0.8942947279653827,0.26417525773195877,39.01991517786435,286,286,lower,45.3211098801986,32.71872047553012
2026,00-0041475,WR,MIN,Trayvon Rudolph,ACT,True,1,0.10561213112623552,8.722259699034854,0.8943878688737645,0.2603092783505155,38.71249964551653,288,287,lower,45.053285550749024,32.37171374028404
2026,00-0041257,WR,TB,Eric Rivers,ACT,True,1,0.24863836441551737,8.852142287269585,0.7513616355844827,0.2912371134020619,38.3262017838546,276,288,lower,42.92744700567881,33.72495656203039
2026,00-0041216,WR,JAX,Trebor Pena,ACT,True,1,0.10580642566888773,8.712370840519071,0.8941935743311122,0.2551546391752577,38.296242620642865,290,289,lower,44.68663197220141,31.905853269084318
2026,00-0041443,WR,BUF,Skyler Bell,ACT,True,1,0.24450180969643512,8.768258868516174,0.7554981903035649,0.27835051546391754,37.3780050431847,281,290,lower,42.14948179158118,32.60652829478822
2026,00-0040247,WR,SF,Junior Bergen,ACT,True,0,0.16436109321564157,8.459235105364106,0.8356389067843584,0.25,36.71277813568716,292,291,lower,42.56916720353075,30.85638906784358
2026,00-0038941,WR,LA,Tyler Scott,ACT,True,0,0.09282658806369902,7.74542079356473,0.907173411936301,0.23195876288659795,36.70016926965385,299,292,lower,43.452315760150896,29.948022779156823
2026,00-0038728,WR,HOU,Jared Wayne,ACT,True,0,0.08978672891143422,7.710506759870336,0.9102132710885658,0.22938144329896906,36.55478088568884,300,293,lower,43.36309916358481,29.74646260779287
2026,00-0040317,WR,WAS,Jacoby Jones,ACT,True,0,0.13570846851091245,8.092062646803818,0.8642915314890875,0.23969072164948454,36.461088361740515,296,294,lower,42.707096460136555,30.215080263344486
2026,00-0037828,WR,PHI,Danny Gray,ACT,True,0,0.011310929085341625,6.957261694592178,0.9886890709146584,0.20618556701030927,36.26862677911791,309,295,lower,44.09366181816141,28.443591740074414
2026,00-0041029,WR,NO,Jordyn Tyson,ACT,True,1,0.1265312980793585,7.97008570999041,0.8734687019206415,0.2345360824742268,36.23226063635097,298,296,lower,42.621586830815126,29.842934441886825
2026,00-0037098,WR,PHI,Samori Toure,ACT,True,0,0.06807930348820267,6.995135003369461,0.9319206965117973,0.211340206185567,35.545630425081306,307,297,lower,42.75143532834361,28.339825521819
2026,00-0039365,WR,SF,Jacob Cowing,ACT,True,0,0.20185381410146985,8.242380657227633,0.7981461858985301,0.2422680412371134,35.34436701693967,295,298,lower,40.90314846355384,29.785585570325505
2026,00-0039437,WR,BAL,Cornelius Johnson,ACT,True,0,0.04795692520086273,6.700708877520503,0.9520430747991373,0.20103092783505155,35.12333572278686,311,299,lower,42.633457192427734,27.613214253146012
2026,00-0039397,WR,AZ,Tejhaun Palmer,ACT,True,0,0.03471104930811412,6.509510942918098,0.9652889506918859,0.19072164948453607,34.563510972600604,315,300,lower,42.30918398467411,26.8178379605271
2026,00-0039236,WR,PHI,Johnny Wilson,ACT,True,0,0.12340008915582115,6.960937825715809,0.8765999108441789,0.20876288659793815,34.23302914471863,308,301,lower,40.91139938718105,27.554658902256218
2026,00-0038953,WR,ATL,Dylan Drummond,ACT,True,0,0.26926284659494276,8.2753261446568,0.7307371534050573,0.24484536082474226,34.202371934080524,294,302,moderate,39.06128985988367,29.343454008277376
2026,00-0041044,WR,ATL,Zachariah Branch,ACT,True,1,0.3097235843719568,8.481497407125838,0.6902764156280432,0.25257731958762886,34.01171387957117,291,303,moderate,38.38870483997532,29.63472291916703
2026,00-0039415,WR,GB,Brenden Rice,ACT,True,0,0.11574329015279133,6.9274685463666605,0.8842567098472087,0.2036082474226804,33.97379399075861,310,304,lower,40.780278615003894,27.167309366513326
2026,00-0039747,WR,CAR,Ainias Smith,ACT,True,0,0.1751026267457141,7.0341305564862955,0.8248973732542859,0.21649484536082475,33.8175350939517,305,305,lower,39.901560372886316,27.733509815017083
2026,00-0040406,WR,NYJ,Quentin Skinner,RES,True,0,0.10800029724094258,6.663725824905998,0.8919997027590574,0.19845360824742267,33.71628271497495,312,306,lower,40.65174366009131,26.780821769858616
2026,00-0041491,WR,CLE,Aaron Anderson,ACT,True,1,0.21947055491046677,7.581253409256785,0.7805294450895333,0.22422680412371135,33.54873323168757,302,307,lower,39.11175964134579,27.985706822029353
2026,00-0039386,WR,NO,Bub Means,ACT,True,0,0.17859136353991845,7.014116555728872,0.8214086364600816,0.21391752577319587,33.54157479105729,306,308,lower,39.61648589792616,27.46666368418844
2026,00-0038632,WR,SF,Colton Dowell,ACT,True,0,0.03868211266362221,5.888811246321758,0.9613178873363778,0.17525773195876287,33.24697630342858,321,309,lower,41.10757785720474,25.386374749652436
2026,00-0036271,WR,PHI,Quez Watkins,ACT,True,0,0.009177418107729497,5.47832021415506,0.9908225818922705,0.16752577319587628,33.21851349351551,324,310,lower,41.45148158047945,24.98554540655157
2026,00-0040388,WR,GB,Jakobie Keeney-James,ACT,True,0,0.11323900840340004,6.539811168827283,0.8867609915965999,0.19329896907216496,33.19913735770519,314,311,lower,40.13375758294955,26.264517132460846
2026,00-0039052,WR,NO,Trey Palmer,ACT,True,0,0.2244558399457358,7.053329070236813,0.7755441600542642,0.2190721649484536,33.036656396961575,304,312,lower,38.60137634801968,27.471936445903467
2026,00-0036959,WR,DEN,Michael Bandy,ACT,True,0,0.30005731002621544,7.999203461733149,0.6999426899737846,0.23711340206185566,32.96792596442414,297,313,moderate,37.59621884354344,28.339633085304854
2026,00-0037300,WR,DEN,Mike Woods,ACT,True,0,0.03208428562226439,5.508052807961811,0.9679157143777356,0.17010309278350516,32.96656171023512,323,314,lower,40.94468792617744,24.98843549429282
2026,00-0036345,WR,TEN,K.J. Osborn,ACT,True,0,0.051515875284194435,5.532996980641821,0.9484841247158056,0.17268041237113402,32.784115484006826,322,315,lower,40.54215260745355,25.026078360560117
2026,00-0038612,WR,PIT,A.T. Perry,ACT,True,0,0.09778547463392363,6.26431942294059,0.9022145253660764,0.18298969072164947,32.683465765053484,318,316,lower,39.87571411149776,25.491217418609214
2026,00-0036635,WR,AZ,Ihmir Smith-Marsette,ACT,True,0,0.08200504438673734,6.082687740252652,0.9179949556132627,0.17783505154639176,32.58670323597659,320,317,lower,39.98830227664531,25.185104195307883
2026,00-0039392,WR,HOU,Jha'Quan Jackson,ACT,True,0,0.12889792999126748,6.486100316405288,0.8711020700087325,0.18814432989690721,32.47358779192723,316,318,lower,39.30316519304548,25.644010390808976
2026,00-0039650,WR,TEN,Bryce Oliver,ACT,True,0,0.12114489874498802,6.460500507002635,0.878855101255012,0.18556701030927836,32.4224628498425,317,319,lower,39.355343759299856,25.48958194038517
2026,00-0036646,WR,AZ,Simi Fehoko,ACT,True,0,0.37101548415590246,8.36358888381479,0.6289845158440975,0.24742268041237114,32.37350474987164,293,320,moderate,36.18912310418891,28.557886395554377
2026,00-0036176,WR,TEN,Mason Kinsey,ACT,True,0,0.3136124131470886,7.695420851571414,0.6863875868529115,0.2268041237113402,31.872081633965443,301,321,moderate,36.46791626538116,27.27624700254973
2026,00-0040431,WR,NYG,Dalen Cambre,ACT,True,0,0.06536816074164943,5.032642486828324,0.9346318392583506,0.15979381443298968,31.47614193980618,327,322,lower,39.2245221880598,23.727761691552573
2026,00-0035544,WR,DET,Tom Kennedy,ACT,True,0,0.3270692318603678,7.320997113724705,0.6729307681396322,0.22164948453608246,31.190574125679237,303,323,moderate,35.70338696171474,26.67776128964374
2026,00-0036497,WR,JAX,Tim Jones,ACT,True,0,0.1024993821986876,5.186526540784557,0.8975006178013124,0.16494845360824742,31.14588864468604,325,324,lower,38.47141028661669,23.82036700275539
2026,00-0039710,WR,MIN,Jeshaun Jones,ACT,True,0,0.03683115188851544,4.411383252545417,0.9631688481114845,0.14690721649484537,31.015954281817315,332,325,lower,39.17857059798372,22.853337965650926
2026,00-0034867,WR,SF,Malik Turner,ACT,True,0,0.06375586019122521,4.522233082686575,0.9362441398087747,0.15206185567010308,30.88983124978374,330,326,lower,38.73165409117046,23.04800840839702
2026,00-0038492,WR,KC,Jason Brownlee,ACT,True,0,0.08186736838479518,4.924019123705647,0.9181326316152049,0.15463917525773196,30.73378665292265,329,327,lower,38.368721216497384,23.098852089347925
2026,00-0034487,WR,BUF,Trent Sherfield,ACT,True,0,0.11430069864228824,5.042050282140344,0.8856993013577118,0.16237113402061856,30.703676748803723,326,328,lower,37.936958422174655,23.470395075432787
2026,00-0040086,WR,BUF,Mac Dalena,ACT,True,1,0.02219986553478658,3.635135638291431,0.9778001344652134,0.13917525773195877,30.690023307860965,335,329,lower,39.07627207519352,22.30377454052842
2026,00-0036841,WR,JAX,Austin Trammell,ACT,True,0,0.24925085261118926,6.648110961593306,0.7507491473888107,0.1958762886597938,30.685086040559717,313,330,lower,36.233814627849895,25.136357453269554
2026,00-0040099,WR,BAL,Xavier Guillory,ACT,True,1,0.017339117888608774,3.469239727514363,0.9826608821113912,0.13659793814432988,30.581052693774215,336,331,lower,39.04168213344483,22.1204232541036
2026,00-0040352,WR,IND,Coleman Owen,ACT,True,0,0.10279128039158608,5.01595181385115,0.897208719608414,0.15721649484536082,30.521493979797143,328,332,lower,37.92141622742768,23.12157173216661
2026,00-0038911,WR,DET,Malik Cunningham,ACT,True,0,0.06438473996094195,4.399032164856777,0.935615260039058,0.14432989690721648,30.258696953358477,333,333,lower,38.1715505846769,22.34584332204006
2026,00-0040383,WR,AZ,Bryson Green,ACT,True,0,0.03280679270493469,3.0223441265500433,0.9671932072950653,0.13144329896907217,29.859328063427075,338,334,lower,38.21682714668702,21.501828980167147
2026,00-0036463,WR,ATL,Chris Blair,ACT,True,0,0.09367521370806292,4.229574823478813,0.906324786291937,0.14175257731958762,29.466701911405746,334,335,lower,37.11242400112925,21.820979821682254
2026,00-0040629,WR,LAC,Dalevon Campbell,ACT,True,0,0.12682430967150862,4.476642800723644,0.8731756903284914,0.14948453608247422,29.422276693167763,331,336,lower,36.65918823562794,22.185365150707593
2026,00-0040265,WR,CAR,Ja'Seem Reed,ACT,True,0,0.044296686150938284,3.015917881952176,0.9557033138490617,0.12757731958762886,29.320251843991542,339,337,lower,37.601511786605876,21.038991901377212
2026,00-0040375,WR,CIN,Jordan Moore,ACT,True,0,0.04238703667112625,2.9881728956946283,0.9576129633288738,0.12371134020618557,29.04916648307232,341,338,lower,37.38818271429921,20.710150251845437
2026,00-0040405,WR,NYJ,Jamaal Pritchett,ACT,True,0,0.07268453810590676,3.015917881952176,0.9273154618940932,0.12757731958762886,28.75249480489217,339,339,lower,36.749876227956825,20.755113381827528
2026,00-0040275,WR,CHI,JP Richardson,ACT,True,0,0.05051351847569103,2.9870340371788466,0.9494864815243089,0.1211340206185567,28.680451279970708,342,340,lower,36.96397588902824,20.39692667091319
2026,00-0040390,WR,DET,Jackson Meeks,ACT,True,0,0.12220148420498099,3.0326185525520346,0.877798515795019,0.13402061855670103,28.27761980043646,337,341,lower,35.71539877281965,20.83984082805328
2026,00-0037382,WR,LV,Brandon Johnson,ACT,True,0,0.01664136608801644,2.9462742345448825,0.9833586339119835,0.1056701030927835,28.12078092566235,348,342,lower,36.89766623385436,19.34389561747035
2026,00-0040753,WR,GB,Will Sheppard,ACT,True,0,0.06673646383594753,2.976979222187527,0.9332635361640524,0.1172680412371134,28.046714022250118,343,343,lower,36.20666897151951,19.886759072980727
2026,00-0040048,WR,DAL,Traeshon Holden,ACT,True,0,0.036497426902887466,2.95700785767259,0.9635025730971125,0.10824742268041238,27.929845276375236,347,344,lower,36.482396780542246,19.377293772208237
2026,00-0040597,WR,LA,Brennan Presley,ACT,True,0,0.07786067595793981,2.976979222187527,0.9221393240420602,0.1172680412371134,27.824229779810274,343,345,lower,35.87294260785975,19.775516951760807
2026,00-0037132,WR,PHI,Britain Covey,ACT,True,0,0.35486904278777864,6.116265534606367,0.6451309572122214,0.18041237113402062,27.335608834966074,319,346,moderate,31.982794695748083,22.688422974184068
2026,00-0040120,WR,KC,Jimmy Holiday,ACT,True,0,0.0875763570262754,2.960615961651972,0.9124236429737246,0.11211340206185567,27.21754502442294,345,347,lower,35.22064743354164,19.214442615304257
2026,00-0040323,WR,JAX,Chandler Brayboy,ACT,True,0,0.05368091680187225,2.9452696996769894,0.9463190831981277,0.1018041237113402,27.070711560869764,349,348,lower,35.515861155737646,18.625561966001893
2026,00-0040419,WR,TB,Garrett Greene,ACT,True,0,0.05774165089911193,2.9452696996769894,0.942258349100888,0.1018041237113402,26.989496878924975,349,349,lower,35.39403913282045,18.5849546250295
2026,00-0040498,WR,MIN,Dontae Fleming,ACT,True,0,0.04281716977342234,2.942892824580187,0.9571828302265777,0.0979381443298969,26.978708150923303,351,350,lower,35.57115500989011,18.386261291956497
2026,00-0040302,WR,MIA,A.J. Henning,ACT,True,0,0.05016513457743757,2.939459910815208,0.9498348654225625,0.09407216494845361,26.522470504327533,352,351,lower,35.08009750906863,17.964843499586447
2026,00-0040361,WR,BUF,Stephen Gosnell,ACT,True,0,0.052293059142947726,2.939459910815208,0.9477069408570523,0.09407216494845361,26.47991201301733,352,352,lower,35.016259772103325,17.943564253931346
2026,00-0040621,WR,SEA,Montorie Foster Jr,ACT,True,0,0.021744432294445403,2.929185484813217,0.9782555677055546,0.08247422680412371,26.163049498440984,356,353,lower,35.120862907455304,17.205236089426677
2026,00-0040461,WR,LAC,Luke Grimm,ACT,True,0,0.02318453983768295,2.929185484813217,0.976815460162317,0.08247422680412371,26.134247347576235,356,354,lower,35.077659681158174,17.190835013994302
2026,00-0040769,WR,DAL,Jaden Smith,ACT,True,0,0.1482164424206912,2.960615961651972,0.8517835575793088,0.11211340206185567,26.00474331653463,345,355,lower,33.40144487170916,18.608041761360095
2026,00-0040617,WR,CLE,Luke Floriea,ACT,True,0,0.06550309934331912,2.929185484813217,0.9344969006566809,0.08247422680412371,25.28787615746351,356,356,lower,33.808102895989094,16.767649418937943
2026,00-0040049,WR,HOU,Josh Kelly,ACT,True,0,0.04573552869825161,2.9246194998519934,0.9542644713017484,0.07345360824742268,24.96157808582878,359,357,lower,33.76968671637204,16.153469455285524
2026,00-0040609,WR,LA,Tru Edwards,ACT,True,0,0.10849571641810858,2.930429288713775,0.8915042835818914,0.08891752577319588,24.943487733493498,354,358,lower,32.96935531158046,16.917620155406542
2026,00-0040551,WR,WAS,Nick Nash,ACT,True,0,0.021326594313364474,2.923487519686452,0.9786734056866355,0.06701030927835051,24.93429285600075,363,359,lower,34.050923820083604,15.8176618919179
2026,00-0040445,WR,TEN,Courtney Jackson,ACT,True,0,0.04999724881097098,2.9246194998519934,0.950002751189029,0.07345360824742268,24.876343683574394,359,360,lower,33.64183511299046,16.11085225415833
2026,00-0040570,WR,NE,Jeremiah Webb,ACT,True,0,0.051418810665768734,2.9246194998519934,0.9485811893342313,0.07345360824742268,24.84791244647844,359,361,lower,33.599188257346526,16.096636635610352
2026,00-0040337,WR,IND,Eli Pancol,ACT,True,0,0.02474148006296251,2.9011367875613905,0.9752585199370375,0.06056701030927835,24.350531223483014,365,362,lower,33.49744631976061,15.203616127205425
2026,00-0040558,WR,GB,Isaiah Neyor,ACT,True,0,0.14567134358208914,2.930429288713775,0.8543286564179109,0.08891752577319588,24.199975190213884,354,363,lower,31.854086496661044,16.54586388376674
2026,00-0040053,WR,SEA,Tyrone Broden,ACT,True,0,0.0858370031923758,2.9246194998519934,0.9141629968076241,0.07345360824742268,24.159548595946294,359,364,lower,32.566642481548314,15.752454710344283
2026,00-0040298,WR,KC,Andrew Armstrong,ACT,True,0,0.03808945236083883,2.9011367875613905,0.9619105476391612,0.06056701030927835,24.083571777525485,365,365,lower,33.097007150824325,15.07013640422666
2026,00-0040571,WR,NYJ,Gee Scott Jr.,ACT,True,0,0.060274949633113264,2.9118554506570327,0.9397250503668867,0.06443298969072164,23.949140182595464,364,366,lower,32.70206078935713,15.196219575833814
2026,00-0039626,WR,PIT,Cole Burgess,ACT,True,0,0.01722748129667327,2.849950522571055,0.9827725187033267,0.04896907216494845,23.572976147262406,370,367,lower,32.911010612646194,14.234941681878627
2026,00-0039259,WR,BAL,Dayton Wade,ACT,True,0,0.06522217839454127,2.8723150691706794,0.9347778216054587,0.05670103092783505,23.231638906335974,367,368,lower,32.012406813112214,14.45087099955974
2026,00-0039722,WR,LAC,JaQuae Jackson,ACT,True,0,0.058692414735444794,2.8602249485730464,0.9413075852645552,0.05412371134020619,23.156048612507597,368,369,lower,32.02788735175109,14.284209873264105
2026,00-0039473,WR,CIN,Xavier Johnson,ACT,True,0,0.02731919512570138,2.8372730847921717,0.9726808048742986,0.04381443298969072,22.958770736661226,372,370,lower,32.24743445550731,13.670107017815148
2026,00-0037570,WR,TB,Dennis Houston,ACT,True,0,0.010887756070257378,2.7748116930396436,0.9891122439297426,0.03865979381443299,22.875028383749488,374,371,lower,32.379552884902594,13.370503882596394
2026,00-0037156,WR,SEA,Irvin Charles,ACT,True,0,0.023119864765708653,2.784981376613741,0.9768801352342913,0.041237113402061855,22.83657177685077,373,372,lower,32.19300199517308,13.480141558528477
2026,00-0036775,WR,PIT,Brandon Smith,ACT,True,0,0.04682326895402833,2.8398890782911996,0.9531767310459717,0.04639175257731959,22.774874827104995,371,373,lower,31.842724611791525,13.707025042418477
2026,00-0039679,WR,IND,Ben Nikkel,ACT,True,0,0.07483655778530272,2.857342263460864,0.9251634422146973,0.05154639175257732,22.626980184500127,369,374,lower,31.363150689121333,13.89080967987893
2026,00-0037708,WR,CHI,Maurice Alexander,ACT,True,0,0.015001255553021583,2.763490461976715,0.9849987444469784,0.03608247422680412,22.586572827083895,375,375,lower,32.07573552928565,13.097410124882153
2026,00-0037055,WR,TEN,Lance McCutcheon,ACT,True,0,0.0070627473827607505,2.7549207599409864,0.9929372526172392,0.03221649484536082,22.436064639973644,376,376,lower,32.04327221769244,12.828857062254864
2026,00-0037387,WR,BUF,Jalen Virgil,ACT,True,0,0.010567162797214449,2.7549207599409864,0.9894328372027855,0.03221649484536082,22.36597633168457,376,377,lower,31.938139755258828,12.793812908110327
2026,00-0037422,WR,CIN,Kendric Pryor,ACT,True,0,0.01864341863773037,2.7435995288780584,0.9813565813622697,0.027061855670103094,21.792080080853637,378,378,lower,31.335027337775312,12.249132823931973
2026,00-0035976,WR,CAR,Dan Chisena,ACT,True,0,0.043779657061401855,2.7435995288780584,0.9562203429385981,0.027061855670103094,21.289355312380206,378,379,lower,30.580940185065163,11.997770439695257
2026,00-0040788,WR,NO,Damien Alford,ACT,True,0,1.8512741064599854e-07,0.03926363686432858,0.9999998148725894,0.01288659793814433,21.03092413250333,380,380,lower,30.902056301847793,11.159791963158881
2026,00-0041022,WR,LV,Jonathan Brady,ACT,True,0,1.8512741064599854e-07,0.03926363686432858,0.9999998148725894,0.01288659793814433,21.03092413250333,380,380,lower,30.902056301847793,11.159791963158881
2026,00-0041215,WR,JAX,Ben Patterson,ACT,True,0,1.8512741064599854e-07,0.03926363686432858,0.9999998148725894,0.01288659793814433,21.03092413250333,380,380,lower,30.902056301847793,11.159791963158881
2026,00-0041222,WR,BUF,Gabriel Benyard,ACT,True,0,1.8512741064599854e-07,0.03926363686432858,0.9999998148725894,0.01288659793814433,21.03092413250333,380,380,lower,30.902056301847793,11.159791963158881
2026,00-0041311,WR,NYJ,Jalen Walthall,ACT,True,0,1.8512741064599854e-07,0.03926363686432858,0.9999998148725894,0.01288659793814433,21.03092413250333,380,380,lower,30.902056301847793,11.159791963158881
2026,00-0041356,WR,MIN,Luke Wysong,ACT,True,0,1.8512741064599854e-07,0.03926363686432858,0.9999998148725894,0.01288659793814433,21.03092413250333,380,380,lower,30.902056301847793,11.159791963158881
2026,00-0041516,WR,DAL,Romello Brinson,ACT,True,0,1.8512741064599854e-07,0.03926363686432858,0.9999998148725894,0.01288659793814433,21.03092413250333,380,380,lower,30.902056301847793,11.159791963158881
