consensus_rank,feature,family,permutation_importance,permutation_rank,permutation_positive_share,univariate_auc,discriminative_auc,direction,spearman_rho,q_value,univariate_rank,mutual_information,rf_impurity_importance,panel_rank,track,featureranker_score,featureranker_rank,consensus_rank_score
1,lag1_receiving_yards_after_catch,lag1_production,0.0011251555521311,12.0,1.0,0.650836535219387,0.650836535219387,higher_risk,0.2416192634324095,1.5547730662752858e-114,1,0.0298937318557288,0.0501806739224786,3.5,injury,0.046333438930100924,1.0,4.375
2,lag1_games,lag1_participation,0.0043276641832997,3.0,1.0,0.638534460723531,0.638534460723531,higher_risk,0.2090905568383552,7.820590470215214e-87,9,0.0279382928432521,0.0290179297266272,8.0,injury,0.03641671997505934,2.0,5.5
3,lag1_catch_rate,lag1_rates,0.0027855443618244,6.0,0.8,0.6328096788052818,0.6328096788052818,higher_risk,0.2117336178376492,5.583224331406183e-89,12,0.0308009902286801,0.0352089341611427,4.0,injury,0.027361595232294467,3.0,6.25
4,lag1_offense_snaps,lag1_participation,0.0005853309920541,18.0,0.6,0.6410452220518175,0.6410452220518175,higher_risk,0.2185207855240864,1.2675212000460596e-94,7,0.0262281417113285,0.0236202565024433,13.0,injury,0.00985329300245326,9.0,11.75
5,lag1_receiving_yards,lag1_production,0.0001556636260837,34.0,0.6,0.6462146025038612,0.6462146025038612,higher_risk,0.233138186721566,3.471469907950702e-107,4,0.0277180599715234,0.0358715376160492,7.0,injury,0.012913331390957293,7.0,13.0
6,lag1_receptions,lag1_production,0.0010062106055228,13.0,0.6,0.6491276729970197,0.6491276729970197,higher_risk,0.237749374729702,3.578587296424246e-111,3,0.025408012237936,0.0204119980146762,15.0,injury,0.004987912856344085,25.0,14.0
7,lag1_receiving_yards_per_target,lag1_rates,0.000323561838895,21.0,0.8,0.6367443616893994,0.6367443616893994,higher_risk,0.218137903817035,2.502952515974056e-94,10,0.0231555498054869,0.0095138321331027,30.0,injury,0.009116460453922295,10.0,17.75
8,lag1_receiving_first_down_rate,lag1_rates,0.0007375855721365,16.0,0.4,0.6250534667384542,0.6250534667384542,higher_risk,0.2038459073289278,1.2749933684295154e-82,18,0.0263922859785004,0.0095282794225686,22.0,injury,0.006023059411893173,19.0,18.75
9,missing_draft_round,metadata_missingness,0.0012289976507412,10.0,0.2,0.4037399524679675,0.5962600475320324,lower_risk,-0.1642715957239108,6.559884303335164e-54,25,0.0148033082362712,0.0112769293612438,35.5,injury,0.007661183422905633,14.0,21.125
10,was_drafted,age_experience_draft,0.0064804324032151,2.0,0.8,0.5962600475320324,0.5962600475320324,higher_risk,0.1642715957239108,6.559884303335164e-54,26,0.0133729986365471,0.0083622176943499,44.5,injury,0.006796442411860394,15.0,21.875
11,lag1_receiving_16,lag1_production,0.0001232770909263,40.0,0.4,0.6332613078922752,0.6332613078922752,higher_risk,0.2291826728576678,8.108978312360183e-104,11,0.0293662644247159,0.0138277479810016,11.0,injury,0.004545655757119334,27.0,22.25
12,missing_draft_number,metadata_missingness,0.0022707063877801,7.0,0.6,0.4037399524679675,0.5962600475320324,lower_risk,-0.1642715957239108,6.559884303335164e-54,24,0.0128290053839146,0.013164548554314,39.0,injury,0.005548289108522156,21.0,22.75
13,lag1_receiving_20_rate,lag1_rates,0.0001817311934312,32.0,0.6,0.6155670465422349,0.6155670465422349,higher_risk,0.2068403249968814,4.974436043369944e-85,21,0.0319244221154249,0.0042162778268978,29.0,injury,0.005215860055586223,23.0,26.25
14,lag2_offense_snaps,lag2_4_history,0.001487256268475,9.0,1.0,0.589996043529335,0.589996043529335,higher_risk,0.1488829894341152,1.5554943754203714e-44,33,0.0105587443603587,0.0104965435314282,53.5,injury,0.0037850877127732973,28.0,30.875
15,draft_round,age_experience_draft,0.000835327088455,15.0,0.6,0.5726303323979203,0.5726303323979203,higher_risk,0.1110721499052582,2.5433626581119853e-25,55,0.0188431332334544,0.0176826331740682,25.0,injury,0.0024722206443370913,47.0,35.5
16,lag1_late6_receiving_yards_after_catch,lag1_trajectory,4.442904107730961e-05,62.0,0.6,0.6297143523352695,0.6297143523352695,higher_risk,0.2207863393137517,1.8277874149944092e-96,16,0.0257381125815516,0.0038489654111209,40.0,injury,0.003601683277541978,31.0,37.25
17,lag1_late6_receiving_yards,lag1_trajectory,0.0003153038517168,22.0,0.6,0.6284905996432381,0.6284905996432381,higher_risk,0.216769553981799,3.4821017782364437e-93,17,0.0223889139608708,0.0041232760745379,46.0,injury,0.0017331117181794862,68.0,38.25
18,missing_age,metadata_missingness,0.00324125525426,5.0,0.8,0.4653266331658291,0.5346733668341709,lower_risk,-0.1305456146122008,1.3622097702910156e-34,115,0.0154900402964548,0.0104429511412259,35.5,injury,0.010163458773061195,8.0,40.875
19,lag1_receiving_20,lag1_production,0.0002423380216004,26.0,1.0,0.6222980432465357,0.6222980432465357,higher_risk,0.2190016507285285,5.8418736307573386e-95,19,0.02650506674131,0.0009204305616944,88.5,injury,0.0019189946199856414,61.0,48.625
20,missing_combine_bench,metadata_missingness,0.0008557896982906,14.0,0.8,0.4239199242968087,0.5760800757031912,lower_risk,-0.1309226421392901,8.825664806316261e-35,49,0.008485330760291,0.0026862677030319,93.5,injury,0.0028823534948067987,38.0,48.625
21,lag1_late6_receiving_first_downs,lag1_trajectory,0.0002718099412505,24.0,1.0,0.618799217951228,0.618799217951228,higher_risk,0.2085313214646481,2.143914165812091e-86,20,0.0234042198865873,0.000952137598046,94.0,injury,0.0016047133669435396,74.0,53.0
22,weight,body_combine,6.16811776383619e-05,54.0,0.8,0.5334983222389,0.5334983222389,higher_risk,0.0490453377346234,7.774824908063883e-06,124,0.0121875427370321,0.0248849855994119,36.5,injury,0.009004044541399907,11.0,56.375
23,lag2_receiving_yards_after_catch,lag2_4_history,1.627227079468163e-05,95.0,0.6,0.5931544220017838,0.5931544220017838,higher_risk,0.1553192834740582,2.802413432648557e-48,29,0.014389451951279,0.0061874356302178,45.0,injury,0.001988715337702075,59.0,57.0
24,lag1_roster_weeks,lag1_participation,0.001187553718652,11.0,1.0,0.5510211365267899,0.5510211365267899,higher_risk,0.0796797122219449,1.3552184163720968e-13,83,0.0104823596820606,0.0133848279549368,51.5,injury,0.0015218250650814167,83.0,57.125
25,lag2_receiving_yards,lag2_4_history,4.207487427663192e-05,66.0,0.6,0.5926986800887554,0.5926986800887554,higher_risk,0.1537080915513619,2.301143591721386e-47,30,0.0173396511137564,0.0044945323569725,47.5,injury,0.0013094142780908876,103.0,61.625
26,lag1_rushing_10,lag1_production,0.0002344736151252,27.0,0.8,0.568069480247558,0.568069480247558,higher_risk,0.1434434649058572,1.941065947735457e-41,63,0.0111745815932078,0.0015051458653232,100.5,injury,0.001818339829824209,66.0,64.125
27,combine_vertical,body_combine,5.451653799721789e-05,57.0,0.6,0.5678142810916053,0.5678142810916053,higher_risk,0.1047648134332969,1.1699701155139517e-22,64,0.0052111169377924,0.0107015271895929,101.0,injury,0.0030059677401988462,37.0,64.75
28,lag1_receiving_tds,lag1_production,3.092478868218507e-05,73.0,0.6,0.6041664627248797,0.6041664627248797,higher_risk,0.1984466402635775,2.3862327392788225e-78,22,0.0151306406564666,0.0009518809792245,105.0,injury,0.0019179027426878704,62.0,65.5
29,lag2_receiving_yards_per_reception,lag2_4_history,3.319851153718023e-05,70.0,0.6,0.5830335389066544,0.5830335389066544,higher_risk,0.1377781484109977,2.5506672602848037e-38,39,0.0136692508281792,0.0031459575122028,64.5,injury,0.001444211146921799,90.0,65.875
30,lag2_receiving_10,lag2_4_history,8.187685698373137e-05,50.0,0.6,0.5901350978376732,0.5901350978376732,higher_risk,0.1542465472469439,1.1142980277882514e-47,32,0.011546583401591,0.002082701775841,86.5,injury,0.0012789603588081572,106.0,68.625
31,lag2_receiving_first_down_rate,lag2_4_history,6.16720703121354e-05,55.0,0.6,0.578737029302356,0.578737029302356,higher_risk,0.1334441596847396,4.500429670762594e-36,48,0.0176667405188095,0.00288398588016,58.5,injury,0.0011723904050551983,116.0,69.375
32,lag2_receiving_tds,lag2_4_history,0.0001493695248185,36.0,0.6,0.574105851225826,0.574105851225826,higher_risk,0.1464582548807212,3.778266919737896e-43,50,0.0077263083105592,0.0009996871855269,136.5,injury,0.0018726450459354608,63.0,71.375
33,lag2_receiving_first_downs,lag2_4_history,0.0001031511117423,45.0,1.0,0.5912781575627054,0.5912781575627054,higher_risk,0.1547088459752971,6.411687558981983e-48,31,0.0122690400291682,0.0020154556766835,84.5,injury,0.0010861356398297398,127.0,71.875
34,lag2_targets,lag2_4_history,6.356073779798522e-05,53.0,0.8,0.5940245396354065,0.5940245396354065,higher_risk,0.1544332767014908,8.844428752063794e-48,27,0.0056427132575946,0.002700809839556,124.0,injury,0.0014648630916348979,87.0,72.75
35,lag2_receiving_yards_per_target,lag2_4_history,1.59495528634368e-05,96.0,0.6,0.5852892710304771,0.5852892710304771,higher_risk,0.1415210700898516,2.309365907349894e-40,36,0.0113382819236078,0.00544833336432,58.5,injury,0.0012907904710035886,105.0,73.875
36,lag2_receptions,lag2_4_history,7.904549134774009e-06,126.0,0.6,0.5931842654832604,0.5931842654832604,higher_risk,0.1545314607261831,7.958865714554378e-48,28,0.0143964700534908,0.0026762748539731,68.0,injury,0.0012771106528551403,107.0,82.25
37,lag2_receiving_20_rate,lag2_4_history,8.464866296447049e-05,49.0,0.8,0.5721956984598315,0.5721956984598315,higher_risk,0.133822445465984,2.887168439266097e-36,56,0.0106342643955268,0.0022240120484221,89.0,injury,0.0009770663727227034,145.0,84.75
38,lag2_receiving_air_yards,lag2_4_history,4.3108804381697394e-05,63.0,0.6,0.568755336476756,0.568755336476756,higher_risk,0.1134010516124437,2.4236667171282263e-26,60,0.0084206165341003,0.0034728893668147,86.0,injury,0.0010347028807959208,134.0,85.75
39,lag3_receiving_yards_per_reception,lag2_4_history,4.2699418242464485e-05,65.0,0.8,0.5478818606017097,0.5478818606017097,higher_risk,0.0844915527352199,3.611868215794318e-15,97,0.0116360033420077,0.0022079783086526,83.5,injury,0.0012114756572407656,113.0,89.625
40,lag2_receiving_20,lag2_4_history,2.6658303356219547e-05,80.0,0.6,0.5790250630859928,0.5790250630859928,higher_risk,0.1465299624758884,3.518824248981404e-43,47,0.0083316570927403,0.0012921908999876,123.5,injury,0.0012303409320251952,111.0,90.375
41,lag1_late6_receiving_20,lag1_trajectory,6.625986979313936e-06,133.0,0.4,0.5886580834366639,0.5886580834366639,higher_risk,0.1826138255960883,1.9267276774526225e-66,35,0.015430277041732,0.0007337823219439,114.5,injury,0.0014554690633760495,89.0,92.875
42,lag1_late6_rushing_yards,lag1_trajectory,5.119016143326771e-05,59.0,0.4,0.5689277692575432,0.5689277692575432,higher_risk,0.1376235425642143,3.033291055022875e-38,59,0.0066654319445476,0.0030347934059489,106.0,injury,0.0009166888685485287,152.0,94.0
43,lag3_offense_snaps,lag2_4_history,0.0002270218819254,28.0,0.4,0.5491348789401553,0.5491348789401553,higher_risk,0.0901455055164785,4.235326853962417e-17,91,0.0029195664444037,0.0033199737960393,154.5,injury,0.0012146322859916314,112.0,96.375
44,lag2_fumbles_total,lag2_4_history,0.000104104322223,44.0,0.8,0.5515466605212208,0.5515466605212208,higher_risk,0.1062709742103067,2.868529270376315e-23,80,0.0075952111750146,0.0028762165211744,99.0,injury,0.0007747979254473262,183.0,101.5
45,lag1_receiving_air_yards_per_target,lag1_rates,-7.533982414553719e-06,334.0,0.6,0.5888346290434858,0.5888346290434858,higher_risk,0.1407078719492958,6.434695931116207e-40,34,0.0288154614276163,0.0065148856615123,20.5,injury,0.0034763151513120417,32.0,105.125
46,lag1_receiving_first_downs,lag1_production,-1.5660797139305237e-05,363.0,0.6,0.6428222008309948,0.6428222008309948,higher_risk,0.232838090377949,5.245149124944749e-107,5,0.0293840666388955,0.0054398400515077,23.5,injury,0.0037210747394121474,30.0,105.375
47,lag1_receiving_40,lag1_production,0.0001372372838947,37.0,1.0,0.5624556766516566,0.5624556766516566,higher_risk,0.152277416589362,1.6435372163861781e-46,67,0.0112172418363551,0.0006239184112523,137.5,injury,0.0007777142537706022,182.0,105.875
48,lag3_receiving_first_down_rate,lag2_4_history,0.0002930783749539,23.0,0.8,0.5462958393156258,0.5462958393156258,higher_risk,0.0834809740494168,7.828673271463025e-15,103,0.0089128750806342,0.0020782617943707,100.5,injury,0.0006844558690156245,209.0,108.875
49,lag3_catch_rate,lag2_4_history,0.0001180473510226,41.0,0.6,0.5490379046205052,0.5490379046205052,higher_risk,0.0864570156466869,7.821058351067575e-16,92,0.0056902474609121,0.0029375847651091,120.5,injury,0.0007732026536675112,184.0,109.375
50,lag1_weekly_slope_receiving_yards_after_catch,lag1_trajectory,0.0001098539500464,43.0,1.0,0.4931816482303292,0.5068183517696708,lower_risk,-0.0109384118922375,0.3894034877637091,306,0.0274278040641537,0.0048466614746888,29.0,injury,0.0017902161393645154,67.0,111.25
51,position_TE,position,0.0033155759092207,4.0,1.0,0.519732217635798,0.519732217635798,higher_risk,0.0421966623656956,0.0001111908727468,186,0.0023123355111014,0.0032592164408816,168.5,injury,0.0014366228798223333,91.0,112.375
52,lag1_weekly_slope_receiving_first_downs,lag1_trajectory,3.0493030641309816e-05,75.0,0.4,0.494234667656464,0.5057653323435359,lower_risk,-0.0094481890153893,0.4711222848842551,314,0.0249064219909009,0.0033060983613622,45.0,injury,0.006737726380638827,16.0,112.5
53,age,age_experience_draft,0.0002444813125197,25.0,0.6,0.5021619189018686,0.5021619189018686,higher_risk,0.0031646665667912,0.8277079602834015,401,0.0176986070518805,0.0642713207038226,20.5,injury,0.026182338225946348,4.0,112.625
54,lag2_rush_yards_per_carry,lag2_4_history,4.773348035969072e-05,61.0,0.4,0.5480910708847269,0.5480910708847269,higher_risk,0.0908888809137202,2.3028299955672158e-17,96,0.0023327892767333,0.0028653361316645,173.0,injury,0.0010711883222193242,129.0,114.75
55,injury_lag2_injury_reported,injury_report_history,0.0001575041505478,33.0,0.4,0.5669835582131436,0.5669835582131436,higher_risk,0.1198312416434042,2.616857264361329e-29,65,0.0108112509154985,0.0005510993943354,144.5,injury,0.0006701018707985159,217.0,114.875
56,injury_lag3_designation_count,injury_report_history,3.6854492213178605e-05,67.0,0.8,0.5492443276991016,0.5492443276991016,higher_risk,0.0910859839058401,1.9713850603117877e-17,90,0.0101823016058002,0.0018715260404746,99.5,injury,0.0007039143801849525,203.0,114.875
57,lag3_roster_weeks,lag2_4_history,0.0001253226337351,39.0,0.6,0.5231933476908351,0.5231933476908351,higher_risk,0.0369249186350733,0.0007763962103685,166,0.0034454348886727,0.0044401185446874,138.5,injury,0.0010738240993642895,128.0,117.875
58,lag1_weekly_slope_receiving_yards,lag1_trajectory,1.1235390642339026e-05,111.0,0.4,0.4894228651373751,0.5105771348626249,lower_risk,-0.0168806510485891,0.158141177553903,235,0.0203404070800909,0.0045770506630524,44.0,injury,0.0014644832061883974,88.0,119.5
59,combine_shuttle,body_combine,7.272541326031057e-05,52.0,0.4,0.5274136510474451,0.5274136510474451,higher_risk,0.0443039350508248,4.9082937981658506e-05,152,0.0,0.0104759072040679,228.25,injury,0.002349155070086922,50.0,120.5625
60,lag1_late6_mean_delta_targets,lag1_trajectory,9.075887376466253e-05,48.0,0.6,0.5052245806956862,0.5052245806956862,higher_risk,0.0082553234877753,0.5389687329327567,324,0.0221781431777836,0.0048112513414943,40.5,injury,0.0016266956194586394,73.0,121.375
61,lag2_history_available,history_availability,0.0003872160702417,19.0,0.6,0.5277476397137202,0.5277476397137202,higher_risk,0.0484610763425586,9.7814169317227e-06,149,0.0007907188721092,0.0027455386182781,198.5,injury,0.001089776425465231,125.0,122.875
62,lag1_late6_mean_delta_rushing_yards,lag1_trajectory,3.260808805873872e-05,71.0,0.8,0.5091437979943005,0.5091437979943005,higher_risk,0.0164497841530939,0.1707886517772037,265,0.0118750795115607,0.0025681906604401,77.5,injury,0.0015836732625906893,79.0,123.125
63,years_exp,age_experience_draft,0.0006431196347849,17.0,1.0,0.5174093206835041,0.5174093206835041,higher_risk,0.0256911516219777,0.023304875237423,197,0.0,0.014562602776653,223.75,injury,0.001959166844863315,60.0,124.4375
64,injury_lag3_injury_reported,injury_report_history,0.0003287842138639,20.0,0.6,0.5475145274532838,0.5475145274532838,higher_risk,0.0894453621122534,7.412330647121158e-17,100,0.0051122589596159,0.0002952396569281,222.5,injury,0.0008308671656463069,163.0,126.375
65,lag2_carries,lag2_4_history,1.7876828231844222e-05,92.0,0.6,0.5510287843437967,0.5510287843437967,higher_risk,0.0957250216107169,3.9419427995247865e-19,82,0.011130254635876,0.0013474797845772,106.0,injury,0.0006521685953389967,227.0,126.75
66,lag1_receiving_yards_after_catch_per_reception,lag1_rates,-0.000130704181704,475.0,0.2,0.6393240213513457,0.6393240213513457,higher_risk,0.2232978501124738,1.2884764212573722e-98,8,0.0280546403761126,0.015290578251258,10.5,injury,0.006474087867972991,17.0,127.625
67,lag3_receiving_yards_after_catch,lag2_4_history,1.0717668821103032e-06,172.0,0.4,0.5563620660118775,0.5563620660118775,higher_risk,0.0999009095491812,1.010557378579197e-20,73,0.0071990913954738,0.0015293751096633,126.5,injury,0.001011829541906929,141.0,128.125
68,lag1_targets,lag1_production,-0.000242980661464,497.0,0.4,0.6492056467401945,0.6492056467401945,higher_risk,0.2355970410778049,2.451502655631137e-109,2,0.0310265563885261,0.0102541143484149,13.5,injury,0.02429202327024975,5.0,129.375
69,lag2_receiving_air_yards_per_target,lag2_4_history,-6.612033468744727e-06,324.0,0.2,0.5620672355282909,0.5620672355282909,higher_risk,0.102370037407736,1.0831801885768797e-21,68,0.0163910115292447,0.0042897130130173,51.0,injury,0.0015926144446313118,77.0,130.0
70,missing_combine_vertical,metadata_missingness,0.0001545755207975,35.0,0.6,0.4485437196806543,0.5514562803193457,lower_risk,-0.087156266728573,4.551536531860545e-16,81,0.0061143488853923,0.0006616781919775,170.5,injury,0.0006399350597531211,235.0,130.375
71,missing_combine_forty,metadata_missingness,0.0001830831228599,31.0,0.6,0.4397696341556266,0.5602303658443735,lower_risk,-0.1050259713473839,9.332460926017386e-23,69,0.0064352986655755,0.0013002433205764,139.0,injury,0.0005244199536774313,285.0,131.0
72,lag1_receiving_air_yards,lag1_production,-4.580678824073203e-05,424.0,0.4,0.5999205986643172,0.5999205986643172,higher_risk,0.1582674157658016,4.297439086389711e-50,23,0.0234107165221657,0.0053987917670174,35.5,injury,0.0023620889632672637,49.0,132.875
73,lag1_rushing_20,lag1_production,-5.634374516727547e-07,250.0,0.6,0.5508207297309056,0.5508207297309056,higher_risk,0.1359842289508972,2.128186407734945e-37,84,0.0109020762626856,0.0005402589042327,144.5,injury,0.002137006645780151,55.0,133.375
74,lag3_rush_yards_per_carry,lag2_4_history,9.274788881685758e-06,119.0,0.6,0.5287454249059149,0.5287454249059149,higher_risk,0.0578562670585459,1.1085671274631623e-07,146,0.0072482793013404,0.0018308355861856,121.5,injury,0.0009320043774832419,148.0,133.625
75,lag3_receiving_yards_per_target,lag2_4_history,1.1000598504562476e-06,171.0,0.6,0.5483114639757228,0.5483114639757228,higher_risk,0.0852496165887017,2.0140207314690832e-15,95,0.0088945061066754,0.0022601181498783,96.0,injury,0.000793882976006098,174.0,134.0
76,lag1_receiving_yards_per_reception,lag1_rates,-0.0001618166061301,488.0,0.2,0.6324396944136268,0.6324396944136268,higher_risk,0.2112711005752743,1.2796399633519288e-88,13,0.0250316217435275,0.0067978381222246,27.0,injury,0.007829042871413627,13.0,135.25
77,lag1_rush_yards_per_carry,lag1_rates,-4.071833065293351e-05,417.0,0.4,0.5813751182862364,0.5813751182862364,higher_risk,0.1465728600089433,3.4078940416334694e-43,45,0.0156398162866868,0.0059804296466948,42.0,injury,0.0026238145788744093,43.0,136.75
78,lag1_receiving_10,lag1_production,-0.0001257497451436,474.0,0.4,0.641239306652309,0.641239306652309,higher_risk,0.2323133515588296,1.326168093010421e-106,6,0.0231597135595347,0.0049929481025074,38.0,injury,0.003275713839352357,33.0,137.75
79,injury_lag3_injury_report_weeks,injury_report_history,2.5610954994381708e-05,81.0,0.8,0.5499379337162,0.5499379337162,higher_risk,0.0923905166234586,6.754872995892285e-18,86,0.0057385770293216,0.0013320844739529,148.5,injury,0.0006045317120789204,244.0,139.875
80,lag2_receiving_40,lag2_4_history,1.325997436740778e-07,185.0,0.6,0.5478398146033197,0.5478398146033197,higher_risk,0.1191906175385791,5.194262179100723e-29,99,0.006166212734016,0.0004417493656197,188.5,injury,0.0014145308057550254,93.0,141.375
81,position_QB,position,0.0001320485382674,38.0,0.4,0.4766744640409841,0.5233255359590159,lower_risk,-0.058976808077494,6.16046148723052e-08,165,0.0074291242139081,0.0010375178478956,138.5,injury,0.0006323762563181217,238.0,144.875
82,draft_number,age_experience_draft,-0.0002214279573479,495.0,0.4,0.5737457920011313,0.5737457920011313,higher_risk,0.1125377536174672,5.834308898756319e-26,52,0.017578425179531,0.0292094913460503,23.5,injury,0.008052405474369879,12.0,145.625
83,lag1_late6_targets,lag1_trajectory,-0.0001020609956608,467.0,0.4,0.6301260768126347,0.6301260768126347,higher_risk,0.2158885106443239,1.840343142175528e-92,14,0.0247433913677448,0.0017530184730361,69.5,injury,0.002773432725405006,39.0,147.375
84,injury_lag4_designation_count,injury_report_history,5.050159479118577e-05,60.0,0.8,0.5313778375100612,0.5313778375100612,higher_risk,0.063080625294175,6.349691670444532e-09,132,0.004835790618638,0.0014115213798419,158.5,injury,0.0006178204118795992,242.0,148.125
85,lag1_late6_receiving_air_yards,lag1_trajectory,-8.855553341073908e-05,462.0,0.2,0.5824869749178795,0.5824869749178795,higher_risk,0.1375664374981318,3.1922903989120115e-38,42,0.0266504636594997,0.0046266813969153,31.5,injury,0.002009368620310636,57.0,148.125
86,lag2_rushing_fumbles_lost,lag2_4_history,0.0002166067545,29.0,0.6,0.5181814102982445,0.5181814102982445,higher_risk,0.063513206116904,5.090245528273045e-09,191,0.0,0.0006578498267538,312.75,injury,0.0017069547735374243,70.0,150.6875
87,lag1_receiving_fumbles,lag1_production,2.8311662043689625e-05,78.0,0.6,0.5425729159868607,0.5425729159868607,higher_risk,0.1231303110509498,6.806074057580521e-31,107,0.001261969583878,0.0002121750721582,306.0,injury,0.0011823984930508943,115.0,151.5
88,lag1_kickoff_return_yards,lag1_production,1.884619143328603e-05,90.0,0.6,0.5308462972329178,0.5308462972329178,higher_risk,0.0776621808545842,5.770817517568816e-13,134,0.0024133067179255,0.0023974847353983,177.5,injury,0.0006811619888556688,214.0,153.875
89,lag4_rushing_first_downs,lag2_4_history,2.2732556668403348e-05,85.0,0.6,0.5185723327133503,0.5185723327133503,higher_risk,0.0443691385116148,4.831910288005197e-05,190,0.0029542134889211,0.0003547596407559,244.5,injury,0.0014028712571282744,96.0,153.875
90,lag1_rushing_yards,lag1_production,-0.000124454906312,472.0,0.2,0.5829011806869847,0.5829011806869847,higher_risk,0.1492852351846759,9.24523312551356e-45,40,0.0118551860939746,0.0043686550819816,63.0,injury,0.0027422577375134736,41.0,154.0
91,lag2_receiving_yards_after_catch_per_reception,lag2_4_history,-4.1128962654002346e-05,418.0,0.4,0.5819327291217996,0.5819327291217996,higher_risk,0.1367191358937138,8.85944269819744e-38,44,0.0164787319062722,0.0036733677402113,53.5,injury,0.0013153228740771829,101.0,154.125
92,combine_bench,body_combine,-0.0002743880669499,499.0,0.2,0.5828542060954122,0.5828542060954122,higher_risk,0.1364307905580577,1.2448142815811715e-37,41,0.0078840189662989,0.0142241667137936,65.0,injury,0.006350729434327882,18.0,155.75
93,lag1_late6_receptions,lag1_trajectory,-0.0009223649738095,511.0,0.2,0.6298225774434945,0.6298225774434945,higher_risk,0.2188804321121681,6.760926731569238e-95,15,0.0243612330710476,0.0021937893109059,61.5,injury,0.0020210863554432313,56.0,160.875
94,lag1_rush_first_down_rate,lag1_rates,-2.9132570318646243e-05,395.0,0.4,0.5683962629706975,0.5683962629706975,higher_risk,0.1341300542633891,2.0177603721319543e-36,61,0.0124490911105947,0.0031927086457856,67.0,injury,0.0010161012351416082,139.0,165.5
95,combine_broad_jump,body_combine,-0.000534647312416,506.0,0.6,0.5704504326285106,0.5704504326285106,higher_risk,0.1092794237018145,1.5106024873502964e-24,57,0.0091288671987301,0.0096799275239469,62.0,injury,0.0026568554774537554,42.0,166.75
96,lag3_receptions,lag2_4_history,-4.06360123559324e-06,301.0,0.4,0.5569151561378319,0.5569151561378319,higher_risk,0.1003450177211603,6.952333275384585e-21,72,0.0071290601488671,0.0013149562275935,133.5,injury,0.0008236345441294507,165.0,167.875
97,lag4_offense_snaps,lag2_4_history,0.0001153633858396,42.0,0.4,0.5202030172507559,0.5202030172507559,higher_risk,0.0429696049415424,8.174370848906015e-05,182,0.0024047225182641,0.0016568895647065,192.0,injury,0.0005730646708470508,256.0,168.0
98,lag3_fg_missed_50_59,lag2_4_history,1.126885713207404e-05,109.0,0.2,0.4924746500358937,0.5075253499641063,lower_risk,-0.0443063865111153,4.9082937981658506e-05,300,0.0038376342823198,0.0003167268610095,235.5,injury,0.003731269686835953,29.0,168.375
99,lag1_late6_mean_delta_carries,lag1_trajectory,1.0343042913363298e-05,113.0,0.6,0.5059355897452631,0.5059355897452631,higher_risk,0.010604893463313,0.406930286221066,313,0.0139882399774298,0.0020029031638683,81.0,injury,0.0007918544461775415,176.0,170.75
100,lag2_rush_first_down_rate,lag2_4_history,-8.195577629677153e-06,341.0,0.6,0.5444818790924316,0.5444818790924316,higher_risk,0.0914844276429366,1.4246741982730073e-17,104,0.0059250706477986,0.0022105856467969,124.5,injury,0.001160419978675631,118.0,171.875
101,combine_forty,body_combine,-0.0002218528042481,496.0,0.2,0.5294508595466509,0.5294508595466509,higher_risk,0.0443132613935126,4.9082937981658506e-05,143,0.0152137213961451,0.0196925817075141,30.0,injury,0.005867393164393972,20.0,172.25
102,lag2_receiving_16,lag2_4_history,-8.170371324669467e-05,456.0,0.4,0.5849839361852552,0.5849839361852552,higher_risk,0.1517109095666836,3.5009011625646782e-46,37,0.0167467068892843,0.0017139698850491,79.5,injury,0.001114452685649763,122.0,173.625
103,lag2_kickoff_return_yards,lag2_4_history,6.862796166373641e-06,132.0,0.8,0.5129024111357653,0.5129024111357653,higher_risk,0.0346841243281892,0.0016415150721224,210,0.0018463752850848,0.0019802273605971,194.0,injury,0.0008239905678688805,164.0,175.0
104,injury_lag2_injury_report_weeks,injury_report_history,-7.627298840311436e-05,452.0,0.4,0.5733518784398182,0.5733518784398182,higher_risk,0.1277455364029891,3.589949675262725e-33,53,0.0064003080167673,0.0024874794772524,116.0,injury,0.0015330658886566618,81.0,175.5
105,lag1_carries,lag1_production,-0.000219626130401,494.0,0.2,0.5839924052078573,0.5839924052078573,higher_risk,0.1500427106579279,3.3789913753781543e-45,38,0.0143628247772391,0.0045906197781116,52.5,injury,0.0011539675484420937,119.0,175.875
106,lag2_catch_rate,lag2_4_history,-0.0002723717885669,498.0,0.6,0.5797508239248188,0.5797508239248188,higher_risk,0.1322541734370526,1.845974823240592e-35,46,0.0092466243736559,0.005374132050919,70.0,injury,0.0014135289620029333,94.0,177.0
107,lag2_games,lag2_4_history,-0.0001501121279142,481.0,0.4,0.5824699117883791,0.5824699117883791,higher_risk,0.128027559072387,2.6231068580307045e-33,43,0.0110658223938608,0.0056936292947725,60.5,injury,0.001101882439366787,124.0,177.125
108,lag1_weekly_slope_rushing_first_downs,lag1_trajectory,4.432191876868607e-06,141.0,0.4,0.506212542691814,0.506212542691814,higher_risk,0.0123321668691813,0.3225905611225322,312,0.0119421895576579,0.0012087278125267,105.0,injury,0.0009240920185317623,151.0,177.25
109,injury_lag4_absence_report_weeks,injury_report_history,9.45166733623548e-06,118.0,0.2,0.517810202255868,0.517810202255868,higher_risk,0.0546075435489638,5.89221169292088e-07,193,0.0001796261871387,0.0002127759836114,330.5,injury,0.0016587857605472088,71.0,178.125
110,lag3_receiving_16,lag2_4_history,2.455390898026266e-06,158.0,0.6,0.5544223416867889,0.5544223416867889,higher_risk,0.1033969774602716,4.1604324246744714e-22,74,0.0060656879786211,0.000654458418182,172.5,injury,0.0004805221378314976,313.0,179.375
111,lag4_carries,lag2_4_history,1.584925823971961e-05,97.0,0.6,0.5203026088233376,0.5203026088233376,higher_risk,0.0441599741859806,5.1549021675578206e-05,180,0.005916761692863,0.0008034565782921,166.0,injury,0.0005329820623895679,279.0,180.5
112,lag1_late6_mean_delta_receiving_yards_after_catch,lag1_trajectory,-1.0837143887210132e-05,344.0,0.4,0.4927806306967739,0.5072193693032261,lower_risk,-0.0115671675120833,0.3596926456077649,301,0.0271047864640157,0.0045889199512777,31.5,injury,0.0025078464071969417,46.0,180.625
113,lag4_history_available,history_availability,4.405860688927455e-06,143.0,0.6,0.5107483779829884,0.5107483779829884,higher_risk,0.0188197501894458,0.1112793085660981,234,0.002608464131717,0.0006815606141072,222.0,injury,0.0010868434933662397,126.0,181.25
114,lag1_kickoff_returns,lag1_production,7.297023862151697e-06,129.0,0.4,0.5296618373251539,0.5296618373251539,higher_risk,0.0736096017008142,9.503353253979879e-12,142,0.0053154072331622,0.0007904769479848,176.5,injury,0.0005190877295696535,288.0,183.875
115,lag2_rushing_yards,lag2_4_history,-2.692491860212254e-05,390.0,0.2,0.5484460995453458,0.5484460995453458,higher_risk,0.0915324834761952,1.3815088918528933e-17,94,0.0125280487122685,0.0014752593836206,93.5,injury,0.0008674628925976098,158.0,183.875
116,lag1_late6_passing_first_downs,lag1_trajectory,3.0760106630656206e-05,74.0,0.6,0.5045253322891514,0.5045253322891514,higher_risk,0.0162566096270511,0.1761514125928737,331,0.0,0.0004988319717271,327.25,injury,0.020945315230115634,6.0,184.5625
117,lag1_late6_rushing_20,lag1_trajectory,8.362882493595514e-06,123.0,0.4,0.5332174943983989,0.5332174943983989,higher_risk,0.1103772456382561,5.0756059626968175e-25,125,0.0069003791554309,0.0001555841322815,241.5,injury,0.0005806219857205365,254.0,185.875
118,lag1_late6_rushing_first_downs,lag1_trajectory,-5.2534548650995386e-05,430.0,0.2,0.5595544007918379,0.5595544007918379,higher_risk,0.1322523328383028,1.845974823240592e-35,70,0.0093137419609932,0.0004468092113471,161.0,injury,0.0015108395969052274,84.0,186.25
119,lag1_rushing_40,lag1_production,-8.852916568713454e-07,263.0,0.2,0.5263109717962103,0.5263109717962103,higher_risk,0.1077955981659047,6.5173722276344684e-24,155,0.0121292036098714,9.583195611309887e-05,230.0,injury,0.001377616812344158,98.0,186.5
120,missing_years_exp,metadata_missingness,2.0059463669963585e-05,87.0,0.4,0.4805455850681981,0.5194544149318019,lower_risk,-0.0966010176237427,1.8378043031222432e-19,187,0.0101176651441527,0.0002982819732338,173.0,injury,0.0004929891852162095,299.0,186.5
121,lag1_late6_kickoff_return_yards,lag1_trajectory,2.0234738690549924e-05,86.0,0.8,0.518160098381518,0.518160098381518,higher_risk,0.0570902303046609,1.6439573792523909e-07,192,0.0048756993608427,0.001385806883878,158.5,injury,0.00048099984243573583,312.0,187.125
122,lag1_rush_20_rate,lag1_rates,-3.388502695003126e-05,405.0,0.2,0.5493248847049097,0.5493248847049097,higher_risk,0.1319570542826744,2.592079229578537e-35,89,0.0124750101361503,0.0018788178789379,86.0,injury,0.0008130836758747344,169.0,187.25
123,lag1_rushing_first_downs,lag1_production,-0.0001316275021689,476.0,0.6,0.5739016035262894,0.5739016035262894,higher_risk,0.1449464684921616,2.7511811329390387e-42,51,0.0087906860185476,0.0022360877392068,97.5,injury,0.0010483361341502948,131.0,188.875
124,is_rookie,age_experience_draft,0.0104581604934311,1.0,1.0,0.5008374869477257,0.5008374869477257,higher_risk,0.0020614712268377,0.8964611456739434,469,0.0,0.0072432362401914,232.25,injury,0.0020039283976778953,58.0,190.0625
125,lag1_weekly_slope_kickoff_return_yards,lag1_trajectory,3.5795336583488434e-06,148.0,0.2,0.5042600380147491,0.5042600380147491,higher_risk,0.0108186397000639,0.3953621672439276,338,0.0035705239253904,0.0012636491620164,180.5,injury,0.0013610952425043687,99.0,191.375
126,lag1_fg_made_30_39,lag1_production,3.1082802742554704e-06,155.0,0.6,0.4891665443015945,0.5108334556984055,lower_risk,-0.0486885640947363,8.897455126613148e-06,231,0.0077300806349591,0.0009173646189401,141.0,injury,0.0005997552815081277,246.0,193.25
127,injury_lag4_injury_reported,injury_report_history,0.0001022124173776,46.0,0.6,0.5283112668319955,0.5283112668319955,higher_risk,0.0575088089515395,1.3211849059929386e-07,147,0.0043908288890213,0.0001485798141334,277.5,injury,0.0004889637456813544,303.0,193.375
128,lag4_receiving_10,lag2_4_history,-3.470076458833571e-05,408.0,0.2,0.5342906360808372,0.5342906360808372,higher_risk,0.0684421275175477,2.6408544065462605e-10,118,0.0084079777587309,0.0007079271916419,146.5,injury,0.001307999792803897,104.0,194.125
129,injury_lag3_absence_reported,injury_report_history,3.404373399189531e-05,69.0,0.6,0.5227020859165961,0.5227020859165961,higher_risk,0.0616543491989562,1.4170589180316162e-08,168,0.0,0.0002277789312604,366.75,injury,0.0007919027438655038,175.0,194.6875
130,lag3_rushing_tds,lag2_4_history,1.1663590760391252e-05,105.0,0.6,0.525926915421262,0.525926915421262,higher_risk,0.0738146964899866,8.396067111551043e-12,158,0.0016110294061633,0.0002094273647799,302.5,injury,0.0006621721669431812,220.0,196.375
131,missing_height,metadata_missingness,1.68582687524621e-05,94.0,0.4,0.4801866475233309,0.519813352476669,lower_risk,-0.0975157863285751,8.39414841123764e-20,184,0.0046058201376997,0.0003320570153047,223.0,injury,0.000523998092213628,286.0,196.75
132,injury_lag2_designation_count,injury_report_history,-0.0002069190106484,493.0,0.4,0.5729921591181013,0.5729921591181013,higher_risk,0.1270662294905235,7.794374904581927e-33,54,0.0099828298999407,0.0032938766830288,78.5,injury,0.000843442707154719,162.0,196.875
133,lag1_late6_carries,lag1_trajectory,-0.0001430203729958,479.0,0.4,0.5681819541430094,0.5681819541430094,higher_risk,0.134967076248428,7.349528181960631e-37,62,0.0074112941049437,0.0024929763415058,107.0,injury,0.000982959850896992,143.0,197.75
134,lag1_fumbles_total,lag1_production,-3.9909214437616745e-05,416.0,0.4,0.5700118218255781,0.5700118218255781,higher_risk,0.1385796080365665,9.483995017887415e-39,58,0.0074528543810514,0.000919329449077,143.0,injury,0.0007918395544836123,177.0,198.5
135,lag1_late6_mean_delta_receiving_20,lag1_trajectory,-5.8092484574490125e-05,436.0,0.4,0.4889466610650656,0.5110533389349343,lower_risk,-0.0198019729191044,0.0916171173857459,227,0.0269357383127011,0.0016550434913348,66.0,injury,0.001838892860972851,65.0,198.5
136,lag2_completion_rate,lag2_4_history,1.1834158356349711e-05,104.0,0.6,0.5042395418651701,0.5042395418651701,higher_risk,0.0140130698669371,0.2530512539847552,340,0.0052612563302676,0.0010909752553633,162.0,injury,0.000765986987679887,188.0,198.5
137,lag3_receiving_20,lag2_4_history,-4.387209217182608e-06,304.0,0.4,0.5528385297700624,0.5528385297700624,higher_risk,0.1043268002876136,1.7584684193935141e-22,78,0.0074400874523239,0.000322225858378,188.5,injury,0.0006573161140321965,224.0,198.625
138,lag2_rushing_fumbles,lag2_4_history,-3.5554192841624754e-05,411.0,0.4,0.5250456149796602,0.5250456149796602,higher_risk,0.0727030358484091,1.7283680714424607e-11,160,0.005838544013367,0.0010949073559141,153.5,injury,0.0016463108927336474,72.0,199.125
139,injury_lag4_absence_reported,injury_report_history,7.590604790270738e-05,51.0,0.6,0.5174297828427853,0.5174297828427853,higher_risk,0.0535000977141088,1.0047144767020771e-06,195,0.0,0.0001924686542239,381.75,injury,0.0008018314868391707,172.0,199.9375
140,lag2_kickoff_returns,lag2_4_history,1.918611278228788e-05,89.0,0.8,0.5134902053557833,0.5134902053557833,higher_risk,0.0357077242342303,0.0011618839040493,209,0.0008876872765144,0.0011463436032568,229.0,injury,0.0005333486314960823,278.0,201.25
141,lag3_rush_20_rate,lag2_4_history,4.414208501013483e-06,142.0,0.4,0.5261541405621181,0.5261541405621181,higher_risk,0.0768163073186947,1.0466890174771137e-12,157,0.0056847017876058,0.0002948621208498,214.0,injury,0.0005041434856710961,295.0,202.0
142,height,body_combine,-0.0006508531341673,508.0,0.4,0.5139044111248885,0.5139044111248885,higher_risk,0.0204466872510761,0.0802741063942442,208,0.0097583129322029,0.0122510616429015,55.0,injury,0.0027674576567060594,40.0,202.75
143,lag3_receiving_air_yards,lag2_4_history,-5.471899182494244e-05,432.0,0.2,0.5352838665731254,0.5352838665731254,higher_risk,0.0618302466847302,1.2974031345695531e-08,114,0.0113881085872704,0.0022818340270113,83.0,injury,0.0007727240514983207,185.0,203.5
144,lag3_receiving_40,lag2_4_history,-2.0406620105362093e-05,378.0,0.4,0.5341482847136113,0.5341482847136113,higher_risk,0.0891072167737725,9.608630606731359e-17,121,0.0063507750010209,0.0002821200516744,206.5,injury,0.0011957640663595485,114.0,204.875
145,injury_lag3_absence_report_weeks,injury_report_history,2.133635656376143e-07,184.0,0.2,0.522755586645348,0.522755586645348,higher_risk,0.0616777659405738,1.4072421247112782e-08,167,0.005064161480814,0.0003945056950843,211.0,injury,0.0005708851932773722,258.0,205.0
146,lag2_fg_made_0_19,lag2_4_history,2.616092827256722e-07,183.0,0.2,0.4953040364158455,0.5046959635841546,lower_risk,-0.0441317253811544,5.196933297255256e-05,330,0.0057286541154049,7.406246161649664e-05,287.0,injury,0.005136727747002534,24.0,206.0
147,lag3_receiving_20_rate,lag2_4_history,-6.057652757489596e-05,438.0,0.2,0.5497586009049577,0.5497586009049577,higher_risk,0.0982282179547754,4.571845462845851e-20,87,0.0067531460948009,0.0013831910539573,132.5,injury,0.00080772602936867,170.0,206.875
148,lag4_rushing_yards,lag2_4_history,1.1410201740047476e-05,108.0,0.6,0.5225433512258262,0.5225433512258262,higher_risk,0.0493356810321329,6.827338946598566e-06,170,0.0070594204558904,0.0005267552627593,173.5,injury,0.00038691762854124983,376.0,206.875
149,lag1_fg_made_20_29,lag1_production,-7.126637532306468e-06,330.0,0.6,0.4889349004220236,0.5110650995779764,lower_risk,-0.0498017118650328,5.516536787127421e-06,226,0.0026299302052681,0.0006543393735019,224.5,injury,0.002377901403078918,48.0,207.125
150,injury_lag5_designation_count,injury_report_history,-2.473666186553203e-06,283.0,0.4,0.5224432837890753,0.5224432837890753,higher_risk,0.0519473471275388,2.0994385648606087e-06,171,0.0039596946555238,0.0005263195102954,214.0,injury,0.0008512199369015761,161.0,207.25
151,lag1_weekly_slope_carries,lag1_trajectory,-6.580973166636639e-06,323.0,0.2,0.5085705516217452,0.5085705516217452,higher_risk,0.0154391736890622,0.2010035163913885,293,0.0135740605012326,0.0020736267977831,80.5,injury,0.0010218702768130879,136.0,208.125
152,lag3_receiving_yards_after_catch_per_reception,lag2_4_history,-3.323071750127582e-06,293.0,0.6,0.5502837510061128,0.5502837510061128,higher_risk,0.0892281769008596,8.779993769197218e-17,85,0.0,0.0026323041411432,258.75,injury,0.0007354987056792439,197.0,208.4375
153,injury_lag4_injury_report_weeks,injury_report_history,2.4375737245918573e-05,83.0,0.6,0.5314996927277078,0.5314996927277078,higher_risk,0.0633325510750608,5.586189207517589e-09,131,0.0,0.000730780015309,308.25,injury,0.00047956809379832874,315.0,209.3125
154,lag1_rushing_12,lag1_production,-0.0001901251420461,491.0,0.2,0.5629070338162675,0.5629070338162675,higher_risk,0.1374907587380206,3.4403217378067523e-38,66,0.0111665568932259,0.0008042347120293,127.0,injury,0.0009098351819409976,154.0,209.5
155,lag4_receiving_tds,lag2_4_history,5.949289891100662e-05,56.0,0.6,0.5304008543801259,0.5304008543801259,higher_risk,0.0699045165066222,1.0565815828441223e-10,139,0.0002719396237416,0.0003065080792197,300.5,injury,0.0004415319942184149,343.0,209.625
156,lag3_targets,lag2_4_history,-3.269184924996616e-05,402.0,0.2,0.5573958469294525,0.5573958469294525,higher_risk,0.100145693393907,8.163279605192954e-21,71,0.0067525717374334,0.001355285683525,134.0,injury,0.0006416967216206022,234.0,210.25
157,lag1_history_available,history_availability,0.0020674739925016,8.0,1.0,0.4995351826774565,0.5004648173225434,lower_risk,-0.0011488483582566,0.9366348313578458,483,0.0,0.0036301783328836,248.75,injury,0.0012721506171510673,108.0,211.9375
158,lag3_receiving_air_yards_per_target,lag2_4_history,-7.426742902536532e-05,448.0,0.2,0.5316668910026322,0.5316668910026322,higher_risk,0.0554919650749786,3.775080347799789e-07,129,0.0054703974911949,0.0029432914311045,122.5,injury,0.0009311021094648695,149.0,212.125
159,lag2_rushing_tds,lag2_4_history,-2.416680773491553e-05,386.0,0.4,0.5338845200026104,0.5338845200026104,higher_risk,0.0899997597477638,4.734636953606187e-17,122,0.0046123744042092,0.0005357382763199,202.0,injury,0.0010135317993205158,140.0,212.5
160,injury_lag2_absence_report_weeks,injury_report_history,3.4753117815089498e-06,150.0,0.6,0.5274508704235464,0.5274508704235464,higher_risk,0.067800811793235,3.9041213194441715e-10,150,0.0,0.0004084942039179,331.25,injury,0.0006668387961739192,219.0,212.5625
161,lag1_weekly_slope_rushing_yards,lag1_trajectory,-3.0781534349944015e-05,398.0,0.6,0.5097039581021993,0.5097039581021993,higher_risk,0.0175432664365536,0.1404825494633708,254,0.0118960809454411,0.0032061886620715,69.0,injury,0.0010429565963437806,132.0,213.25
162,lag1_weekly_slope_receiving_20,lag1_trajectory,-2.7707384736963548e-05,393.0,0.6,0.4931080592355717,0.5068919407644282,lower_risk,-0.0124971305653593,0.3150442770538719,304,0.0193142389358915,0.002186994658608,67.5,injury,0.0014175378474477781,92.0,214.125
163,injury_lag5_injury_reported,injury_report_history,9.48016026989462e-05,47.0,0.8,0.5217104529683048,0.5217104529683048,higher_risk,0.0504903517533008,4.108191598493406e-06,174,0.0,0.0001409121538348,396.75,injury,0.0006216162881730549,241.0,214.6875
164,lag4_receiving_40,lag2_4_history,4.274573670164373e-05,64.0,0.6,0.5239727112293067,0.5239727112293067,higher_risk,0.0679831900101661,3.505605502908809e-10,163,0.0021442738935908,0.0001188111770545,328.0,injury,0.0004874995897310746,306.0,215.25
165,lag2_pat_missed,lag2_4_history,1.5034041365069583e-05,99.0,0.2,0.497380911592595,0.502619088407405,lower_risk,-0.0177129930264005,0.1362081955110672,388,0.0052364634011627,0.0002075180798096,248.0,injury,0.0010577516957870283,130.0,216.25
166,lag4_pat_made,lag2_4_history,0.0,213.5,0.0,0.4912070838499858,0.5087929161500142,lower_risk,-0.0464026744631534,2.26924656977271e-05,277,0.0021769021822395,0.0001367742408882,320.5,injury,0.002159339258488386,54.0,216.25
167,lag4_rush_20_rate,lag2_4_history,3.410087741517742e-06,152.0,0.4,0.5155438991494268,0.5155438991494268,higher_risk,0.0502938830749992,4.486917944111541e-06,204,0.009174119090308,0.0002378479720806,194.0,injury,0.00047909741218550106,316.0,216.5
168,lag1_weekly_slope_receptions,lag1_trajectory,-2.0800969694367843e-05,380.0,0.4,0.4955052589788771,0.5044947410211229,lower_risk,-0.0071889185227304,0.5972444624552248,332,0.0204472629674099,0.0041352368353184,47.0,injury,0.0012484175060195385,109.0,217.0
169,lag3_receiving_10,lag2_4_history,-3.405049752693845e-05,406.0,0.2,0.5536905645652506,0.5536905645652506,higher_risk,0.0977435977764834,6.992259056990239e-20,77,0.0052733539513227,0.0006150725869781,187.0,injury,0.0007222390152460442,199.0,217.25
170,lag2_rushing_20,lag2_4_history,-6.068520228608154e-05,439.0,0.2,0.5374950374165198,0.5374950374165198,higher_risk,0.1036070630819857,3.44968195628504e-22,109,0.0039306393438596,0.0002965712386341,237.0,injury,0.0014703785743620484,85.0,217.5
171,lag1_punt_return_yards,lag1_production,-5.43115735203159e-06,312.0,0.2,0.5115585707215734,0.5115585707215734,higher_risk,0.0399419872368639,0.0002591066506079,223,0.0042607731973669,0.0004042257245638,219.0,injury,0.001163767191145769,117.0,217.75
172,lag3_receiving_first_downs,lag2_4_history,-5.5142554704290525e-05,434.0,0.4,0.55412859753312,0.55412859753312,higher_risk,0.0976077869755517,7.812688098233943e-20,75,0.0115144246495604,0.0008069656384205,123.5,injury,0.0005820381902784118,253.0,221.375
173,lag1_late6_mean_delta_receiving_first_downs,lag1_trajectory,-2.1196653091615224e-05,381.0,0.4,0.4965812558463313,0.5034187441536687,lower_risk,-0.0055772843522067,0.6776571166720834,366,0.0249155171151449,0.0031325060826297,47.5,injury,0.001412756300476485,95.0,222.375
174,combine_cone,body_combine,-0.0004214298195572,503.0,0.2,0.5216780602144924,0.5216780602144924,higher_risk,0.0353157771526627,0.0013265934590553,175,0.0015184506520213,0.0096586940337144,160.0,injury,0.00232356716496611,52.0,222.5
175,lag2_rush_20_rate,lag2_4_history,-3.51418631329592e-05,409.0,0.4,0.5366213168113294,0.5366213168113294,higher_risk,0.1011784807275801,3.2555319340200045e-21,112,0.0026880535201123,0.0009000149519764,211.0,injury,0.0008519622386050415,160.0,223.0
176,lag4_receiving_yards,lag2_4_history,-2.303040433278003e-05,384.0,0.4,0.5329491409971937,0.5329491409971937,higher_risk,0.0634521424906054,5.241039822261953e-09,127,0.0075881463178828,0.0012117112526885,131.5,injury,0.0005875758476891257,250.0,223.125
177,lag1_weekly_slope_passing_20,lag1_trajectory,1.205685211917995e-05,103.0,0.6,0.5049666963062063,0.5049666963062063,higher_risk,0.0171768731807868,0.1501425368005288,328,0.0,0.0006355943161438,315.25,injury,0.0009448411670915989,147.0,223.3125
178,lag1_receiving_fumbles_lost,lag1_production,-1.7945098718108454e-07,246.0,0.4,0.5258323884030544,0.5258323884030544,higher_risk,0.0934983021361515,2.6751329097684285e-18,159,0.0027239318334824,9.7858764936067e-05,320.5,injury,0.0008169529512483874,168.0,223.375
179,lag2_rushing_first_downs,lag2_4_history,-7.043149746215338e-05,445.0,0.2,0.5470798595248971,0.5470798595248971,higher_risk,0.0968357978596817,1.5073897383473854e-19,101,0.006106013839902,0.0009068724277754,159.0,injury,0.0007610016855128047,189.0,223.5
180,lag1_weekly_slope_punt_return_yards,lag1_trajectory,1.145450770672074e-05,107.0,0.2,0.4948591374078184,0.5051408625921816,lower_risk,-0.017837036814285,0.1332466803805638,327,0.0003683603850523,0.0008395147005189,256.0,injury,0.0006977880524598799,206.0,224.0
181,lag4_receiving_20_rate,lag2_4_history,-4.311040726627802e-05,421.0,0.4,0.5320541764558724,0.5320541764558724,higher_risk,0.0693821336449849,1.4695076561879558e-10,128,0.0077878694003157,0.0010032127922377,134.5,injury,0.0006813189160446902,213.0,224.125
182,injury_lag1_reserve_weeks,reserve_history_roster,-5.495700239119827e-05,433.0,0.6,0.5215344851965454,0.5215344851965454,higher_risk,0.0541993858665447,7.174651891883297e-07,176,0.0,0.0058584571494938,236.25,injury,0.0022294084744330454,53.0,224.5625
183,lag1_late6_mean_delta_receiving_yards,lag1_trajectory,-7.52766393342874e-05,450.0,0.4,0.4965873061193412,0.5034126938806588,lower_risk,-0.0054424477898959,0.6797999499711624,367,0.0234644457092625,0.0044495008426104,40.5,injury,0.0025862925619941817,44.0,225.375
184,lag1_rushing_fumbles,lag1_production,-0.0004279325096103,504.0,0.0,0.535783591931519,0.535783591931519,higher_risk,0.1003285384468457,6.978604470246929e-21,113,0.0045735669350333,0.0002253708469496,250.5,injury,0.003108759449050177,36.0,225.875
185,lag3_receiving_tds,lag2_4_history,-3.2591838407936e-05,401.0,0.4,0.5442393923078597,0.5442393923078597,higher_risk,0.0927973134694636,4.8257776884991056e-18,105,0.0016203271879899,0.0006778834569223,238.5,injury,0.0008635585493332894,159.0,225.875
186,lag2_receiving_fumbles_lost,lag2_4_history,-1.8959079188585192e-06,278.0,0.8,0.5161289401553221,0.5161289401553221,higher_risk,0.0605968717163492,2.5405416427522567e-08,201,0.0039149763238865,8.927687598908382e-05,307.5,injury,0.0011342460482364509,120.0,226.625
187,injury_lag5_injury_report_weeks,injury_report_history,-8.719163492321158e-07,262.0,0.4,0.5225770356109553,0.5225770356109553,higher_risk,0.0522587130654716,1.8118912832708405e-06,169,0.0,0.000407666618572,331.75,injury,0.000982764958758929,144.0,226.6875
188,lag1_rushing_tds,lag1_production,-0.0001342206220928,477.0,0.2,0.5484846785333595,0.5484846785333595,higher_risk,0.1235736349532036,4.191157158923217e-31,93,0.0065785239910205,0.0004548311396278,182.0,injury,0.0008803573781435315,156.0,227.0
189,lag4_receiving_air_yards_per_target,lag2_4_history,-9.340961142143556e-05,464.0,0.6,0.5218197657660597,0.5218197657660597,higher_risk,0.0418123989159586,0.0001288385650211,173,0.0064653233690408,0.0018786988184883,126.0,injury,0.0009247112539867736,150.0,228.25
190,lag3_receiving_yards,lag2_4_history,-7.452972946899727e-05,449.0,0.2,0.5540966806434771,0.5540966806434771,higher_risk,0.0953530065789843,5.408120101376981e-19,76,0.0043606056755214,0.0013613047432172,166.0,injury,0.0006499445721463779,228.0,229.75
191,lag4_receiving_20,lag2_4_history,-4.120599996155771e-05,419.0,0.4,0.5336626653288086,0.5336626653288086,higher_risk,0.0728696459780272,1.556963557082997e-11,123,0.0003345216023888,0.0005087443553591,280.0,injury,0.0013440213887002043,100.0,230.5
192,lag1_weekly_slope_targets,lag1_trajectory,-6.134898646119602e-05,441.0,0.4,0.5034775133785812,0.5034775133785812,higher_risk,0.005504037520777,0.6781824432938492,365,0.0255207935549171,0.0052324586799842,32.0,injury,0.0014672115238655301,86.0,231.0
193,lag3_games,lag2_4_history,-1.390065360984405e-05,355.0,0.4,0.5425798839979117,0.5425798839979117,higher_risk,0.0690842329728351,1.7661358127878687e-10,106,0.0004022890993016,0.0024878252058337,211.5,injury,0.0005785671222390109,255.0,231.875
194,lag1_late6_mean_delta_passing_20,lag1_trajectory,-8.467113730148412e-07,259.5,0.0,0.5014837784702735,0.5014837784702735,higher_risk,0.0050784812455703,0.70262904446348,434,0.0094469598046109,0.0004478210941708,159.5,injury,0.0016035817505113572,75.0,232.0
195,lag4_catch_rate,lag2_4_history,-0.000525325817266,505.0,0.4,0.530101569807914,0.530101569807914,higher_risk,0.057996944976183,1.033480680125283e-07,140,0.0030609544852184,0.0026262920242747,161.5,injury,0.001111053205990358,123.0,232.375
196,lag3_history_available,history_availability,0.000205154871734,30.0,0.6,0.5199163430790315,0.5199163430790315,higher_risk,0.0336796348987719,0.0022689381773432,183,0.0,0.0008477983176834,302.25,injury,0.0003370263769303243,419.0,233.5625
197,lag4_receiving_yards_after_catch,lag2_4_history,-5.78504015714687e-05,435.0,0.4,0.5346365553416432,0.5346365553416432,higher_risk,0.0670386913210656,6.157496633156126e-10,116,0.0049149843590909,0.0014808733486865,156.0,injury,0.0006496112749157811,229.0,234.0
198,lag3_rushing_yards,lag2_4_history,-0.0001247824227332,473.0,0.2,0.5292418192151233,0.5292418192151233,higher_risk,0.0588442333435054,6.545183923077326e-08,145,0.0058549564331737,0.0012981116714126,147.5,injury,0.0007862861632977593,180.0,236.375
199,lag1_late6_mean_delta_kickoff_return_yards,lag1_trajectory,-7.159067316742096e-07,253.0,0.0,0.4980108537818965,0.5019891462181034,lower_risk,-0.0050081020207924,0.7064128915897798,407,0.0055300161443896,0.0012842415179138,154.0,injury,0.0010253399057808476,135.0,237.25
200,lag1_pat_make_rate,lag1_rates,-4.252180441337572e-05,420.0,0.4,0.4877395296286627,0.5122604703713374,lower_risk,-0.0537988812638808,8.741207765561346e-07,214,0.0146159869333808,0.0015566923773578,86.5,injury,0.0006456492967066293,232.0,238.125
201,lag4_receiving_yards_after_catch_per_reception,lag2_4_history,-2.683833161098992e-05,388.0,0.4,0.5315261711697015,0.5315261711697015,higher_risk,0.0610989515999348,1.9225169385379e-08,130,0.0002274673040334,0.0019668676563214,227.0,injury,0.000693385383015853,208.0,238.25
202,lag1_fumbles_lost_total,lag1_production,-5.065385031428615e-05,429.0,0.4,0.5494022126324262,0.5494022126324262,higher_risk,0.1122570242438988,7.680070041581777e-26,88,0.0084838109441407,0.000332381575944,177.5,injury,0.0005703840634791868,259.0,238.375
203,lag1_late6_mean_delta_rushing_20,lag1_trajectory,-1.979320898792825e-05,375.0,0.2,0.4914768308534012,0.5085231691465988,lower_risk,-0.0228027893993983,0.0472813491168495,294,0.0050845403104706,0.0006040915480883,193.5,injury,0.0013990105352179227,97.0,239.875
204,lag2_passing_air_yards_per_attempt,lag2_4_history,8.596732918086936e-06,121.0,0.6,0.5033100431812744,0.5033100431812744,higher_risk,0.0103991090845694,0.4161108130504454,372,0.0,0.0006146018418289,316.75,injury,0.0009102620591537117,153.0,240.6875
205,lag2_rushing_10,lag2_4_history,-0.0001810901344227,490.0,0.0,0.5478423978659532,0.5478423978659532,higher_risk,0.1049233253945721,1.0172517210968036e-22,98,0.0096463063486398,0.0003853732676469,164.5,injury,0.0006827549867052014,211.0,240.875
206,lag3_made_field_goal_mean_distance,lag2_4_history,-5.981794204212853e-06,318.0,0.2,0.4909959361199939,0.5090040638800061,lower_risk,-0.0446231225801767,4.373255800152156e-05,271,0.0070270721958447,0.0002010884580241,228.5,injury,0.0009751721296905706,146.0,240.875
207,lag2_missed_field_goal_mean_distance,lag2_4_history,9.926745940802562e-06,115.0,0.8,0.4905147354739063,0.5094852645260937,lower_risk,-0.0454200165140491,3.1839323295154405e-05,259,0.0,0.0004942784897425,328.25,injury,0.0005649215574712477,262.0,241.0625
208,lag1_weekly_slope_rushing_20,lag1_trajectory,-3.114030490403153e-06,290.0,0.4,0.5021950934325307,0.5021950934325307,higher_risk,0.0059726140593333,0.6655563123023991,399,0.0093907164658055,0.0003134279336048,175.0,injury,0.0013096699721301332,102.0,241.5
209,injury_lag3_reserve_weeks,reserve_history_roster,3.118344097747805e-05,72.0,0.4,0.5030717372033328,0.5030717372033328,higher_risk,0.0110347936252871,0.3850197663863241,378,0.0027408361761263,0.0002912305662419,257.0,injury,0.0005649562145282264,261.0,242.0
210,lag4_passing_yards,lag2_4_history,1.5262385341174856e-05,98.0,0.6,0.4986442629815745,0.5013557370184254,lower_risk,-0.0050869075752451,0.70262904446348,438,0.0,0.0002500637959988,357.75,injury,0.001591546547828573,78.0,242.9375
211,lag4_targets,lag2_4_history,-9.1299456165439e-05,463.0,0.2,0.5332049859688051,0.5332049859688051,higher_risk,0.0633022712611871,5.6483946541468595e-09,126,0.0065330804821832,0.0013377243509293,136.5,injury,0.0005852850584601688,251.0,244.125
212,lag2_rushing_12,lag2_4_history,-9.408179565129073e-05,465.0,0.2,0.5464777893797994,0.5464777893797994,higher_risk,0.105544168651491,5.733088718210574e-23,102,0.0081386337806135,0.0002493405440753,197.0,injury,0.0006795638052814831,215.0,244.75
213,lag1_late6_mean_delta_receptions,lag1_trajectory,-0.0001157075671629,470.0,0.2,0.4987366146207226,0.5012633853792774,lower_risk,-0.0020161193972362,0.8967299717835708,447,0.0317983749834271,0.0039051007116668,31.0,injury,0.003190473086627465,34.0,245.5
214,lag3_missed_field_goal_mean_distance,lag2_4_history,-6.4474238273382055e-06,322.0,0.2,0.4912157513759272,0.5087842486240728,lower_risk,-0.0441687637916833,5.1549021675578206e-05,278,0.0008914063991336,0.000193415172406,319.0,injury,0.0018416453359862265,64.0,245.75
215,lag1_weekly_slope_receiving_air_yards,lag1_trajectory,-4.729614582530406e-05,426.0,0.4,0.4997492535730602,0.5002507464269397,lower_risk,-0.0003972073125101,0.9871710299714368,497,0.0214457666840592,0.0062091175751025,34.5,injury,0.004901041278839301,26.0,245.875
216,lag2_rushing_40,lag2_4_history,-8.899997279598892e-07,265.0,0.2,0.5167679917444364,0.5167679917444364,higher_risk,0.0704721393435278,7.358536287964414e-11,199,0.0077624633371966,3.134648671049236e-05,283.5,injury,0.0006359872001512265,236.0,245.875
217,lag2_roster_weeks,lag2_4_history,-0.0005717569580883,507.0,0.2,0.542225841055929,0.542225841055929,higher_risk,0.0648991378529675,2.238966693530346e-09,108,0.0007380457514809,0.0061873668778315,178.0,injury,0.0007519180807937033,192.0,246.25
218,lag3_fg_made_40_49,lag2_4_history,2.5401341190889328e-06,157.0,0.2,0.4906672159498792,0.5093327840501207,lower_risk,-0.046585812071614,2.1313002472336616e-05,261,0.0003903044149997,0.0001000033941296,363.5,injury,0.0006934122884092139,207.0,247.125
219,lag2_fg_made_30_39,lag2_4_history,9.11992909564674e-06,120.0,0.4,0.4902682378341926,0.5097317621658074,lower_risk,-0.0463706218764171,2.2911953991261128e-05,253,0.0074210055861416,0.0002609348047772,203.0,injury,0.0003438151310356625,413.0,247.25
220,lag4_receptions,lag2_4_history,-2.0536994824538192e-05,379.0,0.2,0.5341493724031412,0.5341493724031412,higher_risk,0.0657958653394682,1.3074207367898899e-09,120,0.0053858771173973,0.0009117143492141,168.5,injury,0.00047375427436595596,322.0,247.375
221,lag4_punt_return_yards,lag2_4_history,0.0,213.5,0.0,0.5052077215079729,0.5052077215079729,higher_risk,0.0236806553050691,0.0382743003609288,325,0.0011028308017126,1.4789822131006416e-05,382.5,injury,0.00160322772696905,76.0,249.25
222,lag1_late6_mean_delta_punt_return_yards,lag1_trajectory,2.147720195000424e-06,162.0,0.2,0.4946959499880354,0.5053040500119645,lower_risk,-0.0183287620031095,0.1216567017233217,322,0.0,0.0004733395316093,328.75,injury,0.0007725987976759002,186.0,249.6875
223,lag3_kickoff_returns,lag2_4_history,1.9538171381694448e-05,88.0,0.6,0.5068396976766952,0.5068396976766952,higher_risk,0.0195623821221191,0.0961841071619306,305,0.0001675049215306,0.0006402884933605,273.0,injury,0.0004534916890917498,334.0,250.0
224,lag4_rushing_12,lag2_4_history,-8.89445713636583e-07,264.0,0.2,0.5157986904218059,0.5157986904218059,higher_risk,0.041746067850498,0.0001318225440922,203,0.0081339175939465,8.187369807791898e-05,259.0,injury,0.0005396004042068101,275.0,250.25
225,lag3_fumbles_total,lag2_4_history,-6.982812650679903e-06,328.0,0.6,0.5292868563597206,0.5292868563597206,higher_risk,0.0632245679789377,5.873356886948034e-09,144,0.0057617590111962,0.0004024464555614,197.0,injury,0.0004532766832397788,335.0,251.0
226,lag3_rush_first_down_rate,lag2_4_history,-0.0001368243569851,478.0,0.2,0.5247754261023734,0.5247754261023734,higher_risk,0.0543291461332096,6.754437643250844e-07,161,0.0079170155413548,0.0012605096620049,127.5,injury,0.0006229012496499057,240.0,251.625
227,lag4_rushing_fumbles,lag2_4_history,-3.566561602963425e-06,299.0,0.2,0.512865735604429,0.512865735604429,higher_risk,0.0416620002359424,0.000135334405393,211,0.0017013629695332,4.137307755864047e-05,360.0,injury,0.0010178096898209408,137.0,251.75
228,lag3_rushing_first_downs,lag2_4_history,-8.324030219877265e-05,458.0,0.0,0.527426329428528,0.527426329428528,higher_risk,0.0601454983929207,3.235197501172149e-08,151,0.0048194455439865,0.0004012503343688,212.0,injury,0.0007695868466515921,187.0,252.0
229,lag4_sack_yards_lost,lag2_4_history,1.2977653724566272e-05,102.0,0.6,0.5011286818290587,0.5011286818290587,higher_risk,0.0046019447633753,0.7294815703506986,453,0.0,0.0001361273544574,399.75,injury,0.001717903741237834,69.0,255.9375
230,lag3_rushing_fumbles_lost,lag2_4_history,-1.5944540550694163e-05,365.0,0.0,0.5114389248732842,0.5114389248732842,higher_risk,0.0420006529352356,0.0001198979657902,224,0.0052295232466956,0.000140245236874,271.0,injury,0.0008229753494703162,166.0,256.5
231,lag1_late6_mean_delta_receiving_air_yards,lag1_trajectory,-0.0001039206313071,469.0,0.2,0.4995535034479758,0.5004464965520242,lower_risk,-0.0007068783802144,0.967090117214508,484,0.0246657747710621,0.006997269965811,28.5,injury,0.002552548264272463,45.0,256.625
232,lag3_fg_missed_40_49,lag2_4_history,8.467113730370457e-07,177.0,0.2,0.493444699145076,0.506555300854924,lower_risk,-0.0363433464932287,0.0009389538877221,308,0.0015141663232705,4.707138666325176e-05,361.5,injury,0.0007861778940229273,181.0,256.875
233,lag1_late6_mean_delta_pat_att,lag1_trajectory,9.89552544750083e-07,173.0,0.4,0.4983407296221365,0.5016592703778635,lower_risk,-0.0073008295451101,0.5919738527234306,424,0.0028648135561799,0.0005532571355487,226.5,injury,0.0007002722354238177,205.0,257.125
234,lag4_receiving_yards_per_reception,lag2_4_history,-8.447986219159987e-05,459.0,0.4,0.5298675466074965,0.5298675466074965,higher_risk,0.0576013729388058,1.264530764339991e-07,141,0.0010361824095657,0.0015784980437714,213.0,injury,0.0006784894487799958,216.0,257.25
235,lag1_rushing_fumbles_lost,lag1_production,-7.553063088414636e-05,451.0,0.0,0.5262784770715047,0.5262784770715047,higher_risk,0.0889903466684776,1.0479783712204411e-16,156,0.0079434385859031,0.0001471701692945,234.5,injury,0.0007591383608272712,190.0,257.875
236,lag1_gwfg_distance,lag1_production,2.017746364968431e-06,163.0,0.2,0.4959415924318562,0.5040584075681438,lower_risk,-0.0254447861741396,0.0247896741900095,348,0.0,0.0005038124295369,326.75,injury,0.0007257881128698853,198.0,258.9375
237,lag2_passing_yards_after_catch_per_completion,lag2_4_history,-5.225001555109187e-06,310.0,0.2,0.5035848887293611,0.5035848887293611,higher_risk,0.0120809786040078,0.3338895515707982,360,0.0009929968025392,0.0009717268346006,232.0,injury,0.0010172283586581984,138.0,260.0
238,lag1_fg_made,lag1_production,2.4356709860318125e-05,84.0,0.6,0.4882995537753702,0.5117004462246297,lower_risk,-0.0516969606484565,2.321536796907754e-06,222,0.0003336768949759,0.0003518299476897,295.5,injury,0.0003096310582244278,441.0,260.625
239,lag4_rushing_tds,lag2_4_history,3.993564008375472e-07,182.0,0.6,0.5152462121212121,0.5152462121212121,higher_risk,0.0475347334208818,1.4210437689401634e-05,205,0.0,0.0001102085153068,408.25,injury,0.0005917181457109682,249.0,261.0625
240,lag4_missed_field_goal_mean_distance,lag2_4_history,8.458805616395892e-07,179.5,0.2,0.4913541258783092,0.5086458741216908,lower_risk,-0.0462918993208271,2.3302253539355145e-05,290,0.0013592578698462,8.265520927031077e-05,351.0,injury,0.0006545498731384095,225.0,261.375
241,missing_combine_broad_jump,metadata_missingness,-0.0008657979769236,510.0,0.2,0.4476791424655746,0.5523208575344254,lower_risk,-0.0885156398633321,1.5303890347908398e-16,79,0.005858629447522,0.0007060309230292,171.5,injury,0.0005237512500274243,287.0,261.875
242,lag3_sack_yards_lost,lag2_4_history,1.0741054158902583e-05,112.0,0.4,0.5025689187278383,0.5025689187278383,higher_risk,0.0098931637919404,0.4461517559315913,389,0.0,8.90546162566416e-05,417.25,injury,0.0010374432080893473,133.0,262.8125
243,lag3_receiving_fumbles,lag2_4_history,-1.091811580746782e-05,345.0,0.4,0.5172339647371054,0.5172339647371054,higher_risk,0.0549955636149142,4.854321193800514e-07,198,0.0028665287629072,0.0001490688552814,300.0,injury,0.0006843076523945064,210.0,263.25
244,lag3_sack_fumbles,lag2_4_history,4.495166147822083e-06,140.0,0.2,0.4986467782636124,0.5013532217363876,lower_risk,-0.0057666937670488,0.6735204512309391,439,0.0,6.152379805883256e-05,425.25,injury,0.0023341549327028114,51.0,263.8125
245,lag2_punt_returns,lag2_4_history,-2.680891227124782e-06,287.0,0.2,0.5120236259762013,0.5120236259762013,higher_risk,0.043540486218218,6.504432639484569e-05,217,0.0,0.0002365240928552,363.75,injury,0.0007502146952413401,193.0,265.1875
246,lag4_completion_rate,lag2_4_history,5.434255908072227e-05,58.0,0.6,0.4985078259261675,0.5014921740738325,lower_risk,-0.0055934022521913,0.6776571166720834,432,0.0,0.0007436955536029,306.75,injury,0.0005631710977684493,264.0,265.1875
247,missing_weight,metadata_missingness,-2.6440740730104828e-05,387.0,0.0,0.4802584350323043,0.5197415649676956,lower_risk,-0.0973334374640789,9.776884319773313e-20,185,0.0072913650666777,0.000228421196765,214.0,injury,0.0005355879734624325,277.0,265.75
248,lag1_fg_made_50_59,lag1_production,7.675338287138623e-06,127.0,0.6,0.4914885575061454,0.5085114424938546,lower_risk,-0.041168711785866,0.0001634674170518,295,0.005427507095014,0.0001050719072705,278.5,injury,0.0004026633508857971,367.0,266.875
249,lag1_pat_missed,lag1_production,3.579533658326639e-06,149.0,0.2,0.4965876120320215,0.5034123879679784,lower_risk,-0.020194583491377,0.0846118385919581,368,0.0075678689044171,0.0005591002544331,163.0,injury,0.0003670891541089305,389.0,267.25
250,lag3_punt_return_yards,lag2_4_history,2.563310905023819e-06,156.0,0.4,0.5095011379951707,0.5095011379951707,higher_risk,0.0390136764390935,0.0003638216028105,258,0.0,0.0001671251608981,389.75,injury,0.0005589678051201387,266.0,267.4375
251,lag1_pass_td_rate,lag1_rates,-6.769536927397901e-06,326.0,0.0,0.5051570759642368,0.5051570759642368,higher_risk,0.0184934268038681,0.1179556643763739,326,0.0,0.0003730534561501,338.25,injury,0.0015360626900865978,80.0,267.5625
252,lag1_punt_returns,lag1_production,-1.884562543588153e-05,373.0,0.2,0.5142870738976267,0.5142870738976267,higher_risk,0.0481839698628196,1.099647758492205e-05,207,0.0063573637276261,0.0001731017181422,242.5,injury,0.0005934904720462043,248.0,267.625
253,lag1_fg_missed_40_49,lag1_production,4.046698449089448e-06,145.0,0.4,0.4908498118297113,0.5091501881702887,lower_risk,-0.0455926030163387,2.9791441871812848e-05,264,0.000558836650669,6.788666773566088e-05,370.5,injury,0.0004973007887353184,296.0,268.875
254,lag4_games,lag2_4_history,-0.0003240829626921,501.0,0.4,0.5209495461615437,0.5209495461615437,higher_risk,0.0364034832306671,0.0009222781074335,178,0.0037102128978254,0.0020982574426152,160.0,injury,0.0006345214015997593,237.0,269.0
255,lag3_carries,lag2_4_history,-0.000101748923302,466.0,0.2,0.5307071069633884,0.5307071069633884,higher_risk,0.0613021444558998,1.7229777878872722e-08,135,0.0003905280887779,0.0010812912368341,243.0,injury,0.0006436897390473961,233.0,269.25
256,lag2_interception_rate,lag2_4_history,-1.824227387414723e-06,277.0,0.2,0.5016468299288651,0.5016468299288651,higher_risk,0.0061972450808307,0.6576960872432024,425,0.0048080913217711,0.0005396257689049,200.0,injury,0.0007918311530520516,178.0,270.0
257,lag4_receiving_fumbles,lag2_4_history,-7.65488166605266e-06,336.0,0.2,0.5124299459962148,0.5124299459962148,higher_risk,0.043001551077613,8.098283833150132e-05,213,0.0,0.0001886677119192,382.75,injury,0.0008852202026593406,155.0,271.6875
258,lag4_kickoff_return_yards,lag2_4_history,-4.2954403900230535e-06,303.0,0.0,0.5057399076007745,0.5057399076007745,higher_risk,0.0185208027072152,0.1176381818644455,315,0.0008271451875945,0.000802843934437,246.0,injury,0.000657593591113008,223.0,271.75
259,lag3_passing_first_downs,lag2_4_history,6.594292600703433e-06,134.0,0.6,0.4980078286453914,0.5019921713546086,lower_risk,-0.0070042632360502,0.6056500139030558,406,0.0,0.0001877942293895,383.75,injury,0.0008210120942278248,167.0,272.6875
260,lag1_late6_mean_delta_rushing_first_downs,lag1_trajectory,-1.3855106629878655e-05,354.0,0.2,0.4984465754095151,0.5015534245904849,lower_risk,-0.0030475169551568,0.8334235576362364,430,0.011392491965446,0.0009767142395816,115.0,injury,0.0007484414621691157,194.0,273.25
261,lag2_fumbles_lost_total,lag2_4_history,-0.0001174567726093,471.0,0.2,0.5368706356457612,0.5368706356457612,higher_risk,0.0867659580803446,6.166735998719914e-16,110,0.002558196113966,0.000672054884949,225.0,injury,0.0005159772978619943,290.0,274.0
262,lag1_gwfg_made,lag1_production,3.407104585018139e-05,68.0,0.6,0.4967666729208814,0.5032333270791185,lower_risk,-0.021574660138265,0.0629646556745444,375,0.0028478532805111,0.000182844683074,292.5,injury,0.0004102655220177741,362.0,274.375
263,lag3_receiving_fumbles_lost,lag2_4_history,-3.384353058022427e-06,296.0,0.0,0.5107974259827275,0.5107974259827275,higher_risk,0.0427109567407352,9.054944209213116e-05,233,0.0009673920220722,3.659603468654368e-05,375.5,injury,0.0007367827348461434,196.0,275.125
264,lag4_receiving_first_downs,lag2_4_history,-6.937749577737851e-05,444.0,0.4,0.5341648719789422,0.5341648719789422,higher_risk,0.0675533534256587,4.5280824925192176e-10,119,0.0015854117757219,0.0007963350191732,234.5,injury,0.0004881212172990415,305.0,275.625
265,lag1_late6_punt_return_yards,lag1_trajectory,1.6706029376090115e-06,164.0,0.2,0.5083709605930083,0.5083709605930083,higher_risk,0.0343729305216157,0.001817788987069,296,0.0,0.0002932170179118,348.25,injury,0.0004968602430213181,297.0,276.3125
266,lag4_rushing_fumbles_lost,lag2_4_history,6.930779205216453e-06,131.0,0.4,0.511234065348387,0.511234065348387,higher_risk,0.0445786160004862,4.438920041114338e-05,225,0.0,4.41529651184482e-05,432.75,injury,0.0004769911877744013,318.0,276.6875
267,injury_lag5_absence_reported,injury_report_history,2.988073128256108e-05,77.0,0.8,0.5102192170266918,0.5102192170266918,higher_risk,0.0364778555837078,0.0009013746927025,242,0.0021578993833664,1.857179912798236e-05,366.5,injury,0.0003339811811429072,422.0,276.875
268,missing_combine_shuttle,metadata_missingness,-0.0003563947077932,502.0,0.2,0.4633569973786682,0.5366430026213318,lower_risk,-0.0624504447547589,9.118343870514692e-09,111,0.0028815503762538,0.0009448901931571,203.5,injury,0.0005053378800665563,292.0,277.125
269,lag4_receiving_first_down_rate,lag2_4_history,-0.0001616556234736,487.0,0.4,0.5306244425591158,0.5306244425591158,higher_risk,0.0605523042767529,2.5887960728130364e-08,136,0.0,0.0021793796712746,266.25,injury,0.0006618393484874958,221.0,277.5625
270,lag2_receiving_fumbles,lag2_4_history,-4.5749831327546175e-05,423.0,0.2,0.5243506493506492,0.5243506493506492,higher_risk,0.0737592558340743,8.650240493744339e-12,162,0.0001748762533977,0.0002266563923103,326.0,injury,0.0007217335097519109,200.0,277.75
271,missing_combine_cone,metadata_missingness,-0.0001730041828434,489.0,0.0,0.4688630857208118,0.5311369142791882,lower_risk,-0.0532717668187999,1.1140594425400357e-06,133,0.004323763854896,0.0008088458605461,188.5,injury,0.0004889887855352322,302.0,278.125
272,lag4_fumbles_lost_total,lag2_4_history,-6.660725291154356e-05,443.0,0.2,0.5190346007635581,0.5190346007635581,higher_risk,0.0505725263710613,3.971426426793834e-06,188,0.0006964096036203,0.0003289641211789,287.0,injury,0.0007377030975790057,195.0,278.25
273,lag4_fumbles_total,lag2_4_history,-3.426284052441275e-05,407.0,0.0,0.5203400661315234,0.5203400661315234,higher_risk,0.0472753000080195,1.5894251776846595e-05,179,0.003086126013899,0.0003565361490654,241.0,injury,0.0005051044438175209,293.0,280.0
274,lag1_fg_missed_distance,lag1_production,-2.48798460877886e-07,248.0,0.4,0.4889475448128087,0.5110524551871913,lower_risk,-0.0498896539036207,5.39383944525316e-06,228,0.0,0.0005247041763647,324.75,injury,0.000465291820364168,328.0,282.1875
275,lag4_receiving_yards_per_target,lag2_4_history,-0.0003214544520393,500.0,0.0,0.5305214179664558,0.5305214179664558,higher_risk,0.0588624020339778,6.520319870521505e-08,137,0.0003876873895767,0.0018885885309423,224.0,injury,0.0005574418737284371,268.0,282.25
276,lag3_interception_rate,lag2_4_history,7.980813825891886e-06,125.0,0.6,0.4981238715221127,0.5018761284778872,lower_risk,-0.0073633839556694,0.5902076592364659,415,0.0,0.000238504808461,360.75,injury,0.000648514926223973,231.0,282.9375
277,lag2_pass_yards_per_attempt,lag2_4_history,7.2391331604970684e-06,130.0,0.6,0.5042458300702647,0.5042458300702647,higher_risk,0.0140440647420615,0.2523951362460863,339,0.0,0.0004977402603269,327.75,injury,0.0004441464460999121,340.0,284.1875
278,lag1_field_goal_make_rate,lag1_rates,-8.256740214189762e-05,457.0,0.4,0.4882715797602731,0.5117284202397269,lower_risk,-0.051820546279123,2.2215639586665886e-06,220,0.0058430111955272,0.0005697287068789,180.5,injury,0.0005265216357317302,283.0,285.125
279,lag3_rushing_12,lag2_4_history,-8.539210882179127e-05,460.0,0.2,0.5278085843176924,0.5278085843176924,higher_risk,0.0672692002130855,5.371048870115674e-10,148,0.0029050028036388,0.0005194162879633,231.0,injury,0.00048625302122703247,308.0,286.75
280,lag3_kickoff_return_yards,lag2_4_history,-4.234027907235038e-06,302.0,0.2,0.5064114879048923,0.5064114879048923,higher_risk,0.0187384974054888,0.1127823020357305,310,0.0033449804368372,0.0011939909607768,184.5,injury,0.0004270434360860531,352.0,287.125
281,lag3_fg_made_distance,lag2_4_history,-1.4318134633484192e-06,270.0,0.0,0.4909722448824207,0.5090277551175793,lower_risk,-0.0447405335495288,4.1767037631691845e-05,270,0.0044511856697062,0.0002369366932876,246.0,injury,0.0004090441217431794,364.0,287.5
282,lag3_rushing_20,lag2_4_history,-2.018947033923801e-05,377.0,0.4,0.5267480190454437,0.5267480190454437,higher_risk,0.0785682327026707,3.0267056906741106e-13,154,0.0009538707482921,9.61893690551154e-05,351.0,injury,0.0005488782682565117,272.0,288.5
283,lag1_weekly_slope_passing_yards,lag1_trajectory,1.4318134633040103e-06,169.0,0.2,0.5022167112619375,0.5022167112619375,higher_risk,0.0069959752690377,0.6056500139030558,398,0.0005704319136738,0.0001987917513671,326.0,injury,0.0005635050462021289,263.0,289.0
284,lag4_receiving_air_yards,lag2_4_history,-7.684948265558322e-05,454.0,0.2,0.5238915084078402,0.5238915084078402,higher_risk,0.0457824078182367,2.7776686363567005e-05,164,0.0006974336917404,0.0016881834729921,219.0,injury,0.0004769474934072777,320.0,289.25
285,lag1_fg_att,lag1_production,4.008826754264838e-06,146.0,0.2,0.4880741301202984,0.5119258698797016,lower_risk,-0.0524741298972559,1.647567232869277e-06,218,0.0,0.0002056996795571,376.25,injury,0.00033942088970728446,417.0,289.3125
286,lag4_rush_yards_per_carry,lag2_4_history,-7.200721174707158e-05,447.0,0.4,0.5223047053449063,0.5223047053449063,higher_risk,0.0488255633245318,8.43559047662964e-06,172,0.0,0.001078663396344,291.75,injury,0.000598845765201629,247.0,289.4375
287,lag4_fg_missed_40_49,lag2_4_history,1.5173476079821668e-06,167.0,0.2,0.4923680564619635,0.5076319435380365,lower_risk,-0.0452834410961144,3.3635433804968834e-05,298,0.0,8.221242833322838e-06,450.25,injury,0.0006109376896968777,243.0,289.5625
288,lag4_receiving_16,lag2_4_history,-8.781552934375992e-05,461.0,0.4,0.5346277858448085,0.5346277858448085,higher_risk,0.0720394237196778,2.6547783789479948e-11,117,0.0051219880350528,0.000532610429868,196.5,injury,0.0003810251551412416,384.0,289.625
289,position_K,position,-0.0007442977603915,509.0,0.2,0.48119150269747,0.51880849730253,lower_risk,-0.0721697827965586,2.4524195365159164e-11,189,0.0,0.0001896989652203,382.25,injury,0.0015305122670011596,82.0,290.5625
290,lag4_rush_first_down_rate,lag2_4_history,-4.376190773729416e-05,422.0,0.6,0.5174550716243557,0.5174550716243557,higher_risk,0.0416986446079306,0.000133854367368,194,0.002723178279492,0.0007315860115761,217.0,injury,0.00046423511206723376,330.0,290.75
291,lag4_rushing_40,lag2_4_history,9.596200824635304e-07,174.0,0.4,0.509649437664513,0.509649437664513,higher_risk,0.0469137404579086,1.8596110483667607e-05,255,0.003206137288946,1.8006794877417573e-05,345.0,injury,0.00036651830378005767,390.0,291.0
292,lag4_passing_air_yards_per_attempt,lag2_4_history,1.8780610823077028e-05,91.0,0.6,0.4994263797341687,0.5005736202658313,lower_risk,-0.002046269915735,0.8964611456739434,478,0.0,0.0002249896501238,369.25,injury,0.0006541675118753674,226.0,291.0625
293,lag2_completions,lag2_4_history,-3.3381862865056178e-06,294.0,0.0,0.5039901550501424,0.5039901550501424,higher_risk,0.0131887783140571,0.2858833653710581,354,0.0022569820332614,0.0003809529664164,255.5,injury,0.0005564273299579529,269.0,293.125
294,lag1_late6_fg_made,lag1_trajectory,-3.5620898188204466e-06,298.0,0.2,0.4901609304640084,0.5098390695359916,lower_risk,-0.0454895241465935,3.1023667165567696e-05,252,0.0055979123505283,0.0002831766696312,217.0,injury,0.0003505119124832736,406.0,293.25
295,lag4_passing_tds,lag2_4_history,9.66602781480308e-06,117.0,0.6,0.4996926257369097,0.5003073742630902,lower_risk,-0.0012852942760784,0.9297954703153908,494,0.0032983192853435,0.0001634528632124,288.0,injury,0.0005449927300704474,274.0,293.25
296,lag4_pat_make_rate,lag2_4_history,-8.467113730148412e-07,259.5,0.0,0.4911570501316104,0.5088429498683896,lower_risk,-0.0466678481958458,2.064737911662879e-05,273,0.0022414937713621,0.0003141752682954,264.0,injury,0.00038662082151907874,377.0,293.375
297,lag4_gwfg_distance,lag2_4_history,-8.458805616839982e-07,256.5,0.0,0.4959920000435076,0.5040079999564924,lower_risk,-0.0286149215328233,0.0105518888385588,353,0.0,6.246657522255577e-05,424.25,injury,0.0010013981403147916,142.0,293.9375
298,injury_lag4_reserve_weeks,reserve_history_roster,0.0,213.5,0.0,0.5010400691226696,0.5010400691226696,higher_risk,0.0046082860203003,0.7294815703506986,457,0.0053402640977933,4.7067323257548816e-05,301.5,injury,0.0007032200771189231,204.0,294.0
299,lag1_late6_passing_yards,lag1_trajectory,7.454919862537324e-06,128.0,0.2,0.5041696918031716,0.5041696918031716,higher_risk,0.0147471888240828,0.225736667983288,344,0.0017756110799407,0.0006742745419628,236.0,injury,0.0002882489927282846,474.0,295.5
300,lag3_passing_10,lag2_4_history,-1.7757270944152025e-05,372.0,0.2,0.4982057201592377,0.5017942798407622,lower_risk,-0.0064174669298371,0.6441150830608458,417,0.0,0.000213037757049,372.25,injury,0.005374440858827466,22.0,295.8125
301,lag2_fg_missed_40_49,lag2_4_history,5.727253853349268e-06,138.0,0.2,0.4922657456655572,0.5077342543344427,lower_risk,-0.0406511461000901,0.0001982056053037,297,0.0,3.229344545467249e-05,441.25,injury,0.0004856677019813124,309.0,296.3125
302,lag4_made_field_goal_mean_distance,lag2_4_history,-3.4416600851017163e-06,297.0,0.2,0.4912982798190084,0.5087017201809916,lower_risk,-0.0460152183334354,2.5414122007174387e-05,287,0.00581474050685,0.0008741063059256,165.5,injury,0.00031628674837441424,437.0,296.625
303,lag1_late6_pat_att,lag1_trajectory,-3.2698044673429296e-06,292.0,0.4,0.4899546093563053,0.5100453906436946,lower_risk,-0.0463013245168229,2.3302253539355145e-05,248,0.0,0.0002151775553407,370.75,injury,0.0005288256425442019,281.0,297.9375
304,lag3_fg_made_0_19,lag2_4_history,0.0,213.5,0.0,0.4988364441253888,0.5011635558746113,lower_risk,-0.0110844616716853,0.3839796872026592,451,0.00331425444935,6.427960583249969e-05,320.5,injury,0.0006815549417106321,212.0,299.25
305,lag2_fg_missed_30_39,lag2_4_history,8.458805616395892e-07,179.5,0.2,0.4945385749091779,0.505461425090822,lower_risk,-0.0385528292553379,0.0004294343149853,320,0.0,2.530169157828796e-05,443.25,injury,0.0005714544762312428,257.0,299.9375
306,lag1_fg_made_40_49,lag1_production,-7.09738392991488e-05,446.0,0.2,0.4891950961517544,0.5108049038482456,lower_risk,-0.048701317051857,8.889317107704504e-06,232,0.0059207966521923,0.0001403953855201,258.0,injury,0.0005601424055505055,265.0,300.25
307,lag1_late6_fg_att,lag1_trajectory,5.426946713416036e-06,139.0,0.6,0.4900668113293742,0.5099331886706258,lower_risk,-0.0458542697574733,2.70348968656746e-05,251,0.0,0.0001146831673639,407.75,injury,0.000350772087791401,405.0,300.6875
308,lag1_passing_interceptions,lag1_production,9.790512248786243e-06,116.0,0.8,0.5021612051056146,0.5021612051056146,higher_risk,0.0077913785607658,0.5636076398161933,402,0.0,0.0002615736612007,356.25,injury,0.0004645931823172285,329.0,300.8125
309,lag3_fg_missed,lag2_4_history,2.3042595198807803e-06,159.0,0.2,0.4912332903695969,0.5087667096304032,lower_risk,-0.0440807499207261,5.268477845259348e-05,280,0.0031664807448046,0.0001167432477725,306.5,injury,0.0002993883645265472,458.0,300.875
310,injury_lag5_absence_report_weeks,injury_report_history,1.1469226809834864e-06,170.0,0.2,0.5102658857055842,0.5102658857055842,higher_risk,0.0366237174597054,0.0008587521865511,240,0.0,4.953157329341508e-05,429.25,injury,0.000404990287998508,366.0,301.3125
311,lag1_gwfg_att,lag1_production,1.3406216489997292e-05,101.0,0.4,0.4959535910069829,0.504046408993017,lower_risk,-0.025370178617268,0.0251995732976194,349,0.0,0.0001380285398095,398.25,injury,0.0004138271838128407,357.0,301.3125
312,lag4_roster_weeks,lag2_4_history,-0.0001533650068966,485.0,0.4,0.514315353825404,0.514315353825404,higher_risk,0.0243759048116603,0.0322513068566745,206,0.0038142610225846,0.0020162134284617,161.0,injury,0.00041569848809620385,356.0,302.0
313,lag3_passing_yards_after_catch_per_completion,lag2_4_history,-5.226590450835289e-06,311.0,0.6,0.4977149682394657,0.5022850317605343,lower_risk,-0.0080884923139139,0.546669441265038,396,0.0082135431119541,0.0001714371923291,225.5,injury,0.0005358323694652739,276.0,302.125
314,lag3_passing_interceptions,lag2_4_history,-5.855143619681868e-06,315.0,0.2,0.4983270995127151,0.5016729004872849,lower_risk,-0.0065657719230822,0.6345051060438053,423,0.0038607796618559,6.082029839641338e-05,317.5,injury,0.0008701705382892182,157.0,303.125
315,lag4_field_goal_make_rate,lag2_4_history,7.877427232294565e-07,181.0,0.2,0.4912556559855555,0.5087443440144446,lower_risk,-0.0462406177166628,2.372912465745421e-05,281,0.0025925479598329,9.654173153364016e-05,325.0,injury,0.00033015077131421804,428.0,303.75
316,lag2_pat_made,lag2_4_history,-8.136583331097569e-06,340.0,0.0,0.489658111988514,0.5103418880114861,lower_risk,-0.0486445136217169,9.035154090495628e-06,239,0.001775805740507,9.482818191922274e-05,339.0,injury,0.0004966055781175432,298.0,304.0
317,lag4_fg_made_50_59,lag2_4_history,-2.1477201950226288e-06,280.5,0.0,0.492969106898127,0.507030893101873,lower_risk,-0.0407732021323937,0.00018963950837,303,0.0063865165095808,4.135442488759869e-05,290.0,injury,0.00043755731335056586,346.0,304.875
318,lag2_passing_air_yards,lag2_4_history,-9.15975303297234e-06,343.0,0.2,0.5033444413626574,0.5033444413626574,higher_risk,0.010507177296176,0.4117215364062555,371,0.0031549332152094,0.0005071879712322,226.5,injury,0.0005281336559721453,282.0,305.625
319,lag1_completion_rate,lag1_rates,-3.3461051383976145e-05,404.0,0.0,0.5018950270834693,0.5018950270834693,higher_risk,0.0059382538400608,0.6666345876816738,413,0.0088018515077838,0.0010683278311961,126.0,injury,0.0005317595359010805,280.0,305.75
320,lag2_gwfg_att,lag2_4_history,3.30915009902899e-06,153.5,0.6,0.4944970387652548,0.5055029612347451,lower_risk,-0.0360085232408778,0.0010530117930145,318,0.0031385796666203,1.9432910524550983e-06,352.5,injury,0.0003571383880983388,399.0,305.75
321,lag2_punt_return_yards,lag2_4_history,-2.658071418659702e-06,286.0,0.2,0.5104363810393963,0.5104363810393963,higher_risk,0.038894972555737,0.000379109124565,236,0.0,0.0002978136669745,346.25,injury,0.0004173639892743681,355.0,305.8125
322,lag2_special_teams_tds,lag2_4_history,0.0,213.5,0.0,0.502694172975266,0.502694172975266,higher_risk,0.0191622169144148,0.1044326433557575,386,0.0,1.8044403620346982e-05,445.25,injury,0.0007884596012120424,179.0,305.9375
323,lag1_late6_passing_yards_after_catch,lag1_trajectory,-2.186107913892954e-06,282.0,0.4,0.5041820302812766,0.5041820302812766,higher_risk,0.0150766100086824,0.2134486609593647,343,0.0029843555288371,0.0009663499450352,199.0,injury,0.0003516204774222184,403.0,306.75
324,lag4_pass_yards_per_attempt,lag2_4_history,1.553958131683686e-06,166.0,0.6,0.4987074849355,0.5012925150645,lower_risk,-0.0048496902948239,0.7137804527069708,445,0.0,0.0001977969237368,379.25,injury,0.0006259010761630748,239.0,307.3125
325,lag3_passing_yards,lag2_4_history,-5.87092583650417e-06,316.0,0.0,0.4977773064456481,0.5022226935543519,lower_risk,-0.0077245890221651,0.5669994373584072,397,0.000755275086882,0.000119037046999,347.5,injury,0.0008025183008993215,171.0,307.875
326,position_RB,position,-0.0016720825701205,512.0,0.0,0.5212331612064652,0.5212331612064652,higher_risk,0.0411777444596662,0.0001634674170518,177,0.0025173355330982,0.0011707090964143,203.5,injury,0.0004448900955062523,339.0,307.875
327,injury_lag2_absence_reported,injury_report_history,-1.720663985427251e-05,369.0,0.4,0.5268838442754901,0.5268838442754901,higher_risk,0.0666071102433678,7.992750338008032e-10,153,0.0,0.0002383936206217,361.75,injury,0.0004321805419035883,350.0,308.4375
328,lag1_fg_made_0_19,lag1_production,0.0,213.5,0.0,0.4971537884226327,0.5028462115773673,lower_risk,-0.0267481534436862,0.0176552096891639,381,0.0052322738083945,0.0,335.75,injury,0.0004886740758961965,304.0,308.5625
329,lag3_fg_made_30_39,lag2_4_history,-6.925306432603584e-06,327.0,0.2,0.4907568483652025,0.5092431516347975,lower_risk,-0.0463063651861976,2.3302253539355145e-05,262,0.0099355611244691,0.0001061495699563,237.5,injury,0.00034933732465176973,408.0,308.625
330,lag1_weekly_slope_pat_att,lag1_trajectory,3.762638478099767e-06,147.0,0.2,0.5003672311775327,0.5003672311775327,higher_risk,0.0016203085214711,0.9167248199505696,489,0.0,0.0003625607762744,339.25,injury,0.0005667763164986007,260.0,308.8125
331,lag1_passing_yards_after_catch_per_completion,lag1_rates,-1.305752317808384e-05,349.0,0.2,0.500867568361287,0.500867568361287,higher_risk,0.0027672120583912,0.8537739108677095,466,0.0041668120349322,0.0006369297960472,202.5,injury,0.0006699196254346759,218.0,308.875
332,lag2_fg_made_50_59,lag2_4_history,-1.6336232849134546e-06,273.0,0.0,0.4905953264700123,0.5094046735299876,lower_risk,-0.0476403868715272,1.361285888449012e-05,260,0.0016642879599468,5.573566637967362e-05,356.0,injury,0.0004317805226942863,351.0,310.0
333,lag3_pat_make_rate,lag2_4_history,-3.567267739201796e-07,249.0,0.2,0.4911553166264221,0.5088446833735778,lower_risk,-0.0437563708075214,6.012951499133597e-05,272,0.0,0.0002031516953922,377.75,injury,0.00043878219101158586,345.0,310.9375
334,lag1_attempts,lag1_production,-7.672243210643526e-05,453.0,0.2,0.5017878216841785,0.5017878216841785,higher_risk,0.0053219235578287,0.6873320392350832,418,0.0022773475116433,0.000385577612571,253.5,injury,0.0011155488152971788,121.0,311.375
335,lag4_special_teams_tds,lag2_4_history,0.0,213.5,0.0,0.5027323780700037,0.5027323780700037,higher_risk,0.0201335801595337,0.0854931916954064,382,0.0022955235989856,0.0,380.75,injury,0.0005531350034554349,270.0,311.5625
336,lag1_late6_mean_delta_passing_air_yards,lag1_trajectory,4.2954403900230535e-06,144.0,0.2,0.5020454341512757,0.5020454341512757,higher_risk,0.0061236602273665,0.6617427381239807,405,0.0,0.0001933941929196,381.25,injury,0.00047695935696037993,319.0,312.3125
337,lag4_passing_yards_after_catch_per_completion,lag2_4_history,2.8307703730767743e-05,79.0,0.4,0.4980372642432944,0.5019627357567056,lower_risk,-0.0074820388245603,0.5830157020347844,410,0.0,0.0002093522931156,374.75,injury,0.000374344530393291,386.0,312.4375
338,lag1_late6_mean_delta_attempts,lag1_trajectory,2.1477201950226288e-06,161.0,0.2,0.5013562468728926,0.5013562468728926,higher_risk,0.0040394950624241,0.7645797185019289,437,0.0,0.0004008271436189,333.75,injury,0.0004723711441353294,324.0,313.9375
339,lag3_fg_missed_distance,lag2_4_history,-4.616018322578519e-06,305.0,0.2,0.4912323046509604,0.5087676953490397,lower_risk,-0.0440855299760064,5.268477845259348e-05,279,0.0061831436417478,0.0002260801134588,225.5,injury,0.00030412310430573495,448.0,314.375
340,lag2_field_goal_make_rate,lag2_4_history,-3.168344501458531e-05,399.0,0.2,0.4897914899171181,0.5102085100828819,lower_risk,-0.0481710413402301,1.1008346849670798e-05,243,0.0,0.0002337652140042,364.25,injury,0.0005840354220507918,252.0,314.5625
341,lag2_passing_interceptions,lag2_4_history,6.024550286243269e-06,136.0,0.4,0.5019249385455415,0.5019249385455415,higher_risk,0.0072438262529663,0.5946670434829772,412,0.0008802377673298,0.0001313871869211,340.5,injury,0.00039779936281601703,371.0,314.875
342,lag4_passing_10,lag2_4_history,2.5151094776165726e-05,82.0,0.8,0.4990799166285976,0.5009200833714025,lower_risk,-0.0035252219955978,0.8011551270781471,463,0.0026021947768763,0.0001543930485582,304.0,injury,0.00034856091772875837,411.0,315.0
343,lag2_fg_made_40_49,lag2_4_history,-2.137808885027681e-07,247.0,0.4,0.4900002583262633,0.5099997416737366,lower_risk,-0.0477258342500569,1.315875449301938e-05,250,0.0,2.955466838898432e-05,442.75,injury,0.00047441144633985954,321.0,315.1875
344,lag3_sack_fumbles_lost,lag2_4_history,-4.440892098500626e-17,242.5,0.0,0.4988238337249016,0.5011761662750984,lower_risk,-0.0054462936802732,0.6797999499711624,449,0.0050976427336157,9.338517218301384e-06,325.0,injury,0.000601877948895427,245.0,315.375
345,lag4_kickoff_returns,lag2_4_history,-6.047831785904734e-06,319.0,0.2,0.5066410923665949,0.5066410923665949,higher_risk,0.0208921930959731,0.0733382436927623,307,0.0,0.0002648696799303,354.75,injury,0.0005245837916033877,284.0,316.1875
346,lag1_late6_mean_delta_fg_made,lag1_trajectory,0.0,213.5,0.0,0.5011042767952316,0.5011042767952316,higher_risk,0.0048996404834434,0.7115446899672372,456,0.0021955593973173,0.0002658896079709,275.0,injury,0.0004731790677168394,323.0,316.875
347,lag4_rushing_10,lag2_4_history,-7.5460491594459e-06,335.0,0.4,0.5174120738976267,0.5174120738976267,higher_risk,0.0442213592412363,5.062607654774094e-05,196,0.0,0.000151682621071,392.25,injury,0.00043622713204216076,347.0,317.5625
348,lag3_rushing_40,lag2_4_history,0.0,213.5,0.0,0.5127773268398269,0.5127773268398269,higher_risk,0.0570185731668369,1.6979956736955546e-07,212,0.0,9.309689272635011e-06,449.75,injury,0.0003592363712993827,396.0,317.8125
349,lag2_fg_made,lag2_4_history,0.0,213.5,0.0,0.4898098446779351,0.5101901553220649,lower_risk,-0.0480844449775141,1.1342116593048165e-05,245,0.0002146071858795,8.949078407406118e-05,373.5,injury,0.00031236698880864766,440.0,318.0
350,lag2_pat_make_rate,lag2_4_history,-7.822850513889978e-05,455.0,0.2,0.4895981191128804,0.5104018808871196,lower_risk,-0.0489275590567994,8.169758325557741e-06,237,0.002467919045257,0.0007180577255899,224.0,injury,0.0004127935427339619,359.0,318.75
351,lag2_fg_missed_50_59,lag2_4_history,-1.093334186474948e-05,346.0,0.0,0.4934991176118688,0.5065008823881312,lower_risk,-0.0367984581522887,0.0008096183638114,309,0.0041567890665277,3.940520256136414e-05,323.5,injury,0.000489741266219363,301.0,319.875
352,lag4_punt_returns,lag2_4_history,-2.1477201950226288e-06,280.5,0.0,0.5070527488633644,0.5070527488633644,higher_risk,0.0311617028543717,0.0050534616253156,302,0.0,4.8309050682587495e-05,430.25,injury,0.0005585480356263576,267.0,319.9375
353,lag3_passing_40,lag2_4_history,-1.3229526992453168e-05,350.0,0.0,0.5000733510626727,0.5000733510626727,higher_risk,0.0003033673948434,0.9924612627280078,502,0.0003404707118579,3.25689782300732e-05,394.5,injury,0.0031624941841400128,35.0,320.375
354,lag1_missed_field_goal_mean_distance,lag1_rates,-1.6601495973067594e-05,368.0,0.4,0.4889663754377951,0.5110336245622049,lower_risk,-0.0498046568347588,5.516536787127421e-06,230,0.0006478768974647,0.0002433534188321,305.5,injury,0.00038279553223232533,381.0,321.125
355,lag4_rushing_20,lag2_4_history,-7.435122830790064e-06,333.0,0.2,0.5159898858469839,0.5159898858469839,higher_risk,0.0517397455172613,2.285872110089063e-06,202,0.0022942398376484,0.0001156527529139,325.5,injury,0.0003323468962806825,424.0,321.125
356,lag3_fumbles_lost_total,lag2_4_history,-6.266667120931046e-05,442.0,0.2,0.5202316370815115,0.5202316370815115,higher_risk,0.0498325955899702,5.4933730069274565e-06,181,0.0,0.000205322211713,376.75,injury,0.0005164250228014631,289.0,322.1875
357,lag1_weekly_slope_attempts,lag1_trajectory,1.4318134633262146e-06,168.0,0.2,0.502705219822054,0.502705219822054,higher_risk,0.0081129825901353,0.5462773975055035,383,0.0,0.0001683239700718,389.25,injury,0.0004335841808014805,349.0,322.3125
358,lag3_gwfg_made,lag2_4_history,0.0,213.5,0.0,0.4959130065913986,0.5040869934086014,lower_risk,-0.029068519618212,0.00933912701155,346,0.0022212609313947,1.6971518756262712e-05,366.5,injury,0.0004061575404928793,365.0,322.75
359,lag1_fg_made_distance,lag1_production,-2.1273941839439204e-05,382.0,0.4,0.4882769842176248,0.5117230157823751,lower_risk,-0.0517966633329953,2.235402045921337e-06,221,0.0001498788341156,0.0001713092867008,347.5,injury,0.0004422489547152365,341.0,322.875
360,lag1_special_teams_tds,lag1_production,0.0,213.5,0.0,0.5055468766995148,0.5055468766995148,higher_risk,0.039602475400948,0.0002930529643083,317,0.0,0.0,463.0,injury,0.0004906179750255374,300.0,323.375
361,lag3_rushing_10,lag2_4_history,-0.0001503494591934,482.0,0.4,0.5305019755161087,0.5305019755161087,higher_risk,0.0712550639201929,4.4338616261294266e-11,138,0.0,0.0003847112891858,335.75,injury,0.00044610987434862685,338.0,323.4375
362,lag4_pass_td_rate,lag2_4_history,1.1581379214864462e-05,106.0,0.6,0.4996630541778155,0.5003369458221845,lower_risk,-0.0014089475745504,0.9257802074300532,491,0.001225271948372,0.0001199475726471,338.5,injury,0.0004120462827062615,361.0,324.125
363,lag3_fg_made_50_59,lag2_4_history,5.7629410034731874e-06,137.0,0.4,0.4923889265048184,0.5076110734951815,lower_risk,-0.0408373506104628,0.0001855950294372,299,0.0,6.094357010321735e-05,425.75,injury,0.00031726816453335146,435.0,324.1875
364,lag4_fg_att,lag2_4_history,-8.467113730148412e-07,259.5,0.0,0.4912644934629859,0.508735506537014,lower_risk,-0.0461938929938797,2.390666036454719e-05,282,0.0085592280372139,2.4037468545930533e-05,279.0,injury,0.0002856888804952911,478.0,324.625
365,lag3_pat_made,lag2_4_history,1.1258496295019071e-05,110.0,0.4,0.4911764925819574,0.5088235074180425,lower_risk,-0.0436505782824987,6.260459537464807e-05,274,0.0,3.0792903179829604e-05,442.25,injury,0.0002886494667998577,473.0,324.8125
366,lag4_sack_fumbles,lag2_4_history,1.346996569888681e-05,100.0,0.6,0.4995938499314755,0.5004061500685245,lower_risk,-0.0018174950383438,0.9049040402221906,487,0.0011703565439722,0.0001100694211374,343.5,injury,0.0003986504663638183,370.0,325.125
367,injury_lag2_reserve_weeks,reserve_history_roster,-1.5239800753175104e-05,362.0,0.2,0.5019589968239465,0.5019589968239465,higher_risk,0.0058248897245103,0.6714110581393185,411,0.0,0.0009093534838035,299.75,injury,0.0006494619198560968,230.0,325.6875
368,lag2_gwfg_distance,lag2_4_history,3.30915009902899e-06,153.5,0.6,0.494515019632796,0.5054849803672039,lower_risk,-0.03589017723865,0.0010938940948134,319,0.0021209704822076,6.159437954255829e-05,347.5,injury,0.00027639448885595106,485.0,326.25
369,lag3_punt_returns,lag2_4_history,-1.7294014103219625e-06,276.0,0.2,0.5101055534708173,0.5101055534708173,higher_risk,0.0401847178798947,0.0002367825434685,247,0.0,0.0001002605093941,410.75,injury,0.0003951316944521662,373.0,326.6875
370,lag4_passing_first_downs,lag2_4_history,1.7414368778512213e-05,93.0,0.6,0.499034369629533,0.500965630370467,lower_risk,-0.0036662871115585,0.7918443222245369,460,0.0008482733270627,0.0002050132184753,317.5,injury,0.0003051791979721982,446.0,329.125
371,lag2_pass_td_rate,lag2_4_history,-5.534565687104198e-06,313.0,0.0,0.5042248580565163,0.5042248580565163,higher_risk,0.0157304104730214,0.1925039947971188,341,0.0,0.0002186894515989,370.25,injury,0.0005046585411714434,294.0,329.5625
372,lag4_fg_missed,lag2_4_history,1.5754854464367083e-06,165.0,0.2,0.4913695574735147,0.5086304425264854,lower_risk,-0.0462094147203395,2.3847513572813705e-05,292,0.0001608377038064,3.67300410339777e-05,397.0,injury,0.0002915260427545723,465.0,329.75
373,lag1_fg_blocked,lag1_production,-3.912733614233055e-05,415.0,0.0,0.4944446937066283,0.5055553062933716,lower_risk,-0.0396623606332884,0.000287440367502,316,0.0033917974829895,6.513317100326895e-05,318.5,injury,0.000549426435734356,271.0,330.125
374,lag1_late6_mean_delta_passing_yards_after_catch,lag1_trajectory,0.0,213.5,0.0,0.501297137745002,0.501297137745002,higher_risk,0.0041401506602561,0.7600794800460803,444,0.0,0.0002586213304887,357.25,injury,0.0004862741031240066,307.0,330.4375
375,lag2_passing_yards,lag2_4_history,-5.164228204090904e-06,309.0,0.6,0.5040767963192586,0.5040767963192586,higher_risk,0.013484946568835,0.2734214030627189,347,0.0006790557879985,0.0001817237325706,331.0,injury,0.0004513487785522459,336.0,330.75
376,lag3_rushing_fumbles,lag2_4_history,-1.7628802630365038e-05,371.0,0.2,0.5161923660510345,0.5161923660510345,higher_risk,0.0488532513469124,8.412563069484564e-06,200,0.0017331749197246,6.017888492032381e-05,352.0,injury,0.00035649673518908077,400.0,330.75
377,lag4_fg_blocked,lag2_4_history,0.0,213.5,0.0,0.4961386341882573,0.5038613658117427,lower_risk,-0.0311078666197382,0.0051217394451782,356,0.0008904728875736,0.0,401.75,injury,0.0004235292858043594,353.0,331.0625
378,lag1_passing_first_downs,lag1_production,3.4603603760619e-06,151.0,0.6,0.5021772485261806,0.5021772485261806,higher_risk,0.006926089673666,0.609335418140944,400,0.0033145448755931,0.0001454807064956,291.5,injury,0.00027867127671078366,482.0,331.125
379,lag4_fg_made_30_39,lag2_4_history,-8.467113730148412e-07,259.5,0.0,0.4913247242707041,0.5086752757292958,lower_risk,-0.0463521600268803,2.299614436558497e-05,289,0.0004488349108422,0.0001555283494414,341.5,injury,0.00031686503630727923,436.0,331.5
380,lag1_passing_yards_after_catch,lag1_production,-7.97663778859814e-06,337.0,0.2,0.5012711691574757,0.5012711691574757,higher_risk,0.0040545445510371,0.7645797185019289,446,0.0,0.0002148962290872,371.25,injury,0.0007939714561307396,173.0,331.8125
381,lag3_fg_att,lag2_4_history,-3.1252362093781016e-06,291.0,0.0,0.4909648689877961,0.5090351310122039,lower_risk,-0.0447770991597341,4.128704572213479e-05,269,0.0041360904154732,1.1772694599097586e-05,337.5,injury,0.00032744982794682455,430.0,331.875
382,lag3_gwfg_distance,lag2_4_history,-4.440892098500626e-17,242.5,0.0,0.4956253127107398,0.5043746872892602,lower_risk,-0.0292874019197921,0.0088155342758662,334,0.0,0.0001018568774503,410.25,injury,0.00044185963903340075,342.0,332.1875
383,lag3_fg_made,lag2_4_history,-1.5626181046890508e-06,272.0,0.0,0.4909591586177641,0.5090408413822358,lower_risk,-0.0448054008521226,4.0957050234932216e-05,268,0.0033059435556967,5.814306802321615e-05,324.5,injury,0.00028933449443253927,470.0,333.625
384,lag2_pat_att,lag2_4_history,-1.4460229872326202e-05,357.0,0.4,0.4896010762687899,0.5103989237312101,lower_risk,-0.0488349961689924,8.43559047662964e-06,238,0.0043508780261918,0.0001246715477394,288.0,injury,0.000301577043429299,452.0,333.75
385,lag1_pat_made,lag1_production,-2.84165328030106e-05,394.0,0.0,0.4878379655311187,0.5121620344688813,lower_risk,-0.0533660919679821,1.0686445641969994e-06,216,0.0,0.0002842071878955,349.25,injury,0.0003839075946019228,379.0,334.5625
386,lag4_receiving_fumbles_lost,lag2_4_history,-8.109978586023914e-06,339.0,0.0,0.5091063066958167,0.5091063066958167,higher_risk,0.039532517877111,0.0002999088139814,266,0.0042996505340249,3.8308782868579845e-05,322.0,injury,0.0003460372830374305,412.0,334.75
387,lag3_fg_missed_30_39,lag2_4_history,0.0,213.5,0.0,0.495708384998586,0.5042916150014141,lower_risk,-0.0317524642035989,0.0042156390339203,336,0.0012540610377098,0.0,396.25,injury,0.0003599446787294416,394.0,334.9375
388,lag3_fg_blocked,lag2_4_history,0.0,213.5,0.0,0.4967373732841698,0.5032626267158302,lower_risk,-0.0251986728301649,0.0262710138639711,373,2.90697791656136e-05,0.0,423.75,injury,0.0004596811598568108,332.0,335.5625
389,lag4_passing_20,lag2_4_history,-2.599102768896522e-06,285.0,0.2,0.4985717956666449,0.5014282043333551,lower_risk,-0.0056855447024827,0.6740722872407795,436,0.0,0.0001302089674829,401.25,injury,0.0006576890565140155,222.0,336.0625
390,lag3_pat_blocked,lag2_4_history,0.0,213.5,0.0,0.4995678473536513,0.5004321526463487,lower_risk,-0.0049840215756735,0.7067195401784384,485,0.0,1.3838051879242905e-05,447.25,injury,0.0007160461405530047,201.0,336.6875
391,lag3_pat_missed,lag2_4_history,0.0,213.5,0.0,0.498012723248276,0.5019872767517239,lower_risk,-0.0157053709765145,0.1925048672118341,408,3.106463408419913e-05,0.0001278250189688,363.0,injury,0.0004093969157872513,363.0,336.875
392,lag2_passing_20,lag2_4_history,-4.8171423303156045e-06,307.0,0.4,0.5036871655354695,0.5036871655354695,higher_risk,0.0131761260996246,0.2858833653710581,358,0.0025244647054698,0.0001867565913465,298.0,injury,0.00037939324265624704,385.0,337.0
393,lag4_fg_made_40_49,lag2_4_history,-1.0724633284331376e-06,268.0,0.4,0.491265547162218,0.508734452837782,lower_risk,-0.0465711083822487,2.1354261793050385e-05,283,0.0,8.179914812568862e-06,450.75,injury,0.0004339745849605167,348.0,337.4375
394,lag2_fg_att,lag2_4_history,-5.011347121719467e-06,308.0,0.0,0.4897403345189149,0.510259665481085,lower_risk,-0.0483349148287821,1.031359819148052e-05,241,0.0027173668779219,4.4687502493989785e-05,342.0,injury,0.00029844808764290876,460.0,337.75
395,lag3_pass_td_rate,lag2_4_history,-2.1033059283359635e-06,279.0,0.2,0.4996623063912637,0.5003376936087363,lower_risk,-0.0013141263750695,0.9294242548310898,490,0.0032524014427215,0.000141648993138,294.5,injury,0.000509242091263232,291.0,338.625
396,lag1_passing_air_yards_per_attempt,lag1_rates,-0.0001458031836346,480.0,0.4,0.5004143077399986,0.5004143077399986,higher_risk,0.0012403625248225,0.9314113689710536,486,0.0,0.0014765326029063,279.25,injury,0.0012362968645000386,110.0,338.8125
397,lag4_fg_made_20_29,lag2_4_history,-6.440707401411672e-07,251.0,0.2,0.4912950507407165,0.5087049492592834,lower_risk,-0.0461267883553171,2.430542073398249e-05,286,0.0,3.2818757235098786e-05,440.25,injury,0.0003842650301300823,378.0,338.8125
398,lag1_pass_yards_per_attempt,lag1_rates,-1.980951644020568e-05,376.0,0.2,0.5019817023428833,0.5019817023428833,higher_risk,0.0062138423416173,0.6576960872432024,409,0.0,0.0008818417484198,301.25,injury,0.0005475372858496663,273.0,339.8125
399,lag2_passing_40,lag2_4_history,-6.527840250791783e-07,252.0,0.2,0.5040210182405533,0.5040210182405533,higher_risk,0.0161332372676424,0.1797798525314475,351,0.0029164807662263,0.0001188109735696,311.5,injury,0.00030676498646523015,445.0,339.875
400,lag1_made_field_goal_mean_distance,lag1_rates,-0.0001969654469158,492.0,0.2,0.4881538033783636,0.5118461966216363,lower_risk,-0.0523409224416068,1.749725509018901e-06,219,0.0,0.00052956928515,322.75,injury,0.0004654780013649427,327.0,340.1875
401,lag1_late6_mean_delta_passing_yards,lag1_trajectory,8.595787147847034e-07,175.0,0.2,0.4997635294981399,0.50023647050186,lower_risk,-0.0007414788684639,0.9663415912082118,499,0.0026228584570042,0.0002797415547802,262.0,injury,0.00033220932534005744,425.0,340.25
402,lag4_completions,lag2_4_history,2.288068932676524e-06,160.0,0.6,0.4984280506972089,0.501571949302791,lower_risk,-0.0058924409761922,0.6685783508290802,429,0.0,0.000373044091857,338.75,injury,0.0003200979086720944,434.0,340.4375
403,lag4_passing_yards_after_catch,lag2_4_history,8.45797480526489e-06,122.0,0.2,0.49812329368705,0.5018767063129499,lower_risk,-0.0071540906177498,0.5983727324221768,414,0.0,0.0002372147401306,362.75,injury,0.000293219133590362,463.0,340.4375
404,lag3_gwfg_blocked,lag2_4_history,0.0,213.5,0.0,0.5002582242924579,0.5002582242924579,higher_risk,0.0093003239368961,0.4796554235118594,496,0.0,0.0,463.0,injury,0.0007585734721627284,191.0,340.875
405,lag4_fg_made_60_,lag2_4_history,0.0,213.5,0.0,0.4992821249102656,0.5007178750897343,lower_risk,-0.0182875105082933,0.1223472821210752,473,0.0029638639617646,0.0,366.75,injury,0.0004799434975551391,314.0,341.8125
406,lag3_field_goal_make_rate,lag2_4_history,-2.4737054367118816e-06,284.0,0.2,0.4909308446996889,0.509069155300311,lower_risk,-0.0449457104432491,3.872936528370135e-05,267,0.0,0.0001826179126269,385.25,injury,0.00032042282531295427,433.0,342.3125
407,lag4_interception_rate,lag2_4_history,0.0,213.5,0.0,0.4985438556418456,0.5014561443581544,lower_risk,-0.0060442718045111,0.6631831728949094,435,0.0006216113559647,0.0001234701793753,350.0,injury,0.00038156164377641086,383.0,345.375
408,lag1_passing_tds,lag1_production,-1.3678469806710504e-05,351.0,0.4,0.505280970599752,0.505280970599752,higher_risk,0.0189378002952961,0.1091555242014494,323,0.0008044576278809,0.0002467973045813,300.5,injury,0.0003492325168481214,409.0,345.875
409,lag3_passing_air_yards_per_attempt,lag2_4_history,-1.7235770521306647e-05,370.0,0.4,0.4974463429158781,0.5025536570841218,lower_risk,-0.008440654398304,0.5274365932626492,390,0.0030793476473491,0.0003291717358344,244.0,injury,0.0003835056547889838,380.0,346.0
410,lag1_late6_mean_delta_fg_att,lag1_trajectory,0.0,213.5,0.0,0.4993979298549022,0.5006020701450977,lower_risk,-0.0026713657774499,0.8577595626430737,476,0.0052099417497641,0.0001473472190687,268.5,injury,0.00033103610977890097,427.0,346.25
411,lag3_passing_yards_after_catch,lag2_4_history,-2.3704747876629463e-05,385.0,0.2,0.4976915149339773,0.5023084850660227,lower_risk,-0.008171511665405,0.5435054842243573,395,0.0,0.0001192812826543,404.75,injury,0.0007078660162956829,202.0,346.6875
412,lag1_late6_passing_20,lag1_trajectory,-3.330390241926828e-05,403.0,0.4,0.5064040780199699,0.5064040780199699,higher_risk,0.0247138310398087,0.0296821536472769,311,0.0,0.0002330108756389,365.75,injury,0.00048500676983565633,310.0,347.4375
413,lag4_pat_att,lag2_4_history,-7.097183791815454e-06,329.0,0.0,0.4912066759664121,0.5087933240335879,lower_risk,-0.0464048273731126,2.26924656977271e-05,276,0.001579067192118,9.43399932308934e-05,344.5,injury,0.00030887487692632946,442.0,347.875
414,lag4_fg_missed_50_59,lag2_4_history,0.0,213.5,0.0,0.4945634218168766,0.5054365781831234,lower_risk,-0.0342866398710244,0.001865187207278,321,0.0,3.816725542191356e-05,436.75,injury,0.00033136535385049293,426.0,349.3125
415,lag2_passing_first_downs,lag2_4_history,-2.8871485387105268e-06,289.0,0.4,0.5043518458091322,0.5043518458091322,higher_risk,0.0145771477120608,0.2313345626369267,335,0.0016765174470592,0.0002404696987746,287.0,injury,0.0002680357370905878,492.0,350.75
416,lag1_weekly_slope_fg_made,lag1_trajectory,-7.877427232294565e-07,255.0,0.0,0.4995239658791794,0.5004760341208205,lower_risk,-0.0021241353078098,0.8956211857265378,482,0.0045248651946283,0.0005304802614959,204.5,injury,0.0002971939184332745,462.0,350.875
417,lag4_fg_missed_distance,lag2_4_history,-6.3600796242679895e-06,320.0,0.0,0.4913677559877308,0.5086322440122693,lower_risk,-0.0462189200593061,2.3847513572813705e-05,291,0.0037566481446065,9.561221010673158e-05,307.0,injury,0.0002751085363357837,486.0,351.0
418,lag1_pat_att,lag1_production,-5.032805946993957e-05,428.0,0.0,0.4877737918488546,0.5122262081511454,lower_risk,-0.053574197135281,9.734829349465606e-07,215,0.0,0.0002115411773769,373.75,injury,0.00037123775851025727,388.0,351.1875
419,lag1_weekly_slope_passing_air_yards,lag1_trajectory,-1.4575481468881434e-06,271.0,0.2,0.5004978558920141,0.5004978558920141,higher_risk,0.0015009204105809,0.9223346849318128,481,0.0,0.0003788012275274,337.25,injury,0.000478219517894343,317.0,351.5625
420,lag3_fg_made_20_29,lag2_4_history,-7.289041146751885e-06,331.0,0.0,0.490772823805173,0.5092271761948269,lower_risk,-0.0458928520838203,2.669639545383168e-05,263,0.0,4.782344571115845e-05,430.75,injury,0.00038237659141969433,382.0,351.6875
421,lag2_fg_missed_0_19,lag2_4_history,0.0,213.5,0.0,0.5,0.5,higher_risk,0.0,1.0,507,0.0052449213737464,0.0,334.75,injury,,,351.75
422,lag2_fg_missed_distance,lag2_4_history,-3.24593243574256e-05,400.0,0.2,0.4904614386869412,0.5095385613130587,lower_risk,-0.04567522583754,2.8861256393364747e-05,257,0.0011257828090411,0.0001350156803739,335.5,injury,0.00034065859436065794,415.0,351.875
423,lag3_gwfg_att,lag2_4_history,0.0,213.5,0.0,0.4956219476712567,0.5043780523287433,lower_risk,-0.0293104822311707,0.0087845535535673,333,0.0004884810969714,0.0,411.75,injury,0.00030407875475306386,450.0,352.0625
424,lag2_fg_made_20_29,lag2_4_history,-3.870179128573348e-06,300.0,0.4,0.4899896533533469,0.5100103466466531,lower_risk,-0.0477764432594965,1.2921674476542018e-05,249,0.0,9.068208663044598e-05,415.75,injury,0.00030185145187597073,451.0,353.9375
425,lag1_fg_missed,lag1_production,-2.9395824122713244e-05,396.0,0.2,0.4889491763471035,0.5110508236528964,lower_risk,-0.0498825646582764,5.39383944525316e-06,229,0.0005788608950134,0.0001292850551616,348.5,injury,0.00030736822188143995,443.0,354.125
426,lag1_weekly_slope_fg_att,lag1_trajectory,-7.296048848193238e-07,254.0,0.2,0.5003211743240009,0.5003211743240009,higher_risk,0.0014270484977044,0.9257802074300532,492,0.0006728885932001,0.0001976965478993,325.0,injury,0.0004194523089518027,354.0,356.25
427,lag4_fg_made_distance,lag2_4_history,-9.878254585871104e-07,266.0,0.2,0.4912725491635668,0.5087274508364332,lower_risk,-0.0461512835129196,2.414887897457052e-05,285,0.0,7.549812492655544e-05,421.25,injury,0.00030135831766977156,454.0,356.5625
428,lag1_late6_mean_delta_passing_first_downs,lag1_trajectory,8.467113730370457e-07,177.0,0.2,0.5000337523657247,0.5000337523657247,higher_risk,0.000107369961876,1.0,505,0.0,0.0002712356992519,353.25,injury,0.0003645291478900736,392.0,356.8125
429,lag4_pat_blocked,lag2_4_history,0.0,213.5,0.0,0.4988079942461224,0.5011920057538776,lower_risk,-0.0134766520944116,0.2734214030627189,448,0.0,0.0,463.0,injury,0.0004826750907914605,311.0,358.875
430,lag4_attempts,lag2_4_history,2.991850528817341e-05,76.0,0.8,0.4992319212404011,0.500768078759599,lower_risk,-0.0027234836071915,0.8554363306839011,472,0.0,0.0001510779210869,392.75,injury,0.0002584760110171012,495.0,358.9375
431,lag4_passing_air_yards,lag2_4_history,6.073566469333435e-06,135.0,0.6,0.4993950406795884,0.5006049593204116,lower_risk,-0.0021580654185098,0.8947884799978776,475,0.0,8.006719767163331e-05,420.25,injury,0.0003489875466431522,410.0,360.0625
432,lag3_special_teams_tds,lag2_4_history,8.467113730370457e-07,177.0,0.2,0.5008368411320673,0.5008368411320673,higher_risk,0.0060443842905284,0.6631831728949094,470,0.0,0.0,463.0,injury,0.00046189634355818597,331.0,360.25
433,lag2_made_field_goal_mean_distance,lag2_4_history,-2.218951333727848e-05,383.0,0.0,0.4898451945876569,0.510154805412343,lower_risk,-0.0479176220761783,1.2177985413986237e-05,246,0.0,0.000249066733774,358.75,injury,0.00030055395487874775,455.0,360.6875
434,lag1_weekly_slope_passing_first_downs,lag1_trajectory,-7.183599159965581e-08,244.0,0.2,0.5005968016489374,0.5005968016489374,higher_risk,0.0019138697124223,0.9029478058896796,477,0.0041409200773059,0.0001279094094906,291.0,injury,0.00032275059397876674,432.0,361.0
435,lag2_passing_tds,lag2_4_history,-5.943918276640758e-06,317.0,0.2,0.5041091210924753,0.5041091210924753,higher_risk,0.0152995320464777,0.2056029740275093,345,0.0,0.0002706559367341,353.75,injury,0.00032845736592425253,429.0,361.1875
436,lag1_sack_fumbles_lost,lag1_production,-7.358793074541126e-06,332.0,0.0,0.5029561022101852,0.5029561022101852,higher_risk,0.0130251881237621,0.2915192313037883,380,0.003436526557409,3.421108894238959e-05,333.5,injury,0.0003515724187386266,404.0,362.375
437,lag1_weekly_slope_passing_yards_after_catch,lag1_trajectory,-9.937066016041384e-07,267.0,0.4,0.499440757630142,0.5005592423698579,lower_risk,-0.001794640326533,0.9049040402221906,480,0.0044070901516528,0.0002740878503901,236.0,injury,0.0002900777792229017,468.0,362.75
438,lag1_sack_yards_lost,lag1_production,-1.4941607819274338e-05,360.0,0.4,0.4982605465096043,0.5017394534903957,lower_risk,-0.0061003759126974,0.6619817274183741,420,0.0062244800102466,0.0002648344783193,212.0,injury,0.0002981325235111938,461.0,363.25
439,lag4_fg_made_0_19,lag2_4_history,0.0,213.5,0.0,0.4973011023733386,0.5026988976266614,lower_risk,-0.0257106999441079,0.0232599959154762,385,0.0,0.0,463.0,injury,0.0003642564173149283,393.0,363.625
440,lag2_gwfg_blocked,lag2_4_history,0.0,213.5,0.0,0.4999495583980509,0.5000504416019491,lower_risk,-0.0018167277507376,0.9049040402221906,503,0.0046924864536213,0.0,343.25,injury,0.00035943963299610196,395.0,363.6875
441,lag1_interception_rate,lag1_rates,-8.097128513950835e-06,338.0,0.2,0.5015783054884814,0.5015783054884814,higher_risk,0.0056899387562675,0.6740722872407795,428,0.0,0.0009879440075818,294.25,injury,0.00035907591089368355,397.0,364.3125
442,lag2_sack_fumbles_lost,lag2_4_history,-3.3436590591851e-06,295.0,0.2,0.5017310578868368,0.5017310578868368,higher_risk,0.0078253782659098,0.562550114489923,421,0.0042142235971445,4.388618032148417e-05,320.5,injury,0.00033448052249119897,421.0,364.375
443,lag3_pat_att,lag2_4_history,-2.731991473980955e-06,288.0,0.2,0.4911811832430551,0.508818816756945,lower_risk,-0.0436273736645904,6.297278752248869e-05,275,0.0,7.184856984576322e-05,422.25,injury,0.0002864546554850182,475.0,365.0625
444,lag1_fg_missed_30_39,lag1_production,-1.239125297081145e-06,269.0,0.2,0.4958084524353369,0.5041915475646631,lower_risk,-0.0287435673433757,0.0102323331931334,342,0.0,3.904609382414429e-05,435.75,injury,0.00034169385040381097,414.0,365.1875
445,lag2_fg_missed_20_29,lag2_4_history,0.0,213.5,0.0,0.4986786611629576,0.5013213388370423,lower_risk,-0.0205043218004261,0.0795046494728739,441,0.0,0.0,463.0,injury,0.00044086027647446924,344.0,365.375
446,lag3_fg_missed_20_29,lag2_4_history,0.0,213.5,0.0,0.498986919173791,0.501013080826209,lower_risk,-0.0157208199576169,0.1925039947971188,458,0.0,0.0,463.0,injury,0.0004557206370554887,333.0,366.875
447,lag2_fg_missed_60_,lag2_4_history,0.0,213.5,0.0,0.4990094887315364,0.5009905112684636,lower_risk,-0.0143478768889288,0.2401548458865397,459,0.0004966837666007,0.0,411.25,injury,0.00037253087843260453,387.0,367.6875
448,lag2_passing_16,lag2_4_history,-1.4687249788170042e-05,358.0,0.2,0.5035100081032869,0.5035100081032869,higher_risk,0.0122893571727956,0.3239412856368116,363,0.0,0.0001880445392438,383.25,injury,0.00039951409928139784,369.0,368.3125
449,lag2_sack_yards_lost,lag2_4_history,-1.636151887820514e-05,366.0,0.0,0.4976787685722988,0.5023212314277012,lower_risk,-0.0085692942127737,0.5198929951976619,394,0.0,0.0002641584400843,355.75,injury,0.0004120546748748348,360.0,368.9375
450,lag2_gwfg_missed,lag2_4_history,0.0,213.5,0.0,0.4990377346690161,0.500962265330984,lower_risk,-0.016537763780009,0.1684468469618903,461,0.001293526873161,0.0,395.25,injury,0.0003504908047129998,407.0,369.1875
451,lag1_late6_attempts,lag1_trajectory,-6.09284030270052e-05,440.0,0.2,0.5040353961365268,0.5040353961365268,higher_risk,0.0135785673510097,0.2702230642757869,350,0.0,0.0002384475934476,361.25,injury,0.0004692514774908805,326.0,369.3125
452,lag3_completions,lag2_4_history,-1.646956917460418e-05,367.0,0.0,0.4974821346994713,0.5025178653005287,lower_risk,-0.0087361477462545,0.5110664005488896,392,0.0,0.0001701091550814,388.25,injury,0.0004481383101575089,337.0,371.0625
453,lag2_fg_made_distance,lag2_4_history,-1.573422622522802e-05,364.0,0.2,0.4898095727555526,0.5101904272444473,lower_risk,-0.0480857111863699,1.1342116593048165e-05,244,0.0,8.43609560222954e-05,418.25,injury,0.0002990846449975039,459.0,371.3125
454,lag3_completion_rate,lag2_4_history,-2.747489333005948e-05,392.0,0.8,0.4974614346081054,0.5025385653918946,lower_risk,-0.008807964936846,0.5087171614758755,391,0.0,0.0003774668174854,337.75,injury,0.0004002165706529112,368.0,372.1875
455,lag4_fg_missed_0_19,lag2_4_history,0.0,213.5,0.0,0.5,0.5,higher_risk,0.0,1.0,509,0.0014694375161821,0.0,394.25,injury,,,372.25
456,lag2_fg_blocked,lag2_4_history,0.0,213.5,0.0,0.4962614411342426,0.5037385588657574,lower_risk,-0.0271092402256974,0.0160907543555418,357,0.0,5.928999420051796e-06,451.25,injury,0.0002892585606617988,471.0,373.1875
457,lag4_fg_made,lag2_4_history,-1.6934227460296825e-06,275.0,0.0,0.4912666348517479,0.5087333651482521,lower_risk,-0.0461825706208745,2.392223709583624e-05,284,0.0,2.2650981202081128e-05,444.25,injury,0.0002699387607660363,490.0,373.3125
458,lag2_passing_yards_after_catch,lag2_4_history,-1.4045962996234174e-05,356.0,0.2,0.503478601068111,0.503478601068111,higher_risk,0.0117227919746075,0.3521084402517154,364,0.0,0.0002747774971556,352.25,injury,0.00033276738808450966,423.0,373.8125
459,lag2_fg_made_60_,lag2_4_history,0.0,213.5,0.0,0.4996837542691814,0.5003162457308186,lower_risk,-0.0070669257469977,0.6033563353342537,493,0.0003943914701762,0.0,414.25,injury,0.0003903581237216238,375.0,373.9375
460,lag4_passing_40,lag2_4_history,1.0240184359844306e-05,114.0,0.4,0.5001153970610629,0.5001153970610629,higher_risk,0.0005056609466702,0.9807445821353754,500,0.0002191815477767,3.77638852572057e-05,394.0,injury,0.0002635311747692058,494.0,375.5
461,lag1_sacks_suffered,lag1_production,-0.0001530855647737,484.0,0.2,0.5016273874785181,0.5016273874785181,higher_risk,0.0056789986117234,0.6740722872407795,427,0.0032630617355047,0.0003792046192744,235.0,injury,0.00041324194245081786,358.0,376.0
462,lag1_gwfg_blocked,lag1_production,0.0,213.5,0.0,0.4999497283495399,0.50005027165046,lower_risk,-0.0018106067003645,0.9049040402221906,504,0.0,0.0,463.0,injury,0.0004716580943352547,325.0,376.375
463,lag4_fg_missed_30_39,lag2_4_history,-8.458805616839982e-07,256.5,0.0,0.4960867649938001,0.5039132350061999,lower_risk,-0.0290727126220872,0.00933912701155,355,0.0,0.0,463.0,injury,0.00032546698790893034,431.0,376.375
464,lag4_passing_16,lag2_4_history,8.159403139473831e-06,124.0,0.6,0.4992009560790968,0.5007990439209031,lower_risk,-0.0031226754936306,0.8292681050130938,471,0.0,8.797421028194962e-05,417.75,injury,0.0002488614181721611,502.0,378.6875
465,missing_team_changed,metadata_missingness,0.0,213.5,0.0,0.5,0.5,higher_risk,0.0,1.0,511,0.0004802790846167,0.0,412.25,injury,,,378.9166666666667
466,lag2_fg_missed,lag2_4_history,-1.470971774615304e-05,359.0,0.0,0.4904537228893385,0.5095462771106616,lower_risk,-0.0457123829232816,2.851761177272163e-05,256,0.0,1.2886290211899156e-05,447.75,injury,0.00030147488966232795,453.0,378.9375
467,lag1_passing_yards,lag1_production,-4.786114000372432e-05,427.0,0.0,0.5018544086775871,0.5018544086775871,higher_risk,0.0058146992882702,0.6714110581393185,416,0.0047971442440211,0.0005292612346558,203.0,injury,0.000288962459720619,472.0,379.5
468,lag1_pat_blocked,lag1_production,0.0,213.5,0.0,0.4990536421283908,0.5009463578716091,lower_risk,-0.0092077203295675,0.484482310517734,462,0.0,0.000137789213821,398.75,injury,0.0003068740902584388,444.0,379.5625
469,lag4_gwfg_missed,lag2_4_history,0.0,213.5,0.0,0.4991599297896408,0.5008400702103591,lower_risk,-0.0169240788848843,0.1572865033048233,468,0.0,0.0,463.0,injury,0.00039459409489252674,374.0,379.625
470,lag2_attempts,lag2_4_history,-6.446874931209657e-06,321.0,0.2,0.5036732974939632,0.5036732974939632,higher_risk,0.0114812600379931,0.3635045920758716,359,0.0015124267641404,9.635817976778992e-05,343.5,injury,0.0002577882841469074,496.0,379.875
471,lag4_fg_missed_60_,lag2_4_history,0.0,213.5,0.0,0.4986786611629576,0.5013213388370423,lower_risk,-0.0205043218004261,0.0795046494728739,442,0.0,0.0,463.0,injury,0.000354529565014404,401.0,379.875
472,lag3_passing_air_yards,lag2_4_history,-3.609212615334201e-05,413.0,0.4,0.4973670435510888,0.5026329564489112,lower_risk,-0.0087027641678863,0.5120711181625304,387,0.0060340761103128,0.0002331056298182,225.0,injury,0.000254628310930778,498.0,380.75
473,lag4_gwfg_made,lag2_4_history,0.0,213.5,0.0,0.4964453286453914,0.5035546713546086,lower_risk,-0.0269743909063529,0.0166465783838507,361,0.0,1.152041833895426e-05,448.75,injury,0.0002455545402716457,504.0,381.8125
474,lag1_fg_missed_60_,lag1_production,0.0,213.5,0.0,0.4987009248080228,0.5012990751919771,lower_risk,-0.0188175223911235,0.1112793085660981,443,0.0019847197976554,0.0,386.25,injury,0.00027013133331789385,489.0,382.9375
475,lag4_passing_interceptions,lag2_4_history,-5.790359290291924e-06,314.0,0.2,0.4986674783549784,0.5013325216450216,lower_risk,-0.0055311370270766,0.6776571166720834,440,0.0085674823795409,0.0,297.75,injury,0.0002841308768478433,480.0,382.9375
476,lag4_sacks_suffered,lag2_4_history,-4.815335710017798e-06,306.0,0.0,0.4988807334834344,0.5011192665165656,lower_risk,-0.0045423662335407,0.7324479467282615,454,0.0002300307277307,0.0002238661480297,325.5,injury,0.0003040945588236444,449.0,383.625
477,lag1_passing_10,lag1_production,-8.543652028381033e-06,342.0,0.4,0.5027030784332919,0.5027030784332919,higher_risk,0.0087461215946815,0.5110664005488896,384,0.0,0.0002768074868876,351.75,injury,0.0002997045995959841,457.0,383.6875
478,lag2_sacks_suffered,lag2_4_history,-1.5051327409221215e-05,361.0,0.0,0.5021334010420064,0.5021334010420064,higher_risk,0.0078538255622007,0.5618835275474018,403,0.001231980873948,0.0002137140158172,305.5,injury,0.00028619570232501747,476.0,386.375
479,lag1_fg_missed_20_29,lag1_production,0.0,213.5,0.0,0.4991518740890601,0.5008481259109399,lower_risk,-0.0127005445817032,0.3057334045422385,467,0.0024905968338848,0.0,377.75,injury,0.0002704309444178151,488.0,386.5625
480,lag4_gwfg_att,lag2_4_history,-1.3080464134063166e-07,245.0,0.2,0.4959839783332246,0.5040160216667754,lower_risk,-0.0286726512705232,0.0104108508694711,352,0.0,1.2653537760959684e-06,452.25,injury,0.0002490024534474475,501.0,387.5625
481,lag3_passing_16,lag2_4_history,-3.515415728811977e-05,410.0,0.2,0.4983692814722965,0.5016307185277035,lower_risk,-0.0059810272323804,0.6655563123023991,426,0.0074060212971565,0.0001687589551759,236.0,injury,0.00028457595600671804,479.0,387.75
482,lag1_sack_fumbles,lag1_production,-6.734910871974975e-06,325.0,0.4,0.5035102800256694,0.5035102800256694,higher_risk,0.0139587510483146,0.2540362373877902,362,0.0,5.726503612167808e-05,427.75,injury,0.00031282841463197526,439.0,388.4375
483,lag1_passing_20,lag1_production,-1.3683014964160911e-05,352.0,0.6,0.5042731582697034,0.5042731582697034,higher_risk,0.0146141076378747,0.2304672475526147,337,0.0,0.0001937894067824,380.25,injury,0.0002710047948477056,487.0,389.0625
484,lag2_gwfg_made,lag2_4_history,-1.6917611233235875e-06,274.0,0.0,0.4951002305901804,0.5048997694098196,lower_risk,-0.0339605272163686,0.0020736340120437,329,0.0,0.0,463.0,injury,0.00026906331109307827,491.0,389.25
485,lag1_gwfg_missed,lag1_production,0.0,213.5,0.0,0.498894907437621,0.501105092562379,lower_risk,-0.0181858760671617,0.1245390868854372,455,0.0016913018010979,0.0,389.25,injury,0.0002505138222741372,500.0,389.4375
486,lag1_fg_made_60_,lag1_production,0.0,213.5,0.0,0.4993752583262634,0.5006247416737366,lower_risk,-0.0139606723161885,0.2540362373877902,474,0.0,0.0,463.0,injury,0.0003359439630557041,420.0,392.625
487,lag1_passing_16,lag1_production,-2.70202488679816e-05,391.0,0.4,0.5031184398725229,0.5031184398725229,higher_risk,0.0104222123584902,0.4157726784246243,377,0.0,0.0002275159418284,367.25,injury,0.0003154204051704146,438.0,393.3125
488,lag2_pat_blocked,lag2_4_history,0.0,213.5,0.0,0.4984704365985772,0.5015295634014227,lower_risk,-0.0159513299194509,0.1854838375574104,431,0.0,0.0,463.0,injury,0.00029117830055232376,466.0,393.375
489,lag1_fg_missed_0_19,lag1_production,0.0,213.5,0.0,0.5,0.5,higher_risk,0.0,1.0,506,0.0,0.0,463.0,injury,,,394.1666666666667
490,lag3_pass_yards_per_attempt,lag2_4_history,-6.046874411116399e-05,437.0,0.4,0.4978993995953795,0.5021006004046205,lower_risk,-0.0073002752801015,0.5919738527234306,404,0.0007039128345742,0.0002079537368606,318.5,injury,0.0003377182833884418,418.0,394.375
491,lag3_fg_missed_0_19,lag2_4_history,0.0,213.5,0.0,0.5,0.5,higher_risk,0.0,1.0,508,0.0,0.0,463.0,injury,,,394.8333333333333
492,lag1_completions,lag1_production,-3.853929782275945e-05,414.0,0.2,0.5017652181361353,0.5017652181361353,higher_risk,0.0055314919767438,0.6776571166720834,419,0.0030099505431242,0.0002331135368318,267.5,injury,0.0002808821414097083,481.0,395.375
493,missing_is_rookie,metadata_missingness,0.0,213.5,0.0,0.5,0.5,higher_risk,0.0,1.0,510,0.0,0.0,463.0,injury,,,395.5
494,missing_was_drafted,metadata_missingness,0.0,213.5,0.0,0.5,0.5,higher_risk,0.0,1.0,512,0.0,0.0,463.0,injury,,,396.1666666666667
495,lag1_fg_missed_50_59,lag1_production,-0.0001526419390128,483.0,0.2,0.4913141872783832,0.5086858127216167,lower_risk,-0.0464091297447009,2.26924656977271e-05,288,0.0,5.6579251862187615e-05,428.25,injury,0.00036626486213570553,391.0,397.5625
496,lag2_passing_10,lag2_4_history,-1.2011916858600812e-05,347.0,0.2,0.5032383576431944,0.5032383576431944,higher_risk,0.0110317311523087,0.3850197663863241,374,0.0,0.0001824026600663,385.75,injury,0.00027723287963628225,484.0,397.6875
497,lag1_passing_40,lag1_production,-5.310232232587086e-05,431.0,0.4,0.50335076355805,0.50335076355805,higher_risk,0.0131088543344136,0.288303366979395,370,0.0,8.306905481121874e-05,418.75,injury,0.0003955553508346912,372.0,397.9375
498,lag4_gwfg_blocked,lag2_4_history,0.0,213.5,0.0,0.5000931334159977,0.5000931334159977,higher_risk,0.0043299514360431,0.7472111648780231,501,0.0,0.0,463.0,injury,0.00033987201887406785,416.0,398.375
499,position_WR,position,-0.000102438882929,468.0,0.4,0.5011686544192825,0.5011686544192825,higher_risk,0.0020429996881197,0.8964611456739434,450,0.0,0.0017836021844549,273.75,injury,0.00035206174737631007,402.0,398.4375
500,lag1_late6_passing_air_yards,lag1_trajectory,-3.567885129829307e-05,412.0,0.6,0.5033889006721922,0.5033889006721922,higher_risk,0.0114467108590187,0.3644794920659922,369,0.0,0.0002772263476531,351.25,injury,0.00028985120895692055,469.0,400.3125
501,lag4_fg_missed_20_29,lag2_4_history,0.0,213.5,0.0,0.4994388881637626,0.5005611118362374,lower_risk,-0.0090478302479355,0.493874523640192,479,0.0,0.0,463.0,injury,0.00030513692265313197,447.0,400.625
502,lag4_pat_missed,lag2_4_history,0.0,213.5,0.0,0.4982923614283538,0.5017076385716461,lower_risk,-0.0163807789121512,0.1725582778347694,422,0.0,0.0,463.0,injury,0.00024416516624365764,505.0,400.875
503,lag3_gwfg_missed,lag2_4_history,0.0,213.5,0.0,0.4991095221779895,0.5008904778220105,lower_risk,-0.0156632819716229,0.1934746344501199,464,0.0,0.0,463.0,injury,0.0002920748369360987,464.0,401.125
504,lag3_fg_missed_60_,lag2_4_history,0.0,213.5,0.0,0.4988445338162675,0.5011554661837325,lower_risk,-0.0173029166236442,0.1469077214117379,452,0.0,0.0,463.0,injury,0.00026653293836601845,493.0,405.375
505,lag4_sack_fumbles_lost,lag2_4_history,-1.2049562263727332e-05,348.0,0.0,0.5002819495203289,0.5002819495203289,higher_risk,0.0013684041607523,0.9270716171413852,495,0.0042976224979431,3.417215555241693e-05,325.5,injury,0.0002906782128023758,467.0,408.875
506,lag2_sack_fumbles,lag2_4_history,-1.975932677793501e-05,374.0,0.4,0.5031446803824317,0.5031446803824317,higher_risk,0.0129436167825507,0.2946554114125684,376,0.0,3.322002172785085e-05,439.75,injury,0.00029976810324788497,456.0,411.4375
507,lag3_fg_made_60_,lag2_4_history,0.0,213.5,0.0,0.4997556097587505,0.5002443902412494,lower_risk,-0.005683905461394,0.6740722872407795,498,0.0,0.0,463.0,injury,0.00028590197915376856,477.0,412.875
508,lag1_passing_air_yards,lag1_production,-0.0001558548562221,486.0,0.2,0.5008704915268986,0.5008704915268986,higher_risk,0.0026060943632842,0.8611103056508659,465,0.0,0.000560660823956,318.25,injury,0.0003585426765285896,398.0,416.8125
509,lag3_passing_20,lag2_4_history,-1.3740070134704572e-05,353.0,0.0,0.4985092535186756,0.5014907464813244,lower_risk,-0.0055664978968423,0.6776571166720834,433,0.0004735521134549,4.848203842901767e-05,379.5,injury,0.0002487681186473491,503.0,417.125
510,lag3_sacks_suffered,lag2_4_history,-2.685185174606808e-05,389.0,0.0,0.4975141535600078,0.5024858464399922,lower_risk,-0.0095437871027628,0.4661146221009414,393,0.0,0.0001409122780557,396.25,injury,0.00025757408761295465,497.0,418.8125
511,lag3_attempts,lag2_4_history,-4.58798768508073e-05,425.0,0.2,0.4970175553090126,0.5029824446909874,lower_risk,-0.0098010893789118,0.450828047625036,379,0.0,7.601550414339493e-05,420.75,injury,0.0002782836279781664,483.0,426.9375
512,lag3_passing_tds,lag2_4_history,-2.9859563737111293e-05,397.0,0.2,0.4995999681850813,0.5004000318149187,lower_risk,-0.0015567164244311,0.9198395499257854,488,0.0,4.209990548585901e-05,433.75,injury,0.00025192192554033844,499.0,454.4375
