candidate,validation_season,position_scope,feature,selection_rank,selection_score,selected_feature_count
stable_core_room_et_all_points__end_to_end_null,2016,ALL,lag3_passing_interceptions,1,0.0295473077539493,248
stable_core_room_et_all_points__end_to_end_null,2016,ALL,lag3_interception_rate,2,0.029015961785593094,248
stable_core_room_et_all_points__end_to_end_null,2016,ALL,lag2_rushing_tds,3,0.026051397873665616,248
stable_core_room_et_all_points__end_to_end_null,2016,ALL,lag1_receiving_fumbles,4,0.02594238879701921,248
stable_core_room_et_all_points__end_to_end_null,2016,ALL,room_lag1_nonzero_competitors_carries,5,0.025431913227226138,248
stable_core_room_et_all_points__end_to_end_null,2016,ALL,lag3_rushing_12,6,0.02325518204136539,248
stable_core_room_et_all_points__end_to_end_null,2016,ALL,lag2_sack_fumbles_lost,7,0.022764398407756396,248
stable_core_room_et_all_points__end_to_end_null,2016,ALL,lag4_pass_yards_per_attempt,8,0.022372696841865186,248
stable_core_room_et_all_points__end_to_end_null,2016,ALL,lag3_sack_fumbles_lost,9,0.022353666419996296,248
stable_core_room_et_all_points__end_to_end_null,2016,ALL,lag2_sack_fumbles,10,0.022232069758851402,248
stable_core_room_et_all_points__end_to_end_null,2016,ALL,lag3_rush_yards_per_carry,11,0.022161289123570273,248
stable_core_room_et_all_points__end_to_end_null,2016,ALL,lag4_rush_first_down_rate,12,0.021850929034163902,248
stable_core_room_et_all_points__end_to_end_null,2016,ALL,lag3_rushing_tds,13,0.02180721652730584,248
stable_core_room_et_all_points__end_to_end_null,2016,ALL,lag2_rushing_fumbles,14,0.021776797523689728,248
stable_core_room_et_all_points__end_to_end_null,2016,ALL,lag3_sack_fumbles,15,0.021661381335131822,248
stable_core_room_et_all_points__end_to_end_null,2016,ALL,lag2_rush_first_down_rate,16,0.02113899811833306,248
stable_core_room_et_all_points__end_to_end_null,2016,ALL,combine_shuttle,17,0.020951117403701817,248
stable_core_room_et_all_points__end_to_end_null,2016,ALL,lag3_rushing_yards,18,0.020560734139456884,248
stable_core_room_et_all_points__end_to_end_null,2016,ALL,lag4_pass_td_rate,19,0.02037663236019215,248
stable_core_room_et_all_points__end_to_end_null,2016,ALL,lag3_rushing_10,20,0.020322822563590984,248
stable_core_room_et_all_points__end_to_end_null,2016,ALL,lag3_passing_40,21,0.020317432490932888,248
stable_core_room_et_all_points__end_to_end_null,2016,ALL,lag3_passing_10,22,0.019956973894015857,248
stable_core_room_et_all_points__end_to_end_null,2016,ALL,room_lag1_nonzero_competitors_receiving_yards,23,0.01970905479778617,248
stable_core_room_et_all_points__end_to_end_null,2016,ALL,lag2_passing_interceptions,24,0.01969796293250029,248
stable_core_room_et_all_points__end_to_end_null,2016,ALL,lag4_completion_rate,25,0.019678356500831,248
stable_core_room_et_all_points__end_to_end_null,2016,ALL,lag3_completions,26,0.01958059729245882,248
stable_core_room_et_all_points__end_to_end_null,2016,ALL,lag3_passing_yards,27,0.019416335154149665,248
stable_core_room_et_all_points__end_to_end_null,2016,ALL,lag4_rush_yards_per_carry,28,0.019113632053033926,248
stable_core_room_et_all_points__end_to_end_null,2016,ALL,lag1_receiving_fumbles_lost,29,0.019113598541369077,248
stable_core_room_et_all_points__end_to_end_null,2016,ALL,lag3_passing_first_downs,30,0.019086536855591876,248
stable_core_room_et_all_points__end_to_end_null,2016,ALL,lag4_passing_20,31,0.019024598385902845,248
stable_core_room_et_all_points__end_to_end_null,2016,ALL,lag1_rushing_fumbles_lost,32,0.018815932991456636,248
stable_core_room_et_all_points__end_to_end_null,2016,ALL,room_lag1_nonzero_competitors_attempts,33,0.01876625095174425,248
stable_core_room_et_all_points__end_to_end_null,2016,ALL,lag2_interception_rate,34,0.017903233245327988,248
stable_core_room_et_all_points__end_to_end_null,2016,ALL,lag2_rushing_first_downs,35,0.01775201092794723,248
stable_core_room_et_all_points__end_to_end_null,2016,ALL,missing_combine_vertical,36,0.01761274056169989,248
stable_core_room_et_all_points__end_to_end_null,2016,ALL,lag4_rushing_first_downs,37,0.017159750170067746,248
stable_core_room_et_all_points__end_to_end_null,2016,ALL,lag3_passing_tds,38,0.01708059179490914,248
stable_core_room_et_all_points__end_to_end_null,2016,ALL,lag3_rushing_first_downs,39,0.016942872322177133,248
stable_core_room_et_all_points__end_to_end_null,2016,ALL,lag3_rush_20_rate,40,0.016557590240368635,248
stable_core_room_et_all_points__end_to_end_null,2016,ALL,missing_combine_shuttle,41,0.01655722168121696,248
stable_core_room_et_all_points__end_to_end_null,2016,ALL,lag3_rush_first_down_rate,42,0.016277069542276788,248
stable_core_room_et_all_points__end_to_end_null,2016,ALL,lag3_attempts,43,0.016213728951308175,248
stable_core_room_et_all_points__end_to_end_null,2016,ALL,lag3_sack_yards_lost,44,0.016002516105628018,248
stable_core_room_et_all_points__end_to_end_null,2016,ALL,lag4_passing_yards,45,0.0159213420828802,248
stable_core_room_et_all_points__end_to_end_null,2016,ALL,lag4_sack_fumbles,46,0.015771016598054778,248
stable_core_room_et_all_points__end_to_end_null,2016,ALL,lag3_carries,47,0.01575381010060139,248
stable_core_room_et_all_points__end_to_end_null,2016,ALL,lag3_sacks_suffered,48,0.0157232060561252,248
stable_core_room_et_all_points__end_to_end_null,2016,ALL,lag1_passing_yards,49,0.015604420858050095,248
stable_core_room_et_all_points__end_to_end_null,2016,ALL,lag3_receiving_tds,50,0.015574493164949162,248
stable_core_room_et_all_points__end_to_end_null,2016,ALL,missing_combine_broad_jump,51,0.015550528594463433,248
stable_core_room_et_all_points__end_to_end_null,2016,ALL,lag4_passing_16,52,0.015511032697601563,248
stable_core_room_et_all_points__end_to_end_null,2016,ALL,missing_combine_cone,53,0.015326971177870713,248
stable_core_room_et_all_points__end_to_end_null,2016,ALL,room_lag1_other_attempts,54,0.015306810469022162,248
stable_core_room_et_all_points__end_to_end_null,2016,ALL,lag1_passing_10,55,0.015261948176227096,248
stable_core_room_et_all_points__end_to_end_null,2016,ALL,lag3_completion_rate,56,0.015196342668097593,248
stable_core_room_et_all_points__end_to_end_null,2016,ALL,lag4_passing_first_downs,57,0.01518199792997185,248
stable_core_room_et_all_points__end_to_end_null,2016,ALL,lag4_rushing_10,58,0.01514138780665173,248
stable_core_room_et_all_points__end_to_end_null,2016,ALL,lag4_completions,59,0.015007419246392067,248
stable_core_room_et_all_points__end_to_end_null,2016,ALL,lag4_passing_40,60,0.014771883293632652,248
stable_core_room_et_all_points__end_to_end_null,2016,ALL,lag3_rushing_20,61,0.01472976814820438,248
stable_core_room_et_all_points__end_to_end_null,2016,ALL,lag3_passing_16,62,0.014702164136418632,248
stable_core_room_et_all_points__end_to_end_null,2016,ALL,lag1_passing_first_downs,63,0.014632145128661398,248
stable_core_room_et_all_points__end_to_end_null,2016,ALL,lag4_carries,64,0.014554820035139927,248
stable_core_room_et_all_points__end_to_end_null,2016,ALL,lag4_rushing_yards,65,0.014503351629514789,248
stable_core_room_et_all_points__end_to_end_null,2016,ALL,lag2_rushing_fumbles_lost,66,0.014074241517057188,248
stable_core_room_et_all_points__end_to_end_null,2016,ALL,lag2_fumbles_total,67,0.014030621435548911,248
stable_core_room_et_all_points__end_to_end_null,2016,ALL,lag1_passing_16,68,0.013942516158861062,248
stable_core_room_et_all_points__end_to_end_null,2016,ALL,lag4_passing_10,69,0.01390606962659425,248
stable_core_room_et_all_points__end_to_end_null,2016,ALL,lag4_rushing_12,70,0.013848962264829387,248
stable_core_room_et_all_points__end_to_end_null,2016,ALL,lag2_receptions,71,0.013837272770772506,248
stable_core_room_et_all_points__end_to_end_null,2016,ALL,combine_cone,72,0.013779765624022033,248
stable_core_room_et_all_points__end_to_end_null,2016,ALL,lag1_rushing_fumbles,73,0.013745303852052417,248
stable_core_room_et_all_points__end_to_end_null,2016,ALL,lag2_pass_yards_per_attempt,74,0.013735455687138309,248
stable_core_room_et_all_points__end_to_end_null,2016,ALL,lag3_pass_td_rate,75,0.013640964806027202,248
stable_core_room_et_all_points__end_to_end_null,2016,ALL,lag4_passing_tds,76,0.013608407481953936,248
stable_core_room_et_all_points__end_to_end_null,2016,ALL,room_lag1_nonzero_competitors_receptions,77,0.013483302983882431,248
stable_core_room_et_all_points__end_to_end_null,2016,ALL,lag1_passing_20,78,0.013266249042923088,248
stable_core_room_et_all_points__end_to_end_null,2016,ALL,lag1_completions,79,0.013261298051123884,248
stable_core_room_et_all_points__end_to_end_null,2016,ALL,weight,80,0.013058324024352613,248
stable_core_room_et_all_points__end_to_end_null,2016,ALL,lag3_passing_20,81,0.0130056375619063,248
stable_core_room_et_all_points__end_to_end_null,2016,ALL,combine_vertical,82,0.012805162403693527,248
stable_core_room_et_all_points__end_to_end_null,2016,ALL,lag2_rushing_12,83,0.012802819254974812,248
stable_core_room_et_all_points__end_to_end_null,2016,ALL,room_lag1_nonzero_competitors_rushing_yards,84,0.01263794426304141,248
stable_core_room_et_all_points__end_to_end_null,2016,ALL,room_lag1_margin_receiving_yards,85,0.01263251153031202,248
stable_core_room_et_all_points__end_to_end_null,2016,ALL,lag4_sacks_suffered,86,0.01258899178736371,248
stable_core_room_et_all_points__end_to_end_null,2016,ALL,height,87,0.012384041885076922,248
stable_core_room_et_all_points__end_to_end_null,2016,ALL,lag3_games,88,0.01211184588219856,248
stable_core_room_et_all_points__end_to_end_null,2016,ALL,room_lag1_other_carries,89,0.012106239815006439,248
stable_core_room_et_all_points__end_to_end_null,2016,ALL,lag4_sack_yards_lost,90,0.012066298348838857,248
stable_core_room_et_all_points__end_to_end_null,2016,ALL,lag1_sacks_suffered,91,0.01204379306800726,248
stable_core_room_et_all_points__end_to_end_null,2016,ALL,lag1_pass_td_rate,92,0.012011232548718649,248
stable_core_room_et_all_points__end_to_end_null,2016,ALL,lag4_rushing_fumbles_lost,93,0.0119733735475731,248
stable_core_room_et_all_points__end_to_end_null,2016,ALL,lag1_games,94,0.011923683815414551,248
stable_core_room_et_all_points__end_to_end_null,2016,ALL,lag1_history_available,95,0.011872715505361654,248
stable_core_room_et_all_points__end_to_end_null,2016,ALL,lag2_games,96,0.011713182820732308,248
stable_core_room_et_all_points__end_to_end_null,2016,ALL,lag4_passing_interceptions,97,0.011704939440275564,248
stable_core_room_et_all_points__end_to_end_null,2016,ALL,lag4_games,98,0.011662819116882979,248
stable_core_room_et_all_points__end_to_end_null,2016,ALL,lag1_pass_yards_per_attempt,99,0.011652290507513806,248
stable_core_room_et_all_points__end_to_end_null,2016,ALL,lag2_roster_weeks,100,0.011592445339511,248
stable_core_room_et_all_points__end_to_end_null,2016,ALL,lag1_roster_weeks,101,0.011399170405457593,248
stable_core_room_et_all_points__end_to_end_null,2016,ALL,lag1_sack_yards_lost,102,0.01129975447605131,248
stable_core_room_et_all_points__end_to_end_null,2016,ALL,lag2_carries,103,0.01115785182842625,248
stable_core_room_et_all_points__end_to_end_null,2016,ALL,lag4_sack_fumbles_lost,104,0.011153529231375282,248
stable_core_room_et_all_points__end_to_end_null,2016,ALL,lag4_history_available,105,0.011143350619267717,248
stable_core_room_et_all_points__end_to_end_null,2016,ALL,lag2_receiving_first_downs,106,0.011109633119209839,248
stable_core_room_et_all_points__end_to_end_null,2016,ALL,lag2_receiving_first_down_rate,107,0.0110969110719623,248
stable_core_room_et_all_points__end_to_end_null,2016,ALL,lag2_receiving_tds,108,0.01109251015976827,248
stable_core_room_et_all_points__end_to_end_null,2016,ALL,combine_broad_jump,109,0.01092972157624267,248
stable_core_room_et_all_points__end_to_end_null,2016,ALL,lag4_receiving_yards_per_reception,110,0.010866928629177637,248
stable_core_room_et_all_points__end_to_end_null,2016,ALL,lag4_receiving_first_down_rate,111,0.010664826173286776,248
stable_core_room_et_all_points__end_to_end_null,2016,ALL,room_lag1_margin_rushing_yards,112,0.010586042075216453,248
stable_core_room_et_all_points__end_to_end_null,2016,ALL,combine_bench,113,0.010455826965845828,248
stable_core_room_et_all_points__end_to_end_null,2016,ALL,lag2_history_available,114,0.010443360772196115,248
stable_core_room_et_all_points__end_to_end_null,2016,ALL,lag1_receiving_yards,115,0.010413135268759754,248
stable_core_room_et_all_points__end_to_end_null,2016,ALL,lag2_receiving_yards_per_reception,116,0.010194672296200103,248
stable_core_room_et_all_points__end_to_end_null,2016,ALL,lag4_receiving_40,117,0.010094993441135281,248
stable_core_room_et_all_points__end_to_end_null,2016,ALL,lag2_rushing_yards,118,0.01001227608192732,248
stable_core_room_et_all_points__end_to_end_null,2016,ALL,lag2_rushing_10,119,0.009981987830212813,248
stable_core_room_et_all_points__end_to_end_null,2016,ALL,lag2_rush_yards_per_carry,120,0.009850525843106122,248
stable_core_room_et_all_points__end_to_end_null,2016,ALL,lag4_interception_rate,121,0.009639729060429564,248
stable_core_room_et_all_points__end_to_end_null,2016,ALL,lag3_pass_yards_per_attempt,122,0.009408926663845981,248
stable_core_room_et_all_points__end_to_end_null,2016,ALL,lag4_attempts,123,0.009244630590855491,248
stable_core_room_et_all_points__end_to_end_null,2016,ALL,lag2_receiving_yards,124,0.009066113171739082,248
stable_core_room_et_all_points__end_to_end_null,2016,ALL,lag2_receiving_fumbles,125,0.009065200810723787,248
stable_core_room_et_all_points__end_to_end_null,2016,ALL,lag2_receiving_fumbles_lost,126,0.009030422196867133,248
stable_core_room_et_all_points__end_to_end_null,2016,ALL,lag3_receiving_first_down_rate,127,0.008992217294987658,248
stable_core_room_et_all_points__end_to_end_null,2016,ALL,lag1_sack_fumbles_lost,128,0.008918674603425242,248
stable_core_room_et_all_points__end_to_end_null,2016,ALL,lag1_completion_rate,129,0.00889761164445976,248
stable_core_room_et_all_points__end_to_end_null,2016,ALL,lag3_rushing_fumbles,130,0.008844519238169765,248
stable_core_room_et_all_points__end_to_end_null,2016,ALL,lag1_rush_20_rate,131,0.008835102055031827,248
stable_core_room_et_all_points__end_to_end_null,2016,ALL,room_lag1_margin_attempts,132,0.008809593521280428,248
stable_core_room_et_all_points__end_to_end_null,2016,ALL,lag2_completion_rate,133,0.008724044720265303,248
stable_core_room_et_all_points__end_to_end_null,2016,ALL,lag2_receiving_10,134,0.008694029475065913,248
stable_core_room_et_all_points__end_to_end_null,2016,ALL,lag2_sack_yards_lost,135,0.008573159145227023,248
stable_core_room_et_all_points__end_to_end_null,2016,ALL,lag1_attempts,136,0.008464092736254286,248
stable_core_room_et_all_points__end_to_end_null,2016,ALL,years_exp,137,0.008455125138016566,248
stable_core_room_et_all_points__end_to_end_null,2016,ALL,room_lag1_other_rushing_yards,138,0.00840181887540983,248
stable_core_room_et_all_points__end_to_end_null,2016,ALL,missing_combine_forty,139,0.00837405950589685,248
stable_core_room_et_all_points__end_to_end_null,2016,ALL,lag3_roster_weeks,140,0.008363053774853059,248
stable_core_room_et_all_points__end_to_end_null,2016,ALL,lag4_rushing_fumbles,141,0.008315280959199806,248
stable_core_room_et_all_points__end_to_end_null,2016,ALL,lag2_passing_40,142,0.00806091105847711,248
stable_core_room_et_all_points__end_to_end_null,2016,ALL,lag2_rush_20_rate,143,0.008047350171531771,248
stable_core_room_et_all_points__end_to_end_null,2016,ALL,lag1_passing_tds,144,0.008046263107925809,248
stable_core_room_et_all_points__end_to_end_null,2016,ALL,lag4_roster_weeks,145,0.007928285705927986,248
stable_core_room_et_all_points__end_to_end_null,2016,ALL,lag1_rushing_40,146,0.007835870188657607,248
stable_core_room_et_all_points__end_to_end_null,2016,ALL,lag2_passing_tds,147,0.00781079680543383,248
stable_core_room_et_all_points__end_to_end_null,2016,ALL,lag2_fumbles_lost_total,148,0.007671997327796843,248
stable_core_room_et_all_points__end_to_end_null,2016,ALL,lag1_receiving_yards_per_reception,149,0.007526358168524546,248
stable_core_room_et_all_points__end_to_end_null,2016,ALL,lag3_history_available,150,0.007405173012400823,248
stable_core_room_et_all_points__end_to_end_null,2016,ALL,lag2_sacks_suffered,151,0.0072449542593567996,248
stable_core_room_et_all_points__end_to_end_null,2016,ALL,lag3_receiving_20,152,0.006985735786326895,248
stable_core_room_et_all_points__end_to_end_null,2016,ALL,lag1_receptions,153,0.0069686576906671785,248
stable_core_room_et_all_points__end_to_end_null,2016,ALL,lag2_rushing_20,154,0.006956372719194076,248
stable_core_room_et_all_points__end_to_end_null,2016,ALL,lag4_fumbles_lost_total,155,0.0069281860028429796,248
stable_core_room_et_all_points__end_to_end_null,2016,ALL,lag3_receiving_yards_per_reception,156,0.0065879952880238835,248
stable_core_room_et_all_points__end_to_end_null,2016,ALL,lag1_rushing_tds,157,0.0065739644887635685,248
stable_core_room_et_all_points__end_to_end_null,2016,ALL,lag1_rush_yards_per_carry,158,0.006394193588202842,248
stable_core_room_et_all_points__end_to_end_null,2016,ALL,lag3_rushing_fumbles_lost,159,0.006355700469833687,248
stable_core_room_et_all_points__end_to_end_null,2016,ALL,lag4_receiving_first_downs,160,0.006348245104784236,248
stable_core_room_et_all_points__end_to_end_null,2016,ALL,lag1_receiving_40,161,0.006305323619794012,248
stable_core_room_et_all_points__end_to_end_null,2016,ALL,lag4_receiving_20_rate,162,0.006154531048607256,248
stable_core_room_et_all_points__end_to_end_null,2016,ALL,lag2_rushing_40,163,0.006148880268377337,248
stable_core_room_et_all_points__end_to_end_null,2016,ALL,lag4_rushing_40,164,0.005979342558743541,248
stable_core_room_et_all_points__end_to_end_null,2016,ALL,lag4_receiving_16,165,0.005875303317248176,248
stable_core_room_et_all_points__end_to_end_null,2016,ALL,draft_number,166,0.005799958360066361,248
stable_core_room_et_all_points__end_to_end_null,2016,ALL,room_lag1_margin_receptions,167,0.005722578443250417,248
stable_core_room_et_all_points__end_to_end_null,2016,ALL,lag4_receptions,168,0.005639100748917674,248
stable_core_room_et_all_points__end_to_end_null,2016,ALL,room_lag1_other_receiving_yards,169,0.005628262758074451,248
stable_core_room_et_all_points__end_to_end_null,2016,ALL,lag4_receiving_10,170,0.005522590489386055,248
stable_core_room_et_all_points__end_to_end_null,2016,ALL,lag4_rushing_tds,171,0.0055205157453479545,248
stable_core_room_et_all_points__end_to_end_null,2016,ALL,lag1_passing_40,172,0.005297160781853863,248
stable_core_room_et_all_points__end_to_end_null,2016,ALL,combine_forty,173,0.005091517266251519,248
stable_core_room_et_all_points__end_to_end_null,2016,ALL,lag2_receiving_16,174,0.005062269754894182,248
stable_core_room_et_all_points__end_to_end_null,2016,ALL,lag1_rushing_20,175,0.004946526911947358,248
stable_core_room_et_all_points__end_to_end_null,2016,ALL,lag4_rush_20_rate,176,0.0049255163751249185,248
stable_core_room_et_all_points__end_to_end_null,2016,ALL,room_lag1_margin_passing_yards,177,0.004907004753744911,248
stable_core_room_et_all_points__end_to_end_null,2016,ALL,lag4_receiving_yards,178,0.004893222458812945,248
stable_core_room_et_all_points__end_to_end_null,2016,ALL,lag4_receiving_fumbles_lost,179,0.004645102975624471,248
stable_core_room_et_all_points__end_to_end_null,2016,ALL,lag2_receiving_40,180,0.004543161367111666,248
stable_core_room_et_all_points__end_to_end_null,2016,ALL,missing_combine_bench,181,0.004541815416545863,248
stable_core_room_et_all_points__end_to_end_null,2016,ALL,lag3_fumbles_total,182,0.0045272373593968,248
stable_core_room_et_all_points__end_to_end_null,2016,ALL,lag3_fumbles_lost_total,183,0.004501687036515628,248
stable_core_room_et_all_points__end_to_end_null,2016,ALL,lag4_rushing_20,184,0.004399923201603973,248
stable_core_room_et_all_points__end_to_end_null,2016,ALL,age,185,0.004310600943870019,248
stable_core_room_et_all_points__end_to_end_null,2016,ALL,lag1_sack_fumbles,186,0.004089550359706827,248
stable_core_room_et_all_points__end_to_end_null,2016,ALL,missing_age,187,0.0040448611219846735,248
stable_core_room_et_all_points__end_to_end_null,2016,ALL,missing_draft_number,188,0.0040448611219846735,248
stable_core_room_et_all_points__end_to_end_null,2016,ALL,missing_height,189,0.0040448611219846735,248
stable_core_room_et_all_points__end_to_end_null,2016,ALL,missing_is_rookie,190,0.0040448611219846735,248
stable_core_room_et_all_points__end_to_end_null,2016,ALL,missing_team_changed,191,0.0040448611219846735,248
stable_core_room_et_all_points__end_to_end_null,2016,ALL,missing_was_drafted,192,0.0040448611219846735,248
stable_core_room_et_all_points__end_to_end_null,2016,ALL,missing_weight,193,0.0040448611219846735,248
stable_core_room_et_all_points__end_to_end_null,2016,ALL,missing_years_exp,194,0.0040448611219846735,248
stable_core_room_et_all_points__end_to_end_null,2016,ALL,position_QB,195,0.0040448611219846735,248
stable_core_room_et_all_points__end_to_end_null,2016,ALL,position_RB,196,0.0040448611219846735,248
stable_core_room_et_all_points__end_to_end_null,2016,ALL,position_TE,197,0.0040448611219846735,248
stable_core_room_et_all_points__end_to_end_null,2016,ALL,position_WR,198,0.0040448611219846735,248
stable_core_room_et_all_points__end_to_end_null,2016,ALL,lag3_receiving_20_rate,199,0.0037607115661572486,248
stable_core_room_et_all_points__end_to_end_null,2016,ALL,lag1_rushing_first_downs,200,0.00374908502180115,248
stable_core_room_et_all_points__end_to_end_null,2016,ALL,lag3_rushing_40,201,0.0036711780551065606,248
stable_core_room_et_all_points__end_to_end_null,2016,ALL,room_competitor_count,202,0.0036478411038337612,248
stable_core_room_et_all_points__end_to_end_null,2016,ALL,lag3_receptions,203,0.0036093042188895794,248
stable_core_room_et_all_points__end_to_end_null,2016,ALL,is_rookie,204,0.003556233422126826,248
stable_core_room_et_all_points__end_to_end_null,2016,ALL,lag2_completions,205,0.003336497545911647,248
stable_core_room_et_all_points__end_to_end_null,2016,ALL,lag3_receiving_40,206,0.0033034137643064227,248
stable_core_room_et_all_points__end_to_end_null,2016,ALL,lag1_receiving_20_rate,207,0.0031956675019520404,248
stable_core_room_et_all_points__end_to_end_null,2016,ALL,lag4_fumbles_total,208,0.0031819840581209127,248
stable_core_room_et_all_points__end_to_end_null,2016,ALL,missing_draft_round,209,0.0030077059424950246,248
stable_core_room_et_all_points__end_to_end_null,2016,ALL,lag1_receiving_20,210,0.00296451142200956,248
stable_core_room_et_all_points__end_to_end_null,2016,ALL,lag1_receiving_first_downs,211,0.0025929845091858155,248
stable_core_room_et_all_points__end_to_end_null,2016,ALL,lag1_receiving_10,212,0.0025622290724103295,248
stable_core_room_et_all_points__end_to_end_null,2016,ALL,draft_round,213,0.0025281422071725505,248
stable_core_room_et_all_points__end_to_end_null,2016,ALL,lag1_rushing_10,214,0.002451609061193971,248
stable_core_room_et_all_points__end_to_end_null,2016,ALL,lag3_receiving_first_downs,215,0.002305774016075203,248
stable_core_room_et_all_points__end_to_end_null,2016,ALL,lag4_receiving_fumbles,216,0.002269092020997974,248
stable_core_room_et_all_points__end_to_end_null,2016,ALL,room_lag1_other_receptions,217,0.002246056282979517,248
stable_core_room_et_all_points__end_to_end_null,2016,ALL,lag1_interception_rate,218,0.0022426249493597795,248
stable_core_room_et_all_points__end_to_end_null,2016,ALL,lag1_receiving_tds,219,0.0021120160205510326,248
stable_core_room_et_all_points__end_to_end_null,2016,ALL,lag1_receiving_first_down_rate,220,0.0019187376612998675,248
stable_core_room_et_all_points__end_to_end_null,2016,ALL,room_lag1_other_passing_yards,221,0.0017696991776287021,248
stable_core_room_et_all_points__end_to_end_null,2016,ALL,room_lag1_nonzero_competitors_passing_yards,222,0.0017308319150463618,248
stable_core_room_et_all_points__end_to_end_null,2016,ALL,lag2_passing_yards,223,0.0015427500765593156,248
stable_core_room_et_all_points__end_to_end_null,2016,ALL,lag3_receiving_fumbles_lost,224,0.0013980824310786818,248
stable_core_room_et_all_points__end_to_end_null,2016,ALL,lag1_rushing_12,225,0.0013607224727308182,248
stable_core_room_et_all_points__end_to_end_null,2016,ALL,lag1_rushing_yards,226,0.0013564962342660864,248
stable_core_room_et_all_points__end_to_end_null,2016,ALL,lag1_receiving_16,227,0.001337922531841144,248
stable_core_room_et_all_points__end_to_end_null,2016,ALL,lag3_receiving_10,228,0.0012997922165400302,248
stable_core_room_et_all_points__end_to_end_null,2016,ALL,lag3_receiving_fumbles,229,0.001236972994433546,248
stable_core_room_et_all_points__end_to_end_null,2016,ALL,lag1_fumbles_lost_total,230,0.0012352682131643153,248
stable_core_room_et_all_points__end_to_end_null,2016,ALL,lag2_receiving_20,231,0.0010591397363943656,248
stable_core_room_et_all_points__end_to_end_null,2016,ALL,lag2_passing_20,232,0.000968906718385218,248
stable_core_room_et_all_points__end_to_end_null,2016,ALL,lag2_attempts,233,0.0009158565977841095,248
stable_core_room_et_all_points__end_to_end_null,2016,ALL,lag2_passing_16,234,0.0008596077362720067,248
stable_core_room_et_all_points__end_to_end_null,2016,ALL,lag2_passing_10,235,0.000849500176946618,248
stable_core_room_et_all_points__end_to_end_null,2016,ALL,lag1_rush_first_down_rate,236,0.0008064696322683905,248
stable_core_room_et_all_points__end_to_end_null,2016,ALL,lag1_fumbles_total,237,0.0007095283335053545,248
stable_core_room_et_all_points__end_to_end_null,2016,ALL,lag2_passing_first_downs,238,0.0006665988339257106,248
stable_core_room_et_all_points__end_to_end_null,2016,ALL,lag1_carries,239,0.0005035670406229338,248
stable_core_room_et_all_points__end_to_end_null,2016,ALL,lag3_receiving_16,240,0.00047573262323342725,248
stable_core_room_et_all_points__end_to_end_null,2016,ALL,lag4_receiving_tds,241,0.0004050114321015251,248
stable_core_room_et_all_points__end_to_end_null,2016,ALL,lag2_receiving_20_rate,242,0.00034969768414782243,248
stable_core_room_et_all_points__end_to_end_null,2016,ALL,lag2_pass_td_rate,243,0.0003376895015330033,248
stable_core_room_et_all_points__end_to_end_null,2016,ALL,room_lag1_margin_carries,244,0.0002616049353729987,248
stable_core_room_et_all_points__end_to_end_null,2016,ALL,lag3_receiving_yards,245,0.00017536421369829198,248
stable_core_room_et_all_points__end_to_end_null,2016,ALL,lag1_passing_interceptions,246,0.0001667605071116626,248
stable_core_room_et_all_points__end_to_end_null,2016,ALL,was_drafted,247,5.8619121064721794e-05,248
stable_core_room_et_all_points__end_to_end_null,2016,ALL,lag4_receiving_20,248,2.293613523408025e-05,248
stable_core_room_et_all_points__end_to_end_null,2017,ALL,lag1_receiving_fumbles,1,0.03154403959261086,248
stable_core_room_et_all_points__end_to_end_null,2017,ALL,lag2_rushing_tds,2,0.03085779390005816,248
stable_core_room_et_all_points__end_to_end_null,2017,ALL,lag3_rush_yards_per_carry,3,0.02921722910397774,248
stable_core_room_et_all_points__end_to_end_null,2017,ALL,lag3_interception_rate,4,0.02907253718580253,248
stable_core_room_et_all_points__end_to_end_null,2017,ALL,lag3_rushing_12,5,0.028664296780812806,248
stable_core_room_et_all_points__end_to_end_null,2017,ALL,lag2_rush_first_down_rate,6,0.028432334418368604,248
stable_core_room_et_all_points__end_to_end_null,2017,ALL,lag3_passing_interceptions,7,0.027698374374396855,248
stable_core_room_et_all_points__end_to_end_null,2017,ALL,room_lag1_nonzero_competitors_attempts,8,0.027139055273116688,248
stable_core_room_et_all_points__end_to_end_null,2017,ALL,lag2_rushing_12,9,0.026939823573227037,248
stable_core_room_et_all_points__end_to_end_null,2017,ALL,lag2_rushing_first_downs,10,0.0268091848949952,248
stable_core_room_et_all_points__end_to_end_null,2017,ALL,lag2_receptions,11,0.02618666486034079,248
stable_core_room_et_all_points__end_to_end_null,2017,ALL,lag3_rushing_yards,12,0.026048434404802402,248
stable_core_room_et_all_points__end_to_end_null,2017,ALL,lag2_fumbles_total,13,0.025994612532432595,248
stable_core_room_et_all_points__end_to_end_null,2017,ALL,lag3_rush_20_rate,14,0.02594901973769508,248
stable_core_room_et_all_points__end_to_end_null,2017,ALL,lag3_rushing_10,15,0.02572200619896717,248
stable_core_room_et_all_points__end_to_end_null,2017,ALL,lag3_rushing_tds,16,0.025271836108212625,248
stable_core_room_et_all_points__end_to_end_null,2017,ALL,lag2_rushing_fumbles,17,0.02379987240725182,248
stable_core_room_et_all_points__end_to_end_null,2017,ALL,lag2_rushing_10,18,0.02358068988411247,248
stable_core_room_et_all_points__end_to_end_null,2017,ALL,lag3_rushing_20,19,0.02355197112069441,248
stable_core_room_et_all_points__end_to_end_null,2017,ALL,lag2_games,20,0.023330069244284372,248
stable_core_room_et_all_points__end_to_end_null,2017,ALL,lag2_receiving_first_downs,21,0.023011403715869076,248
stable_core_room_et_all_points__end_to_end_null,2017,ALL,lag1_receiving_fumbles_lost,22,0.02262035221936691,248
stable_core_room_et_all_points__end_to_end_null,2017,ALL,lag2_sack_fumbles_lost,23,0.022473635267927526,248
stable_core_room_et_all_points__end_to_end_null,2017,ALL,lag2_roster_weeks,24,0.022468607902618194,248
stable_core_room_et_all_points__end_to_end_null,2017,ALL,lag4_rush_first_down_rate,25,0.022038698662213873,248
stable_core_room_et_all_points__end_to_end_null,2017,ALL,lag2_receiving_first_down_rate,26,0.021857099023592855,248
stable_core_room_et_all_points__end_to_end_null,2017,ALL,lag2_history_available,27,0.02178868410081701,248
stable_core_room_et_all_points__end_to_end_null,2017,ALL,room_lag1_other_attempts,28,0.021749762928718986,248
stable_core_room_et_all_points__end_to_end_null,2017,ALL,lag3_games,29,0.021653363404909854,248
stable_core_room_et_all_points__end_to_end_null,2017,ALL,room_lag1_nonzero_competitors_carries,30,0.021529068181259704,248
stable_core_room_et_all_points__end_to_end_null,2017,ALL,lag2_receiving_tds,31,0.02132941015516351,248
stable_core_room_et_all_points__end_to_end_null,2017,ALL,lag2_receiving_yards,32,0.02126020352574963,248
stable_core_room_et_all_points__end_to_end_null,2017,ALL,lag2_sack_fumbles,33,0.02113402559714911,248
stable_core_room_et_all_points__end_to_end_null,2017,ALL,lag4_receiving_first_down_rate,34,0.020618661684988302,248
stable_core_room_et_all_points__end_to_end_null,2017,ALL,lag2_rush_20_rate,35,0.020428842917615184,248
stable_core_room_et_all_points__end_to_end_null,2017,ALL,lag2_receiving_yards_per_reception,36,0.02036466648791068,248
stable_core_room_et_all_points__end_to_end_null,2017,ALL,lag3_rushing_first_downs,37,0.02026228926837959,248
stable_core_room_et_all_points__end_to_end_null,2017,ALL,lag2_rushing_yards,38,0.020226518558702247,248
stable_core_room_et_all_points__end_to_end_null,2017,ALL,lag3_carries,39,0.02017277051314374,248
stable_core_room_et_all_points__end_to_end_null,2017,ALL,lag4_receiving_yards_per_reception,40,0.020079554676833804,248
stable_core_room_et_all_points__end_to_end_null,2017,ALL,lag4_rush_yards_per_carry,41,0.020006706948208948,248
stable_core_room_et_all_points__end_to_end_null,2017,ALL,lag3_receiving_first_down_rate,42,0.019987313991563827,248
stable_core_room_et_all_points__end_to_end_null,2017,ALL,lag2_receiving_10,43,0.019716703111661297,248
stable_core_room_et_all_points__end_to_end_null,2017,ALL,lag2_carries,44,0.019666917029605577,248
stable_core_room_et_all_points__end_to_end_null,2017,ALL,lag3_rush_first_down_rate,45,0.019633353627686635,248
stable_core_room_et_all_points__end_to_end_null,2017,ALL,lag2_rush_yards_per_carry,46,0.019289065219357998,248
stable_core_room_et_all_points__end_to_end_null,2017,ALL,lag4_games,47,0.019149658131648446,248
stable_core_room_et_all_points__end_to_end_null,2017,ALL,lag4_pass_yards_per_attempt,48,0.01909945889854761,248
stable_core_room_et_all_points__end_to_end_null,2017,ALL,lag2_rushing_fumbles_lost,49,0.019072645194200214,248
stable_core_room_et_all_points__end_to_end_null,2017,ALL,room_lag1_nonzero_competitors_receiving_yards,50,0.018987295131652,248
stable_core_room_et_all_points__end_to_end_null,2017,ALL,lag4_receiving_20_rate,51,0.018493134345775923,248
stable_core_room_et_all_points__end_to_end_null,2017,ALL,lag4_rushing_first_downs,52,0.018416996459363483,248
stable_core_room_et_all_points__end_to_end_null,2017,ALL,lag3_passing_40,53,0.018291528567604708,248
stable_core_room_et_all_points__end_to_end_null,2017,ALL,lag2_rushing_20,54,0.018244142305557213,248
stable_core_room_et_all_points__end_to_end_null,2017,ALL,lag2_fumbles_lost_total,55,0.018114909353123185,248
stable_core_room_et_all_points__end_to_end_null,2017,ALL,lag4_pass_td_rate,56,0.01809319922542588,248
stable_core_room_et_all_points__end_to_end_null,2017,ALL,lag4_rushing_10,57,0.01792454905464756,248
stable_core_room_et_all_points__end_to_end_null,2017,ALL,lag3_receiving_yards_per_reception,58,0.01782414284619433,248
stable_core_room_et_all_points__end_to_end_null,2017,ALL,lag4_history_available,59,0.017722563843541452,248
stable_core_room_et_all_points__end_to_end_null,2017,ALL,lag1_rushing_fumbles_lost,60,0.01759508117631317,248
stable_core_room_et_all_points__end_to_end_null,2017,ALL,lag3_sack_fumbles_lost,61,0.017570766428084476,248
stable_core_room_et_all_points__end_to_end_null,2017,ALL,lag3_roster_weeks,62,0.017256780215131846,248
stable_core_room_et_all_points__end_to_end_null,2017,ALL,lag4_passing_20,63,0.017079292706837227,248
stable_core_room_et_all_points__end_to_end_null,2017,ALL,lag3_sack_fumbles,64,0.016941564116867376,248
stable_core_room_et_all_points__end_to_end_null,2017,ALL,lag4_receiving_16,65,0.016800877330127147,248
stable_core_room_et_all_points__end_to_end_null,2017,ALL,lag4_rushing_12,66,0.016537901775448817,248
stable_core_room_et_all_points__end_to_end_null,2017,ALL,room_lag1_margin_receiving_yards,67,0.01653564783137892,248
stable_core_room_et_all_points__end_to_end_null,2017,ALL,lag4_receiving_first_downs,68,0.01640086630027329,248
stable_core_room_et_all_points__end_to_end_null,2017,ALL,lag2_passing_interceptions,69,0.01634067888302437,248
stable_core_room_et_all_points__end_to_end_null,2017,ALL,lag3_completions,70,0.016214824571381813,248
stable_core_room_et_all_points__end_to_end_null,2017,ALL,lag4_roster_weeks,71,0.016110459686801488,248
stable_core_room_et_all_points__end_to_end_null,2017,ALL,lag4_receiving_10,72,0.01603534426477855,248
stable_core_room_et_all_points__end_to_end_null,2017,ALL,lag2_receiving_16,73,0.016008517204772744,248
stable_core_room_et_all_points__end_to_end_null,2017,ALL,lag3_passing_yards,74,0.01600811640555379,248
stable_core_room_et_all_points__end_to_end_null,2017,ALL,lag4_rushing_yards,75,0.01582344669640447,248
stable_core_room_et_all_points__end_to_end_null,2017,ALL,lag3_passing_10,76,0.01565727131883728,248
stable_core_room_et_all_points__end_to_end_null,2017,ALL,lag3_history_available,77,0.015627402509988206,248
stable_core_room_et_all_points__end_to_end_null,2017,ALL,combine_bench,78,0.015476632378631566,248
stable_core_room_et_all_points__end_to_end_null,2017,ALL,lag4_carries,79,0.015363138969293696,248
stable_core_room_et_all_points__end_to_end_null,2017,ALL,years_exp,80,0.015352620136647054,248
stable_core_room_et_all_points__end_to_end_null,2017,ALL,lag3_passing_first_downs,81,0.015254540369801017,248
stable_core_room_et_all_points__end_to_end_null,2017,ALL,lag3_attempts,82,0.015163517642793457,248
stable_core_room_et_all_points__end_to_end_null,2017,ALL,lag2_pass_yards_per_attempt,83,0.014993412117658231,248
stable_core_room_et_all_points__end_to_end_null,2017,ALL,lag4_completion_rate,84,0.014737915123465336,248
stable_core_room_et_all_points__end_to_end_null,2017,ALL,lag4_receptions,85,0.014652652874352641,248
stable_core_room_et_all_points__end_to_end_null,2017,ALL,room_lag1_margin_attempts,86,0.014350542775492813,248
stable_core_room_et_all_points__end_to_end_null,2017,ALL,lag1_receiving_yards,87,0.014349623537985676,248
stable_core_room_et_all_points__end_to_end_null,2017,ALL,lag4_passing_yards,88,0.0139966907151631,248
stable_core_room_et_all_points__end_to_end_null,2017,ALL,lag4_receiving_yards,89,0.013897315122507652,248
stable_core_room_et_all_points__end_to_end_null,2017,ALL,lag3_receptions,90,0.013872108728729973,248
stable_core_room_et_all_points__end_to_end_null,2017,ALL,room_lag1_nonzero_competitors_receptions,91,0.013871332860926634,248
stable_core_room_et_all_points__end_to_end_null,2017,ALL,lag3_receiving_10,92,0.013825892644892177,248
stable_core_room_et_all_points__end_to_end_null,2017,ALL,lag3_receiving_16,93,0.01382026016114143,248
stable_core_room_et_all_points__end_to_end_null,2017,ALL,lag3_receiving_first_downs,94,0.013813654528581562,248
stable_core_room_et_all_points__end_to_end_null,2017,ALL,lag3_sack_yards_lost,95,0.013812172523040128,248
stable_core_room_et_all_points__end_to_end_null,2017,ALL,lag3_rushing_fumbles,96,0.013648675568192154,248
stable_core_room_et_all_points__end_to_end_null,2017,ALL,lag4_sack_fumbles,97,0.01360279734727414,248
stable_core_room_et_all_points__end_to_end_null,2017,ALL,lag3_passing_tds,98,0.013371612788694394,248
stable_core_room_et_all_points__end_to_end_null,2017,ALL,lag3_sacks_suffered,99,0.013214547048900625,248
stable_core_room_et_all_points__end_to_end_null,2017,ALL,lag4_passing_16,100,0.013208499160292982,248
stable_core_room_et_all_points__end_to_end_null,2017,ALL,lag4_passing_40,101,0.01319558539319724,248
stable_core_room_et_all_points__end_to_end_null,2017,ALL,lag4_passing_first_downs,102,0.013085028499800441,248
stable_core_room_et_all_points__end_to_end_null,2017,ALL,lag4_completions,103,0.01303784145136558,248
stable_core_room_et_all_points__end_to_end_null,2017,ALL,lag4_receiving_20,104,0.0124563453692314,248
stable_core_room_et_all_points__end_to_end_null,2017,ALL,lag4_passing_tds,105,0.012370570066402723,248
stable_core_room_et_all_points__end_to_end_null,2017,ALL,lag2_receiving_20,106,0.012264550999226886,248
stable_core_room_et_all_points__end_to_end_null,2017,ALL,lag4_sack_yards_lost,107,0.011953763554074497,248
stable_core_room_et_all_points__end_to_end_null,2017,ALL,lag2_completion_rate,108,0.011929075377748937,248
stable_core_room_et_all_points__end_to_end_null,2017,ALL,weight,109,0.01189543672607546,248
stable_core_room_et_all_points__end_to_end_null,2017,ALL,lag3_passing_16,110,0.011845303282273845,248
stable_core_room_et_all_points__end_to_end_null,2017,ALL,room_lag1_other_receiving_yards,111,0.011618266138756304,248
stable_core_room_et_all_points__end_to_end_null,2017,ALL,lag2_receiving_40,112,0.011573145480966556,248
stable_core_room_et_all_points__end_to_end_null,2017,ALL,lag1_receptions,113,0.01128539547265076,248
stable_core_room_et_all_points__end_to_end_null,2017,ALL,missing_combine_vertical,114,0.011207291420622824,248
stable_core_room_et_all_points__end_to_end_null,2017,ALL,lag4_sacks_suffered,115,0.011189040672123007,248
stable_core_room_et_all_points__end_to_end_null,2017,ALL,lag3_receiving_yards,116,0.011143740877695275,248
stable_core_room_et_all_points__end_to_end_null,2017,ALL,lag4_passing_10,117,0.011134993625445113,248
stable_core_room_et_all_points__end_to_end_null,2017,ALL,lag1_passing_10,118,0.010781626151796881,248
stable_core_room_et_all_points__end_to_end_null,2017,ALL,lag2_rushing_40,119,0.010781291266004547,248
stable_core_room_et_all_points__end_to_end_null,2017,ALL,lag3_passing_20,120,0.010774056378690076,248
stable_core_room_et_all_points__end_to_end_null,2017,ALL,lag3_rushing_fumbles_lost,121,0.01069039591891747,248
stable_core_room_et_all_points__end_to_end_null,2017,ALL,lag1_rushing_fumbles,122,0.010675039394917926,248
stable_core_room_et_all_points__end_to_end_null,2017,ALL,missing_combine_broad_jump,123,0.010601920534463185,248
stable_core_room_et_all_points__end_to_end_null,2017,ALL,lag1_receiving_yards_per_reception,124,0.010515217250076227,248
stable_core_room_et_all_points__end_to_end_null,2017,ALL,lag3_completion_rate,125,0.01045808421828242,248
stable_core_room_et_all_points__end_to_end_null,2017,ALL,lag1_passing_first_downs,126,0.010428745726936316,248
stable_core_room_et_all_points__end_to_end_null,2017,ALL,lag2_interception_rate,127,0.010405673399523425,248
stable_core_room_et_all_points__end_to_end_null,2017,ALL,combine_shuttle,128,0.010348047074325248,248
stable_core_room_et_all_points__end_to_end_null,2017,ALL,age,129,0.010285822598039182,248
stable_core_room_et_all_points__end_to_end_null,2017,ALL,lag4_rushing_tds,130,0.010216531957993828,248
stable_core_room_et_all_points__end_to_end_null,2017,ALL,lag1_passing_yards,131,0.010181897918818086,248
stable_core_room_et_all_points__end_to_end_null,2017,ALL,lag1_passing_16,132,0.009808454904102268,248
stable_core_room_et_all_points__end_to_end_null,2017,ALL,lag3_fumbles_total,133,0.00969655746326554,248
stable_core_room_et_all_points__end_to_end_null,2017,ALL,lag3_pass_td_rate,134,0.009653118737452027,248
stable_core_room_et_all_points__end_to_end_null,2017,ALL,lag4_rushing_fumbles_lost,135,0.009644719672413924,248
stable_core_room_et_all_points__end_to_end_null,2017,ALL,room_lag1_margin_receptions,136,0.009585878235955905,248
stable_core_room_et_all_points__end_to_end_null,2017,ALL,missing_combine_bench,137,0.009478255579806291,248
stable_core_room_et_all_points__end_to_end_null,2017,ALL,lag1_sacks_suffered,138,0.00944723670007236,248
stable_core_room_et_all_points__end_to_end_null,2017,ALL,combine_vertical,139,0.00941210825949607,248
stable_core_room_et_all_points__end_to_end_null,2017,ALL,lag4_passing_interceptions,140,0.009383056797621624,248
stable_core_room_et_all_points__end_to_end_null,2017,ALL,lag2_receiving_20_rate,141,0.009359154977624868,248
stable_core_room_et_all_points__end_to_end_null,2017,ALL,lag1_sack_yards_lost,142,0.00920249820523068,248
stable_core_room_et_all_points__end_to_end_null,2017,ALL,room_lag1_nonzero_competitors_rushing_yards,143,0.009134800004040202,248
stable_core_room_et_all_points__end_to_end_null,2017,ALL,lag1_receiving_40,144,0.009131736366640778,248
stable_core_room_et_all_points__end_to_end_null,2017,ALL,lag1_passing_20,145,0.009094185744370653,248
stable_core_room_et_all_points__end_to_end_null,2017,ALL,lag4_fumbles_lost_total,146,0.009093729663919943,248
stable_core_room_et_all_points__end_to_end_null,2017,ALL,lag1_rushing_first_downs,147,0.008771384523872248,248
stable_core_room_et_all_points__end_to_end_null,2017,ALL,lag2_passing_40,148,0.008690647413938211,248
stable_core_room_et_all_points__end_to_end_null,2017,ALL,room_lag1_margin_rushing_yards,149,0.008477802778809702,248
stable_core_room_et_all_points__end_to_end_null,2017,ALL,lag1_sack_fumbles_lost,150,0.008434326741701078,248
stable_core_room_et_all_points__end_to_end_null,2017,ALL,missing_combine_cone,151,0.008410970517610042,248
stable_core_room_et_all_points__end_to_end_null,2017,ALL,lag4_receiving_fumbles,152,0.008280682121581673,248
stable_core_room_et_all_points__end_to_end_null,2017,ALL,lag4_receiving_tds,153,0.00824937756667667,248
stable_core_room_et_all_points__end_to_end_null,2017,ALL,combine_broad_jump,154,0.008230243653331202,248
stable_core_room_et_all_points__end_to_end_null,2017,ALL,lag4_attempts,155,0.008111288622992669,248
stable_core_room_et_all_points__end_to_end_null,2017,ALL,lag3_fumbles_lost_total,156,0.008075123323712272,248
stable_core_room_et_all_points__end_to_end_null,2017,ALL,lag1_completions,157,0.008026087428205817,248
stable_core_room_et_all_points__end_to_end_null,2017,ALL,room_lag1_other_receptions,158,0.007992706736539599,248
stable_core_room_et_all_points__end_to_end_null,2017,ALL,combine_cone,159,0.007943347248947234,248
stable_core_room_et_all_points__end_to_end_null,2017,ALL,missing_combine_shuttle,160,0.007840224544291475,248
stable_core_room_et_all_points__end_to_end_null,2017,ALL,lag3_receiving_20_rate,161,0.007659340665056836,248
stable_core_room_et_all_points__end_to_end_null,2017,ALL,lag1_rushing_tds,162,0.0075402977873446995,248
stable_core_room_et_all_points__end_to_end_null,2017,ALL,lag1_pass_td_rate,163,0.007511787406325086,248
stable_core_room_et_all_points__end_to_end_null,2017,ALL,lag4_fumbles_total,164,0.007485956607492622,248
stable_core_room_et_all_points__end_to_end_null,2017,ALL,lag3_rushing_40,165,0.0074141765115961515,248
stable_core_room_et_all_points__end_to_end_null,2017,ALL,room_lag1_other_carries,166,0.007328048356143986,248
stable_core_room_et_all_points__end_to_end_null,2017,ALL,lag1_attempts,167,0.007298969181336142,248
stable_core_room_et_all_points__end_to_end_null,2017,ALL,lag4_sack_fumbles_lost,168,0.007252119499635354,248
stable_core_room_et_all_points__end_to_end_null,2017,ALL,lag1_rush_first_down_rate,169,0.007227813697269328,248
stable_core_room_et_all_points__end_to_end_null,2017,ALL,missing_age,170,0.006988383012197711,248
stable_core_room_et_all_points__end_to_end_null,2017,ALL,lag4_interception_rate,171,0.006922199077263644,248
stable_core_room_et_all_points__end_to_end_null,2017,ALL,combine_forty,172,0.006885924452614109,248
stable_core_room_et_all_points__end_to_end_null,2017,ALL,lag2_sack_yards_lost,173,0.006780451514854592,248
stable_core_room_et_all_points__end_to_end_null,2017,ALL,lag1_roster_weeks,174,0.006737716833888774,248
stable_core_room_et_all_points__end_to_end_null,2017,ALL,lag1_receiving_20,175,0.006708014474418008,248
stable_core_room_et_all_points__end_to_end_null,2017,ALL,lag1_rushing_40,176,0.006548352604282595,248
stable_core_room_et_all_points__end_to_end_null,2017,ALL,lag1_history_available,177,0.006422426351666354,248
stable_core_room_et_all_points__end_to_end_null,2017,ALL,lag3_pass_yards_per_attempt,178,0.006262511222383688,248
stable_core_room_et_all_points__end_to_end_null,2017,ALL,lag1_games,179,0.006131818132688343,248
stable_core_room_et_all_points__end_to_end_null,2017,ALL,lag1_fumbles_total,180,0.005828234704945929,248
stable_core_room_et_all_points__end_to_end_null,2017,ALL,lag2_passing_tds,181,0.005763282402449208,248
stable_core_room_et_all_points__end_to_end_null,2017,ALL,room_lag1_other_rushing_yards,182,0.005748784029362209,248
stable_core_room_et_all_points__end_to_end_null,2017,ALL,lag2_sacks_suffered,183,0.005398908571109222,248
stable_core_room_et_all_points__end_to_end_null,2017,ALL,lag1_pass_yards_per_attempt,184,0.005365304220080714,248
stable_core_room_et_all_points__end_to_end_null,2017,ALL,lag1_receiving_first_downs,185,0.005296411865649217,248
stable_core_room_et_all_points__end_to_end_null,2017,ALL,room_lag1_nonzero_competitors_passing_yards,186,0.0052829589039072224,248
stable_core_room_et_all_points__end_to_end_null,2017,ALL,lag4_receiving_40,187,0.005265461957715805,248
stable_core_room_et_all_points__end_to_end_null,2017,ALL,lag1_carries,188,0.0052356191292647946,248
stable_core_room_et_all_points__end_to_end_null,2017,ALL,lag1_passing_tds,189,0.005182491873491203,248
stable_core_room_et_all_points__end_to_end_null,2017,ALL,lag4_rushing_fumbles,190,0.004814866540085824,248
stable_core_room_et_all_points__end_to_end_null,2017,ALL,lag1_receiving_10,191,0.004772572716455312,248
stable_core_room_et_all_points__end_to_end_null,2017,ALL,lag1_rush_20_rate,192,0.004577984842242893,248
stable_core_room_et_all_points__end_to_end_null,2017,ALL,missing_draft_number,193,0.004510975823046092,248
stable_core_room_et_all_points__end_to_end_null,2017,ALL,missing_height,194,0.004510975823046092,248
stable_core_room_et_all_points__end_to_end_null,2017,ALL,missing_is_rookie,195,0.004510975823046092,248
stable_core_room_et_all_points__end_to_end_null,2017,ALL,missing_team_changed,196,0.004510975823046092,248
stable_core_room_et_all_points__end_to_end_null,2017,ALL,missing_was_drafted,197,0.004510975823046092,248
stable_core_room_et_all_points__end_to_end_null,2017,ALL,missing_weight,198,0.004510975823046092,248
stable_core_room_et_all_points__end_to_end_null,2017,ALL,position_QB,199,0.004510975823046092,248
stable_core_room_et_all_points__end_to_end_null,2017,ALL,position_RB,200,0.004510975823046092,248
stable_core_room_et_all_points__end_to_end_null,2017,ALL,position_TE,201,0.004510975823046092,248
stable_core_room_et_all_points__end_to_end_null,2017,ALL,position_WR,202,0.004510975823046092,248
stable_core_room_et_all_points__end_to_end_null,2017,ALL,lag1_passing_40,203,0.004408070206408535,248
stable_core_room_et_all_points__end_to_end_null,2017,ALL,lag3_receiving_20,204,0.004389767665246693,248
stable_core_room_et_all_points__end_to_end_null,2017,ALL,lag1_rushing_yards,205,0.004380563156373258,248
stable_core_room_et_all_points__end_to_end_null,2017,ALL,lag1_receiving_20_rate,206,0.004328128946732069,248
stable_core_room_et_all_points__end_to_end_null,2017,ALL,missing_years_exp,207,0.003937759726139109,248
stable_core_room_et_all_points__end_to_end_null,2017,ALL,lag1_completion_rate,208,0.003762418845966766,248
stable_core_room_et_all_points__end_to_end_null,2017,ALL,lag1_interception_rate,209,0.00327781242487636,248
stable_core_room_et_all_points__end_to_end_null,2017,ALL,lag2_passing_yards,210,0.003276064506586925,248
stable_core_room_et_all_points__end_to_end_null,2017,ALL,was_drafted,211,0.003124376704212586,248
stable_core_room_et_all_points__end_to_end_null,2017,ALL,lag1_rushing_12,212,0.002798823496815642,248
stable_core_room_et_all_points__end_to_end_null,2017,ALL,lag1_receiving_16,213,0.002776105173813466,248
stable_core_room_et_all_points__end_to_end_null,2017,ALL,lag1_fumbles_lost_total,214,0.002719016703412166,248
stable_core_room_et_all_points__end_to_end_null,2017,ALL,missing_combine_forty,215,0.002639215411511118,248
stable_core_room_et_all_points__end_to_end_null,2017,ALL,lag1_sack_fumbles,216,0.0025016471027612445,248
stable_core_room_et_all_points__end_to_end_null,2017,ALL,room_lag1_margin_passing_yards,217,0.0024569419661463676,248
stable_core_room_et_all_points__end_to_end_null,2017,ALL,room_competitor_count,218,0.002394790799450083,248
stable_core_room_et_all_points__end_to_end_null,2017,ALL,lag1_passing_interceptions,219,0.002381946234339733,248
stable_core_room_et_all_points__end_to_end_null,2017,ALL,lag2_passing_first_downs,220,0.0022795243539015186,248
stable_core_room_et_all_points__end_to_end_null,2017,ALL,lag1_rushing_10,221,0.0021974571799994766,248
stable_core_room_et_all_points__end_to_end_null,2017,ALL,room_lag1_other_passing_yards,222,0.002192316999870747,248
stable_core_room_et_all_points__end_to_end_null,2017,ALL,lag2_passing_16,223,0.002014739166286968,248
stable_core_room_et_all_points__end_to_end_null,2017,ALL,lag2_passing_10,224,0.00200116175329752,248
stable_core_room_et_all_points__end_to_end_null,2017,ALL,lag4_rushing_40,225,0.0017095218253637186,248
stable_core_room_et_all_points__end_to_end_null,2017,ALL,lag1_receiving_first_down_rate,226,0.0016527317857795625,248
stable_core_room_et_all_points__end_to_end_null,2017,ALL,lag1_rushing_20,227,0.001613057614524669,248
stable_core_room_et_all_points__end_to_end_null,2017,ALL,draft_round,228,0.0015524596281935544,248
stable_core_room_et_all_points__end_to_end_null,2017,ALL,lag3_receiving_tds,229,0.001441992624649023,248
stable_core_room_et_all_points__end_to_end_null,2017,ALL,lag2_pass_td_rate,230,0.001297437353669685,248
stable_core_room_et_all_points__end_to_end_null,2017,ALL,lag2_completions,231,0.0011763224714630288,248
stable_core_room_et_all_points__end_to_end_null,2017,ALL,lag2_receiving_fumbles,232,0.0011760368174355594,248
stable_core_room_et_all_points__end_to_end_null,2017,ALL,lag3_receiving_fumbles,233,0.0010978624604036744,248
stable_core_room_et_all_points__end_to_end_null,2017,ALL,lag2_attempts,234,0.001068017486219226,248
stable_core_room_et_all_points__end_to_end_null,2017,ALL,lag1_receiving_tds,235,0.0010280044355252195,248
stable_core_room_et_all_points__end_to_end_null,2017,ALL,is_rookie,236,0.0009995468784745965,248
stable_core_room_et_all_points__end_to_end_null,2017,ALL,lag4_receiving_fumbles_lost,237,0.0008935318012632944,248
stable_core_room_et_all_points__end_to_end_null,2017,ALL,height,238,0.0008281292865148891,248
stable_core_room_et_all_points__end_to_end_null,2017,ALL,missing_draft_round,239,0.0006797949419455493,248
stable_core_room_et_all_points__end_to_end_null,2017,ALL,lag4_rush_20_rate,240,0.00066570142739468,248
stable_core_room_et_all_points__end_to_end_null,2017,ALL,room_lag1_margin_carries,241,0.0005584314727623918,248
stable_core_room_et_all_points__end_to_end_null,2017,ALL,lag2_receiving_fumbles_lost,242,0.0005273731031849115,248
stable_core_room_et_all_points__end_to_end_null,2017,ALL,lag4_rushing_20,243,0.00047839645755106937,248
stable_core_room_et_all_points__end_to_end_null,2017,ALL,draft_number,244,0.0003281186257191175,248
stable_core_room_et_all_points__end_to_end_null,2017,ALL,lag3_receiving_40,245,0.00030417747866752276,248
stable_core_room_et_all_points__end_to_end_null,2017,ALL,lag1_rush_yards_per_carry,246,0.0002516678602917401,248
stable_core_room_et_all_points__end_to_end_null,2017,ALL,lag2_passing_20,247,0.00022300794007302602,248
stable_core_room_et_all_points__end_to_end_null,2017,ALL,lag3_receiving_fumbles_lost,248,2.1213118013459846e-05,248
stable_core_room_et_all_points__end_to_end_null,2018,ALL,lag1_receiving_fumbles,1,0.029690500465136868,248
stable_core_room_et_all_points__end_to_end_null,2018,ALL,lag3_rushing_12,2,0.02874969163089642,248
stable_core_room_et_all_points__end_to_end_null,2018,ALL,room_lag1_nonzero_competitors_attempts,3,0.027919920792759085,248
stable_core_room_et_all_points__end_to_end_null,2018,ALL,lag2_rush_first_down_rate,4,0.027743374883232492,248
stable_core_room_et_all_points__end_to_end_null,2018,ALL,lag3_rush_yards_per_carry,5,0.027670974701399648,248
stable_core_room_et_all_points__end_to_end_null,2018,ALL,lag2_rushing_first_downs,6,0.027503773421212612,248
stable_core_room_et_all_points__end_to_end_null,2018,ALL,lag2_rushing_tds,7,0.02658930710728559,248
stable_core_room_et_all_points__end_to_end_null,2018,ALL,lag2_fumbles_total,8,0.026291781098324044,248
stable_core_room_et_all_points__end_to_end_null,2018,ALL,lag3_rushing_10,9,0.025965920705923934,248
stable_core_room_et_all_points__end_to_end_null,2018,ALL,lag3_interception_rate,10,0.025354060338407872,248
stable_core_room_et_all_points__end_to_end_null,2018,ALL,lag2_rushing_12,11,0.02532433173210644,248
stable_core_room_et_all_points__end_to_end_null,2018,ALL,lag3_rush_20_rate,12,0.024869595309758154,248
stable_core_room_et_all_points__end_to_end_null,2018,ALL,lag3_rushing_yards,13,0.024172021282412356,248
stable_core_room_et_all_points__end_to_end_null,2018,ALL,lag2_rushing_fumbles,14,0.024122542164432773,248
stable_core_room_et_all_points__end_to_end_null,2018,ALL,lag2_rushing_10,15,0.02349147702572527,248
stable_core_room_et_all_points__end_to_end_null,2018,ALL,lag3_passing_interceptions,16,0.02310629089543945,248
stable_core_room_et_all_points__end_to_end_null,2018,ALL,lag2_history_available,17,0.022895927987083984,248
stable_core_room_et_all_points__end_to_end_null,2018,ALL,lag2_roster_weeks,18,0.022831741590923337,248
stable_core_room_et_all_points__end_to_end_null,2018,ALL,lag3_rushing_tds,19,0.022805237344308376,248
stable_core_room_et_all_points__end_to_end_null,2018,ALL,lag2_rushing_fumbles_lost,20,0.022533402823181392,248
stable_core_room_et_all_points__end_to_end_null,2018,ALL,lag1_receiving_fumbles_lost,21,0.022390707749011807,248
stable_core_room_et_all_points__end_to_end_null,2018,ALL,lag3_rushing_20,22,0.02238961762815399,248
stable_core_room_et_all_points__end_to_end_null,2018,ALL,lag2_receptions,23,0.022011830836152203,248
stable_core_room_et_all_points__end_to_end_null,2018,ALL,lag2_rushing_yards,24,0.022006836960259017,248
stable_core_room_et_all_points__end_to_end_null,2018,ALL,lag2_games,25,0.02184728618939713,248
stable_core_room_et_all_points__end_to_end_null,2018,ALL,lag2_receiving_tds,26,0.02174541155139208,248
stable_core_room_et_all_points__end_to_end_null,2018,ALL,room_lag1_other_attempts,27,0.02156414761429879,248
stable_core_room_et_all_points__end_to_end_null,2018,ALL,lag3_games,28,0.020848211905527925,248
stable_core_room_et_all_points__end_to_end_null,2018,ALL,lag2_sack_fumbles,29,0.02074825311543682,248
stable_core_room_et_all_points__end_to_end_null,2018,ALL,lag2_carries,30,0.020485376201457368,248
stable_core_room_et_all_points__end_to_end_null,2018,ALL,lag2_rush_yards_per_carry,31,0.02040896890087437,248
stable_core_room_et_all_points__end_to_end_null,2018,ALL,lag2_sack_fumbles_lost,32,0.020303614561150582,248
stable_core_room_et_all_points__end_to_end_null,2018,ALL,lag4_pass_td_rate,33,0.020041689782754342,248
stable_core_room_et_all_points__end_to_end_null,2018,ALL,lag4_pass_yards_per_attempt,34,0.019913869627355384,248
stable_core_room_et_all_points__end_to_end_null,2018,ALL,lag3_receiving_first_down_rate,35,0.01980548377276809,248
stable_core_room_et_all_points__end_to_end_null,2018,ALL,lag2_receiving_first_downs,36,0.01971824354757156,248
stable_core_room_et_all_points__end_to_end_null,2018,ALL,lag3_rushing_first_downs,37,0.019629551600109804,248
stable_core_room_et_all_points__end_to_end_null,2018,ALL,lag1_rushing_fumbles_lost,38,0.019440397590036268,248
stable_core_room_et_all_points__end_to_end_null,2018,ALL,lag2_receiving_first_down_rate,39,0.01920786906729607,248
stable_core_room_et_all_points__end_to_end_null,2018,ALL,lag3_rush_first_down_rate,40,0.019160250021985493,248
stable_core_room_et_all_points__end_to_end_null,2018,ALL,lag3_receiving_yards_per_reception,41,0.019092918961239467,248
stable_core_room_et_all_points__end_to_end_null,2018,ALL,lag4_rush_first_down_rate,42,0.018557601865937894,248
stable_core_room_et_all_points__end_to_end_null,2018,ALL,lag4_receiving_first_down_rate,43,0.018312716766427515,248
stable_core_room_et_all_points__end_to_end_null,2018,ALL,lag3_carries,44,0.018292095072640777,248
stable_core_room_et_all_points__end_to_end_null,2018,ALL,lag4_games,45,0.01819758357918556,248
stable_core_room_et_all_points__end_to_end_null,2018,ALL,lag4_rush_yards_per_carry,46,0.01818747622057285,248
stable_core_room_et_all_points__end_to_end_null,2018,ALL,lag2_receiving_yards,47,0.018104738121378073,248
stable_core_room_et_all_points__end_to_end_null,2018,ALL,lag4_receiving_yards_per_reception,48,0.01807170078044393,248
stable_core_room_et_all_points__end_to_end_null,2018,ALL,lag4_rushing_10,49,0.018044728859274516,248
stable_core_room_et_all_points__end_to_end_null,2018,ALL,lag4_history_available,50,0.017530407763779444,248
stable_core_room_et_all_points__end_to_end_null,2018,ALL,lag3_roster_weeks,51,0.016888683925346905,248
stable_core_room_et_all_points__end_to_end_null,2018,ALL,lag2_receiving_10,52,0.01685365582364616,248
stable_core_room_et_all_points__end_to_end_null,2018,ALL,lag2_receiving_yards_per_reception,53,0.016790984941937304,248
stable_core_room_et_all_points__end_to_end_null,2018,ALL,lag4_passing_20,54,0.01661910507438918,248
stable_core_room_et_all_points__end_to_end_null,2018,ALL,lag2_fumbles_lost_total,55,0.01660591779027918,248
stable_core_room_et_all_points__end_to_end_null,2018,ALL,lag4_rushing_first_downs,56,0.016556615954362218,248
stable_core_room_et_all_points__end_to_end_null,2018,ALL,room_lag1_nonzero_competitors_carries,57,0.01654754478083332,248
stable_core_room_et_all_points__end_to_end_null,2018,ALL,lag2_rush_20_rate,58,0.01650533617709826,248
stable_core_room_et_all_points__end_to_end_null,2018,ALL,lag4_completion_rate,59,0.016410847249074788,248
stable_core_room_et_all_points__end_to_end_null,2018,ALL,combine_bench,60,0.016184075053326127,248
stable_core_room_et_all_points__end_to_end_null,2018,ALL,lag2_pass_yards_per_attempt,61,0.016181059599542958,248
stable_core_room_et_all_points__end_to_end_null,2018,ALL,lag3_attempts,62,0.016133208790859912,248
stable_core_room_et_all_points__end_to_end_null,2018,ALL,room_lag1_nonzero_competitors_receiving_yards,63,0.01596093315948801,248
stable_core_room_et_all_points__end_to_end_null,2018,ALL,room_lag1_margin_attempts,64,0.015811782602705104,248
stable_core_room_et_all_points__end_to_end_null,2018,ALL,lag4_rushing_12,65,0.015740547077584936,248
stable_core_room_et_all_points__end_to_end_null,2018,ALL,lag4_roster_weeks,66,0.015607160521204354,248
stable_core_room_et_all_points__end_to_end_null,2018,ALL,lag4_passing_yards,67,0.015476024475196169,248
stable_core_room_et_all_points__end_to_end_null,2018,ALL,lag3_sack_fumbles_lost,68,0.015166557025431767,248
stable_core_room_et_all_points__end_to_end_null,2018,ALL,lag3_completions,69,0.015157627594422234,248
stable_core_room_et_all_points__end_to_end_null,2018,ALL,lag2_passing_interceptions,70,0.015095633446770017,248
stable_core_room_et_all_points__end_to_end_null,2018,ALL,lag4_passing_first_downs,71,0.015032827002575477,248
stable_core_room_et_all_points__end_to_end_null,2018,ALL,lag4_receiving_16,72,0.014968573417672805,248
stable_core_room_et_all_points__end_to_end_null,2018,ALL,lag4_passing_16,73,0.014967668045192182,248
stable_core_room_et_all_points__end_to_end_null,2018,ALL,lag4_sack_yards_lost,74,0.014960188494305597,248
stable_core_room_et_all_points__end_to_end_null,2018,ALL,lag3_passing_yards,75,0.014939456840156146,248
stable_core_room_et_all_points__end_to_end_null,2018,ALL,lag4_receiving_20_rate,76,0.014922002706338143,248
stable_core_room_et_all_points__end_to_end_null,2018,ALL,lag4_carries,77,0.014846043923901093,248
stable_core_room_et_all_points__end_to_end_null,2018,ALL,lag4_rushing_yards,78,0.014829749903282839,248
stable_core_room_et_all_points__end_to_end_null,2018,ALL,lag3_sack_fumbles,79,0.014822781649172645,248
stable_core_room_et_all_points__end_to_end_null,2018,ALL,lag3_history_available,80,0.014818599921607093,248
stable_core_room_et_all_points__end_to_end_null,2018,ALL,lag4_completions,81,0.014728380621051338,248
stable_core_room_et_all_points__end_to_end_null,2018,ALL,lag2_rushing_20,82,0.01472003017768341,248
stable_core_room_et_all_points__end_to_end_null,2018,ALL,lag3_passing_10,83,0.014600955561695312,248
stable_core_room_et_all_points__end_to_end_null,2018,ALL,lag3_passing_first_downs,84,0.014434941475214451,248
stable_core_room_et_all_points__end_to_end_null,2018,ALL,lag3_receiving_16,85,0.014354698105843671,248
stable_core_room_et_all_points__end_to_end_null,2018,ALL,lag3_passing_40,86,0.014263207893039326,248
stable_core_room_et_all_points__end_to_end_null,2018,ALL,lag3_receiving_10,87,0.014213946450221036,248
stable_core_room_et_all_points__end_to_end_null,2018,ALL,missing_combine_bench,88,0.014136173787896965,248
stable_core_room_et_all_points__end_to_end_null,2018,ALL,lag4_sacks_suffered,89,0.013891950407445711,248
stable_core_room_et_all_points__end_to_end_null,2018,ALL,lag2_completion_rate,90,0.013870108748961451,248
stable_core_room_et_all_points__end_to_end_null,2018,ALL,lag4_receiving_first_downs,91,0.013806209538430916,248
stable_core_room_et_all_points__end_to_end_null,2018,ALL,lag4_passing_tds,92,0.01377154062136784,248
stable_core_room_et_all_points__end_to_end_null,2018,ALL,lag4_passing_40,93,0.013726513282087452,248
stable_core_room_et_all_points__end_to_end_null,2018,ALL,lag3_receptions,94,0.013711651390433899,248
stable_core_room_et_all_points__end_to_end_null,2018,ALL,lag2_rushing_40,95,0.013680910910058318,248
stable_core_room_et_all_points__end_to_end_null,2018,ALL,lag4_sack_fumbles,96,0.013625366938830387,248
stable_core_room_et_all_points__end_to_end_null,2018,ALL,lag4_passing_10,97,0.013543623896510005,248
stable_core_room_et_all_points__end_to_end_null,2018,ALL,lag4_receiving_10,98,0.01351192668704518,248
stable_core_room_et_all_points__end_to_end_null,2018,ALL,lag3_passing_tds,99,0.013419599014212271,248
stable_core_room_et_all_points__end_to_end_null,2018,ALL,lag3_receiving_first_downs,100,0.013189044315139157,248
stable_core_room_et_all_points__end_to_end_null,2018,ALL,combine_broad_jump,101,0.013169629212781505,248
stable_core_room_et_all_points__end_to_end_null,2018,ALL,lag3_sack_yards_lost,102,0.012685224633782119,248
stable_core_room_et_all_points__end_to_end_null,2018,ALL,lag1_passing_10,103,0.01233636092263577,248
stable_core_room_et_all_points__end_to_end_null,2018,ALL,missing_combine_cone,104,0.012292296766009863,248
stable_core_room_et_all_points__end_to_end_null,2018,ALL,combine_vertical,105,0.012215500092094725,248
stable_core_room_et_all_points__end_to_end_null,2018,ALL,lag4_receptions,106,0.012085704298093294,248
stable_core_room_et_all_points__end_to_end_null,2018,ALL,lag4_receiving_yards,107,0.012079020726451206,248
stable_core_room_et_all_points__end_to_end_null,2018,ALL,lag1_passing_first_downs,108,0.01193145554990199,248
stable_core_room_et_all_points__end_to_end_null,2018,ALL,lag3_sacks_suffered,109,0.011915339947868135,248
stable_core_room_et_all_points__end_to_end_null,2018,ALL,lag1_passing_yards,110,0.011910477050816206,248
stable_core_room_et_all_points__end_to_end_null,2018,ALL,years_exp,111,0.011868359334876458,248
stable_core_room_et_all_points__end_to_end_null,2018,ALL,lag3_receiving_yards,112,0.011730048982845794,248
stable_core_room_et_all_points__end_to_end_null,2018,ALL,lag3_pass_td_rate,113,0.011632809201237018,248
stable_core_room_et_all_points__end_to_end_null,2018,ALL,room_lag1_margin_rushing_yards,114,0.011602207519695136,248
stable_core_room_et_all_points__end_to_end_null,2018,ALL,lag4_attempts,115,0.011578274135364037,248
stable_core_room_et_all_points__end_to_end_null,2018,ALL,lag2_receiving_16,116,0.0115139582810737,248
stable_core_room_et_all_points__end_to_end_null,2018,ALL,weight,117,0.01146270805910529,248
stable_core_room_et_all_points__end_to_end_null,2018,ALL,combine_shuttle,118,0.01138539222340031,248
stable_core_room_et_all_points__end_to_end_null,2018,ALL,room_lag1_margin_receiving_yards,119,0.011325080507909938,248
stable_core_room_et_all_points__end_to_end_null,2018,ALL,missing_combine_vertical,120,0.011194909351427562,248
stable_core_room_et_all_points__end_to_end_null,2018,ALL,lag1_passing_16,121,0.011127108773149718,248
stable_core_room_et_all_points__end_to_end_null,2018,ALL,missing_combine_broad_jump,122,0.010990511666235669,248
stable_core_room_et_all_points__end_to_end_null,2018,ALL,room_lag1_nonzero_competitors_receptions,123,0.010737269464378345,248
stable_core_room_et_all_points__end_to_end_null,2018,ALL,lag3_rushing_fumbles,124,0.01061685324728218,248
stable_core_room_et_all_points__end_to_end_null,2018,ALL,lag3_fumbles_total,125,0.01051158035911089,248
stable_core_room_et_all_points__end_to_end_null,2018,ALL,missing_combine_shuttle,126,0.010437922638257852,248
stable_core_room_et_all_points__end_to_end_null,2018,ALL,lag1_passing_20,127,0.010429864879923485,248
stable_core_room_et_all_points__end_to_end_null,2018,ALL,lag3_receiving_20_rate,128,0.010404097022087338,248
stable_core_room_et_all_points__end_to_end_null,2018,ALL,combine_forty,129,0.010121586417927625,248
stable_core_room_et_all_points__end_to_end_null,2018,ALL,lag2_interception_rate,130,0.010062288781672077,248
stable_core_room_et_all_points__end_to_end_null,2018,ALL,lag3_passing_16,131,0.009975025436248086,248
stable_core_room_et_all_points__end_to_end_null,2018,ALL,combine_cone,132,0.009886431657490743,248
stable_core_room_et_all_points__end_to_end_null,2018,ALL,room_lag1_other_receiving_yards,133,0.009882789398825156,248
stable_core_room_et_all_points__end_to_end_null,2018,ALL,lag4_passing_interceptions,134,0.00985646161105378,248
stable_core_room_et_all_points__end_to_end_null,2018,ALL,lag1_completions,135,0.009726016115929574,248
stable_core_room_et_all_points__end_to_end_null,2018,ALL,lag1_rushing_fumbles,136,0.009563338745973985,248
stable_core_room_et_all_points__end_to_end_null,2018,ALL,lag1_sacks_suffered,137,0.009520798928636049,248
stable_core_room_et_all_points__end_to_end_null,2018,ALL,lag1_rushing_40,138,0.0095013046658362,248
stable_core_room_et_all_points__end_to_end_null,2018,ALL,lag4_receiving_20,139,0.009382415045320947,248
stable_core_room_et_all_points__end_to_end_null,2018,ALL,lag1_sack_yards_lost,140,0.00927646557802579,248
stable_core_room_et_all_points__end_to_end_null,2018,ALL,lag2_receiving_40,141,0.009132567586096619,248
stable_core_room_et_all_points__end_to_end_null,2018,ALL,lag4_rushing_fumbles_lost,142,0.009013631949654053,248
stable_core_room_et_all_points__end_to_end_null,2018,ALL,lag3_completion_rate,143,0.009000942100115218,248
stable_core_room_et_all_points__end_to_end_null,2018,ALL,lag3_passing_20,144,0.008884536073311697,248
stable_core_room_et_all_points__end_to_end_null,2018,ALL,was_drafted,145,0.008662383480480816,248
stable_core_room_et_all_points__end_to_end_null,2018,ALL,lag2_receiving_20,146,0.008580192154937336,248
stable_core_room_et_all_points__end_to_end_null,2018,ALL,draft_round,147,0.008442911146461238,248
stable_core_room_et_all_points__end_to_end_null,2018,ALL,lag1_receiving_yards,148,0.008416410970253347,248
stable_core_room_et_all_points__end_to_end_null,2018,ALL,lag4_rushing_tds,149,0.008224439194262096,248
stable_core_room_et_all_points__end_to_end_null,2018,ALL,lag3_fumbles_lost_total,150,0.008167459966484929,248
stable_core_room_et_all_points__end_to_end_null,2018,ALL,lag4_rushing_fumbles,151,0.008102652663575701,248
stable_core_room_et_all_points__end_to_end_null,2018,ALL,lag1_games,152,0.007926546907888608,248
stable_core_room_et_all_points__end_to_end_null,2018,ALL,lag2_passing_40,153,0.007915210717198144,248
stable_core_room_et_all_points__end_to_end_null,2018,ALL,lag1_roster_weeks,154,0.007460372238388565,248
stable_core_room_et_all_points__end_to_end_null,2018,ALL,lag4_fumbles_lost_total,155,0.007429645198931873,248
stable_core_room_et_all_points__end_to_end_null,2018,ALL,lag1_pass_td_rate,156,0.007398482483436921,248
stable_core_room_et_all_points__end_to_end_null,2018,ALL,lag1_attempts,157,0.00722368098135579,248
stable_core_room_et_all_points__end_to_end_null,2018,ALL,lag1_rushing_first_downs,158,0.007215309639282107,248
stable_core_room_et_all_points__end_to_end_null,2018,ALL,lag3_rushing_fumbles_lost,159,0.007165251689479182,248
stable_core_room_et_all_points__end_to_end_null,2018,ALL,lag4_receiving_40,160,0.007064350008257146,248
stable_core_room_et_all_points__end_to_end_null,2018,ALL,lag4_interception_rate,161,0.0070175536714644025,248
stable_core_room_et_all_points__end_to_end_null,2018,ALL,lag2_sack_yards_lost,162,0.006995000932623577,248
stable_core_room_et_all_points__end_to_end_null,2018,ALL,lag4_sack_fumbles_lost,163,0.006896153131809319,248
stable_core_room_et_all_points__end_to_end_null,2018,ALL,lag1_sack_fumbles_lost,164,0.006890202853138066,248
stable_core_room_et_all_points__end_to_end_null,2018,ALL,age,165,0.006779441897448507,248
stable_core_room_et_all_points__end_to_end_null,2018,ALL,lag1_passing_tds,166,0.006778195940384987,248
stable_core_room_et_all_points__end_to_end_null,2018,ALL,room_competitor_count,167,0.006576022460088217,248
stable_core_room_et_all_points__end_to_end_null,2018,ALL,lag1_pass_yards_per_attempt,168,0.006551913600337816,248
stable_core_room_et_all_points__end_to_end_null,2018,ALL,missing_draft_round,169,0.006489431340627558,248
stable_core_room_et_all_points__end_to_end_null,2018,ALL,lag1_history_available,170,0.006449877430622476,248
stable_core_room_et_all_points__end_to_end_null,2018,ALL,lag1_rush_first_down_rate,171,0.006423987860564921,248
stable_core_room_et_all_points__end_to_end_null,2018,ALL,lag1_passing_40,172,0.0063595905244879765,248
stable_core_room_et_all_points__end_to_end_null,2018,ALL,lag3_receiving_20,173,0.006151859391592381,248
stable_core_room_et_all_points__end_to_end_null,2018,ALL,lag2_passing_tds,174,0.006121359186982535,248
stable_core_room_et_all_points__end_to_end_null,2018,ALL,lag3_rushing_40,175,0.006092765412385937,248
stable_core_room_et_all_points__end_to_end_null,2018,ALL,room_lag1_margin_carries,176,0.00608200693522331,248
stable_core_room_et_all_points__end_to_end_null,2018,ALL,lag1_receptions,177,0.005991288891042995,248
stable_core_room_et_all_points__end_to_end_null,2018,ALL,lag1_fumbles_total,178,0.005822197920522404,248
stable_core_room_et_all_points__end_to_end_null,2018,ALL,lag4_receiving_tds,179,0.005703351066482181,248
stable_core_room_et_all_points__end_to_end_null,2018,ALL,lag2_sacks_suffered,180,0.005590177389601933,248
stable_core_room_et_all_points__end_to_end_null,2018,ALL,room_lag1_other_receptions,181,0.00558255299330866,248
stable_core_room_et_all_points__end_to_end_null,2018,ALL,lag4_fumbles_total,182,0.005446764113466779,248
stable_core_room_et_all_points__end_to_end_null,2018,ALL,lag2_receiving_fumbles_lost,183,0.005321588209580877,248
stable_core_room_et_all_points__end_to_end_null,2018,ALL,lag1_receiving_yards_per_reception,184,0.005314682833399244,248
stable_core_room_et_all_points__end_to_end_null,2018,ALL,missing_years_exp,185,0.005279424691895231,248
stable_core_room_et_all_points__end_to_end_null,2018,ALL,lag2_receiving_20_rate,186,0.005146874949453182,248
stable_core_room_et_all_points__end_to_end_null,2018,ALL,lag1_sack_fumbles,187,0.004789582125864719,248
stable_core_room_et_all_points__end_to_end_null,2018,ALL,lag3_pass_yards_per_attempt,188,0.004761549526517296,248
stable_core_room_et_all_points__end_to_end_null,2018,ALL,room_lag1_nonzero_competitors_passing_yards,189,0.00475201619313966,248
stable_core_room_et_all_points__end_to_end_null,2018,ALL,missing_age,190,0.004597953730233752,248
stable_core_room_et_all_points__end_to_end_null,2018,ALL,room_lag1_nonzero_competitors_rushing_yards,191,0.00455699939143825,248
stable_core_room_et_all_points__end_to_end_null,2018,ALL,lag2_passing_yards,192,0.00454435350300185,248
stable_core_room_et_all_points__end_to_end_null,2018,ALL,missing_draft_number,193,0.004540889705497689,248
stable_core_room_et_all_points__end_to_end_null,2018,ALL,missing_height,194,0.004540889705497689,248
stable_core_room_et_all_points__end_to_end_null,2018,ALL,missing_is_rookie,195,0.004540889705497689,248
stable_core_room_et_all_points__end_to_end_null,2018,ALL,missing_team_changed,196,0.004540889705497689,248
stable_core_room_et_all_points__end_to_end_null,2018,ALL,missing_was_drafted,197,0.004540889705497689,248
stable_core_room_et_all_points__end_to_end_null,2018,ALL,missing_weight,198,0.004540889705497689,248
stable_core_room_et_all_points__end_to_end_null,2018,ALL,position_QB,199,0.004540889705497689,248
stable_core_room_et_all_points__end_to_end_null,2018,ALL,position_RB,200,0.004540889705497689,248
stable_core_room_et_all_points__end_to_end_null,2018,ALL,position_TE,201,0.004540889705497689,248
stable_core_room_et_all_points__end_to_end_null,2018,ALL,position_WR,202,0.004540889705497689,248
stable_core_room_et_all_points__end_to_end_null,2018,ALL,lag1_receiving_tds,203,0.004489752449665067,248
stable_core_room_et_all_points__end_to_end_null,2018,ALL,lag1_completion_rate,204,0.0043150159605442094,248
stable_core_room_et_all_points__end_to_end_null,2018,ALL,height,205,0.004215417791379684,248
stable_core_room_et_all_points__end_to_end_null,2018,ALL,lag1_carries,206,0.004152271929499203,248
stable_core_room_et_all_points__end_to_end_null,2018,ALL,room_lag1_margin_receptions,207,0.003997392063672207,248
stable_core_room_et_all_points__end_to_end_null,2018,ALL,room_lag1_other_passing_yards,208,0.003485326897786499,248
stable_core_room_et_all_points__end_to_end_null,2018,ALL,lag4_receiving_fumbles,209,0.0033355670626589637,248
stable_core_room_et_all_points__end_to_end_null,2018,ALL,room_lag1_margin_passing_yards,210,0.0030404363829214347,248
stable_core_room_et_all_points__end_to_end_null,2018,ALL,lag1_receiving_16,211,0.00271832117538761,248
stable_core_room_et_all_points__end_to_end_null,2018,ALL,lag1_rush_yards_per_carry,212,0.0025090747586925927,248
stable_core_room_et_all_points__end_to_end_null,2018,ALL,lag3_receiving_tds,213,0.002437684782539133,248
stable_core_room_et_all_points__end_to_end_null,2018,ALL,lag2_passing_16,214,0.002425463352851579,248
stable_core_room_et_all_points__end_to_end_null,2018,ALL,missing_combine_forty,215,0.0024123648530113267,248
stable_core_room_et_all_points__end_to_end_null,2018,ALL,lag3_receiving_40,216,0.002363815216078728,248
stable_core_room_et_all_points__end_to_end_null,2018,ALL,is_rookie,217,0.0023211325634594016,248
stable_core_room_et_all_points__end_to_end_null,2018,ALL,lag1_receiving_40,218,0.0022450895416217397,248
stable_core_room_et_all_points__end_to_end_null,2018,ALL,lag2_passing_first_downs,219,0.00223668432336855,248
stable_core_room_et_all_points__end_to_end_null,2018,ALL,lag1_rush_20_rate,220,0.002119736041567779,248
stable_core_room_et_all_points__end_to_end_null,2018,ALL,lag1_interception_rate,221,0.0021182795482929616,248
stable_core_room_et_all_points__end_to_end_null,2018,ALL,lag1_fumbles_lost_total,222,0.002111175235492347,248
stable_core_room_et_all_points__end_to_end_null,2018,ALL,lag1_rushing_yards,223,0.0020638790961012075,248
stable_core_room_et_all_points__end_to_end_null,2018,ALL,lag4_rushing_40,224,0.001948342794267947,248
stable_core_room_et_all_points__end_to_end_null,2018,ALL,draft_number,225,0.0019052952762719125,248
stable_core_room_et_all_points__end_to_end_null,2018,ALL,lag1_rushing_12,226,0.0018696702162282102,248
stable_core_room_et_all_points__end_to_end_null,2018,ALL,lag2_passing_10,227,0.0016584607628080917,248
stable_core_room_et_all_points__end_to_end_null,2018,ALL,room_lag1_other_rushing_yards,228,0.0015424091215401837,248
stable_core_room_et_all_points__end_to_end_null,2018,ALL,lag2_receiving_fumbles,229,0.001503401136464905,248
stable_core_room_et_all_points__end_to_end_null,2018,ALL,lag2_pass_td_rate,230,0.0013783891549927411,248
stable_core_room_et_all_points__end_to_end_null,2018,ALL,lag3_receiving_fumbles,231,0.0013186334320350775,248
stable_core_room_et_all_points__end_to_end_null,2018,ALL,lag1_receiving_first_down_rate,232,0.001187120826190974,248
stable_core_room_et_all_points__end_to_end_null,2018,ALL,lag1_rushing_tds,233,0.0010444166241483613,248
stable_core_room_et_all_points__end_to_end_null,2018,ALL,lag2_attempts,234,0.0008036834330560006,248
stable_core_room_et_all_points__end_to_end_null,2018,ALL,lag1_receiving_20_rate,235,0.0007899035506434272,248
stable_core_room_et_all_points__end_to_end_null,2018,ALL,lag4_rush_20_rate,236,0.0007717746940966504,248
stable_core_room_et_all_points__end_to_end_null,2018,ALL,lag4_rushing_20,237,0.000755380728644068,248
stable_core_room_et_all_points__end_to_end_null,2018,ALL,lag1_receiving_20,238,0.0007460425523849299,248
stable_core_room_et_all_points__end_to_end_null,2018,ALL,lag2_passing_20,239,0.0006662368473912964,248
stable_core_room_et_all_points__end_to_end_null,2018,ALL,lag3_receiving_fumbles_lost,240,0.0005458147710023705,248
stable_core_room_et_all_points__end_to_end_null,2018,ALL,lag2_completions,241,0.00046026670676912063,248
stable_core_room_et_all_points__end_to_end_null,2018,ALL,lag1_rushing_10,242,0.0003654624836091216,248
stable_core_room_et_all_points__end_to_end_null,2018,ALL,lag1_rushing_20,243,0.00027803011380372146,248
stable_core_room_et_all_points__end_to_end_null,2018,ALL,lag1_receiving_first_downs,244,0.0002401635033715794,248
stable_core_room_et_all_points__end_to_end_null,2018,ALL,lag1_receiving_10,245,0.0002027642633922465,248
stable_core_room_et_all_points__end_to_end_null,2018,ALL,room_lag1_other_carries,246,0.00019727792087983367,248
stable_core_room_et_all_points__end_to_end_null,2018,ALL,lag1_passing_interceptions,247,0.00010065266889100823,248
stable_core_room_et_all_points__end_to_end_null,2018,ALL,lag4_receiving_fumbles_lost,248,4.6342369634957975e-05,248
stable_core_room_et_all_points__end_to_end_null,2019,ALL,lag1_receiving_fumbles,1,0.031679222244453416,248
stable_core_room_et_all_points__end_to_end_null,2019,ALL,lag2_rush_first_down_rate,2,0.03129372307983533,248
stable_core_room_et_all_points__end_to_end_null,2019,ALL,lag2_rushing_first_downs,3,0.030758502947572416,248
stable_core_room_et_all_points__end_to_end_null,2019,ALL,lag3_rush_yards_per_carry,4,0.029351702964257802,248
stable_core_room_et_all_points__end_to_end_null,2019,ALL,lag3_rushing_12,5,0.02860212513283118,248
stable_core_room_et_all_points__end_to_end_null,2019,ALL,lag2_rushing_tds,6,0.028065587590098955,248
stable_core_room_et_all_points__end_to_end_null,2019,ALL,lag2_rushing_fumbles,7,0.027245100921639658,248
stable_core_room_et_all_points__end_to_end_null,2019,ALL,lag2_rushing_12,8,0.026639874432583616,248
stable_core_room_et_all_points__end_to_end_null,2019,ALL,lag3_rushing_yards,9,0.02634909807377657,248
stable_core_room_et_all_points__end_to_end_null,2019,ALL,lag1_receiving_fumbles_lost,10,0.025851908005531037,248
stable_core_room_et_all_points__end_to_end_null,2019,ALL,lag3_rushing_tds,11,0.025459887522935133,248
stable_core_room_et_all_points__end_to_end_null,2019,ALL,lag2_fumbles_total,12,0.02542936262193537,248
stable_core_room_et_all_points__end_to_end_null,2019,ALL,lag2_rushing_yards,13,0.02508713156462351,248
stable_core_room_et_all_points__end_to_end_null,2019,ALL,lag3_rushing_10,14,0.02502427305786407,248
stable_core_room_et_all_points__end_to_end_null,2019,ALL,lag2_rushing_10,15,0.024974126517846102,248
stable_core_room_et_all_points__end_to_end_null,2019,ALL,lag2_history_available,16,0.02474021124631645,248
stable_core_room_et_all_points__end_to_end_null,2019,ALL,lag2_rush_yards_per_carry,17,0.024692875492358296,248
stable_core_room_et_all_points__end_to_end_null,2019,ALL,lag2_roster_weeks,18,0.024590444350353173,248
stable_core_room_et_all_points__end_to_end_null,2019,ALL,room_lag1_nonzero_competitors_attempts,19,0.02443205463268801,248
stable_core_room_et_all_points__end_to_end_null,2019,ALL,lag2_carries,20,0.024353539961192897,248
stable_core_room_et_all_points__end_to_end_null,2019,ALL,lag2_sack_fumbles,21,0.024047346945461668,248
stable_core_room_et_all_points__end_to_end_null,2019,ALL,lag3_rush_20_rate,22,0.023838324773288747,248
stable_core_room_et_all_points__end_to_end_null,2019,ALL,lag3_interception_rate,23,0.023679746805163396,248
stable_core_room_et_all_points__end_to_end_null,2019,ALL,lag2_rushing_fumbles_lost,24,0.023502234388343833,248
stable_core_room_et_all_points__end_to_end_null,2019,ALL,lag2_sack_fumbles_lost,25,0.0226027197126249,248
stable_core_room_et_all_points__end_to_end_null,2019,ALL,lag3_passing_interceptions,26,0.022437006166822496,248
stable_core_room_et_all_points__end_to_end_null,2019,ALL,lag4_pass_td_rate,27,0.02239005477360401,248
stable_core_room_et_all_points__end_to_end_null,2019,ALL,lag3_rushing_20,28,0.02205140191386474,248
stable_core_room_et_all_points__end_to_end_null,2019,ALL,lag3_rush_first_down_rate,29,0.02140013849840882,248
stable_core_room_et_all_points__end_to_end_null,2019,ALL,lag3_rushing_first_downs,30,0.021162288078305724,248
stable_core_room_et_all_points__end_to_end_null,2019,ALL,lag2_games,31,0.02106290357170865,248
stable_core_room_et_all_points__end_to_end_null,2019,ALL,lag3_games,32,0.020502314265541645,248
stable_core_room_et_all_points__end_to_end_null,2019,ALL,lag3_receiving_first_down_rate,33,0.020344418647105674,248
stable_core_room_et_all_points__end_to_end_null,2019,ALL,lag4_pass_yards_per_attempt,34,0.02025144134312206,248
stable_core_room_et_all_points__end_to_end_null,2019,ALL,lag4_passing_20,35,0.02005244531702503,248
stable_core_room_et_all_points__end_to_end_null,2019,ALL,lag4_rush_first_down_rate,36,0.019778966026131783,248
stable_core_room_et_all_points__end_to_end_null,2019,ALL,lag3_receiving_yards_per_reception,37,0.019675718962559083,248
stable_core_room_et_all_points__end_to_end_null,2019,ALL,lag2_rush_20_rate,38,0.01947251733185753,248
stable_core_room_et_all_points__end_to_end_null,2019,ALL,lag3_carries,39,0.01933305229827439,248
stable_core_room_et_all_points__end_to_end_null,2019,ALL,combine_bench,40,0.01868393198736395,248
stable_core_room_et_all_points__end_to_end_null,2019,ALL,lag1_rushing_fumbles_lost,41,0.01864117841306956,248
stable_core_room_et_all_points__end_to_end_null,2019,ALL,lag3_attempts,42,0.01834144346782209,248
stable_core_room_et_all_points__end_to_end_null,2019,ALL,lag4_rushing_10,43,0.01824004516163201,248
stable_core_room_et_all_points__end_to_end_null,2019,ALL,lag2_fumbles_lost_total,44,0.018122746418576537,248
stable_core_room_et_all_points__end_to_end_null,2019,ALL,room_lag1_other_attempts,45,0.01799511671232,248
stable_core_room_et_all_points__end_to_end_null,2019,ALL,lag2_receptions,46,0.017946715326026298,248
stable_core_room_et_all_points__end_to_end_null,2019,ALL,lag4_rushing_first_downs,47,0.017871973373676332,248
stable_core_room_et_all_points__end_to_end_null,2019,ALL,missing_combine_bench,48,0.017862134515630367,248
stable_core_room_et_all_points__end_to_end_null,2019,ALL,lag2_rushing_20,49,0.017689848362606043,248
stable_core_room_et_all_points__end_to_end_null,2019,ALL,lag4_sack_yards_lost,50,0.01768500529497828,248
stable_core_room_et_all_points__end_to_end_null,2019,ALL,lag3_roster_weeks,51,0.017341767612779398,248
stable_core_room_et_all_points__end_to_end_null,2019,ALL,lag4_rushing_12,52,0.017319894566689732,248
stable_core_room_et_all_points__end_to_end_null,2019,ALL,lag4_passing_40,53,0.017216477170426847,248
stable_core_room_et_all_points__end_to_end_null,2019,ALL,lag4_history_available,54,0.017080675127330167,248
stable_core_room_et_all_points__end_to_end_null,2019,ALL,lag4_games,55,0.01696388261507734,248
stable_core_room_et_all_points__end_to_end_null,2019,ALL,lag3_completions,56,0.016922289363850263,248
stable_core_room_et_all_points__end_to_end_null,2019,ALL,lag3_passing_yards,57,0.016768145273121052,248
stable_core_room_et_all_points__end_to_end_null,2019,ALL,lag2_passing_interceptions,58,0.016743246040073403,248
stable_core_room_et_all_points__end_to_end_null,2019,ALL,lag4_completion_rate,59,0.016702665981769477,248
stable_core_room_et_all_points__end_to_end_null,2019,ALL,lag4_sacks_suffered,60,0.01650396212036905,248
stable_core_room_et_all_points__end_to_end_null,2019,ALL,lag2_receiving_first_down_rate,61,0.01641652263153336,248
stable_core_room_et_all_points__end_to_end_null,2019,ALL,lag4_passing_16,62,0.016394999129402173,248
stable_core_room_et_all_points__end_to_end_null,2019,ALL,lag4_receiving_yards_per_reception,63,0.01628629641620347,248
stable_core_room_et_all_points__end_to_end_null,2019,ALL,lag2_receiving_tds,64,0.0162129945920677,248
stable_core_room_et_all_points__end_to_end_null,2019,ALL,lag4_passing_tds,65,0.016041027328536888,248
stable_core_room_et_all_points__end_to_end_null,2019,ALL,lag3_sack_fumbles_lost,66,0.015858874900139628,248
stable_core_room_et_all_points__end_to_end_null,2019,ALL,lag4_rush_yards_per_carry,67,0.015768668178023516,248
stable_core_room_et_all_points__end_to_end_null,2019,ALL,lag3_passing_first_downs,68,0.01569894941048741,248
stable_core_room_et_all_points__end_to_end_null,2019,ALL,lag3_passing_10,69,0.015619676338793177,248
stable_core_room_et_all_points__end_to_end_null,2019,ALL,lag2_receiving_first_downs,70,0.015534713499639384,248
stable_core_room_et_all_points__end_to_end_null,2019,ALL,lag3_history_available,71,0.015480084468437932,248
stable_core_room_et_all_points__end_to_end_null,2019,ALL,lag4_passing_yards,72,0.015445767050803262,248
stable_core_room_et_all_points__end_to_end_null,2019,ALL,lag4_sack_fumbles,73,0.015344465684693316,248
stable_core_room_et_all_points__end_to_end_null,2019,ALL,lag2_rushing_40,74,0.015325051930281766,248
stable_core_room_et_all_points__end_to_end_null,2019,ALL,lag4_roster_weeks,75,0.015290669330629052,248
stable_core_room_et_all_points__end_to_end_null,2019,ALL,lag4_receiving_first_down_rate,76,0.015132000777410809,248
stable_core_room_et_all_points__end_to_end_null,2019,ALL,lag3_sack_fumbles,77,0.015131955965481541,248
stable_core_room_et_all_points__end_to_end_null,2019,ALL,lag3_receiving_10,78,0.015077422345069523,248
stable_core_room_et_all_points__end_to_end_null,2019,ALL,lag4_passing_first_downs,79,0.015040319570829469,248
stable_core_room_et_all_points__end_to_end_null,2019,ALL,lag4_completions,80,0.014613592110627542,248
stable_core_room_et_all_points__end_to_end_null,2019,ALL,lag3_receiving_16,81,0.014594943881372413,248
stable_core_room_et_all_points__end_to_end_null,2019,ALL,room_lag1_margin_attempts,82,0.014395374022359726,248
stable_core_room_et_all_points__end_to_end_null,2019,ALL,lag2_receiving_yards_per_reception,83,0.014261189876898473,248
stable_core_room_et_all_points__end_to_end_null,2019,ALL,lag3_receiving_first_downs,84,0.014259733921469599,248
stable_core_room_et_all_points__end_to_end_null,2019,ALL,lag2_receiving_yards,85,0.013938575643045273,248
stable_core_room_et_all_points__end_to_end_null,2019,ALL,lag3_passing_tds,86,0.013909371233584064,248
stable_core_room_et_all_points__end_to_end_null,2019,ALL,weight,87,0.013873727340536412,248
stable_core_room_et_all_points__end_to_end_null,2019,ALL,lag3_passing_40,88,0.013848081502648149,248
stable_core_room_et_all_points__end_to_end_null,2019,ALL,lag4_carries,89,0.013797957924499329,248
stable_core_room_et_all_points__end_to_end_null,2019,ALL,lag3_rushing_fumbles,90,0.01377375016275515,248
stable_core_room_et_all_points__end_to_end_null,2019,ALL,lag4_passing_10,91,0.013739944906392559,248
stable_core_room_et_all_points__end_to_end_null,2019,ALL,lag2_receiving_10,92,0.013541857970310562,248
stable_core_room_et_all_points__end_to_end_null,2019,ALL,lag4_receiving_20_rate,93,0.013484353955713685,248
stable_core_room_et_all_points__end_to_end_null,2019,ALL,lag3_receptions,94,0.01304868185319879,248
stable_core_room_et_all_points__end_to_end_null,2019,ALL,lag4_receiving_16,95,0.012998760948973249,248
stable_core_room_et_all_points__end_to_end_null,2019,ALL,room_lag1_margin_receiving_yards,96,0.01282269968621051,248
stable_core_room_et_all_points__end_to_end_null,2019,ALL,lag4_rushing_yards,97,0.01281913515025497,248
stable_core_room_et_all_points__end_to_end_null,2019,ALL,lag4_rushing_tds,98,0.012596342398248998,248
stable_core_room_et_all_points__end_to_end_null,2019,ALL,lag3_receiving_yards,99,0.01258525050506516,248
stable_core_room_et_all_points__end_to_end_null,2019,ALL,missing_combine_cone,100,0.0121356454446107,248
stable_core_room_et_all_points__end_to_end_null,2019,ALL,lag2_passing_40,101,0.012035149451107598,248
stable_core_room_et_all_points__end_to_end_null,2019,ALL,lag3_pass_td_rate,102,0.012030925397166256,248
stable_core_room_et_all_points__end_to_end_null,2019,ALL,lag2_interception_rate,103,0.01197294380545488,248
stable_core_room_et_all_points__end_to_end_null,2019,ALL,lag4_fumbles_lost_total,104,0.01196165091901663,248
stable_core_room_et_all_points__end_to_end_null,2019,ALL,lag3_sack_yards_lost,105,0.011862909334198759,248
stable_core_room_et_all_points__end_to_end_null,2019,ALL,lag3_fumbles_total,106,0.011832710171611707,248
stable_core_room_et_all_points__end_to_end_null,2019,ALL,lag4_passing_interceptions,107,0.011814069215957112,248
stable_core_room_et_all_points__end_to_end_null,2019,ALL,lag3_receiving_20_rate,108,0.011733324263260562,248
stable_core_room_et_all_points__end_to_end_null,2019,ALL,was_drafted,109,0.011615979464755162,248
stable_core_room_et_all_points__end_to_end_null,2019,ALL,lag4_sack_fumbles_lost,110,0.011444165653820886,248
stable_core_room_et_all_points__end_to_end_null,2019,ALL,years_exp,111,0.01143191436892448,248
stable_core_room_et_all_points__end_to_end_null,2019,ALL,combine_forty,112,0.01141263661113634,248
stable_core_room_et_all_points__end_to_end_null,2019,ALL,lag3_completion_rate,113,0.011391965896478052,248
stable_core_room_et_all_points__end_to_end_null,2019,ALL,lag3_passing_16,114,0.011116817368373407,248
stable_core_room_et_all_points__end_to_end_null,2019,ALL,lag3_sacks_suffered,115,0.011113588858844817,248
stable_core_room_et_all_points__end_to_end_null,2019,ALL,lag4_attempts,116,0.011092712763896088,248
stable_core_room_et_all_points__end_to_end_null,2019,ALL,lag4_receiving_first_downs,117,0.011048437473344582,248
stable_core_room_et_all_points__end_to_end_null,2019,ALL,lag1_rushing_40,118,0.010672332336137527,248
stable_core_room_et_all_points__end_to_end_null,2019,ALL,combine_shuttle,119,0.010636915360199208,248
stable_core_room_et_all_points__end_to_end_null,2019,ALL,lag4_receiving_yards,120,0.010636710923243049,248
stable_core_room_et_all_points__end_to_end_null,2019,ALL,lag1_receiving_yards,121,0.0106174717815831,248
stable_core_room_et_all_points__end_to_end_null,2019,ALL,combine_cone,122,0.01056350169335897,248
stable_core_room_et_all_points__end_to_end_null,2019,ALL,lag4_receiving_10,123,0.010277679094612567,248
stable_core_room_et_all_points__end_to_end_null,2019,ALL,lag4_rushing_fumbles_lost,124,0.010236615996174198,248
stable_core_room_et_all_points__end_to_end_null,2019,ALL,lag1_fumbles_total,125,0.010149862049805773,248
stable_core_room_et_all_points__end_to_end_null,2019,ALL,lag1_rushing_first_downs,126,0.009981879797280704,248
stable_core_room_et_all_points__end_to_end_null,2019,ALL,lag3_fumbles_lost_total,127,0.009795048494013844,248
stable_core_room_et_all_points__end_to_end_null,2019,ALL,lag2_receiving_16,128,0.009782812541633755,248
stable_core_room_et_all_points__end_to_end_null,2019,ALL,lag2_sack_yards_lost,129,0.009734245312533503,248
stable_core_room_et_all_points__end_to_end_null,2019,ALL,missing_draft_round,130,0.009675155598587967,248
stable_core_room_et_all_points__end_to_end_null,2019,ALL,lag3_passing_20,131,0.00967071538584532,248
stable_core_room_et_all_points__end_to_end_null,2019,ALL,room_lag1_nonzero_competitors_receiving_yards,132,0.009667492223260644,248
stable_core_room_et_all_points__end_to_end_null,2019,ALL,lag2_passing_tds,133,0.009667480147636224,248
stable_core_room_et_all_points__end_to_end_null,2019,ALL,lag1_rush_first_down_rate,134,0.009560297015725042,248
stable_core_room_et_all_points__end_to_end_null,2019,ALL,lag4_rushing_fumbles,135,0.00949990385810211,248
stable_core_room_et_all_points__end_to_end_null,2019,ALL,draft_round,136,0.009390469263307936,248
stable_core_room_et_all_points__end_to_end_null,2019,ALL,missing_combine_vertical,137,0.009318184637135542,248
stable_core_room_et_all_points__end_to_end_null,2019,ALL,missing_combine_broad_jump,138,0.009098323944542313,248
stable_core_room_et_all_points__end_to_end_null,2019,ALL,lag4_receptions,139,0.008940740742912187,248
stable_core_room_et_all_points__end_to_end_null,2019,ALL,room_lag1_other_receiving_yards,140,0.008889799109211458,248
stable_core_room_et_all_points__end_to_end_null,2019,ALL,room_lag1_nonzero_competitors_passing_yards,141,0.008880260234247792,248
stable_core_room_et_all_points__end_to_end_null,2019,ALL,room_lag1_nonzero_competitors_carries,142,0.008689537397758879,248
stable_core_room_et_all_points__end_to_end_null,2019,ALL,lag4_interception_rate,143,0.008666165940806667,248
stable_core_room_et_all_points__end_to_end_null,2019,ALL,lag1_receiving_yards_per_reception,144,0.008578967691460208,248
stable_core_room_et_all_points__end_to_end_null,2019,ALL,lag1_receptions,145,0.008546445604799188,248
stable_core_room_et_all_points__end_to_end_null,2019,ALL,lag2_pass_yards_per_attempt,146,0.008545008431244415,248
stable_core_room_et_all_points__end_to_end_null,2019,ALL,lag1_passing_10,147,0.008507296333597286,248
stable_core_room_et_all_points__end_to_end_null,2019,ALL,lag1_passing_yards,148,0.008480958591969694,248
stable_core_room_et_all_points__end_to_end_null,2019,ALL,lag1_passing_first_downs,149,0.00839603679221604,248
stable_core_room_et_all_points__end_to_end_null,2019,ALL,combine_broad_jump,150,0.00838565993404829,248
stable_core_room_et_all_points__end_to_end_null,2019,ALL,lag1_roster_weeks,151,0.008354505644446841,248
stable_core_room_et_all_points__end_to_end_null,2019,ALL,room_lag1_margin_rushing_yards,152,0.008307020997887684,248
stable_core_room_et_all_points__end_to_end_null,2019,ALL,missing_combine_shuttle,153,0.008292608087365575,248
stable_core_room_et_all_points__end_to_end_null,2019,ALL,lag2_sacks_suffered,154,0.008226389042268386,248
stable_core_room_et_all_points__end_to_end_null,2019,ALL,lag4_receiving_20,155,0.008223768656955116,248
stable_core_room_et_all_points__end_to_end_null,2019,ALL,lag3_rushing_fumbles_lost,156,0.008219392921400094,248
stable_core_room_et_all_points__end_to_end_null,2019,ALL,height,157,0.007956999241718582,248
stable_core_room_et_all_points__end_to_end_null,2019,ALL,combine_vertical,158,0.007942020871111415,248
stable_core_room_et_all_points__end_to_end_null,2019,ALL,lag1_sack_fumbles_lost,159,0.007757039481761998,248
stable_core_room_et_all_points__end_to_end_null,2019,ALL,lag3_rushing_40,160,0.007438970158243546,248
stable_core_room_et_all_points__end_to_end_null,2019,ALL,lag3_pass_yards_per_attempt,161,0.007384781617572834,248
stable_core_room_et_all_points__end_to_end_null,2019,ALL,room_lag1_margin_receptions,162,0.0073494100220339535,248
stable_core_room_et_all_points__end_to_end_null,2019,ALL,age,163,0.007249754106664039,248
stable_core_room_et_all_points__end_to_end_null,2019,ALL,lag3_receiving_20,164,0.007235079972824727,248
stable_core_room_et_all_points__end_to_end_null,2019,ALL,lag1_carries,165,0.006965368528891793,248
stable_core_room_et_all_points__end_to_end_null,2019,ALL,lag1_history_available,166,0.0068066737337780505,248
stable_core_room_et_all_points__end_to_end_null,2019,ALL,lag1_completions,167,0.00666070732275847,248
stable_core_room_et_all_points__end_to_end_null,2019,ALL,lag2_receiving_40,168,0.006632702021384888,248
stable_core_room_et_all_points__end_to_end_null,2019,ALL,lag2_receiving_20,169,0.006617666904321921,248
stable_core_room_et_all_points__end_to_end_null,2019,ALL,missing_years_exp,170,0.006538202665517457,248
stable_core_room_et_all_points__end_to_end_null,2019,ALL,room_lag1_other_receptions,171,0.006490851629982664,248
stable_core_room_et_all_points__end_to_end_null,2019,ALL,lag1_passing_16,172,0.0063014853205805585,248
stable_core_room_et_all_points__end_to_end_null,2019,ALL,lag1_rushing_fumbles,173,0.006266084713906602,248
stable_core_room_et_all_points__end_to_end_null,2019,ALL,lag4_receiving_40,174,0.006251904672098319,248
stable_core_room_et_all_points__end_to_end_null,2019,ALL,lag2_completion_rate,175,0.00621668755266676,248
stable_core_room_et_all_points__end_to_end_null,2019,ALL,room_competitor_count,176,0.0057764938426802725,248
stable_core_room_et_all_points__end_to_end_null,2019,ALL,draft_number,177,0.005756780607021261,248
stable_core_room_et_all_points__end_to_end_null,2019,ALL,lag4_fumbles_total,178,0.00570620375596574,248
stable_core_room_et_all_points__end_to_end_null,2019,ALL,lag1_rushing_tds,179,0.005553649660837305,248
stable_core_room_et_all_points__end_to_end_null,2019,ALL,lag1_passing_20,180,0.005520135149784564,248
stable_core_room_et_all_points__end_to_end_null,2019,ALL,room_lag1_nonzero_competitors_receptions,181,0.005129807223662893,248
stable_core_room_et_all_points__end_to_end_null,2019,ALL,lag1_receiving_20,182,0.005108923322752162,248
stable_core_room_et_all_points__end_to_end_null,2019,ALL,lag1_fumbles_lost_total,183,0.004943435219592407,248
stable_core_room_et_all_points__end_to_end_null,2019,ALL,lag4_receiving_tds,184,0.004923698215892635,248
stable_core_room_et_all_points__end_to_end_null,2019,ALL,lag1_sacks_suffered,185,0.00484638593114365,248
stable_core_room_et_all_points__end_to_end_null,2019,ALL,room_lag1_margin_carries,186,0.004732205320824204,248
stable_core_room_et_all_points__end_to_end_null,2019,ALL,missing_draft_number,187,0.004537517636590303,248
stable_core_room_et_all_points__end_to_end_null,2019,ALL,missing_height,188,0.004537517636590303,248
stable_core_room_et_all_points__end_to_end_null,2019,ALL,missing_is_rookie,189,0.004537517636590303,248
stable_core_room_et_all_points__end_to_end_null,2019,ALL,missing_team_changed,190,0.004537517636590303,248
stable_core_room_et_all_points__end_to_end_null,2019,ALL,missing_was_drafted,191,0.004537517636590303,248
stable_core_room_et_all_points__end_to_end_null,2019,ALL,missing_weight,192,0.004537517636590303,248
stable_core_room_et_all_points__end_to_end_null,2019,ALL,position_QB,193,0.004537517636590303,248
stable_core_room_et_all_points__end_to_end_null,2019,ALL,position_RB,194,0.004537517636590303,248
stable_core_room_et_all_points__end_to_end_null,2019,ALL,position_TE,195,0.004537517636590303,248
stable_core_room_et_all_points__end_to_end_null,2019,ALL,position_WR,196,0.004537517636590303,248
stable_core_room_et_all_points__end_to_end_null,2019,ALL,lag2_completions,197,0.004532336275597012,248
stable_core_room_et_all_points__end_to_end_null,2019,ALL,lag2_receiving_20_rate,198,0.00450339191713306,248
stable_core_room_et_all_points__end_to_end_null,2019,ALL,missing_age,199,0.004352644197582593,248
stable_core_room_et_all_points__end_to_end_null,2019,ALL,lag1_pass_td_rate,200,0.004307456208312155,248
stable_core_room_et_all_points__end_to_end_null,2019,ALL,lag2_passing_20,201,0.0042263570018903455,248
stable_core_room_et_all_points__end_to_end_null,2019,ALL,lag1_rushing_yards,202,0.0041309841232769874,248
stable_core_room_et_all_points__end_to_end_null,2019,ALL,lag1_receiving_first_downs,203,0.004121271650361434,248
stable_core_room_et_all_points__end_to_end_null,2019,ALL,lag1_receiving_first_down_rate,204,0.004082067765454006,248
stable_core_room_et_all_points__end_to_end_null,2019,ALL,lag1_sack_yards_lost,205,0.004081930615580094,248
stable_core_room_et_all_points__end_to_end_null,2019,ALL,lag1_rushing_12,206,0.004026663926641906,248
stable_core_room_et_all_points__end_to_end_null,2019,ALL,lag1_receiving_20_rate,207,0.0039734094350644825,248
stable_core_room_et_all_points__end_to_end_null,2019,ALL,lag1_interception_rate,208,0.003954716038396219,248
stable_core_room_et_all_points__end_to_end_null,2019,ALL,lag1_pass_yards_per_attempt,209,0.003850942286327314,248
stable_core_room_et_all_points__end_to_end_null,2019,ALL,lag1_attempts,210,0.0037989887041244307,248
stable_core_room_et_all_points__end_to_end_null,2019,ALL,lag1_receiving_40,211,0.0036823717279515313,248
stable_core_room_et_all_points__end_to_end_null,2019,ALL,lag1_receiving_10,212,0.0035870955353597585,248
stable_core_room_et_all_points__end_to_end_null,2019,ALL,lag1_passing_tds,213,0.0035250789111400606,248
stable_core_room_et_all_points__end_to_end_null,2019,ALL,lag2_pass_td_rate,214,0.0033254685130503473,248
stable_core_room_et_all_points__end_to_end_null,2019,ALL,lag1_passing_interceptions,215,0.003129779729301269,248
stable_core_room_et_all_points__end_to_end_null,2019,ALL,lag3_receiving_fumbles_lost,216,0.0028768707496032346,248
stable_core_room_et_all_points__end_to_end_null,2019,ALL,room_lag1_other_rushing_yards,217,0.00287150983546277,248
stable_core_room_et_all_points__end_to_end_null,2019,ALL,lag2_passing_16,218,0.002862483527799117,248
stable_core_room_et_all_points__end_to_end_null,2019,ALL,lag1_games,219,0.0028033691530157984,248
stable_core_room_et_all_points__end_to_end_null,2019,ALL,lag2_passing_10,220,0.0027644118648956387,248
stable_core_room_et_all_points__end_to_end_null,2019,ALL,lag2_passing_first_downs,221,0.0026237680107985845,248
stable_core_room_et_all_points__end_to_end_null,2019,ALL,lag1_rushing_10,222,0.002618396921017492,248
stable_core_room_et_all_points__end_to_end_null,2019,ALL,lag2_receiving_fumbles_lost,223,0.002602488016492987,248
stable_core_room_et_all_points__end_to_end_null,2019,ALL,is_rookie,224,0.0024600141514532214,248
stable_core_room_et_all_points__end_to_end_null,2019,ALL,lag2_attempts,225,0.002336464139634749,248
stable_core_room_et_all_points__end_to_end_null,2019,ALL,lag4_receiving_fumbles_lost,226,0.002321334381181371,248
stable_core_room_et_all_points__end_to_end_null,2019,ALL,lag3_receiving_40,227,0.002315534696632999,248
stable_core_room_et_all_points__end_to_end_null,2019,ALL,lag1_rushing_20,228,0.002208929348480176,248
stable_core_room_et_all_points__end_to_end_null,2019,ALL,lag1_completion_rate,229,0.002127200032296916,248
stable_core_room_et_all_points__end_to_end_null,2019,ALL,lag1_passing_40,230,0.0019204334071571839,248
stable_core_room_et_all_points__end_to_end_null,2019,ALL,lag1_sack_fumbles,231,0.0018050987358738657,248
stable_core_room_et_all_points__end_to_end_null,2019,ALL,lag3_receiving_tds,232,0.0017338520513207414,248
stable_core_room_et_all_points__end_to_end_null,2019,ALL,missing_combine_forty,233,0.0016684162577118775,248
stable_core_room_et_all_points__end_to_end_null,2019,ALL,lag2_receiving_fumbles,234,0.001612143743793818,248
stable_core_room_et_all_points__end_to_end_null,2019,ALL,room_lag1_margin_passing_yards,235,0.0015214198362655878,248
stable_core_room_et_all_points__end_to_end_null,2019,ALL,room_lag1_other_carries,236,0.001479400056648687,248
stable_core_room_et_all_points__end_to_end_null,2019,ALL,lag4_receiving_fumbles,237,0.0014089587399421372,248
stable_core_room_et_all_points__end_to_end_null,2019,ALL,lag3_receiving_fumbles,238,0.0013684561915191153,248
stable_core_room_et_all_points__end_to_end_null,2019,ALL,lag4_rushing_40,239,0.0011135461895497869,248
stable_core_room_et_all_points__end_to_end_null,2019,ALL,lag2_passing_yards,240,0.0010523194166759827,248
stable_core_room_et_all_points__end_to_end_null,2019,ALL,lag1_rush_20_rate,241,0.0009581281471375467,248
stable_core_room_et_all_points__end_to_end_null,2019,ALL,lag4_rush_20_rate,242,0.0009425950014859995,248
stable_core_room_et_all_points__end_to_end_null,2019,ALL,room_lag1_other_passing_yards,243,0.0007747925871800576,248
stable_core_room_et_all_points__end_to_end_null,2019,ALL,lag4_rushing_20,244,0.0005721984831841988,248
stable_core_room_et_all_points__end_to_end_null,2019,ALL,lag1_rush_yards_per_carry,245,0.0005093773643584596,248
stable_core_room_et_all_points__end_to_end_null,2019,ALL,lag1_receiving_16,246,0.000367119145559466,248
stable_core_room_et_all_points__end_to_end_null,2019,ALL,room_lag1_nonzero_competitors_rushing_yards,247,0.00033469761371327325,248
stable_core_room_et_all_points__end_to_end_null,2019,ALL,lag1_receiving_tds,248,0.00017716741248502822,248
stable_core_room_et_all_points__end_to_end_null,2020,ALL,lag1_receiving_fumbles,1,0.03424616614930895,248
stable_core_room_et_all_points__end_to_end_null,2020,ALL,lag2_rush_first_down_rate,2,0.03082776670830047,248
stable_core_room_et_all_points__end_to_end_null,2020,ALL,lag2_rushing_first_downs,3,0.030370342847102636,248
stable_core_room_et_all_points__end_to_end_null,2020,ALL,lag2_rushing_12,4,0.027554509174048187,248
stable_core_room_et_all_points__end_to_end_null,2020,ALL,lag2_rushing_tds,5,0.027335083529181313,248
stable_core_room_et_all_points__end_to_end_null,2020,ALL,lag1_receiving_fumbles_lost,6,0.026927096381417055,248
stable_core_room_et_all_points__end_to_end_null,2020,ALL,lag3_rush_yards_per_carry,7,0.026144046613413446,248
stable_core_room_et_all_points__end_to_end_null,2020,ALL,lag2_fumbles_total,8,0.025929171188991212,248
stable_core_room_et_all_points__end_to_end_null,2020,ALL,lag2_rushing_10,9,0.02590270870687753,248
stable_core_room_et_all_points__end_to_end_null,2020,ALL,lag2_rush_yards_per_carry,10,0.02586763187746834,248
stable_core_room_et_all_points__end_to_end_null,2020,ALL,lag2_rushing_yards,11,0.025556537043143843,248
stable_core_room_et_all_points__end_to_end_null,2020,ALL,lag2_rushing_fumbles,12,0.024567380248407007,248
stable_core_room_et_all_points__end_to_end_null,2020,ALL,lag2_carries,13,0.02426609479447627,248
stable_core_room_et_all_points__end_to_end_null,2020,ALL,lag3_rushing_yards,14,0.02385136375409533,248
stable_core_room_et_all_points__end_to_end_null,2020,ALL,lag3_rushing_12,15,0.02266815033608921,248
stable_core_room_et_all_points__end_to_end_null,2020,ALL,lag2_rushing_fumbles_lost,16,0.022207899744642587,248
stable_core_room_et_all_points__end_to_end_null,2020,ALL,lag2_rush_20_rate,17,0.020672900618097574,248
stable_core_room_et_all_points__end_to_end_null,2020,ALL,lag3_rushing_10,18,0.020658401053962303,248
stable_core_room_et_all_points__end_to_end_null,2020,ALL,lag2_sack_fumbles,19,0.02063680567848946,248
stable_core_room_et_all_points__end_to_end_null,2020,ALL,lag2_sack_fumbles_lost,20,0.020190347827466964,248
stable_core_room_et_all_points__end_to_end_null,2020,ALL,lag2_history_available,21,0.020104830674814885,248
stable_core_room_et_all_points__end_to_end_null,2020,ALL,lag2_roster_weeks,22,0.019768453199372704,248
stable_core_room_et_all_points__end_to_end_null,2020,ALL,lag2_fumbles_lost_total,23,0.01956917257188058,248
stable_core_room_et_all_points__end_to_end_null,2020,ALL,lag3_rushing_tds,24,0.019548270621197943,248
stable_core_room_et_all_points__end_to_end_null,2020,ALL,lag3_rush_first_down_rate,25,0.019331737868068927,248
stable_core_room_et_all_points__end_to_end_null,2020,ALL,lag3_rushing_first_downs,26,0.01915025543621065,248
stable_core_room_et_all_points__end_to_end_null,2020,ALL,lag3_interception_rate,27,0.018949024829048117,248
stable_core_room_et_all_points__end_to_end_null,2020,ALL,lag2_rushing_20,28,0.018569255363103644,248
stable_core_room_et_all_points__end_to_end_null,2020,ALL,lag2_games,29,0.018483305421443687,248
stable_core_room_et_all_points__end_to_end_null,2020,ALL,lag3_passing_interceptions,30,0.017890096611351276,248
stable_core_room_et_all_points__end_to_end_null,2020,ALL,lag3_games,31,0.01780304981024428,248
stable_core_room_et_all_points__end_to_end_null,2020,ALL,room_lag1_nonzero_competitors_receiving_yards,32,0.017755734292116347,248
stable_core_room_et_all_points__end_to_end_null,2020,ALL,lag1_rushing_fumbles_lost,33,0.017683564376260043,248
stable_core_room_et_all_points__end_to_end_null,2020,ALL,room_lag1_nonzero_competitors_attempts,34,0.01764257987934567,248
stable_core_room_et_all_points__end_to_end_null,2020,ALL,lag3_receiving_yards_per_reception,35,0.01763804933233085,248
stable_core_room_et_all_points__end_to_end_null,2020,ALL,lag4_receiving_yards_per_reception,36,0.017165789448310955,248
stable_core_room_et_all_points__end_to_end_null,2020,ALL,lag3_rush_20_rate,37,0.016905528644108173,248
stable_core_room_et_all_points__end_to_end_null,2020,ALL,lag4_history_available,38,0.016573201072457227,248
stable_core_room_et_all_points__end_to_end_null,2020,ALL,lag3_receiving_first_down_rate,39,0.016041463221584385,248
stable_core_room_et_all_points__end_to_end_null,2020,ALL,lag3_receiving_16,40,0.015998732078772275,248
stable_core_room_et_all_points__end_to_end_null,2020,ALL,lag3_carries,41,0.01587732121903289,248
stable_core_room_et_all_points__end_to_end_null,2020,ALL,lag2_rushing_40,42,0.0158435214038979,248
stable_core_room_et_all_points__end_to_end_null,2020,ALL,lag4_receiving_first_down_rate,43,0.015822047537959488,248
stable_core_room_et_all_points__end_to_end_null,2020,ALL,lag3_rushing_20,44,0.01567200506685152,248
stable_core_room_et_all_points__end_to_end_null,2020,ALL,lag2_receptions,45,0.015564059463365948,248
stable_core_room_et_all_points__end_to_end_null,2020,ALL,missing_combine_cone,46,0.01545047164554235,248
stable_core_room_et_all_points__end_to_end_null,2020,ALL,combine_vertical,47,0.015212734240522571,248
stable_core_room_et_all_points__end_to_end_null,2020,ALL,missing_combine_vertical,48,0.015190945630728958,248
stable_core_room_et_all_points__end_to_end_null,2020,ALL,missing_combine_broad_jump,49,0.01516000125272635,248
stable_core_room_et_all_points__end_to_end_null,2020,ALL,combine_broad_jump,50,0.014914624147666516,248
stable_core_room_et_all_points__end_to_end_null,2020,ALL,lag4_games,51,0.014746522619953474,248
stable_core_room_et_all_points__end_to_end_null,2020,ALL,lag4_receiving_20_rate,52,0.014553093481749081,248
stable_core_room_et_all_points__end_to_end_null,2020,ALL,lag4_pass_td_rate,53,0.014486303051271666,248
stable_core_room_et_all_points__end_to_end_null,2020,ALL,lag4_roster_weeks,54,0.014480380728796432,248
stable_core_room_et_all_points__end_to_end_null,2020,ALL,lag4_receiving_16,55,0.014437316362928353,248
stable_core_room_et_all_points__end_to_end_null,2020,ALL,lag3_roster_weeks,56,0.014309887111811437,248
stable_core_room_et_all_points__end_to_end_null,2020,ALL,lag3_receiving_20_rate,57,0.014173689758892312,248
stable_core_room_et_all_points__end_to_end_null,2020,ALL,lag3_rushing_fumbles,58,0.013957000111779942,248
stable_core_room_et_all_points__end_to_end_null,2020,ALL,weight,59,0.013857378784846023,248
stable_core_room_et_all_points__end_to_end_null,2020,ALL,lag2_passing_interceptions,60,0.013787073906286447,248
stable_core_room_et_all_points__end_to_end_null,2020,ALL,lag4_rush_first_down_rate,61,0.013646189973178062,248
stable_core_room_et_all_points__end_to_end_null,2020,ALL,lag2_receiving_tds,62,0.01345025680033034,248
stable_core_room_et_all_points__end_to_end_null,2020,ALL,lag3_receiving_10,63,0.013425150999315865,248
stable_core_room_et_all_points__end_to_end_null,2020,ALL,lag2_receiving_first_downs,64,0.013407841087443811,248
stable_core_room_et_all_points__end_to_end_null,2020,ALL,lag3_completions,65,0.013366625215860019,248
stable_core_room_et_all_points__end_to_end_null,2020,ALL,lag2_receiving_first_down_rate,66,0.013278284945726181,248
stable_core_room_et_all_points__end_to_end_null,2020,ALL,lag3_passing_yards,67,0.013108837968215105,248
stable_core_room_et_all_points__end_to_end_null,2020,ALL,room_lag1_other_attempts,68,0.013082077956225489,248
stable_core_room_et_all_points__end_to_end_null,2020,ALL,combine_shuttle,69,0.012831420142443756,248
stable_core_room_et_all_points__end_to_end_null,2020,ALL,lag4_rushing_10,70,0.012819339085051257,248
stable_core_room_et_all_points__end_to_end_null,2020,ALL,lag4_rushing_12,71,0.012749945916824754,248
stable_core_room_et_all_points__end_to_end_null,2020,ALL,missing_combine_shuttle,72,0.0126483902107087,248
stable_core_room_et_all_points__end_to_end_null,2020,ALL,lag3_sack_fumbles_lost,73,0.01262885004163738,248
stable_core_room_et_all_points__end_to_end_null,2020,ALL,combine_cone,74,0.012615345219746436,248
stable_core_room_et_all_points__end_to_end_null,2020,ALL,lag3_attempts,75,0.01254021194683571,248
stable_core_room_et_all_points__end_to_end_null,2020,ALL,room_lag1_nonzero_competitors_receptions,76,0.012492244177154537,248
stable_core_room_et_all_points__end_to_end_null,2020,ALL,lag3_passing_first_downs,77,0.012413457640304633,248
stable_core_room_et_all_points__end_to_end_null,2020,ALL,lag3_history_available,78,0.012303347472605605,248
stable_core_room_et_all_points__end_to_end_null,2020,ALL,lag2_receiving_yards_per_reception,79,0.012260841346404589,248
stable_core_room_et_all_points__end_to_end_null,2020,ALL,height,80,0.01217326910130834,248
stable_core_room_et_all_points__end_to_end_null,2020,ALL,lag1_passing_yards,81,0.012118747119236661,248
stable_core_room_et_all_points__end_to_end_null,2020,ALL,lag1_passing_10,82,0.011978880923746242,248
stable_core_room_et_all_points__end_to_end_null,2020,ALL,lag4_receiving_yards,83,0.011942674146493358,248
stable_core_room_et_all_points__end_to_end_null,2020,ALL,lag4_rushing_first_downs,84,0.011858804061132749,248
stable_core_room_et_all_points__end_to_end_null,2020,ALL,combine_bench,85,0.011858656467522316,248
stable_core_room_et_all_points__end_to_end_null,2020,ALL,lag3_sack_fumbles,86,0.011816232432011822,248
stable_core_room_et_all_points__end_to_end_null,2020,ALL,lag2_receiving_yards,87,0.011767078165258127,248
stable_core_room_et_all_points__end_to_end_null,2020,ALL,lag4_receiving_first_downs,88,0.011740234950375524,248
stable_core_room_et_all_points__end_to_end_null,2020,ALL,room_lag1_margin_receiving_yards,89,0.011739808911502092,248
stable_core_room_et_all_points__end_to_end_null,2020,ALL,lag2_receiving_10,90,0.011615332734355792,248
stable_core_room_et_all_points__end_to_end_null,2020,ALL,lag1_passing_first_downs,91,0.011471856918521631,248
stable_core_room_et_all_points__end_to_end_null,2020,ALL,lag3_passing_10,92,0.011461170517244977,248
stable_core_room_et_all_points__end_to_end_null,2020,ALL,lag3_receiving_first_downs,93,0.011312009952458802,248
stable_core_room_et_all_points__end_to_end_null,2020,ALL,lag4_pass_yards_per_attempt,94,0.011283207173757892,248
stable_core_room_et_all_points__end_to_end_null,2020,ALL,lag3_fumbles_total,95,0.011278020625473598,248
stable_core_room_et_all_points__end_to_end_null,2020,ALL,lag4_receiving_10,96,0.011016059089339933,248
stable_core_room_et_all_points__end_to_end_null,2020,ALL,lag3_receiving_yards,97,0.010983371949047662,248
stable_core_room_et_all_points__end_to_end_null,2020,ALL,lag1_rushing_tds,98,0.010915098497400468,248
stable_core_room_et_all_points__end_to_end_null,2020,ALL,lag3_receptions,99,0.010800054136135061,248
stable_core_room_et_all_points__end_to_end_null,2020,ALL,missing_combine_bench,100,0.010730735814839926,248
stable_core_room_et_all_points__end_to_end_null,2020,ALL,room_lag1_margin_rushing_yards,101,0.010515356120934856,248
stable_core_room_et_all_points__end_to_end_null,2020,ALL,lag4_passing_20,102,0.010497790256247376,248
stable_core_room_et_all_points__end_to_end_null,2020,ALL,lag1_roster_weeks,103,0.010273871850869101,248
stable_core_room_et_all_points__end_to_end_null,2020,ALL,lag1_completions,104,0.010261312143918308,248
stable_core_room_et_all_points__end_to_end_null,2020,ALL,lag3_rushing_fumbles_lost,105,0.010209651429244888,248
stable_core_room_et_all_points__end_to_end_null,2020,ALL,room_lag1_margin_attempts,106,0.010175204011913394,248
stable_core_room_et_all_points__end_to_end_null,2020,ALL,lag4_receptions,107,0.010168437493749533,248
stable_core_room_et_all_points__end_to_end_null,2020,ALL,lag3_passing_40,108,0.010138859688249907,248
stable_core_room_et_all_points__end_to_end_null,2020,ALL,lag2_pass_yards_per_attempt,109,0.010033600603319025,248
stable_core_room_et_all_points__end_to_end_null,2020,ALL,lag2_receiving_16,110,0.009998624890197413,248
stable_core_room_et_all_points__end_to_end_null,2020,ALL,lag3_receiving_20,111,0.009931828044859516,248
stable_core_room_et_all_points__end_to_end_null,2020,ALL,lag1_passing_16,112,0.009697715194104792,248
stable_core_room_et_all_points__end_to_end_null,2020,ALL,lag4_receiving_20,113,0.009684063137060241,248
stable_core_room_et_all_points__end_to_end_null,2020,ALL,lag3_passing_tds,114,0.009550447857812897,248
stable_core_room_et_all_points__end_to_end_null,2020,ALL,lag1_history_available,115,0.00945337663766462,248
stable_core_room_et_all_points__end_to_end_null,2020,ALL,lag2_passing_40,116,0.00936913645906355,248
stable_core_room_et_all_points__end_to_end_null,2020,ALL,lag4_passing_40,117,0.009343489317202105,248
stable_core_room_et_all_points__end_to_end_null,2020,ALL,lag1_rushing_first_downs,118,0.009300518824519627,248
stable_core_room_et_all_points__end_to_end_null,2020,ALL,lag1_receiving_yards,119,0.00927315376959388,248
stable_core_room_et_all_points__end_to_end_null,2020,ALL,room_lag1_other_receiving_yards,120,0.009251725747740545,248
stable_core_room_et_all_points__end_to_end_null,2020,ALL,lag4_rushing_tds,121,0.0092509372557537,248
stable_core_room_et_all_points__end_to_end_null,2020,ALL,lag4_sack_yards_lost,122,0.00924910902290135,248
stable_core_room_et_all_points__end_to_end_null,2020,ALL,lag2_interception_rate,123,0.009040006169433644,248
stable_core_room_et_all_points__end_to_end_null,2020,ALL,lag1_pass_yards_per_attempt,124,0.008998266094868998,248
stable_core_room_et_all_points__end_to_end_null,2020,ALL,lag3_fumbles_lost_total,125,0.008834946813155192,248
stable_core_room_et_all_points__end_to_end_null,2020,ALL,lag1_rushing_40,126,0.008765882355436768,248
stable_core_room_et_all_points__end_to_end_null,2020,ALL,lag1_passing_20,127,0.008715095883848441,248
stable_core_room_et_all_points__end_to_end_null,2020,ALL,lag4_passing_tds,128,0.008646083338315525,248
stable_core_room_et_all_points__end_to_end_null,2020,ALL,lag3_pass_td_rate,129,0.008574065476076873,248
stable_core_room_et_all_points__end_to_end_null,2020,ALL,lag3_completion_rate,130,0.008542605187455943,248
stable_core_room_et_all_points__end_to_end_null,2020,ALL,lag1_fumbles_total,131,0.008463927249222597,248
stable_core_room_et_all_points__end_to_end_null,2020,ALL,lag4_completion_rate,132,0.00833419865578458,248
stable_core_room_et_all_points__end_to_end_null,2020,ALL,lag4_carries,133,0.008237782648875187,248
stable_core_room_et_all_points__end_to_end_null,2020,ALL,lag4_sacks_suffered,134,0.008207709674028818,248
stable_core_room_et_all_points__end_to_end_null,2020,ALL,lag4_rush_yards_per_carry,135,0.008199236503240481,248
stable_core_room_et_all_points__end_to_end_null,2020,ALL,combine_forty,136,0.008182188980272148,248
stable_core_room_et_all_points__end_to_end_null,2020,ALL,lag2_passing_tds,137,0.008048769307182652,248
stable_core_room_et_all_points__end_to_end_null,2020,ALL,lag4_sack_fumbles,138,0.007961234486561369,248
stable_core_room_et_all_points__end_to_end_null,2020,ALL,lag4_fumbles_lost_total,139,0.00795564986154043,248
stable_core_room_et_all_points__end_to_end_null,2020,ALL,lag1_rush_first_down_rate,140,0.007792647017637851,248
stable_core_room_et_all_points__end_to_end_null,2020,ALL,lag3_sack_yards_lost,141,0.007553155854782306,248
stable_core_room_et_all_points__end_to_end_null,2020,ALL,years_exp,142,0.007517152338392174,248
stable_core_room_et_all_points__end_to_end_null,2020,ALL,lag2_sack_yards_lost,143,0.007471542440311572,248
stable_core_room_et_all_points__end_to_end_null,2020,ALL,lag4_passing_16,144,0.007446174619146399,248
stable_core_room_et_all_points__end_to_end_null,2020,ALL,missing_age,145,0.007443164729797262,248
stable_core_room_et_all_points__end_to_end_null,2020,ALL,lag1_pass_td_rate,146,0.007418977666793415,248
stable_core_room_et_all_points__end_to_end_null,2020,ALL,lag2_receiving_20,147,0.007386610454305135,248
stable_core_room_et_all_points__end_to_end_null,2020,ALL,lag2_completion_rate,148,0.007378018662704805,248
stable_core_room_et_all_points__end_to_end_null,2020,ALL,lag1_carries,149,0.007371681243957718,248
stable_core_room_et_all_points__end_to_end_null,2020,ALL,lag2_receiving_40,150,0.0073107813046945315,248
stable_core_room_et_all_points__end_to_end_null,2020,ALL,lag4_passing_first_downs,151,0.00719884199898228,248
stable_core_room_et_all_points__end_to_end_null,2020,ALL,lag1_completion_rate,152,0.007178900809519225,248
stable_core_room_et_all_points__end_to_end_null,2020,ALL,room_lag1_other_receptions,153,0.007173976871217544,248
stable_core_room_et_all_points__end_to_end_null,2020,ALL,lag3_sacks_suffered,154,0.007028563759523816,248
stable_core_room_et_all_points__end_to_end_null,2020,ALL,room_lag1_margin_carries,155,0.006918050272333087,248
stable_core_room_et_all_points__end_to_end_null,2020,ALL,lag3_passing_16,156,0.006798166065353523,248
stable_core_room_et_all_points__end_to_end_null,2020,ALL,lag1_receptions,157,0.006758516453120788,248
stable_core_room_et_all_points__end_to_end_null,2020,ALL,lag4_passing_yards,158,0.006509575010750963,248
stable_core_room_et_all_points__end_to_end_null,2020,ALL,lag1_rushing_fumbles,159,0.006491595755367165,248
stable_core_room_et_all_points__end_to_end_null,2020,ALL,lag1_sack_fumbles_lost,160,0.006365126212980108,248
stable_core_room_et_all_points__end_to_end_null,2020,ALL,lag1_passing_tds,161,0.006335885148991131,248
stable_core_room_et_all_points__end_to_end_null,2020,ALL,room_lag1_margin_passing_yards,162,0.00628289220514488,248
stable_core_room_et_all_points__end_to_end_null,2020,ALL,room_lag1_other_passing_yards,163,0.006258881810027409,248
stable_core_room_et_all_points__end_to_end_null,2020,ALL,lag1_attempts,164,0.006201880565954129,248
stable_core_room_et_all_points__end_to_end_null,2020,ALL,lag1_passing_40,165,0.006164316287963632,248
stable_core_room_et_all_points__end_to_end_null,2020,ALL,lag2_sacks_suffered,166,0.0061624476252012984,248
stable_core_room_et_all_points__end_to_end_null,2020,ALL,room_lag1_nonzero_competitors_carries,167,0.006036031681326023,248
stable_core_room_et_all_points__end_to_end_null,2020,ALL,missing_years_exp,168,0.0059271110240588865,248
stable_core_room_et_all_points__end_to_end_null,2020,ALL,lag2_receiving_20_rate,169,0.005784464344510563,248
stable_core_room_et_all_points__end_to_end_null,2020,ALL,is_rookie,170,0.005762771698467238,248
stable_core_room_et_all_points__end_to_end_null,2020,ALL,lag4_completions,171,0.0057517635667529,248
stable_core_room_et_all_points__end_to_end_null,2020,ALL,lag4_receiving_tds,172,0.005669211437652433,248
stable_core_room_et_all_points__end_to_end_null,2020,ALL,lag4_rushing_yards,173,0.005660298394781105,248
stable_core_room_et_all_points__end_to_end_null,2020,ALL,lag1_sacks_suffered,174,0.005599089429573188,248
stable_core_room_et_all_points__end_to_end_null,2020,ALL,lag4_receiving_fumbles,175,0.005567978527917155,248
stable_core_room_et_all_points__end_to_end_null,2020,ALL,lag4_passing_10,176,0.00547838302156794,248
stable_core_room_et_all_points__end_to_end_null,2020,ALL,lag3_passing_20,177,0.005406846997388298,248
stable_core_room_et_all_points__end_to_end_null,2020,ALL,lag4_rushing_fumbles_lost,178,0.005385843406039284,248
stable_core_room_et_all_points__end_to_end_null,2020,ALL,lag3_pass_yards_per_attempt,179,0.005380440224348387,248
stable_core_room_et_all_points__end_to_end_null,2020,ALL,lag4_sack_fumbles_lost,180,0.0053452181535537345,248
stable_core_room_et_all_points__end_to_end_null,2020,ALL,room_lag1_margin_receptions,181,0.005056653509248088,248
stable_core_room_et_all_points__end_to_end_null,2020,ALL,was_drafted,182,0.005008244630665564,248
stable_core_room_et_all_points__end_to_end_null,2020,ALL,lag1_rushing_12,183,0.004806512939709733,248
stable_core_room_et_all_points__end_to_end_null,2020,ALL,age,184,0.0047877879108293615,248
stable_core_room_et_all_points__end_to_end_null,2020,ALL,lag1_receiving_yards_per_reception,185,0.00474620314361625,248
stable_core_room_et_all_points__end_to_end_null,2020,ALL,missing_draft_number,186,0.004524966640168386,248
stable_core_room_et_all_points__end_to_end_null,2020,ALL,missing_height,187,0.004524966640168386,248
stable_core_room_et_all_points__end_to_end_null,2020,ALL,missing_is_rookie,188,0.004524966640168386,248
stable_core_room_et_all_points__end_to_end_null,2020,ALL,missing_team_changed,189,0.004524966640168386,248
stable_core_room_et_all_points__end_to_end_null,2020,ALL,missing_was_drafted,190,0.004524966640168386,248
stable_core_room_et_all_points__end_to_end_null,2020,ALL,missing_weight,191,0.004524966640168386,248
stable_core_room_et_all_points__end_to_end_null,2020,ALL,position_QB,192,0.004524966640168386,248
stable_core_room_et_all_points__end_to_end_null,2020,ALL,position_RB,193,0.004524966640168386,248
stable_core_room_et_all_points__end_to_end_null,2020,ALL,position_TE,194,0.004524966640168386,248
stable_core_room_et_all_points__end_to_end_null,2020,ALL,position_WR,195,0.004524966640168386,248
stable_core_room_et_all_points__end_to_end_null,2020,ALL,lag1_sack_yards_lost,196,0.004461216603311552,248
stable_core_room_et_all_points__end_to_end_null,2020,ALL,lag1_games,197,0.004416295274362662,248
stable_core_room_et_all_points__end_to_end_null,2020,ALL,lag1_receiving_20,198,0.004408341438721807,248
stable_core_room_et_all_points__end_to_end_null,2020,ALL,lag2_receiving_fumbles,199,0.004388734432228516,248
stable_core_room_et_all_points__end_to_end_null,2020,ALL,lag3_receiving_40,200,0.004323071798907355,248
stable_core_room_et_all_points__end_to_end_null,2020,ALL,lag1_rushing_20,201,0.004310579424381982,248
stable_core_room_et_all_points__end_to_end_null,2020,ALL,lag1_rushing_yards,202,0.004267791827617652,248
stable_core_room_et_all_points__end_to_end_null,2020,ALL,lag4_passing_interceptions,203,0.004266311729832298,248
stable_core_room_et_all_points__end_to_end_null,2020,ALL,room_lag1_other_carries,204,0.00422940598677594,248
stable_core_room_et_all_points__end_to_end_null,2020,ALL,lag1_fumbles_lost_total,205,0.004185272288925532,248
stable_core_room_et_all_points__end_to_end_null,2020,ALL,lag3_rushing_40,206,0.004011827503528462,248
stable_core_room_et_all_points__end_to_end_null,2020,ALL,lag4_rushing_fumbles,207,0.0040073607245272504,248
stable_core_room_et_all_points__end_to_end_null,2020,ALL,lag4_receiving_fumbles_lost,208,0.003964088091026765,248
stable_core_room_et_all_points__end_to_end_null,2020,ALL,lag3_receiving_tds,209,0.003767747503310825,248
stable_core_room_et_all_points__end_to_end_null,2020,ALL,lag1_receiving_first_downs,210,0.0037645881666767463,248
stable_core_room_et_all_points__end_to_end_null,2020,ALL,lag3_receiving_fumbles_lost,211,0.0034851428804345925,248
stable_core_room_et_all_points__end_to_end_null,2020,ALL,lag4_attempts,212,0.003447485689735896,248
stable_core_room_et_all_points__end_to_end_null,2020,ALL,draft_round,213,0.0034160550123551944,248
stable_core_room_et_all_points__end_to_end_null,2020,ALL,missing_draft_round,214,0.003276033311301809,248
stable_core_room_et_all_points__end_to_end_null,2020,ALL,lag1_rushing_10,215,0.003003509535724649,248
stable_core_room_et_all_points__end_to_end_null,2020,ALL,lag1_rush_20_rate,216,0.0029790510063147442,248
stable_core_room_et_all_points__end_to_end_null,2020,ALL,lag2_receiving_fumbles_lost,217,0.0028359556130721224,248
stable_core_room_et_all_points__end_to_end_null,2020,ALL,room_competitor_count,218,0.002802828873445182,248
stable_core_room_et_all_points__end_to_end_null,2020,ALL,missing_combine_forty,219,0.002729813863119212,248
stable_core_room_et_all_points__end_to_end_null,2020,ALL,lag1_receiving_10,220,0.002674288928940416,248
stable_core_room_et_all_points__end_to_end_null,2020,ALL,lag2_passing_20,221,0.0024063153234467273,248
stable_core_room_et_all_points__end_to_end_null,2020,ALL,lag1_receiving_first_down_rate,222,0.0023812395305571484,248
stable_core_room_et_all_points__end_to_end_null,2020,ALL,lag4_receiving_40,223,0.0023738025375412922,248
stable_core_room_et_all_points__end_to_end_null,2020,ALL,lag1_receiving_20_rate,224,0.0022945307698139425,248
stable_core_room_et_all_points__end_to_end_null,2020,ALL,room_lag1_nonzero_competitors_rushing_yards,225,0.0021834040926554613,248
stable_core_room_et_all_points__end_to_end_null,2020,ALL,lag2_completions,226,0.0021799896510520922,248
stable_core_room_et_all_points__end_to_end_null,2020,ALL,lag4_rush_20_rate,227,0.0020972371552943725,248
stable_core_room_et_all_points__end_to_end_null,2020,ALL,lag2_pass_td_rate,228,0.0020414425520723658,248
stable_core_room_et_all_points__end_to_end_null,2020,ALL,lag1_sack_fumbles,229,0.001992435592162265,248
stable_core_room_et_all_points__end_to_end_null,2020,ALL,draft_number,230,0.001985867260062916,248
stable_core_room_et_all_points__end_to_end_null,2020,ALL,lag4_fumbles_total,231,0.0018690308267018418,248
stable_core_room_et_all_points__end_to_end_null,2020,ALL,lag4_rushing_20,232,0.001724365248828873,248
stable_core_room_et_all_points__end_to_end_null,2020,ALL,lag1_passing_interceptions,233,0.0015090527620163251,248
stable_core_room_et_all_points__end_to_end_null,2020,ALL,lag1_receiving_40,234,0.001374669628142898,248
stable_core_room_et_all_points__end_to_end_null,2020,ALL,lag1_interception_rate,235,0.001218258067783498,248
stable_core_room_et_all_points__end_to_end_null,2020,ALL,lag2_passing_yards,236,0.00106684238650245,248
stable_core_room_et_all_points__end_to_end_null,2020,ALL,lag1_receiving_tds,237,0.0008800379602431387,248
stable_core_room_et_all_points__end_to_end_null,2020,ALL,lag2_passing_16,238,0.0007955448349718563,248
stable_core_room_et_all_points__end_to_end_null,2020,ALL,lag2_attempts,239,0.0007063078025492872,248
stable_core_room_et_all_points__end_to_end_null,2020,ALL,lag4_interception_rate,240,0.0006605009790121485,248
stable_core_room_et_all_points__end_to_end_null,2020,ALL,room_lag1_other_rushing_yards,241,0.000519551832740397,248
stable_core_room_et_all_points__end_to_end_null,2020,ALL,room_lag1_nonzero_competitors_passing_yards,242,0.000505646139501534,248
stable_core_room_et_all_points__end_to_end_null,2020,ALL,lag2_passing_10,243,0.00040135754228767757,248
stable_core_room_et_all_points__end_to_end_null,2020,ALL,lag1_rush_yards_per_carry,244,0.0002531794345562201,248
stable_core_room_et_all_points__end_to_end_null,2020,ALL,lag3_receiving_fumbles,245,0.0002140495929847422,248
stable_core_room_et_all_points__end_to_end_null,2020,ALL,lag2_passing_first_downs,246,0.00014531923578594636,248
stable_core_room_et_all_points__end_to_end_null,2020,ALL,lag4_rushing_40,247,0.00013698500175419423,248
stable_core_room_et_all_points__end_to_end_null,2020,ALL,lag1_receiving_16,248,2.543759974781462e-05,248
stable_core_room_et_all_points__end_to_end_null,2021,ALL,lag1_receiving_fumbles,1,0.0323551985280256,248
stable_core_room_et_all_points__end_to_end_null,2021,ALL,lag2_fumbles_total,2,0.028316823667357553,248
stable_core_room_et_all_points__end_to_end_null,2021,ALL,lag2_rushing_first_downs,3,0.028089127081099233,248
stable_core_room_et_all_points__end_to_end_null,2021,ALL,lag2_rushing_12,4,0.02797521094756833,248
stable_core_room_et_all_points__end_to_end_null,2021,ALL,lag2_rush_first_down_rate,5,0.02768171946559831,248
stable_core_room_et_all_points__end_to_end_null,2021,ALL,lag2_rushing_fumbles,6,0.025692624960450296,248
stable_core_room_et_all_points__end_to_end_null,2021,ALL,lag1_receiving_fumbles_lost,7,0.025657841503023818,248
stable_core_room_et_all_points__end_to_end_null,2021,ALL,lag2_rush_yards_per_carry,8,0.02564843784750658,248
stable_core_room_et_all_points__end_to_end_null,2021,ALL,lag2_rushing_tds,9,0.025479103367767802,248
stable_core_room_et_all_points__end_to_end_null,2021,ALL,lag2_rushing_yards,10,0.025246503445157515,248
stable_core_room_et_all_points__end_to_end_null,2021,ALL,lag2_rushing_10,11,0.024812983660774834,248
stable_core_room_et_all_points__end_to_end_null,2021,ALL,lag2_carries,12,0.023753916126277325,248
stable_core_room_et_all_points__end_to_end_null,2021,ALL,lag2_fumbles_lost_total,13,0.022514305534762916,248
stable_core_room_et_all_points__end_to_end_null,2021,ALL,lag3_rush_yards_per_carry,14,0.022435812887742008,248
stable_core_room_et_all_points__end_to_end_null,2021,ALL,room_lag1_nonzero_competitors_attempts,15,0.022138893753847075,248
stable_core_room_et_all_points__end_to_end_null,2021,ALL,lag2_rushing_40,16,0.020736121114788317,248
stable_core_room_et_all_points__end_to_end_null,2021,ALL,lag2_rush_20_rate,17,0.020626384034943105,248
stable_core_room_et_all_points__end_to_end_null,2021,ALL,missing_combine_cone,18,0.020527552423059425,248
stable_core_room_et_all_points__end_to_end_null,2021,ALL,lag2_sack_fumbles,19,0.020232318052758057,248
stable_core_room_et_all_points__end_to_end_null,2021,ALL,lag2_rushing_fumbles_lost,20,0.02003994546812571,248
stable_core_room_et_all_points__end_to_end_null,2021,ALL,lag2_sack_fumbles_lost,21,0.019884609025628802,248
stable_core_room_et_all_points__end_to_end_null,2021,ALL,lag3_rushing_yards,22,0.019705609795396727,248
stable_core_room_et_all_points__end_to_end_null,2021,ALL,lag2_rushing_20,23,0.019146995256030357,248
stable_core_room_et_all_points__end_to_end_null,2021,ALL,lag3_rushing_12,24,0.01909648679478628,248
stable_core_room_et_all_points__end_to_end_null,2021,ALL,lag2_history_available,25,0.018480405946594003,248
stable_core_room_et_all_points__end_to_end_null,2021,ALL,lag2_games,26,0.01820128856222966,248
stable_core_room_et_all_points__end_to_end_null,2021,ALL,combine_cone,27,0.017910683206726,248
stable_core_room_et_all_points__end_to_end_null,2021,ALL,lag2_roster_weeks,28,0.017902400399688996,248
stable_core_room_et_all_points__end_to_end_null,2021,ALL,missing_combine_vertical,29,0.017838707301650495,248
stable_core_room_et_all_points__end_to_end_null,2021,ALL,missing_combine_broad_jump,30,0.017656152549130843,248
stable_core_room_et_all_points__end_to_end_null,2021,ALL,combine_broad_jump,31,0.017200157814211397,248
stable_core_room_et_all_points__end_to_end_null,2021,ALL,missing_combine_shuttle,32,0.01715306253777783,248
stable_core_room_et_all_points__end_to_end_null,2021,ALL,room_lag1_other_attempts,33,0.017089856485375633,248
stable_core_room_et_all_points__end_to_end_null,2021,ALL,lag2_receptions,34,0.01651366884650173,248
stable_core_room_et_all_points__end_to_end_null,2021,ALL,combine_shuttle,35,0.01637067962642641,248
stable_core_room_et_all_points__end_to_end_null,2021,ALL,combine_vertical,36,0.01625199993763505,248
stable_core_room_et_all_points__end_to_end_null,2021,ALL,lag3_rushing_10,37,0.016247726683510603,248
stable_core_room_et_all_points__end_to_end_null,2021,ALL,lag3_receiving_yards_per_reception,38,0.01585060723406988,248
stable_core_room_et_all_points__end_to_end_null,2021,ALL,lag3_rush_first_down_rate,39,0.01545429843625603,248
stable_core_room_et_all_points__end_to_end_null,2021,ALL,room_lag1_nonzero_competitors_receiving_yards,40,0.01518058835089101,248
stable_core_room_et_all_points__end_to_end_null,2021,ALL,lag3_receiving_16,41,0.014996207622643363,248
stable_core_room_et_all_points__end_to_end_null,2021,ALL,lag3_rushing_first_downs,42,0.014950617483817003,248
stable_core_room_et_all_points__end_to_end_null,2021,ALL,lag3_receiving_first_down_rate,43,0.014853625459946328,248
stable_core_room_et_all_points__end_to_end_null,2021,ALL,room_lag1_margin_attempts,44,0.01482245119495507,248
stable_core_room_et_all_points__end_to_end_null,2021,ALL,room_lag1_margin_receiving_yards,45,0.014692121917524975,248
stable_core_room_et_all_points__end_to_end_null,2021,ALL,lag2_receiving_first_downs,46,0.014396721892156133,248
stable_core_room_et_all_points__end_to_end_null,2021,ALL,lag3_games,47,0.014184339122112252,248
stable_core_room_et_all_points__end_to_end_null,2021,ALL,lag2_receiving_tds,48,0.014166696986109537,248
stable_core_room_et_all_points__end_to_end_null,2021,ALL,lag3_receiving_20_rate,49,0.014011890604134984,248
stable_core_room_et_all_points__end_to_end_null,2021,ALL,lag4_receiving_yards_per_reception,50,0.013350600610551166,248
stable_core_room_et_all_points__end_to_end_null,2021,ALL,lag3_rushing_tds,51,0.013276546706086799,248
stable_core_room_et_all_points__end_to_end_null,2021,ALL,lag2_receiving_yards,52,0.012906190634718,248
stable_core_room_et_all_points__end_to_end_null,2021,ALL,lag3_rush_20_rate,53,0.012856247104226287,248
stable_core_room_et_all_points__end_to_end_null,2021,ALL,lag2_receiving_10,54,0.012834751975306181,248
stable_core_room_et_all_points__end_to_end_null,2021,ALL,lag3_interception_rate,55,0.012762008491327973,248
stable_core_room_et_all_points__end_to_end_null,2021,ALL,lag1_rushing_fumbles_lost,56,0.012619192943066314,248
stable_core_room_et_all_points__end_to_end_null,2021,ALL,lag1_receiving_yards,57,0.012435052499068977,248
stable_core_room_et_all_points__end_to_end_null,2021,ALL,lag2_passing_interceptions,58,0.012428309751498102,248
stable_core_room_et_all_points__end_to_end_null,2021,ALL,lag4_receiving_first_down_rate,59,0.01234213383552354,248
stable_core_room_et_all_points__end_to_end_null,2021,ALL,lag3_receiving_10,60,0.012291820111988594,248
stable_core_room_et_all_points__end_to_end_null,2021,ALL,lag2_receiving_first_down_rate,61,0.012285699337686914,248
stable_core_room_et_all_points__end_to_end_null,2021,ALL,lag3_carries,62,0.012022408706065309,248
stable_core_room_et_all_points__end_to_end_null,2021,ALL,lag3_rushing_20,63,0.011824593140909986,248
stable_core_room_et_all_points__end_to_end_null,2021,ALL,lag2_receiving_yards_per_reception,64,0.011560054106514062,248
stable_core_room_et_all_points__end_to_end_null,2021,ALL,lag3_passing_interceptions,65,0.011383185580934001,248
stable_core_room_et_all_points__end_to_end_null,2021,ALL,lag3_sack_fumbles_lost,66,0.011275232377732385,248
stable_core_room_et_all_points__end_to_end_null,2021,ALL,lag3_roster_weeks,67,0.011213993739739645,248
stable_core_room_et_all_points__end_to_end_null,2021,ALL,room_lag1_nonzero_competitors_receptions,68,0.01099831375414184,248
stable_core_room_et_all_points__end_to_end_null,2021,ALL,lag2_receiving_16,69,0.01078290561496064,248
stable_core_room_et_all_points__end_to_end_null,2021,ALL,combine_bench,70,0.010618561763375412,248
stable_core_room_et_all_points__end_to_end_null,2021,ALL,lag4_history_available,71,0.010349370972835862,248
stable_core_room_et_all_points__end_to_end_null,2021,ALL,lag1_rushing_tds,72,0.010332048130942207,248
stable_core_room_et_all_points__end_to_end_null,2021,ALL,lag3_receiving_first_downs,73,0.010317880503655782,248
stable_core_room_et_all_points__end_to_end_null,2021,ALL,lag1_rushing_40,74,0.01015327633655955,248
stable_core_room_et_all_points__end_to_end_null,2021,ALL,lag4_receiving_16,75,0.010094528906369176,248
stable_core_room_et_all_points__end_to_end_null,2021,ALL,lag3_receiving_20,76,0.010056278471267967,248
stable_core_room_et_all_points__end_to_end_null,2021,ALL,lag4_pass_td_rate,77,0.009863536965295714,248
stable_core_room_et_all_points__end_to_end_null,2021,ALL,lag1_receptions,78,0.009778748713380263,248
stable_core_room_et_all_points__end_to_end_null,2021,ALL,lag1_fumbles_total,79,0.009758671585104423,248
stable_core_room_et_all_points__end_to_end_null,2021,ALL,lag1_rushing_first_downs,80,0.00974622324229799,248
stable_core_room_et_all_points__end_to_end_null,2021,ALL,lag3_sack_fumbles,81,0.009733530487068353,248
stable_core_room_et_all_points__end_to_end_null,2021,ALL,lag2_passing_40,82,0.009566168159584559,248
stable_core_room_et_all_points__end_to_end_null,2021,ALL,lag3_receiving_yards,83,0.009500699352486718,248
stable_core_room_et_all_points__end_to_end_null,2021,ALL,lag4_receiving_20_rate,84,0.009299447569487444,248
stable_core_room_et_all_points__end_to_end_null,2021,ALL,lag3_history_available,85,0.009291320062877506,248
stable_core_room_et_all_points__end_to_end_null,2021,ALL,lag4_games,86,0.009267230733435545,248
stable_core_room_et_all_points__end_to_end_null,2021,ALL,missing_combine_bench,87,0.009013323792985176,248
stable_core_room_et_all_points__end_to_end_null,2021,ALL,lag1_carries,88,0.009000668298540095,248
stable_core_room_et_all_points__end_to_end_null,2021,ALL,lag3_receptions,89,0.00895961619357476,248
stable_core_room_et_all_points__end_to_end_null,2021,ALL,lag1_history_available,90,0.008851028042794359,248
stable_core_room_et_all_points__end_to_end_null,2021,ALL,lag1_roster_weeks,91,0.008749279043438639,248
stable_core_room_et_all_points__end_to_end_null,2021,ALL,lag3_passing_yards,92,0.008699932322102932,248
stable_core_room_et_all_points__end_to_end_null,2021,ALL,lag3_rushing_fumbles,93,0.008691440335384598,248
stable_core_room_et_all_points__end_to_end_null,2021,ALL,lag2_interception_rate,94,0.008662545683907353,248
stable_core_room_et_all_points__end_to_end_null,2021,ALL,lag3_completions,95,0.008569412460444254,248
stable_core_room_et_all_points__end_to_end_null,2021,ALL,lag2_receiving_20,96,0.00854743610336229,248
stable_core_room_et_all_points__end_to_end_null,2021,ALL,weight,97,0.008534157763344269,248
stable_core_room_et_all_points__end_to_end_null,2021,ALL,lag4_receiving_yards,98,0.008521574982987749,248
stable_core_room_et_all_points__end_to_end_null,2021,ALL,room_lag1_margin_receptions,99,0.008511683150689483,248
stable_core_room_et_all_points__end_to_end_null,2021,ALL,lag4_receiving_first_downs,100,0.008330355863292725,248
stable_core_room_et_all_points__end_to_end_null,2021,ALL,lag4_receiving_10,101,0.008235647520990935,248
stable_core_room_et_all_points__end_to_end_null,2021,ALL,lag2_sack_yards_lost,102,0.008229610513100637,248
stable_core_room_et_all_points__end_to_end_null,2021,ALL,lag1_receiving_20,103,0.008201232479926397,248
stable_core_room_et_all_points__end_to_end_null,2021,ALL,lag2_receiving_fumbles_lost,104,0.008183305824689145,248
stable_core_room_et_all_points__end_to_end_null,2021,ALL,lag1_passing_10,105,0.008015226075218398,248
stable_core_room_et_all_points__end_to_end_null,2021,ALL,lag1_passing_yards,106,0.007913595842858761,248
stable_core_room_et_all_points__end_to_end_null,2021,ALL,lag3_passing_first_downs,107,0.007884278274881522,248
stable_core_room_et_all_points__end_to_end_null,2021,ALL,lag4_roster_weeks,108,0.00786294417557778,248
stable_core_room_et_all_points__end_to_end_null,2021,ALL,lag2_receiving_40,109,0.007837922764761134,248
stable_core_room_et_all_points__end_to_end_null,2021,ALL,lag3_rushing_fumbles_lost,110,0.007809238866810391,248
stable_core_room_et_all_points__end_to_end_null,2021,ALL,lag2_receiving_fumbles,111,0.007800611972347245,248
stable_core_room_et_all_points__end_to_end_null,2021,ALL,room_lag1_other_receiving_yards,112,0.007657998341976051,248
stable_core_room_et_all_points__end_to_end_null,2021,ALL,room_lag1_margin_rushing_yards,113,0.007651994692016231,248
stable_core_room_et_all_points__end_to_end_null,2021,ALL,missing_combine_forty,114,0.007542055785287112,248
stable_core_room_et_all_points__end_to_end_null,2021,ALL,lag3_receiving_fumbles_lost,115,0.007516448315883868,248
stable_core_room_et_all_points__end_to_end_null,2021,ALL,lag1_rush_first_down_rate,116,0.007395090752779105,248
stable_core_room_et_all_points__end_to_end_null,2021,ALL,lag3_attempts,117,0.007261402134899116,248
stable_core_room_et_all_points__end_to_end_null,2021,ALL,lag4_rush_first_down_rate,118,0.007256352513222678,248
stable_core_room_et_all_points__end_to_end_null,2021,ALL,missing_age,119,0.007109254962905118,248
stable_core_room_et_all_points__end_to_end_null,2021,ALL,lag1_receiving_first_downs,120,0.007095492115230998,248
stable_core_room_et_all_points__end_to_end_null,2021,ALL,lag3_fumbles_total,121,0.007076738571304494,248
stable_core_room_et_all_points__end_to_end_null,2021,ALL,lag3_passing_10,122,0.006993856473696116,248
stable_core_room_et_all_points__end_to_end_null,2021,ALL,lag2_pass_yards_per_attempt,123,0.006985790018129492,248
stable_core_room_et_all_points__end_to_end_null,2021,ALL,lag4_receptions,124,0.006916537901120116,248
stable_core_room_et_all_points__end_to_end_null,2021,ALL,lag1_rushing_12,125,0.006889195763707308,248
stable_core_room_et_all_points__end_to_end_null,2021,ALL,lag4_rushing_40,126,0.006867518779155163,248
stable_core_room_et_all_points__end_to_end_null,2021,ALL,lag3_passing_40,127,0.00686708676874441,248
stable_core_room_et_all_points__end_to_end_null,2021,ALL,lag3_passing_tds,128,0.006848332880892349,248
stable_core_room_et_all_points__end_to_end_null,2021,ALL,lag2_sacks_suffered,129,0.0068164951199146916,248
stable_core_room_et_all_points__end_to_end_null,2021,ALL,lag4_rush_20_rate,130,0.006694397656178007,248
stable_core_room_et_all_points__end_to_end_null,2021,ALL,lag1_passing_first_downs,131,0.0066096485031515995,248
stable_core_room_et_all_points__end_to_end_null,2021,ALL,lag1_passing_16,132,0.006568898978342083,248
stable_core_room_et_all_points__end_to_end_null,2021,ALL,lag4_pass_yards_per_attempt,133,0.006530408781899045,248
stable_core_room_et_all_points__end_to_end_null,2021,ALL,lag3_pass_td_rate,134,0.006450189900367091,248
stable_core_room_et_all_points__end_to_end_null,2021,ALL,room_lag1_nonzero_competitors_passing_yards,135,0.006377235190980297,248
stable_core_room_et_all_points__end_to_end_null,2021,ALL,lag2_passing_tds,136,0.006362356600772624,248
stable_core_room_et_all_points__end_to_end_null,2021,ALL,lag1_completions,137,0.006273877047335862,248
stable_core_room_et_all_points__end_to_end_null,2021,ALL,lag4_rushing_20,138,0.006263941638300893,248
stable_core_room_et_all_points__end_to_end_null,2021,ALL,lag2_completion_rate,139,0.006212289067372039,248
stable_core_room_et_all_points__end_to_end_null,2021,ALL,lag4_rushing_10,140,0.00613287527157665,248
stable_core_room_et_all_points__end_to_end_null,2021,ALL,lag1_pass_yards_per_attempt,141,0.005960327854623261,248
stable_core_room_et_all_points__end_to_end_null,2021,ALL,lag1_receiving_yards_per_reception,142,0.005958571816227057,248
stable_core_room_et_all_points__end_to_end_null,2021,ALL,lag1_receiving_10,143,0.005940413224594038,248
stable_core_room_et_all_points__end_to_end_null,2021,ALL,lag2_receiving_20_rate,144,0.005862162752056041,248
stable_core_room_et_all_points__end_to_end_null,2021,ALL,room_lag1_other_receptions,145,0.005807110740350684,248
stable_core_room_et_all_points__end_to_end_null,2021,ALL,missing_years_exp,146,0.005759553879801282,248
stable_core_room_et_all_points__end_to_end_null,2021,ALL,lag4_rushing_12,147,0.005717210847052159,248
stable_core_room_et_all_points__end_to_end_null,2021,ALL,lag1_passing_20,148,0.005590889136193523,248
stable_core_room_et_all_points__end_to_end_null,2021,ALL,lag1_rushing_yards,149,0.005556088657263248,248
stable_core_room_et_all_points__end_to_end_null,2021,ALL,lag4_rushing_first_downs,150,0.005508656875210663,248
stable_core_room_et_all_points__end_to_end_null,2021,ALL,height,151,0.005351962282940663,248
stable_core_room_et_all_points__end_to_end_null,2021,ALL,lag1_sack_fumbles_lost,152,0.005228819941858289,248
stable_core_room_et_all_points__end_to_end_null,2021,ALL,lag1_fumbles_lost_total,153,0.005227600013583319,248
stable_core_room_et_all_points__end_to_end_null,2021,ALL,lag4_passing_20,154,0.005209984933330201,248
stable_core_room_et_all_points__end_to_end_null,2021,ALL,lag3_fumbles_lost_total,155,0.005186948352217759,248
stable_core_room_et_all_points__end_to_end_null,2021,ALL,lag4_rush_yards_per_carry,156,0.005166824324470891,248
stable_core_room_et_all_points__end_to_end_null,2021,ALL,lag1_rushing_fumbles,157,0.005135799170824457,248
stable_core_room_et_all_points__end_to_end_null,2021,ALL,lag1_receiving_40,158,0.005063946017508177,248
stable_core_room_et_all_points__end_to_end_null,2021,ALL,room_lag1_margin_carries,159,0.005042996671616583,248
stable_core_room_et_all_points__end_to_end_null,2021,ALL,lag4_receiving_20,160,0.004876414854382064,248
stable_core_room_et_all_points__end_to_end_null,2021,ALL,room_competitor_count,161,0.004870684836878334,248
stable_core_room_et_all_points__end_to_end_null,2021,ALL,lag1_rushing_20,162,0.004835255879164799,248
stable_core_room_et_all_points__end_to_end_null,2021,ALL,lag4_receiving_fumbles,163,0.004778894802665744,248
stable_core_room_et_all_points__end_to_end_null,2021,ALL,years_exp,164,0.004766234886818246,248
stable_core_room_et_all_points__end_to_end_null,2021,ALL,lag1_rushing_10,165,0.004730223380178102,248
stable_core_room_et_all_points__end_to_end_null,2021,ALL,lag1_sacks_suffered,166,0.004700184732101578,248
stable_core_room_et_all_points__end_to_end_null,2021,ALL,lag4_receiving_tds,167,0.0045316429578225615,248
stable_core_room_et_all_points__end_to_end_null,2021,ALL,room_lag1_nonzero_competitors_carries,168,0.004520120800762439,248
stable_core_room_et_all_points__end_to_end_null,2021,ALL,missing_draft_number,169,0.004508145148247529,248
stable_core_room_et_all_points__end_to_end_null,2021,ALL,missing_height,170,0.004508145148247529,248
stable_core_room_et_all_points__end_to_end_null,2021,ALL,missing_is_rookie,171,0.004508145148247529,248
stable_core_room_et_all_points__end_to_end_null,2021,ALL,missing_team_changed,172,0.004508145148247529,248
stable_core_room_et_all_points__end_to_end_null,2021,ALL,missing_was_drafted,173,0.004508145148247529,248
stable_core_room_et_all_points__end_to_end_null,2021,ALL,missing_weight,174,0.004508145148247529,248
stable_core_room_et_all_points__end_to_end_null,2021,ALL,position_QB,175,0.004508145148247529,248
stable_core_room_et_all_points__end_to_end_null,2021,ALL,position_RB,176,0.004508145148247529,248
stable_core_room_et_all_points__end_to_end_null,2021,ALL,position_TE,177,0.004508145148247529,248
stable_core_room_et_all_points__end_to_end_null,2021,ALL,position_WR,178,0.004508145148247529,248
stable_core_room_et_all_points__end_to_end_null,2021,ALL,is_rookie,179,0.004356446909831982,248
stable_core_room_et_all_points__end_to_end_null,2021,ALL,lag4_sack_yards_lost,180,0.004320579086330636,248
stable_core_room_et_all_points__end_to_end_null,2021,ALL,lag1_receiving_20_rate,181,0.004290757438487237,248
stable_core_room_et_all_points__end_to_end_null,2021,ALL,lag1_pass_td_rate,182,0.004260915236062092,248
stable_core_room_et_all_points__end_to_end_null,2021,ALL,lag1_receiving_16,183,0.004192516055969815,248
stable_core_room_et_all_points__end_to_end_null,2021,ALL,lag1_receiving_tds,184,0.0041644823857605665,248
stable_core_room_et_all_points__end_to_end_null,2021,ALL,lag3_completion_rate,185,0.004065647791182708,248
stable_core_room_et_all_points__end_to_end_null,2021,ALL,lag3_receiving_40,186,0.004022235757209893,248
stable_core_room_et_all_points__end_to_end_null,2021,ALL,lag1_passing_40,187,0.003900709694163824,248
stable_core_room_et_all_points__end_to_end_null,2021,ALL,lag4_passing_tds,188,0.003660647609580399,248
stable_core_room_et_all_points__end_to_end_null,2021,ALL,lag1_sack_yards_lost,189,0.0036333493398804716,248
stable_core_room_et_all_points__end_to_end_null,2021,ALL,lag4_passing_40,190,0.0036059879725088713,248
stable_core_room_et_all_points__end_to_end_null,2021,ALL,lag4_sack_fumbles,191,0.00355354352796305,248
stable_core_room_et_all_points__end_to_end_null,2021,ALL,lag4_receiving_40,192,0.003541488484638877,248
stable_core_room_et_all_points__end_to_end_null,2021,ALL,lag4_sacks_suffered,193,0.0035355982178500393,248
stable_core_room_et_all_points__end_to_end_null,2021,ALL,lag1_completion_rate,194,0.003474912162359772,248
stable_core_room_et_all_points__end_to_end_null,2021,ALL,lag4_completion_rate,195,0.003326546840000332,248
stable_core_room_et_all_points__end_to_end_null,2021,ALL,lag4_rushing_fumbles,196,0.003260536884295562,248
stable_core_room_et_all_points__end_to_end_null,2021,ALL,lag1_receiving_first_down_rate,197,0.003251046917046798,248
stable_core_room_et_all_points__end_to_end_null,2021,ALL,lag3_receiving_fumbles,198,0.0032320037636237964,248
stable_core_room_et_all_points__end_to_end_null,2021,ALL,age,199,0.0029944416886180216,248
stable_core_room_et_all_points__end_to_end_null,2021,ALL,room_lag1_nonzero_competitors_rushing_yards,200,0.002991461089603489,248
stable_core_room_et_all_points__end_to_end_null,2021,ALL,lag4_fumbles_total,201,0.0029561439578275816,248
stable_core_room_et_all_points__end_to_end_null,2021,ALL,room_lag1_other_carries,202,0.00291852755815844,248
stable_core_room_et_all_points__end_to_end_null,2021,ALL,lag1_rush_20_rate,203,0.0028670374042430793,248
stable_core_room_et_all_points__end_to_end_null,2021,ALL,lag3_passing_16,204,0.002850077788491744,248
stable_core_room_et_all_points__end_to_end_null,2021,ALL,lag4_passing_16,205,0.0027867171781685413,248
stable_core_room_et_all_points__end_to_end_null,2021,ALL,lag2_passing_20,206,0.0027407214900216988,248
stable_core_room_et_all_points__end_to_end_null,2021,ALL,lag4_rushing_yards,207,0.0027142770688995885,248
stable_core_room_et_all_points__end_to_end_null,2021,ALL,lag4_interception_rate,208,0.002683843827292262,248
stable_core_room_et_all_points__end_to_end_null,2021,ALL,lag3_sack_yards_lost,209,0.002660861770826721,248
stable_core_room_et_all_points__end_to_end_null,2021,ALL,lag2_attempts,210,0.0025496261914976664,248
stable_core_room_et_all_points__end_to_end_null,2021,ALL,lag3_pass_yards_per_attempt,211,0.002514741770139173,248
stable_core_room_et_all_points__end_to_end_null,2021,ALL,lag2_completions,212,0.0024528686849694652,248
stable_core_room_et_all_points__end_to_end_null,2021,ALL,lag1_passing_tds,213,0.002425081922181527,248
stable_core_room_et_all_points__end_to_end_null,2021,ALL,lag3_sacks_suffered,214,0.002369784711188957,248
stable_core_room_et_all_points__end_to_end_null,2021,ALL,lag3_passing_20,215,0.0022805909345863006,248
stable_core_room_et_all_points__end_to_end_null,2021,ALL,lag1_attempts,216,0.002272986030851747,248
stable_core_room_et_all_points__end_to_end_null,2021,ALL,combine_forty,217,0.0022419912020074434,248
stable_core_room_et_all_points__end_to_end_null,2021,ALL,lag3_receiving_tds,218,0.0020862613063200594,248
stable_core_room_et_all_points__end_to_end_null,2021,ALL,lag4_carries,219,0.0020387036803445465,248
stable_core_room_et_all_points__end_to_end_null,2021,ALL,room_lag1_other_rushing_yards,220,0.0020117079000499167,248
stable_core_room_et_all_points__end_to_end_null,2021,ALL,lag1_passing_interceptions,221,0.0019594480634057727,248
stable_core_room_et_all_points__end_to_end_null,2021,ALL,lag4_passing_first_downs,222,0.001955210802288301,248
stable_core_room_et_all_points__end_to_end_null,2021,ALL,lag1_sack_fumbles,223,0.001946949309433855,248
stable_core_room_et_all_points__end_to_end_null,2021,ALL,lag2_passing_first_downs,224,0.0016805821633746154,248
stable_core_room_et_all_points__end_to_end_null,2021,ALL,lag4_receiving_fumbles_lost,225,0.0016708308287631324,248
stable_core_room_et_all_points__end_to_end_null,2021,ALL,lag1_rush_yards_per_carry,226,0.0016382467228049946,248
stable_core_room_et_all_points__end_to_end_null,2021,ALL,lag4_attempts,227,0.0016273332228523892,248
stable_core_room_et_all_points__end_to_end_null,2021,ALL,was_drafted,228,0.0015016109825013572,248
stable_core_room_et_all_points__end_to_end_null,2021,ALL,lag4_rushing_fumbles_lost,229,0.0014865193465316625,248
stable_core_room_et_all_points__end_to_end_null,2021,ALL,lag4_rushing_tds,230,0.0012558882628424094,248
stable_core_room_et_all_points__end_to_end_null,2021,ALL,lag4_passing_yards,231,0.001240578870925374,248
stable_core_room_et_all_points__end_to_end_null,2021,ALL,room_lag1_other_passing_yards,232,0.0011719978001453243,248
stable_core_room_et_all_points__end_to_end_null,2021,ALL,room_lag1_margin_passing_yards,233,0.001122227515352556,248
stable_core_room_et_all_points__end_to_end_null,2021,ALL,lag2_passing_10,234,0.0011117798786432942,248
stable_core_room_et_all_points__end_to_end_null,2021,ALL,lag4_fumbles_lost_total,235,0.0010129180231507955,248
stable_core_room_et_all_points__end_to_end_null,2021,ALL,lag4_passing_10,236,0.0007778397587110911,248
stable_core_room_et_all_points__end_to_end_null,2021,ALL,draft_round,237,0.0006554735949473973,248
stable_core_room_et_all_points__end_to_end_null,2021,ALL,lag2_pass_td_rate,238,0.0006541746398492219,248
stable_core_room_et_all_points__end_to_end_null,2021,ALL,lag1_games,239,0.0006466930985126672,248
stable_core_room_et_all_points__end_to_end_null,2021,ALL,lag1_interception_rate,240,0.0006403023805123112,248
stable_core_room_et_all_points__end_to_end_null,2021,ALL,lag4_sack_fumbles_lost,241,0.0005912917450101607,248
stable_core_room_et_all_points__end_to_end_null,2021,ALL,lag2_passing_16,242,0.0005373097952173381,248
stable_core_room_et_all_points__end_to_end_null,2021,ALL,lag4_completions,243,0.00039056493900418136,248
stable_core_room_et_all_points__end_to_end_null,2021,ALL,draft_number,244,0.00026653718899168,248
stable_core_room_et_all_points__end_to_end_null,2021,ALL,lag4_passing_interceptions,245,0.00023960785509418965,248
stable_core_room_et_all_points__end_to_end_null,2021,ALL,lag2_passing_yards,246,0.00014031325505992043,248
stable_core_room_et_all_points__end_to_end_null,2021,ALL,missing_draft_round,247,6.514102154234394e-05,248
stable_core_room_et_all_points__end_to_end_null,2021,ALL,lag3_rushing_40,248,2.2910501733696154e-05,248
