candidate,validation_season,position_scope,feature,selection_rank,selection_score,selected_feature_count
stable_core_room_et_all_points__no_draft,2016,ALL,lag1_receptions,1,0.5136500578169386,242
stable_core_room_et_all_points__no_draft,2016,ALL,lag1_receiving_10,2,0.5124093432438183,242
stable_core_room_et_all_points__no_draft,2016,ALL,lag1_receiving_first_downs,3,0.5078786387048531,242
stable_core_room_et_all_points__no_draft,2016,ALL,lag1_receiving_yards,4,0.5076588779952496,242
stable_core_room_et_all_points__no_draft,2016,ALL,lag1_receiving_16,5,0.5069563139449974,242
stable_core_room_et_all_points__no_draft,2016,ALL,room_lag1_margin_receptions,6,0.5069409745281892,242
stable_core_room_et_all_points__no_draft,2016,ALL,lag1_receiving_20,7,0.4960824714828009,242
stable_core_room_et_all_points__no_draft,2016,ALL,room_lag1_margin_receiving_yards,8,0.4936364442763763,242
stable_core_room_et_all_points__no_draft,2016,ALL,lag1_games,9,0.47252358259596355,242
stable_core_room_et_all_points__no_draft,2016,ALL,lag1_receiving_tds,10,0.4444408153415927,242
stable_core_room_et_all_points__no_draft,2016,ALL,lag2_receiving_16,11,0.4022421112612929,242
stable_core_room_et_all_points__no_draft,2016,ALL,lag1_carries,12,0.4002628160519637,242
stable_core_room_et_all_points__no_draft,2016,ALL,lag2_receiving_20,13,0.3983508183062994,242
stable_core_room_et_all_points__no_draft,2016,ALL,lag2_receiving_10,14,0.39540278258043976,242
stable_core_room_et_all_points__no_draft,2016,ALL,lag2_receiving_first_downs,15,0.39077201371810005,242
stable_core_room_et_all_points__no_draft,2016,ALL,lag1_receiving_40,16,0.38629865411482717,242
stable_core_room_et_all_points__no_draft,2016,ALL,lag2_receiving_yards,17,0.3859453721271475,242
stable_core_room_et_all_points__no_draft,2016,ALL,lag2_receptions,18,0.3856796974743415,242
stable_core_room_et_all_points__no_draft,2016,ALL,room_lag1_margin_carries,19,0.38486846583492523,242
stable_core_room_et_all_points__no_draft,2016,ALL,lag1_rushing_first_downs,20,0.3778277249045205,242
stable_core_room_et_all_points__no_draft,2016,ALL,lag1_fumbles_total,21,0.37737043976745993,242
stable_core_room_et_all_points__no_draft,2016,ALL,lag1_rushing_10,22,0.3715373617921636,242
stable_core_room_et_all_points__no_draft,2016,ALL,lag2_games,23,0.37098815563416704,242
stable_core_room_et_all_points__no_draft,2016,ALL,lag1_receiving_20_rate,24,0.3619022508397919,242
stable_core_room_et_all_points__no_draft,2016,ALL,lag1_rushing_yards,25,0.3610151075282049,242
stable_core_room_et_all_points__no_draft,2016,ALL,lag2_receiving_tds,26,0.3582080911355883,242
stable_core_room_et_all_points__no_draft,2016,ALL,lag1_rushing_12,27,0.3546939280731874,242
stable_core_room_et_all_points__no_draft,2016,ALL,room_lag1_margin_rushing_yards,28,0.34639806757361846,242
stable_core_room_et_all_points__no_draft,2016,ALL,lag1_fumbles_lost_total,29,0.33768379125277653,242
stable_core_room_et_all_points__no_draft,2016,ALL,lag1_receiving_yards_per_reception,30,0.3365347725742748,242
stable_core_room_et_all_points__no_draft,2016,ALL,lag3_receiving_20,31,0.32814127569914026,242
stable_core_room_et_all_points__no_draft,2016,ALL,lag2_fumbles_total,32,0.3277271993553471,242
stable_core_room_et_all_points__no_draft,2016,ALL,lag1_rushing_tds,33,0.3242408706394829,242
stable_core_room_et_all_points__no_draft,2016,ALL,lag2_carries,34,0.3242332116819693,242
stable_core_room_et_all_points__no_draft,2016,ALL,lag3_receiving_16,35,0.3237384641425115,242
stable_core_room_et_all_points__no_draft,2016,ALL,lag2_receiving_40,36,0.32141714645846103,242
stable_core_room_et_all_points__no_draft,2016,ALL,lag2_receiving_20_rate,37,0.3181603504042404,242
stable_core_room_et_all_points__no_draft,2016,ALL,lag3_receiving_10,38,0.3161414148991755,242
stable_core_room_et_all_points__no_draft,2016,ALL,lag2_rushing_first_downs,39,0.3145821543777823,242
stable_core_room_et_all_points__no_draft,2016,ALL,lag1_rushing_fumbles,40,0.31362382755388846,242
stable_core_room_et_all_points__no_draft,2016,ALL,lag3_receiving_first_downs,41,0.31038391287210704,242
stable_core_room_et_all_points__no_draft,2016,ALL,lag3_receptions,42,0.3097316190482695,242
stable_core_room_et_all_points__no_draft,2016,ALL,lag3_receiving_yards,43,0.30887370483670457,242
stable_core_room_et_all_points__no_draft,2016,ALL,lag3_games,44,0.30860369901501084,242
stable_core_room_et_all_points__no_draft,2016,ALL,lag2_rushing_10,45,0.3078921161268251,242
stable_core_room_et_all_points__no_draft,2016,ALL,lag3_receiving_tds,46,0.3041208056114445,242
stable_core_room_et_all_points__no_draft,2016,ALL,lag3_fumbles_total,47,0.30385321659398346,242
stable_core_room_et_all_points__no_draft,2016,ALL,lag1_rushing_20,48,0.30059271654847747,242
stable_core_room_et_all_points__no_draft,2016,ALL,lag2_fumbles_lost_total,49,0.2954807775985529,242
stable_core_room_et_all_points__no_draft,2016,ALL,lag1_receiving_first_down_rate,50,0.29545192289245803,242
stable_core_room_et_all_points__no_draft,2016,ALL,lag2_rushing_12,51,0.2953228625141906,242
stable_core_room_et_all_points__no_draft,2016,ALL,lag2_rushing_yards,52,0.2949968916945752,242
stable_core_room_et_all_points__no_draft,2016,ALL,room_lag1_other_receptions,53,0.29373654165681906,242
stable_core_room_et_all_points__no_draft,2016,ALL,lag2_receiving_yards_per_reception,54,0.2880352143382028,242
stable_core_room_et_all_points__no_draft,2016,ALL,lag1_rush_yards_per_carry,55,0.28541378056098116,242
stable_core_room_et_all_points__no_draft,2016,ALL,room_lag1_other_receiving_yards,56,0.2841682517877867,242
stable_core_room_et_all_points__no_draft,2016,ALL,lag3_receiving_20_rate,57,0.28262399769193663,242
stable_core_room_et_all_points__no_draft,2016,ALL,lag3_carries,58,0.2813321480573133,242
stable_core_room_et_all_points__no_draft,2016,ALL,room_lag1_other_carries,59,0.2762473269498043,242
stable_core_room_et_all_points__no_draft,2016,ALL,lag1_roster_weeks,60,0.27576451179361,242
stable_core_room_et_all_points__no_draft,2016,ALL,lag2_receiving_first_down_rate,61,0.27472136635476424,242
stable_core_room_et_all_points__no_draft,2016,ALL,lag3_fumbles_lost_total,62,0.27278495268374503,242
stable_core_room_et_all_points__no_draft,2016,ALL,lag3_receiving_40,63,0.2723932589622143,242
stable_core_room_et_all_points__no_draft,2016,ALL,lag4_receiving_16,64,0.2715887665643102,242
stable_core_room_et_all_points__no_draft,2016,ALL,lag4_receiving_20,65,0.2695899597121424,242
stable_core_room_et_all_points__no_draft,2016,ALL,lag3_rushing_first_downs,66,0.26657766137837186,242
stable_core_room_et_all_points__no_draft,2016,ALL,lag3_rushing_10,67,0.2663589170836026,242
stable_core_room_et_all_points__no_draft,2016,ALL,lag4_receiving_10,68,0.26126789737469375,242
stable_core_room_et_all_points__no_draft,2016,ALL,lag4_fumbles_total,69,0.2612019261928237,242
stable_core_room_et_all_points__no_draft,2016,ALL,lag1_rush_20_rate,70,0.2605055042782057,242
stable_core_room_et_all_points__no_draft,2016,ALL,lag4_receptions,71,0.25898197549040064,242
stable_core_room_et_all_points__no_draft,2016,ALL,lag4_games,72,0.2574792858740385,242
stable_core_room_et_all_points__no_draft,2016,ALL,lag1_receiving_fumbles,73,0.25720738714159286,242
stable_core_room_et_all_points__no_draft,2016,ALL,lag4_receiving_yards,74,0.25710238074774844,242
stable_core_room_et_all_points__no_draft,2016,ALL,lag2_rushing_tds,75,0.25655439834312666,242
stable_core_room_et_all_points__no_draft,2016,ALL,lag4_receiving_first_downs,76,0.25607960924881973,242
stable_core_room_et_all_points__no_draft,2016,ALL,lag3_rushing_12,77,0.2555954851555271,242
stable_core_room_et_all_points__no_draft,2016,ALL,lag2_roster_weeks,78,0.2532319934937128,242
stable_core_room_et_all_points__no_draft,2016,ALL,lag3_receiving_yards_per_reception,79,0.25252870826814955,242
stable_core_room_et_all_points__no_draft,2016,ALL,lag1_rushing_fumbles_lost,80,0.25212825598792094,242
stable_core_room_et_all_points__no_draft,2016,ALL,lag2_rushing_fumbles,81,0.25111085574116454,242
stable_core_room_et_all_points__no_draft,2016,ALL,lag1_passing_tds,82,0.25065074002817933,242
stable_core_room_et_all_points__no_draft,2016,ALL,lag2_rushing_20,83,0.24973744118940502,242
stable_core_room_et_all_points__no_draft,2016,ALL,room_lag1_other_rushing_yards,84,0.2496638000041261,242
stable_core_room_et_all_points__no_draft,2016,ALL,lag3_roster_weeks,85,0.2494423672468755,242
stable_core_room_et_all_points__no_draft,2016,ALL,lag2_rush_yards_per_carry,86,0.2492666230004409,242
stable_core_room_et_all_points__no_draft,2016,ALL,lag4_fumbles_lost_total,87,0.2465430342877811,242
stable_core_room_et_all_points__no_draft,2016,ALL,lag1_attempts,88,0.2458780185674073,242
stable_core_room_et_all_points__no_draft,2016,ALL,lag1_passing_16,89,0.24560637123575338,242
stable_core_room_et_all_points__no_draft,2016,ALL,lag1_passing_10,90,0.2449660917692567,242
stable_core_room_et_all_points__no_draft,2016,ALL,lag1_passing_first_downs,91,0.24269957626717947,242
stable_core_room_et_all_points__no_draft,2016,ALL,lag3_rushing_yards,92,0.24220433675276523,242
stable_core_room_et_all_points__no_draft,2016,ALL,lag1_passing_20,93,0.24082359602400402,242
stable_core_room_et_all_points__no_draft,2016,ALL,lag4_receiving_tds,94,0.2400826118329608,242
stable_core_room_et_all_points__no_draft,2016,ALL,lag3_receiving_first_down_rate,95,0.23964649961709872,242
stable_core_room_et_all_points__no_draft,2016,ALL,lag1_completions,96,0.23836843518598516,242
stable_core_room_et_all_points__no_draft,2016,ALL,lag2_receiving_fumbles,97,0.2379948616357079,242
stable_core_room_et_all_points__no_draft,2016,ALL,lag1_rush_first_down_rate,98,0.23783860151913494,242
stable_core_room_et_all_points__no_draft,2016,ALL,lag1_passing_yards,99,0.2376518818328307,242
stable_core_room_et_all_points__no_draft,2016,ALL,lag4_receiving_20_rate,100,0.23761845653340724,242
stable_core_room_et_all_points__no_draft,2016,ALL,lag1_history_available,101,0.23561459464305198,242
stable_core_room_et_all_points__no_draft,2016,ALL,lag1_passing_40,102,0.2349404700206372,242
stable_core_room_et_all_points__no_draft,2016,ALL,lag2_rush_first_down_rate,103,0.2332782784795714,242
stable_core_room_et_all_points__no_draft,2016,ALL,lag4_receiving_40,104,0.2328740495034478,242
stable_core_room_et_all_points__no_draft,2016,ALL,lag4_carries,105,0.23230803469026548,242
stable_core_room_et_all_points__no_draft,2016,ALL,lag2_history_available,106,0.2305371119509888,242
stable_core_room_et_all_points__no_draft,2016,ALL,lag3_history_available,107,0.22902672336181917,242
stable_core_room_et_all_points__no_draft,2016,ALL,lag3_rushing_fumbles,108,0.22613952679880142,242
stable_core_room_et_all_points__no_draft,2016,ALL,lag4_rushing_first_downs,109,0.22552793391231768,242
stable_core_room_et_all_points__no_draft,2016,ALL,lag1_passing_interceptions,110,0.2253766251478346,242
stable_core_room_et_all_points__no_draft,2016,ALL,years_exp,111,0.22379218252088443,242
stable_core_room_et_all_points__no_draft,2016,ALL,lag2_rush_20_rate,112,0.2234785749412271,242
stable_core_room_et_all_points__no_draft,2016,ALL,lag4_receiving_yards_per_reception,113,0.22274966959555206,242
stable_core_room_et_all_points__no_draft,2016,ALL,lag3_rushing_tds,114,0.2217496888087983,242
stable_core_room_et_all_points__no_draft,2016,ALL,lag4_rushing_10,115,0.22101084286586933,242
stable_core_room_et_all_points__no_draft,2016,ALL,lag3_rushing_20,116,0.21984675550170132,242
stable_core_room_et_all_points__no_draft,2016,ALL,lag1_sacks_suffered,117,0.21909873187790233,242
stable_core_room_et_all_points__no_draft,2016,ALL,lag1_sack_yards_lost,118,0.2189010057391037,242
stable_core_room_et_all_points__no_draft,2016,ALL,lag3_rush_first_down_rate,119,0.21808574320183527,242
stable_core_room_et_all_points__no_draft,2016,ALL,lag4_rushing_12,120,0.21582506844613095,242
stable_core_room_et_all_points__no_draft,2016,ALL,lag3_receiving_fumbles,121,0.21569360992370543,242
stable_core_room_et_all_points__no_draft,2016,ALL,lag1_rushing_40,122,0.2154173416109332,242
stable_core_room_et_all_points__no_draft,2016,ALL,room_lag1_margin_attempts,123,0.21441998442496032,242
stable_core_room_et_all_points__no_draft,2016,ALL,room_lag1_margin_passing_yards,124,0.2142887813168571,242
stable_core_room_et_all_points__no_draft,2016,ALL,lag3_rush_yards_per_carry,125,0.21360690079278227,242
stable_core_room_et_all_points__no_draft,2016,ALL,lag4_roster_weeks,126,0.2131014506666156,242
stable_core_room_et_all_points__no_draft,2016,ALL,lag4_receiving_first_down_rate,127,0.21224715117007645,242
stable_core_room_et_all_points__no_draft,2016,ALL,lag1_pass_td_rate,128,0.21089511345810893,242
stable_core_room_et_all_points__no_draft,2016,ALL,lag2_rushing_fumbles_lost,129,0.20967117186885104,242
stable_core_room_et_all_points__no_draft,2016,ALL,lag3_rush_20_rate,130,0.2052485061221472,242
stable_core_room_et_all_points__no_draft,2016,ALL,lag4_rushing_yards,131,0.20499965991805652,242
stable_core_room_et_all_points__no_draft,2016,ALL,lag1_receiving_fumbles_lost,132,0.20441077579392197,242
stable_core_room_et_all_points__no_draft,2016,ALL,lag1_sack_fumbles,133,0.2019803853267368,242
stable_core_room_et_all_points__no_draft,2016,ALL,lag2_attempts,134,0.2017391368872882,242
stable_core_room_et_all_points__no_draft,2016,ALL,lag4_receiving_fumbles,135,0.20137292454664357,242
stable_core_room_et_all_points__no_draft,2016,ALL,lag2_rushing_40,136,0.20096823605928094,242
stable_core_room_et_all_points__no_draft,2016,ALL,lag4_history_available,137,0.20045689114188467,242
stable_core_room_et_all_points__no_draft,2016,ALL,lag2_passing_tds,138,0.19919675792849564,242
stable_core_room_et_all_points__no_draft,2016,ALL,lag2_passing_10,139,0.1970557958946447,242
stable_core_room_et_all_points__no_draft,2016,ALL,lag2_passing_first_downs,140,0.1950231824009447,242
stable_core_room_et_all_points__no_draft,2016,ALL,lag2_passing_16,141,0.1941125369938755,242
stable_core_room_et_all_points__no_draft,2016,ALL,lag3_rushing_fumbles_lost,142,0.1932541041663712,242
stable_core_room_et_all_points__no_draft,2016,ALL,lag1_pass_yards_per_attempt,143,0.19221060375623958,242
stable_core_room_et_all_points__no_draft,2016,ALL,lag2_passing_yards,144,0.19158367300024962,242
stable_core_room_et_all_points__no_draft,2016,ALL,lag4_rush_first_down_rate,145,0.1914933968685309,242
stable_core_room_et_all_points__no_draft,2016,ALL,lag2_completions,146,0.1914685494516351,242
stable_core_room_et_all_points__no_draft,2016,ALL,lag2_receiving_fumbles_lost,147,0.1908385591699314,242
stable_core_room_et_all_points__no_draft,2016,ALL,lag2_passing_20,148,0.19071932274196352,242
stable_core_room_et_all_points__no_draft,2016,ALL,lag2_passing_40,149,0.19029343372449156,242
stable_core_room_et_all_points__no_draft,2016,ALL,room_lag1_other_passing_yards,150,0.18939274050718014,242
stable_core_room_et_all_points__no_draft,2016,ALL,lag4_rushing_tds,151,0.18477330136765013,242
stable_core_room_et_all_points__no_draft,2016,ALL,lag4_rushing_fumbles,152,0.18449006097312426,242
stable_core_room_et_all_points__no_draft,2016,ALL,lag4_rushing_20,153,0.18430626995439156,242
stable_core_room_et_all_points__no_draft,2016,ALL,lag4_rush_yards_per_carry,154,0.18281073340783238,242
stable_core_room_et_all_points__no_draft,2016,ALL,lag1_sack_fumbles_lost,155,0.18042514306460344,242
stable_core_room_et_all_points__no_draft,2016,ALL,lag1_completion_rate,156,0.18036164155819767,242
stable_core_room_et_all_points__no_draft,2016,ALL,room_lag1_other_attempts,157,0.17967991953918927,242
stable_core_room_et_all_points__no_draft,2016,ALL,is_rookie,158,0.17930904499487882,242
stable_core_room_et_all_points__no_draft,2016,ALL,lag2_pass_td_rate,159,0.17908716502480523,242
stable_core_room_et_all_points__no_draft,2016,ALL,lag4_rush_20_rate,160,0.1767640623947094,242
stable_core_room_et_all_points__no_draft,2016,ALL,missing_combine_forty,161,0.17651136584996086,242
stable_core_room_et_all_points__no_draft,2016,ALL,room_lag1_nonzero_competitors_receptions,162,0.17550612472586508,242
stable_core_room_et_all_points__no_draft,2016,ALL,room_lag1_nonzero_competitors_receiving_yards,163,0.1753794209136626,242
stable_core_room_et_all_points__no_draft,2016,ALL,lag3_receiving_fumbles_lost,164,0.17508234642624607,242
stable_core_room_et_all_points__no_draft,2016,ALL,room_lag1_nonzero_competitors_rushing_yards,165,0.17498804096968784,242
stable_core_room_et_all_points__no_draft,2016,ALL,lag2_passing_interceptions,166,0.17425369476510774,242
stable_core_room_et_all_points__no_draft,2016,ALL,lag4_receiving_fumbles_lost,167,0.17064700378743095,242
stable_core_room_et_all_points__no_draft,2016,ALL,lag2_sacks_suffered,168,0.17035741860827688,242
stable_core_room_et_all_points__no_draft,2016,ALL,lag3_attempts,169,0.1692962522500451,242
stable_core_room_et_all_points__no_draft,2016,ALL,lag2_sack_yards_lost,170,0.16805636858883743,242
stable_core_room_et_all_points__no_draft,2016,ALL,room_lag1_nonzero_competitors_carries,171,0.16799715088550551,242
stable_core_room_et_all_points__no_draft,2016,ALL,lag3_passing_tds,172,0.16789685327806125,242
stable_core_room_et_all_points__no_draft,2016,ALL,lag2_completion_rate,173,0.16653852409658487,242
stable_core_room_et_all_points__no_draft,2016,ALL,lag2_pass_yards_per_attempt,174,0.16619937075779384,242
stable_core_room_et_all_points__no_draft,2016,ALL,lag3_passing_first_downs,175,0.1646535947728607,242
stable_core_room_et_all_points__no_draft,2016,ALL,lag3_rushing_40,176,0.16423285519067787,242
stable_core_room_et_all_points__no_draft,2016,ALL,lag3_completions,177,0.16302476305377328,242
stable_core_room_et_all_points__no_draft,2016,ALL,lag3_passing_10,178,0.16242943145411487,242
stable_core_room_et_all_points__no_draft,2016,ALL,lag2_sack_fumbles,179,0.1617063484344568,242
stable_core_room_et_all_points__no_draft,2016,ALL,lag3_passing_16,180,0.16145068086284745,242
stable_core_room_et_all_points__no_draft,2016,ALL,lag4_rushing_fumbles_lost,181,0.16142244408743522,242
stable_core_room_et_all_points__no_draft,2016,ALL,lag3_passing_20,182,0.15998952204953404,242
stable_core_room_et_all_points__no_draft,2016,ALL,lag3_passing_yards,183,0.1599318198393948,242
stable_core_room_et_all_points__no_draft,2016,ALL,lag3_passing_40,184,0.15829327265690302,242
stable_core_room_et_all_points__no_draft,2016,ALL,lag4_rushing_40,185,0.15739697276433393,242
stable_core_room_et_all_points__no_draft,2016,ALL,lag3_passing_interceptions,186,0.15003223411577046,242
stable_core_room_et_all_points__no_draft,2016,ALL,lag4_passing_tds,187,0.14934198298630474,242
stable_core_room_et_all_points__no_draft,2016,ALL,lag2_sack_fumbles_lost,188,0.1476127356846163,242
stable_core_room_et_all_points__no_draft,2016,ALL,lag3_sack_fumbles,189,0.14650798049081534,242
stable_core_room_et_all_points__no_draft,2016,ALL,lag3_pass_td_rate,190,0.14590925089965967,242
stable_core_room_et_all_points__no_draft,2016,ALL,lag3_sack_yards_lost,191,0.14519282980770246,242
stable_core_room_et_all_points__no_draft,2016,ALL,lag3_sacks_suffered,192,0.1448124816062367,242
stable_core_room_et_all_points__no_draft,2016,ALL,lag3_completion_rate,193,0.1426029609778185,242
stable_core_room_et_all_points__no_draft,2016,ALL,age,194,0.14242553459373497,242
stable_core_room_et_all_points__no_draft,2016,ALL,lag4_passing_10,195,0.141857931369136,242
stable_core_room_et_all_points__no_draft,2016,ALL,lag4_passing_first_downs,196,0.14177832081494,242
stable_core_room_et_all_points__no_draft,2016,ALL,lag4_passing_16,197,0.14139754949455438,242
stable_core_room_et_all_points__no_draft,2016,ALL,lag3_pass_yards_per_attempt,198,0.13811175877849344,242
stable_core_room_et_all_points__no_draft,2016,ALL,lag4_passing_40,199,0.13768264431244967,242
stable_core_room_et_all_points__no_draft,2016,ALL,lag4_completions,200,0.13735883180651504,242
stable_core_room_et_all_points__no_draft,2016,ALL,lag4_passing_20,201,0.13712966871895155,242
stable_core_room_et_all_points__no_draft,2016,ALL,lag4_attempts,202,0.13644896424060532,242
stable_core_room_et_all_points__no_draft,2016,ALL,lag3_sack_fumbles_lost,203,0.13600479358899017,242
stable_core_room_et_all_points__no_draft,2016,ALL,lag4_passing_yards,204,0.13477456347514255,242
stable_core_room_et_all_points__no_draft,2016,ALL,lag4_pass_td_rate,205,0.13331869085102274,242
stable_core_room_et_all_points__no_draft,2016,ALL,room_competitor_count,206,0.13327184605334513,242
stable_core_room_et_all_points__no_draft,2016,ALL,lag4_sacks_suffered,207,0.13186483217762726,242
stable_core_room_et_all_points__no_draft,2016,ALL,lag4_sack_yards_lost,208,0.1316339309670589,242
stable_core_room_et_all_points__no_draft,2016,ALL,lag4_passing_interceptions,209,0.1260334626482208,242
stable_core_room_et_all_points__no_draft,2016,ALL,lag4_sack_fumbles,210,0.12507987900954867,242
stable_core_room_et_all_points__no_draft,2016,ALL,lag4_completion_rate,211,0.1238100348119757,242
stable_core_room_et_all_points__no_draft,2016,ALL,lag1_interception_rate,212,0.12380044016061212,242
stable_core_room_et_all_points__no_draft,2016,ALL,lag4_pass_yards_per_attempt,213,0.11841728116683524,242
stable_core_room_et_all_points__no_draft,2016,ALL,lag4_sack_fumbles_lost,214,0.11577972523946632,242
stable_core_room_et_all_points__no_draft,2016,ALL,room_lag1_nonzero_competitors_attempts,215,0.11458800601559999,242
stable_core_room_et_all_points__no_draft,2016,ALL,room_lag1_nonzero_competitors_passing_yards,216,0.11231949020045688,242
stable_core_room_et_all_points__no_draft,2016,ALL,lag3_interception_rate,217,0.10344058232558166,242
stable_core_room_et_all_points__no_draft,2016,ALL,lag2_interception_rate,218,0.10338179829666717,242
stable_core_room_et_all_points__no_draft,2016,ALL,combine_broad_jump,219,0.08837041675975228,242
stable_core_room_et_all_points__no_draft,2016,ALL,lag4_interception_rate,220,0.08727408887358265,242
stable_core_room_et_all_points__no_draft,2016,ALL,combine_vertical,221,0.08391064269200597,242
stable_core_room_et_all_points__no_draft,2016,ALL,combine_forty,222,0.04941889547945581,242
stable_core_room_et_all_points__no_draft,2016,ALL,missing_combine_vertical,223,0.04576977682606868,242
stable_core_room_et_all_points__no_draft,2016,ALL,missing_combine_broad_jump,224,0.04267852243393783,242
stable_core_room_et_all_points__no_draft,2016,ALL,combine_bench,225,0.03950081090200914,242
stable_core_room_et_all_points__no_draft,2016,ALL,missing_combine_bench,226,0.036500005375288476,242
stable_core_room_et_all_points__no_draft,2016,ALL,missing_combine_cone,227,0.024997132852212643,242
stable_core_room_et_all_points__no_draft,2016,ALL,weight,228,0.02495414472048413,242
stable_core_room_et_all_points__no_draft,2016,ALL,missing_combine_shuttle,229,0.021664512911565022,242
stable_core_room_et_all_points__no_draft,2016,ALL,height,230,0.01022401764788592,242
stable_core_room_et_all_points__no_draft,2016,ALL,combine_shuttle,231,0.00541303410119372,242
stable_core_room_et_all_points__no_draft,2016,ALL,combine_cone,232,0.005207150725969246,242
stable_core_room_et_all_points__no_draft,2016,ALL,missing_age,233,0.004044861121984677,242
stable_core_room_et_all_points__no_draft,2016,ALL,missing_height,234,0.004044861121984677,242
stable_core_room_et_all_points__no_draft,2016,ALL,missing_is_rookie,235,0.004044861121984677,242
stable_core_room_et_all_points__no_draft,2016,ALL,missing_team_changed,236,0.004044861121984677,242
stable_core_room_et_all_points__no_draft,2016,ALL,missing_weight,237,0.004044861121984677,242
stable_core_room_et_all_points__no_draft,2016,ALL,missing_years_exp,238,0.004044861121984677,242
stable_core_room_et_all_points__no_draft,2016,ALL,position_QB,239,0.004044861121984677,242
stable_core_room_et_all_points__no_draft,2016,ALL,position_RB,240,0.004044861121984677,242
stable_core_room_et_all_points__no_draft,2016,ALL,position_TE,241,0.004044861121984677,242
stable_core_room_et_all_points__no_draft,2016,ALL,position_WR,242,0.004044861121984677,242
stable_core_room_et_all_points__no_draft,2017,ALL,lag1_receptions,1,0.5219634922499913,242
stable_core_room_et_all_points__no_draft,2017,ALL,lag1_receiving_10,2,0.5194100220247971,242
stable_core_room_et_all_points__no_draft,2017,ALL,lag1_receiving_yards,3,0.5149553401390268,242
stable_core_room_et_all_points__no_draft,2017,ALL,lag1_receiving_first_downs,4,0.514554728403817,242
stable_core_room_et_all_points__no_draft,2017,ALL,lag1_receiving_16,5,0.5130101131037031,242
stable_core_room_et_all_points__no_draft,2017,ALL,room_lag1_margin_receptions,6,0.5039410510677634,242
stable_core_room_et_all_points__no_draft,2017,ALL,lag1_receiving_20,7,0.503436288717831,242
stable_core_room_et_all_points__no_draft,2017,ALL,room_lag1_margin_receiving_yards,8,0.4887858978901865,242
stable_core_room_et_all_points__no_draft,2017,ALL,lag1_games,9,0.48568962523632064,242
stable_core_room_et_all_points__no_draft,2017,ALL,lag1_receiving_tds,10,0.4501797673002257,242
stable_core_room_et_all_points__no_draft,2017,ALL,lag1_carries,11,0.4029562663244158,242
stable_core_room_et_all_points__no_draft,2017,ALL,lag2_receiving_16,12,0.39934986231270453,242
stable_core_room_et_all_points__no_draft,2017,ALL,lag2_receiving_10,13,0.3947192168087285,242
stable_core_room_et_all_points__no_draft,2017,ALL,lag2_receiving_20,14,0.3941075079105282,242
stable_core_room_et_all_points__no_draft,2017,ALL,lag2_receiving_first_downs,15,0.39089782427232894,242
stable_core_room_et_all_points__no_draft,2017,ALL,lag1_receiving_40,16,0.3903133654678448,242
stable_core_room_et_all_points__no_draft,2017,ALL,lag2_receptions,17,0.3883620634946329,242
stable_core_room_et_all_points__no_draft,2017,ALL,lag2_receiving_yards,18,0.38760173713054735,242
stable_core_room_et_all_points__no_draft,2017,ALL,lag1_fumbles_total,19,0.383998308365509,242
stable_core_room_et_all_points__no_draft,2017,ALL,lag1_rushing_first_downs,20,0.38094020390481415,242
stable_core_room_et_all_points__no_draft,2017,ALL,lag1_receiving_20_rate,21,0.3778955535425176,242
stable_core_room_et_all_points__no_draft,2017,ALL,lag2_games,22,0.3755133881937485,242
stable_core_room_et_all_points__no_draft,2017,ALL,lag1_rushing_10,23,0.3751699416325321,242
stable_core_room_et_all_points__no_draft,2017,ALL,room_lag1_margin_carries,24,0.3735473056067533,242
stable_core_room_et_all_points__no_draft,2017,ALL,lag1_rushing_yards,25,0.3628544346329498,242
stable_core_room_et_all_points__no_draft,2017,ALL,lag1_rushing_12,26,0.3595395517300133,242
stable_core_room_et_all_points__no_draft,2017,ALL,lag2_receiving_tds,27,0.3575150990677227,242
stable_core_room_et_all_points__no_draft,2017,ALL,lag1_receiving_yards_per_reception,28,0.35551948151465396,242
stable_core_room_et_all_points__no_draft,2017,ALL,lag1_fumbles_lost_total,29,0.34237819299319394,242
stable_core_room_et_all_points__no_draft,2017,ALL,room_lag1_margin_rushing_yards,30,0.3376788461939224,242
stable_core_room_et_all_points__no_draft,2017,ALL,lag2_fumbles_total,31,0.32952201790813085,242
stable_core_room_et_all_points__no_draft,2017,ALL,lag2_carries,32,0.3247471036435176,242
stable_core_room_et_all_points__no_draft,2017,ALL,lag1_rushing_tds,33,0.3239000758801204,242
stable_core_room_et_all_points__no_draft,2017,ALL,lag2_receiving_40,34,0.3194818121056936,242
stable_core_room_et_all_points__no_draft,2017,ALL,lag2_receiving_20_rate,35,0.3188324024712897,242
stable_core_room_et_all_points__no_draft,2017,ALL,lag3_receiving_20,36,0.31852271904206964,242
stable_core_room_et_all_points__no_draft,2017,ALL,lag3_receiving_16,37,0.31503150325410845,242
stable_core_room_et_all_points__no_draft,2017,ALL,lag1_receiving_first_down_rate,38,0.31468531618119894,242
stable_core_room_et_all_points__no_draft,2017,ALL,lag1_rushing_fumbles,39,0.3132508471485088,242
stable_core_room_et_all_points__no_draft,2017,ALL,lag2_rushing_first_downs,40,0.30960027066134466,242
stable_core_room_et_all_points__no_draft,2017,ALL,lag3_receiving_10,41,0.30946028947376225,242
stable_core_room_et_all_points__no_draft,2017,ALL,lag3_games,42,0.30856224767456714,242
stable_core_room_et_all_points__no_draft,2017,ALL,lag1_rushing_20,43,0.3051572332927803,242
stable_core_room_et_all_points__no_draft,2017,ALL,lag1_roster_weeks,44,0.3050760176729687,242
stable_core_room_et_all_points__no_draft,2017,ALL,lag2_rushing_10,45,0.3050651240533047,242
stable_core_room_et_all_points__no_draft,2017,ALL,lag3_receiving_first_downs,46,0.3042601195463013,242
stable_core_room_et_all_points__no_draft,2017,ALL,lag3_receptions,47,0.3035821272385816,242
stable_core_room_et_all_points__no_draft,2017,ALL,lag3_receiving_yards,48,0.30171451917807157,242
stable_core_room_et_all_points__no_draft,2017,ALL,lag3_receiving_tds,49,0.2979458414355786,242
stable_core_room_et_all_points__no_draft,2017,ALL,lag3_fumbles_total,50,0.2963743788123082,242
stable_core_room_et_all_points__no_draft,2017,ALL,lag2_receiving_yards_per_reception,51,0.2961654897287371,242
stable_core_room_et_all_points__no_draft,2017,ALL,lag2_rushing_yards,52,0.29541209091430976,242
stable_core_room_et_all_points__no_draft,2017,ALL,room_lag1_other_receptions,53,0.2952899566774673,242
stable_core_room_et_all_points__no_draft,2017,ALL,lag2_fumbles_lost_total,54,0.29473951144416616,242
stable_core_room_et_all_points__no_draft,2017,ALL,lag2_rushing_12,55,0.29245889820381693,242
stable_core_room_et_all_points__no_draft,2017,ALL,lag1_rush_yards_per_carry,56,0.29224773388786895,242
stable_core_room_et_all_points__no_draft,2017,ALL,room_lag1_other_receiving_yards,57,0.28567483809496924,242
stable_core_room_et_all_points__no_draft,2017,ALL,lag3_carries,58,0.2814523961203991,242
stable_core_room_et_all_points__no_draft,2017,ALL,lag2_receiving_first_down_rate,59,0.28070538563006603,242
stable_core_room_et_all_points__no_draft,2017,ALL,lag3_receiving_20_rate,60,0.2755174287021395,242
stable_core_room_et_all_points__no_draft,2017,ALL,lag3_receiving_40,61,0.2716427340521794,242
stable_core_room_et_all_points__no_draft,2017,ALL,room_lag1_other_carries,62,0.26944186801921727,242
stable_core_room_et_all_points__no_draft,2017,ALL,lag1_rush_20_rate,63,0.2680149428375617,242
stable_core_room_et_all_points__no_draft,2017,ALL,lag2_roster_weeks,64,0.26798064582980186,242
stable_core_room_et_all_points__no_draft,2017,ALL,lag3_rushing_first_downs,65,0.26631589506579784,242
stable_core_room_et_all_points__no_draft,2017,ALL,lag1_receiving_fumbles,66,0.26440272566068357,242
stable_core_room_et_all_points__no_draft,2017,ALL,lag4_receiving_16,67,0.2629083240508288,242
stable_core_room_et_all_points__no_draft,2017,ALL,lag3_rushing_10,68,0.2626357707345832,242
stable_core_room_et_all_points__no_draft,2017,ALL,lag3_fumbles_lost_total,69,0.26228143800219517,242
stable_core_room_et_all_points__no_draft,2017,ALL,lag4_receiving_20,70,0.26161559177807914,242
stable_core_room_et_all_points__no_draft,2017,ALL,lag1_history_available,71,0.26014356100563985,242
stable_core_room_et_all_points__no_draft,2017,ALL,lag2_rush_yards_per_carry,72,0.2536661004154635,242
stable_core_room_et_all_points__no_draft,2017,ALL,lag4_receiving_10,73,0.25248049497733066,242
stable_core_room_et_all_points__no_draft,2017,ALL,lag4_games,74,0.25222509224293493,242
stable_core_room_et_all_points__no_draft,2017,ALL,lag2_rushing_fumbles,75,0.25117723106698586,242
stable_core_room_et_all_points__no_draft,2017,ALL,lag3_rushing_12,76,0.2509180480789365,242
stable_core_room_et_all_points__no_draft,2017,ALL,lag4_receptions,77,0.25090994585988285,242
stable_core_room_et_all_points__no_draft,2017,ALL,lag4_receiving_yards,78,0.2507934204673834,242
stable_core_room_et_all_points__no_draft,2017,ALL,lag3_roster_weeks,79,0.2507572880462839,242
stable_core_room_et_all_points__no_draft,2017,ALL,lag4_fumbles_total,80,0.25029752784953857,242
stable_core_room_et_all_points__no_draft,2017,ALL,lag1_rushing_fumbles_lost,81,0.24979101691470168,242
stable_core_room_et_all_points__no_draft,2017,ALL,lag3_receiving_yards_per_reception,82,0.24970857114366019,242
stable_core_room_et_all_points__no_draft,2017,ALL,lag4_receiving_first_downs,83,0.24809537081870292,242
stable_core_room_et_all_points__no_draft,2017,ALL,lag1_rush_first_down_rate,84,0.24769541860419847,242
stable_core_room_et_all_points__no_draft,2017,ALL,lag2_rushing_tds,85,0.246801094252554,242
stable_core_room_et_all_points__no_draft,2017,ALL,lag3_rushing_yards,86,0.24607029575807315,242
stable_core_room_et_all_points__no_draft,2017,ALL,lag1_passing_tds,87,0.24493753861420445,242
stable_core_room_et_all_points__no_draft,2017,ALL,lag2_history_available,88,0.2427341458831417,242
stable_core_room_et_all_points__no_draft,2017,ALL,lag2_rushing_20,89,0.2426086762246131,242
stable_core_room_et_all_points__no_draft,2017,ALL,room_lag1_other_rushing_yards,90,0.24240425420032452,242
stable_core_room_et_all_points__no_draft,2017,ALL,lag1_attempts,91,0.2419235792428387,242
stable_core_room_et_all_points__no_draft,2017,ALL,lag1_passing_16,92,0.24029694908815408,242
stable_core_room_et_all_points__no_draft,2017,ALL,lag3_receiving_first_down_rate,93,0.2394147129152029,242
stable_core_room_et_all_points__no_draft,2017,ALL,lag1_passing_10,94,0.2393751254038479,242
stable_core_room_et_all_points__no_draft,2017,ALL,years_exp,95,0.23915463091083472,242
stable_core_room_et_all_points__no_draft,2017,ALL,lag2_receiving_fumbles,96,0.238868321733063,242
stable_core_room_et_all_points__no_draft,2017,ALL,lag4_fumbles_lost_total,97,0.23749455419169196,242
stable_core_room_et_all_points__no_draft,2017,ALL,lag1_passing_first_downs,98,0.2374195149345418,242
stable_core_room_et_all_points__no_draft,2017,ALL,lag1_passing_20,99,0.2368871257141035,242
stable_core_room_et_all_points__no_draft,2017,ALL,lag4_receiving_tds,100,0.23672120221434878,242
stable_core_room_et_all_points__no_draft,2017,ALL,lag1_completions,101,0.2343975539608957,242
stable_core_room_et_all_points__no_draft,2017,ALL,lag1_passing_yards,102,0.23389105388760922,242
stable_core_room_et_all_points__no_draft,2017,ALL,lag4_carries,103,0.23295038451204914,242
stable_core_room_et_all_points__no_draft,2017,ALL,lag2_rush_first_down_rate,104,0.2328776412066459,242
stable_core_room_et_all_points__no_draft,2017,ALL,lag1_passing_40,105,0.23231343735673182,242
stable_core_room_et_all_points__no_draft,2017,ALL,lag4_receiving_20_rate,106,0.23177555819500736,242
stable_core_room_et_all_points__no_draft,2017,ALL,lag3_history_available,107,0.2310199690607721,242
stable_core_room_et_all_points__no_draft,2017,ALL,lag4_receiving_40,108,0.22843761823293782,242
stable_core_room_et_all_points__no_draft,2017,ALL,lag4_rushing_first_downs,109,0.2250026887085561,242
stable_core_room_et_all_points__no_draft,2017,ALL,lag1_passing_interceptions,110,0.2237008207332545,242
stable_core_room_et_all_points__no_draft,2017,ALL,lag3_rush_first_down_rate,111,0.221768075839579,242
stable_core_room_et_all_points__no_draft,2017,ALL,lag4_rushing_10,112,0.22058656252495842,242
stable_core_room_et_all_points__no_draft,2017,ALL,lag3_rushing_fumbles,113,0.2200147467062265,242
stable_core_room_et_all_points__no_draft,2017,ALL,lag3_rush_yards_per_carry,114,0.21980478366397938,242
stable_core_room_et_all_points__no_draft,2017,ALL,lag1_sacks_suffered,115,0.21893263190409376,242
stable_core_room_et_all_points__no_draft,2017,ALL,lag1_sack_yards_lost,116,0.21875362930055245,242
stable_core_room_et_all_points__no_draft,2017,ALL,lag2_rush_20_rate,117,0.218486869012935,242
stable_core_room_et_all_points__no_draft,2017,ALL,lag4_receiving_yards_per_reception,118,0.2176044039153979,242
stable_core_room_et_all_points__no_draft,2017,ALL,lag1_rushing_40,119,0.2168014219854962,242
stable_core_room_et_all_points__no_draft,2017,ALL,lag3_rushing_20,120,0.2147078221679452,242
stable_core_room_et_all_points__no_draft,2017,ALL,lag3_rushing_tds,121,0.2138239863638944,242
stable_core_room_et_all_points__no_draft,2017,ALL,lag4_rushing_12,122,0.21379947679087938,242
stable_core_room_et_all_points__no_draft,2017,ALL,lag4_roster_weeks,123,0.21107164680665208,242
stable_core_room_et_all_points__no_draft,2017,ALL,room_lag1_margin_passing_yards,124,0.20980371376395887,242
stable_core_room_et_all_points__no_draft,2017,ALL,lag1_receiving_fumbles_lost,125,0.20956874044419224,242
stable_core_room_et_all_points__no_draft,2017,ALL,room_lag1_margin_attempts,126,0.2070509096174332,242
stable_core_room_et_all_points__no_draft,2017,ALL,lag4_receiving_first_down_rate,127,0.2060563795617771,242
stable_core_room_et_all_points__no_draft,2017,ALL,lag4_rushing_yards,128,0.20580090874102358,242
stable_core_room_et_all_points__no_draft,2017,ALL,lag2_rushing_fumbles_lost,129,0.20490364212172335,242
stable_core_room_et_all_points__no_draft,2017,ALL,lag3_receiving_fumbles,130,0.20466300136808888,242
stable_core_room_et_all_points__no_draft,2017,ALL,lag1_pass_td_rate,131,0.203911322182924,242
stable_core_room_et_all_points__no_draft,2017,ALL,lag1_sack_fumbles,132,0.20350986175664323,242
stable_core_room_et_all_points__no_draft,2017,ALL,lag2_attempts,133,0.20235045479338895,242
stable_core_room_et_all_points__no_draft,2017,ALL,lag3_rush_20_rate,134,0.19995002431237113,242
stable_core_room_et_all_points__no_draft,2017,ALL,lag2_passing_tds,135,0.19967142540078112,242
stable_core_room_et_all_points__no_draft,2017,ALL,lag4_history_available,136,0.19853933982687821,242
stable_core_room_et_all_points__no_draft,2017,ALL,missing_combine_forty,137,0.19754833097891844,242
stable_core_room_et_all_points__no_draft,2017,ALL,lag2_passing_10,138,0.19701945537522597,242
stable_core_room_et_all_points__no_draft,2017,ALL,lag2_passing_first_downs,139,0.19522811588186986,242
stable_core_room_et_all_points__no_draft,2017,ALL,lag2_passing_16,140,0.19434070913727183,242
stable_core_room_et_all_points__no_draft,2017,ALL,lag2_rushing_40,141,0.19427355555371298,242
stable_core_room_et_all_points__no_draft,2017,ALL,lag2_receiving_fumbles_lost,142,0.19300974349670003,242
stable_core_room_et_all_points__no_draft,2017,ALL,lag4_rush_first_down_rate,143,0.19243719767678322,242
stable_core_room_et_all_points__no_draft,2017,ALL,lag2_passing_yards,144,0.19213400822821078,242
stable_core_room_et_all_points__no_draft,2017,ALL,lag2_completions,145,0.19192332924516967,242
stable_core_room_et_all_points__no_draft,2017,ALL,lag2_passing_20,146,0.19045909219591822,242
stable_core_room_et_all_points__no_draft,2017,ALL,lag4_receiving_fumbles,147,0.18949537837298072,242
stable_core_room_et_all_points__no_draft,2017,ALL,lag1_pass_yards_per_attempt,148,0.18868561846041765,242
stable_core_room_et_all_points__no_draft,2017,ALL,lag2_passing_40,149,0.18824044796836742,242
stable_core_room_et_all_points__no_draft,2017,ALL,room_lag1_nonzero_competitors_receptions,150,0.18629760306219742,242
stable_core_room_et_all_points__no_draft,2017,ALL,room_lag1_other_passing_yards,151,0.18554725164204594,242
stable_core_room_et_all_points__no_draft,2017,ALL,lag4_rush_yards_per_carry,152,0.18525524745343053,242
stable_core_room_et_all_points__no_draft,2017,ALL,room_lag1_nonzero_competitors_receiving_yards,153,0.1847931901758958,242
stable_core_room_et_all_points__no_draft,2017,ALL,lag3_rushing_fumbles_lost,154,0.18457635031381564,242
stable_core_room_et_all_points__no_draft,2017,ALL,lag4_rushing_tds,155,0.18420990116815059,242
stable_core_room_et_all_points__no_draft,2017,ALL,lag1_sack_fumbles_lost,156,0.1822551420736895,242
stable_core_room_et_all_points__no_draft,2017,ALL,lag4_rushing_20,157,0.18120548150130772,242
stable_core_room_et_all_points__no_draft,2017,ALL,lag2_pass_td_rate,158,0.17876739644590048,242
stable_core_room_et_all_points__no_draft,2017,ALL,is_rookie,159,0.17680289122781298,242
stable_core_room_et_all_points__no_draft,2017,ALL,lag4_rushing_fumbles,160,0.17609603481798403,242
stable_core_room_et_all_points__no_draft,2017,ALL,lag4_rush_20_rate,161,0.1746967841655914,242
stable_core_room_et_all_points__no_draft,2017,ALL,lag3_attempts,162,0.17443260334961602,242
stable_core_room_et_all_points__no_draft,2017,ALL,room_lag1_nonzero_competitors_rushing_yards,163,0.17410854094670883,242
stable_core_room_et_all_points__no_draft,2017,ALL,room_lag1_other_attempts,164,0.17374644687697113,242
stable_core_room_et_all_points__no_draft,2017,ALL,lag2_passing_interceptions,165,0.17326899376901758,242
stable_core_room_et_all_points__no_draft,2017,ALL,lag1_completion_rate,166,0.1731901947070271,242
stable_core_room_et_all_points__no_draft,2017,ALL,lag2_sacks_suffered,167,0.1696575140112429,242
stable_core_room_et_all_points__no_draft,2017,ALL,lag3_passing_tds,168,0.1695025308410335,242
stable_core_room_et_all_points__no_draft,2017,ALL,lag3_passing_first_downs,169,0.1685793468787646,242
stable_core_room_et_all_points__no_draft,2017,ALL,lag3_completions,170,0.1677157306935337,242
stable_core_room_et_all_points__no_draft,2017,ALL,lag2_sack_yards_lost,171,0.1672735201349926,242
stable_core_room_et_all_points__no_draft,2017,ALL,room_lag1_nonzero_competitors_carries,172,0.16721961836971314,242
stable_core_room_et_all_points__no_draft,2017,ALL,lag3_passing_10,173,0.1669187219970235,242
stable_core_room_et_all_points__no_draft,2017,ALL,lag3_passing_16,174,0.165548741444231,242
stable_core_room_et_all_points__no_draft,2017,ALL,lag2_completion_rate,175,0.16524050466336596,242
stable_core_room_et_all_points__no_draft,2017,ALL,lag3_passing_yards,176,0.16516599249196517,242
stable_core_room_et_all_points__no_draft,2017,ALL,lag2_pass_yards_per_attempt,177,0.16499747813181365,242
stable_core_room_et_all_points__no_draft,2017,ALL,lag3_receiving_fumbles_lost,178,0.1646699901900142,242
stable_core_room_et_all_points__no_draft,2017,ALL,lag3_passing_20,179,0.1640078563399551,242
stable_core_room_et_all_points__no_draft,2017,ALL,lag2_sack_fumbles,180,0.16369786973669628,242
stable_core_room_et_all_points__no_draft,2017,ALL,lag3_passing_40,181,0.16324045067678847,242
stable_core_room_et_all_points__no_draft,2017,ALL,lag4_receiving_fumbles_lost,182,0.16150505888966976,242
stable_core_room_et_all_points__no_draft,2017,ALL,lag3_rushing_40,183,0.15787075519581495,242
stable_core_room_et_all_points__no_draft,2017,ALL,lag4_passing_tds,184,0.1543836577811161,242
stable_core_room_et_all_points__no_draft,2017,ALL,lag3_passing_interceptions,185,0.15383456135950546,242
stable_core_room_et_all_points__no_draft,2017,ALL,lag4_rushing_fumbles_lost,186,0.152564518849982,242
stable_core_room_et_all_points__no_draft,2017,ALL,age,187,0.14986515020330296,242
stable_core_room_et_all_points__no_draft,2017,ALL,lag3_sack_yards_lost,188,0.1496956446286507,242
stable_core_room_et_all_points__no_draft,2017,ALL,lag3_sacks_suffered,189,0.14956912230517702,242
stable_core_room_et_all_points__no_draft,2017,ALL,lag3_pass_td_rate,190,0.1488266682065976,242
stable_core_room_et_all_points__no_draft,2017,ALL,lag3_sack_fumbles,191,0.14882115997487075,242
stable_core_room_et_all_points__no_draft,2017,ALL,lag2_sack_fumbles_lost,192,0.14878983588029437,242
stable_core_room_et_all_points__no_draft,2017,ALL,lag4_rushing_40,193,0.14768921996366155,242
stable_core_room_et_all_points__no_draft,2017,ALL,lag3_completion_rate,194,0.14619148104830343,242
stable_core_room_et_all_points__no_draft,2017,ALL,lag4_passing_first_downs,195,0.14570227389757473,242
stable_core_room_et_all_points__no_draft,2017,ALL,room_competitor_count,196,0.1455718498086101,242
stable_core_room_et_all_points__no_draft,2017,ALL,lag4_passing_10,197,0.14531222104839941,242
stable_core_room_et_all_points__no_draft,2017,ALL,lag4_passing_16,198,0.14469577078044554,242
stable_core_room_et_all_points__no_draft,2017,ALL,lag4_passing_40,199,0.1429288704315169,242
stable_core_room_et_all_points__no_draft,2017,ALL,lag3_pass_yards_per_attempt,200,0.1427074421133596,242
stable_core_room_et_all_points__no_draft,2017,ALL,lag4_passing_20,201,0.14233360656668553,242
stable_core_room_et_all_points__no_draft,2017,ALL,lag4_attempts,202,0.14192423692554992,242
stable_core_room_et_all_points__no_draft,2017,ALL,lag4_completions,203,0.14163038557944604,242
stable_core_room_et_all_points__no_draft,2017,ALL,lag4_pass_td_rate,204,0.14024782225444518,242
stable_core_room_et_all_points__no_draft,2017,ALL,lag3_sack_fumbles_lost,205,0.1397282605723748,242
stable_core_room_et_all_points__no_draft,2017,ALL,lag4_passing_yards,206,0.13936526686602108,242
stable_core_room_et_all_points__no_draft,2017,ALL,lag4_sack_yards_lost,207,0.13554220970946332,242
stable_core_room_et_all_points__no_draft,2017,ALL,lag4_sacks_suffered,208,0.13477662515530572,242
stable_core_room_et_all_points__no_draft,2017,ALL,missing_years_exp,209,0.13025223591290025,242
stable_core_room_et_all_points__no_draft,2017,ALL,lag4_completion_rate,210,0.12976301277577673,242
stable_core_room_et_all_points__no_draft,2017,ALL,lag4_passing_interceptions,211,0.12975543689943245,242
stable_core_room_et_all_points__no_draft,2017,ALL,lag4_sack_fumbles,212,0.12809932167069105,242
stable_core_room_et_all_points__no_draft,2017,ALL,lag4_pass_yards_per_attempt,213,0.1234328545170596,242
stable_core_room_et_all_points__no_draft,2017,ALL,lag1_interception_rate,214,0.12333664130122171,242
stable_core_room_et_all_points__no_draft,2017,ALL,lag4_sack_fumbles_lost,215,0.11666435193452303,242
stable_core_room_et_all_points__no_draft,2017,ALL,combine_broad_jump,216,0.11333696909304229,242
stable_core_room_et_all_points__no_draft,2017,ALL,combine_vertical,217,0.11030441789679406,242
stable_core_room_et_all_points__no_draft,2017,ALL,lag3_interception_rate,218,0.10938864423854788,242
stable_core_room_et_all_points__no_draft,2017,ALL,room_lag1_nonzero_competitors_attempts,219,0.10831334564175926,242
stable_core_room_et_all_points__no_draft,2017,ALL,room_lag1_nonzero_competitors_passing_yards,220,0.1082639198404015,242
stable_core_room_et_all_points__no_draft,2017,ALL,lag2_interception_rate,221,0.10127866775671358,242
stable_core_room_et_all_points__no_draft,2017,ALL,lag4_interception_rate,222,0.09140458608736891,242
stable_core_room_et_all_points__no_draft,2017,ALL,missing_age,223,0.08278501273405157,242
stable_core_room_et_all_points__no_draft,2017,ALL,missing_combine_vertical,224,0.07355894221984721,242
stable_core_room_et_all_points__no_draft,2017,ALL,missing_combine_broad_jump,225,0.06951862800975901,242
stable_core_room_et_all_points__no_draft,2017,ALL,combine_bench,226,0.06875658793751853,242
stable_core_room_et_all_points__no_draft,2017,ALL,combine_forty,227,0.06713489298394877,242
stable_core_room_et_all_points__no_draft,2017,ALL,missing_combine_bench,228,0.06617771702693509,242
stable_core_room_et_all_points__no_draft,2017,ALL,missing_combine_cone,229,0.050106132876745244,242
stable_core_room_et_all_points__no_draft,2017,ALL,missing_combine_shuttle,230,0.04960634940511081,242
stable_core_room_et_all_points__no_draft,2017,ALL,combine_shuttle,231,0.032476288140110485,242
stable_core_room_et_all_points__no_draft,2017,ALL,combine_cone,232,0.028740701194265268,242
stable_core_room_et_all_points__no_draft,2017,ALL,weight,233,0.023194222829852774,242
stable_core_room_et_all_points__no_draft,2017,ALL,height,234,0.008808500164751269,242
stable_core_room_et_all_points__no_draft,2017,ALL,missing_height,235,0.004510975823046072,242
stable_core_room_et_all_points__no_draft,2017,ALL,missing_is_rookie,236,0.004510975823046072,242
stable_core_room_et_all_points__no_draft,2017,ALL,missing_team_changed,237,0.004510975823046072,242
stable_core_room_et_all_points__no_draft,2017,ALL,missing_weight,238,0.004510975823046072,242
stable_core_room_et_all_points__no_draft,2017,ALL,position_QB,239,0.004510975823046072,242
stable_core_room_et_all_points__no_draft,2017,ALL,position_RB,240,0.004510975823046072,242
stable_core_room_et_all_points__no_draft,2017,ALL,position_TE,241,0.004510975823046072,242
stable_core_room_et_all_points__no_draft,2017,ALL,position_WR,242,0.004510975823046072,242
stable_core_room_et_all_points__no_draft,2018,ALL,lag1_receptions,1,0.5270921977578715,242
stable_core_room_et_all_points__no_draft,2018,ALL,lag1_receiving_10,2,0.524114189083927,242
stable_core_room_et_all_points__no_draft,2018,ALL,lag1_receiving_yards,3,0.5201338293808937,242
stable_core_room_et_all_points__no_draft,2018,ALL,lag1_receiving_first_downs,4,0.5192686430804933,242
stable_core_room_et_all_points__no_draft,2018,ALL,lag1_receiving_16,5,0.5171665409644391,242
stable_core_room_et_all_points__no_draft,2018,ALL,lag1_receiving_20,6,0.5067089016933273,242
stable_core_room_et_all_points__no_draft,2018,ALL,room_lag1_margin_receptions,7,0.5054617394593942,242
stable_core_room_et_all_points__no_draft,2018,ALL,lag1_games,8,0.4942120613172289,242
stable_core_room_et_all_points__no_draft,2018,ALL,room_lag1_margin_receiving_yards,9,0.4909428815919261,242
stable_core_room_et_all_points__no_draft,2018,ALL,lag1_receiving_tds,10,0.4569213766292538,242
stable_core_room_et_all_points__no_draft,2018,ALL,lag2_receiving_16,11,0.406016153085719,242
stable_core_room_et_all_points__no_draft,2018,ALL,lag1_carries,12,0.4056732406508875,242
stable_core_room_et_all_points__no_draft,2018,ALL,lag2_receiving_10,13,0.4038803879748269,242
stable_core_room_et_all_points__no_draft,2018,ALL,lag2_receiving_20,14,0.40215827937607135,242
stable_core_room_et_all_points__no_draft,2018,ALL,lag2_receiving_first_downs,15,0.4003085058985271,242
stable_core_room_et_all_points__no_draft,2018,ALL,lag2_receptions,16,0.39821446208870376,242
stable_core_room_et_all_points__no_draft,2018,ALL,lag2_receiving_yards,17,0.39586235307530765,242
stable_core_room_et_all_points__no_draft,2018,ALL,lag1_receiving_40,18,0.3907880826359556,242
stable_core_room_et_all_points__no_draft,2018,ALL,lag1_fumbles_total,19,0.3859343195554359,242
stable_core_room_et_all_points__no_draft,2018,ALL,lag2_games,20,0.38516106420474355,242
stable_core_room_et_all_points__no_draft,2018,ALL,lag1_receiving_20_rate,21,0.3841244033759603,242
stable_core_room_et_all_points__no_draft,2018,ALL,lag1_rushing_first_downs,22,0.3826098814607769,242
stable_core_room_et_all_points__no_draft,2018,ALL,lag1_rushing_10,23,0.3761660092432437,242
stable_core_room_et_all_points__no_draft,2018,ALL,room_lag1_margin_carries,24,0.3728115817244232,242
stable_core_room_et_all_points__no_draft,2018,ALL,lag2_receiving_tds,25,0.3646051629423316,242
stable_core_room_et_all_points__no_draft,2018,ALL,lag1_receiving_yards_per_reception,26,0.3636762069191609,242
stable_core_room_et_all_points__no_draft,2018,ALL,lag1_rushing_yards,27,0.3624724907069422,242
stable_core_room_et_all_points__no_draft,2018,ALL,lag1_rushing_12,28,0.3597216318910121,242
stable_core_room_et_all_points__no_draft,2018,ALL,lag1_fumbles_lost_total,29,0.3430826460710608,242
stable_core_room_et_all_points__no_draft,2018,ALL,room_lag1_margin_rushing_yards,30,0.3356541601534423,242
stable_core_room_et_all_points__no_draft,2018,ALL,lag2_fumbles_total,31,0.33373213606675906,242
stable_core_room_et_all_points__no_draft,2018,ALL,lag2_receiving_20_rate,32,0.33004704013338165,242
stable_core_room_et_all_points__no_draft,2018,ALL,lag2_carries,33,0.32827249501125993,242
stable_core_room_et_all_points__no_draft,2018,ALL,lag3_receiving_20,34,0.32667422701283017,242
stable_core_room_et_all_points__no_draft,2018,ALL,lag2_receiving_40,35,0.32599958188067935,242
stable_core_room_et_all_points__no_draft,2018,ALL,lag1_rushing_tds,36,0.32471072239684834,242
stable_core_room_et_all_points__no_draft,2018,ALL,lag3_receiving_16,37,0.32457373615264207,242
stable_core_room_et_all_points__no_draft,2018,ALL,lag1_receiving_first_down_rate,38,0.32376593172727103,242
stable_core_room_et_all_points__no_draft,2018,ALL,lag3_receiving_10,39,0.31976931520009055,242
stable_core_room_et_all_points__no_draft,2018,ALL,lag1_roster_weeks,40,0.3192351815771389,242
stable_core_room_et_all_points__no_draft,2018,ALL,lag3_games,41,0.318987370602261,242
stable_core_room_et_all_points__no_draft,2018,ALL,lag3_receiving_first_downs,42,0.31586940330635843,242
stable_core_room_et_all_points__no_draft,2018,ALL,lag3_receptions,43,0.31485838682397954,242
stable_core_room_et_all_points__no_draft,2018,ALL,lag3_receiving_yards,44,0.3130546282068172,242
stable_core_room_et_all_points__no_draft,2018,ALL,lag2_rushing_first_downs,45,0.3118878536811052,242
stable_core_room_et_all_points__no_draft,2018,ALL,lag1_rushing_fumbles,46,0.30935425390770843,242
stable_core_room_et_all_points__no_draft,2018,ALL,lag2_receiving_yards_per_reception,47,0.308170142107933,242
stable_core_room_et_all_points__no_draft,2018,ALL,lag3_receiving_tds,48,0.3072118704229057,242
stable_core_room_et_all_points__no_draft,2018,ALL,lag2_rushing_10,49,0.3065186696253944,242
stable_core_room_et_all_points__no_draft,2018,ALL,lag1_rushing_20,50,0.3020892011500398,242
stable_core_room_et_all_points__no_draft,2018,ALL,lag2_rushing_yards,51,0.29933054056499897,242
stable_core_room_et_all_points__no_draft,2018,ALL,room_lag1_other_receptions,52,0.2987266125990212,242
stable_core_room_et_all_points__no_draft,2018,ALL,lag2_fumbles_lost_total,53,0.2979997264150433,242
stable_core_room_et_all_points__no_draft,2018,ALL,lag3_fumbles_total,54,0.2959842964040807,242
stable_core_room_et_all_points__no_draft,2018,ALL,lag2_rushing_12,55,0.29509841813996646,242
stable_core_room_et_all_points__no_draft,2018,ALL,lag2_receiving_first_down_rate,56,0.29367385521524014,242
stable_core_room_et_all_points__no_draft,2018,ALL,lag1_rush_yards_per_carry,57,0.293659517985938,242
stable_core_room_et_all_points__no_draft,2018,ALL,room_lag1_other_receiving_yards,58,0.29102185176536716,242
stable_core_room_et_all_points__no_draft,2018,ALL,lag3_receiving_20_rate,59,0.28566012317607137,242
stable_core_room_et_all_points__no_draft,2018,ALL,lag3_carries,60,0.28378399715537805,242
stable_core_room_et_all_points__no_draft,2018,ALL,lag2_roster_weeks,61,0.28131834250559823,242
stable_core_room_et_all_points__no_draft,2018,ALL,lag3_receiving_40,62,0.274757430411747,242
stable_core_room_et_all_points__no_draft,2018,ALL,lag4_receiving_16,63,0.26856121721819004,242
stable_core_room_et_all_points__no_draft,2018,ALL,room_lag1_other_carries,64,0.26821743273571075,242
stable_core_room_et_all_points__no_draft,2018,ALL,lag4_receiving_20,65,0.2674651231630118,242
stable_core_room_et_all_points__no_draft,2018,ALL,lag1_receiving_fumbles,66,0.26740506292724997,242
stable_core_room_et_all_points__no_draft,2018,ALL,lag1_rush_20_rate,67,0.26629826353659725,242
stable_core_room_et_all_points__no_draft,2018,ALL,lag3_rushing_first_downs,68,0.2655025344525113,242
stable_core_room_et_all_points__no_draft,2018,ALL,lag1_history_available,69,0.2643577635968946,242
stable_core_room_et_all_points__no_draft,2018,ALL,lag3_roster_weeks,70,0.2640947495312885,242
stable_core_room_et_all_points__no_draft,2018,ALL,lag3_receiving_yards_per_reception,71,0.2633571999789688,242
stable_core_room_et_all_points__no_draft,2018,ALL,lag3_rushing_10,72,0.2612218355969885,242
stable_core_room_et_all_points__no_draft,2018,ALL,lag4_games,73,0.2608780393453384,242
stable_core_room_et_all_points__no_draft,2018,ALL,lag3_fumbles_lost_total,74,0.2607644586878992,242
stable_core_room_et_all_points__no_draft,2018,ALL,lag2_rush_yards_per_carry,75,0.25838369175140197,242
stable_core_room_et_all_points__no_draft,2018,ALL,lag4_receiving_10,76,0.25825388243346775,242
stable_core_room_et_all_points__no_draft,2018,ALL,lag4_receptions,77,0.2577303432653709,242
stable_core_room_et_all_points__no_draft,2018,ALL,lag4_receiving_yards,78,0.25646752145113166,242
stable_core_room_et_all_points__no_draft,2018,ALL,lag2_history_available,79,0.25642728556984523,242
stable_core_room_et_all_points__no_draft,2018,ALL,lag1_rush_first_down_rate,80,0.255864427098346,242
stable_core_room_et_all_points__no_draft,2018,ALL,lag4_receiving_first_downs,81,0.2542924856033676,242
stable_core_room_et_all_points__no_draft,2018,ALL,lag3_receiving_first_down_rate,82,0.2540583549678993,242
stable_core_room_et_all_points__no_draft,2018,ALL,years_exp,83,0.25370459879515,242
stable_core_room_et_all_points__no_draft,2018,ALL,lag4_fumbles_total,84,0.2531618895834428,242
stable_core_room_et_all_points__no_draft,2018,ALL,lag2_rushing_fumbles,85,0.25114877121130413,242
stable_core_room_et_all_points__no_draft,2018,ALL,lag3_rushing_yards,86,0.2502930274478092,242
stable_core_room_et_all_points__no_draft,2018,ALL,lag3_rushing_12,87,0.2494405792060779,242
stable_core_room_et_all_points__no_draft,2018,ALL,lag2_rushing_tds,88,0.24896078671404182,242
stable_core_room_et_all_points__no_draft,2018,ALL,lag1_passing_tds,89,0.24745535025061524,242
stable_core_room_et_all_points__no_draft,2018,ALL,lag1_rushing_fumbles_lost,90,0.24731069678238427,242
stable_core_room_et_all_points__no_draft,2018,ALL,lag1_attempts,91,0.24682407018271854,242
stable_core_room_et_all_points__no_draft,2018,ALL,lag2_receiving_fumbles,92,0.2458403069151586,242
stable_core_room_et_all_points__no_draft,2018,ALL,lag2_rushing_20,93,0.24504480717928415,242
stable_core_room_et_all_points__no_draft,2018,ALL,lag3_history_available,94,0.24502800619549478,242
stable_core_room_et_all_points__no_draft,2018,ALL,lag4_receiving_tds,95,0.24432238300996675,242
stable_core_room_et_all_points__no_draft,2018,ALL,lag1_passing_10,96,0.24364243893214346,242
stable_core_room_et_all_points__no_draft,2018,ALL,lag1_passing_16,97,0.24223339126682694,242
stable_core_room_et_all_points__no_draft,2018,ALL,room_lag1_other_rushing_yards,98,0.24157692959878224,242
stable_core_room_et_all_points__no_draft,2018,ALL,lag1_passing_first_downs,99,0.24062846033724017,242
stable_core_room_et_all_points__no_draft,2018,ALL,lag1_passing_20,100,0.23935139950791254,242
stable_core_room_et_all_points__no_draft,2018,ALL,lag4_receiving_20_rate,101,0.2390346097700614,242
stable_core_room_et_all_points__no_draft,2018,ALL,lag1_completions,102,0.23826370304596264,242
stable_core_room_et_all_points__no_draft,2018,ALL,lag1_passing_yards,103,0.23776822165242167,242
stable_core_room_et_all_points__no_draft,2018,ALL,lag2_rush_first_down_rate,104,0.23737687382077907,242
stable_core_room_et_all_points__no_draft,2018,ALL,lag4_fumbles_lost_total,105,0.23713127046828048,242
stable_core_room_et_all_points__no_draft,2018,ALL,lag4_receiving_40,106,0.2359783801724711,242
stable_core_room_et_all_points__no_draft,2018,ALL,lag4_carries,107,0.2352749741705446,242
stable_core_room_et_all_points__no_draft,2018,ALL,lag1_passing_40,108,0.234527331456018,242
stable_core_room_et_all_points__no_draft,2018,ALL,lag4_rushing_first_downs,109,0.2269689392044336,242
stable_core_room_et_all_points__no_draft,2018,ALL,lag1_passing_interceptions,110,0.22601017321613354,242
stable_core_room_et_all_points__no_draft,2018,ALL,lag4_receiving_yards_per_reception,111,0.2255438344715471,242
stable_core_room_et_all_points__no_draft,2018,ALL,lag3_rush_yards_per_carry,112,0.22527830455699668,242
stable_core_room_et_all_points__no_draft,2018,ALL,lag3_rush_first_down_rate,113,0.2236036904800224,242
stable_core_room_et_all_points__no_draft,2018,ALL,lag1_sacks_suffered,114,0.2235870501862772,242
stable_core_room_et_all_points__no_draft,2018,ALL,lag1_sack_yards_lost,115,0.22333329269959523,242
stable_core_room_et_all_points__no_draft,2018,ALL,lag4_rushing_10,116,0.22269709163620163,242
stable_core_room_et_all_points__no_draft,2018,ALL,lag2_rush_20_rate,117,0.22173450102033734,242
stable_core_room_et_all_points__no_draft,2018,ALL,lag4_roster_weeks,118,0.2206545840699486,242
stable_core_room_et_all_points__no_draft,2018,ALL,lag3_rushing_fumbles,119,0.2170094478918024,242
stable_core_room_et_all_points__no_draft,2018,ALL,lag1_rushing_40,120,0.21444709733662465,242
stable_core_room_et_all_points__no_draft,2018,ALL,lag4_rushing_12,121,0.21441351776856624,242
stable_core_room_et_all_points__no_draft,2018,ALL,lag4_receiving_first_down_rate,122,0.21430279290710794,242
stable_core_room_et_all_points__no_draft,2018,ALL,missing_combine_forty,123,0.21273983838761548,242
stable_core_room_et_all_points__no_draft,2018,ALL,lag3_rushing_tds,124,0.2122440185812855,242
stable_core_room_et_all_points__no_draft,2018,ALL,lag3_rushing_20,125,0.21126828836389364,242
stable_core_room_et_all_points__no_draft,2018,ALL,lag1_receiving_fumbles_lost,126,0.21103934961855886,242
stable_core_room_et_all_points__no_draft,2018,ALL,lag4_rushing_yards,127,0.21074143784094107,242
stable_core_room_et_all_points__no_draft,2018,ALL,room_lag1_margin_passing_yards,128,0.21046738724029088,242
stable_core_room_et_all_points__no_draft,2018,ALL,lag1_sack_fumbles,129,0.20912407493176743,242
stable_core_room_et_all_points__no_draft,2018,ALL,lag3_receiving_fumbles,130,0.2090885981212723,242
stable_core_room_et_all_points__no_draft,2018,ALL,lag4_history_available,131,0.20853214711554857,242
stable_core_room_et_all_points__no_draft,2018,ALL,room_lag1_margin_attempts,132,0.2075022163033947,242
stable_core_room_et_all_points__no_draft,2018,ALL,lag1_pass_td_rate,133,0.20648521088242036,242
stable_core_room_et_all_points__no_draft,2018,ALL,lag2_rushing_fumbles_lost,134,0.2024154001189059,242
stable_core_room_et_all_points__no_draft,2018,ALL,lag2_attempts,135,0.20074164040745038,242
stable_core_room_et_all_points__no_draft,2018,ALL,lag2_passing_tds,136,0.1989219246315118,242
stable_core_room_et_all_points__no_draft,2018,ALL,lag2_receiving_fumbles_lost,137,0.19767887594579323,242
stable_core_room_et_all_points__no_draft,2018,ALL,lag2_passing_10,138,0.19683317567144298,242
stable_core_room_et_all_points__no_draft,2018,ALL,lag3_rush_20_rate,139,0.19673901677410024,242
stable_core_room_et_all_points__no_draft,2018,ALL,lag4_rush_first_down_rate,140,0.19595723800864828,242
stable_core_room_et_all_points__no_draft,2018,ALL,lag2_passing_first_downs,141,0.1946508034771077,242
stable_core_room_et_all_points__no_draft,2018,ALL,lag2_passing_16,142,0.19438424471334773,242
stable_core_room_et_all_points__no_draft,2018,ALL,lag2_rushing_40,143,0.19408245346797207,242
stable_core_room_et_all_points__no_draft,2018,ALL,room_lag1_nonzero_competitors_receptions,144,0.19368677543389345,242
stable_core_room_et_all_points__no_draft,2018,ALL,room_lag1_nonzero_competitors_receiving_yards,145,0.19350787538059547,242
stable_core_room_et_all_points__no_draft,2018,ALL,lag2_passing_yards,146,0.19245528828500297,242
stable_core_room_et_all_points__no_draft,2018,ALL,lag2_completions,147,0.19212627657647222,242
stable_core_room_et_all_points__no_draft,2018,ALL,lag4_receiving_fumbles,148,0.19203141942390303,242
stable_core_room_et_all_points__no_draft,2018,ALL,lag2_passing_20,149,0.1914592729252711,242
stable_core_room_et_all_points__no_draft,2018,ALL,lag4_rush_yards_per_carry,150,0.19134413365087022,242
stable_core_room_et_all_points__no_draft,2018,ALL,lag1_pass_yards_per_attempt,151,0.19122652788444247,242
stable_core_room_et_all_points__no_draft,2018,ALL,lag2_passing_40,152,0.18948427123856468,242
stable_core_room_et_all_points__no_draft,2018,ALL,is_rookie,153,0.18841500962510438,242
stable_core_room_et_all_points__no_draft,2018,ALL,lag1_sack_fumbles_lost,154,0.18737887727341213,242
stable_core_room_et_all_points__no_draft,2018,ALL,room_lag1_other_passing_yards,155,0.18542170470107433,242
stable_core_room_et_all_points__no_draft,2018,ALL,lag4_rushing_tds,156,0.1837491465838561,242
stable_core_room_et_all_points__no_draft,2018,ALL,lag4_rushing_20,157,0.18113732673133817,242
stable_core_room_et_all_points__no_draft,2018,ALL,lag3_rushing_fumbles_lost,158,0.1799826791999313,242
stable_core_room_et_all_points__no_draft,2018,ALL,lag1_completion_rate,159,0.17708682984897325,242
stable_core_room_et_all_points__no_draft,2018,ALL,lag4_rushing_fumbles,160,0.17580085376929466,242
stable_core_room_et_all_points__no_draft,2018,ALL,lag2_pass_td_rate,161,0.17566683789167598,242
stable_core_room_et_all_points__no_draft,2018,ALL,lag3_attempts,162,0.17516124378922404,242
stable_core_room_et_all_points__no_draft,2018,ALL,lag2_passing_interceptions,163,0.17469481354235608,242
stable_core_room_et_all_points__no_draft,2018,ALL,lag4_rush_20_rate,164,0.1745029105047001,242
stable_core_room_et_all_points__no_draft,2018,ALL,lag2_sacks_suffered,165,0.1727578791273585,242
stable_core_room_et_all_points__no_draft,2018,ALL,room_lag1_nonzero_competitors_rushing_yards,166,0.17251093129953798,242
stable_core_room_et_all_points__no_draft,2018,ALL,room_lag1_other_attempts,167,0.17188446528904439,242
stable_core_room_et_all_points__no_draft,2018,ALL,lag3_passing_tds,168,0.17052732747720553,242
stable_core_room_et_all_points__no_draft,2018,ALL,lag2_sack_yards_lost,169,0.1703685871916508,242
stable_core_room_et_all_points__no_draft,2018,ALL,lag3_receiving_fumbles_lost,170,0.17016270480701115,242
stable_core_room_et_all_points__no_draft,2018,ALL,lag3_passing_first_downs,171,0.1699199315279035,242
stable_core_room_et_all_points__no_draft,2018,ALL,lag3_completions,172,0.1692594507841414,242
stable_core_room_et_all_points__no_draft,2018,ALL,lag3_passing_10,173,0.1684278394761918,242
stable_core_room_et_all_points__no_draft,2018,ALL,lag3_passing_16,174,0.16707198962116096,242
stable_core_room_et_all_points__no_draft,2018,ALL,lag3_passing_yards,175,0.16682772511709984,242
stable_core_room_et_all_points__no_draft,2018,ALL,room_lag1_nonzero_competitors_carries,176,0.1667708420927748,242
stable_core_room_et_all_points__no_draft,2018,ALL,lag2_sack_fumbles,177,0.16526974419285334,242
stable_core_room_et_all_points__no_draft,2018,ALL,lag2_pass_yards_per_attempt,178,0.16440212139266677,242
stable_core_room_et_all_points__no_draft,2018,ALL,lag3_passing_20,179,0.16438953613771473,242
stable_core_room_et_all_points__no_draft,2018,ALL,age,180,0.16377326638305462,242
stable_core_room_et_all_points__no_draft,2018,ALL,lag3_passing_40,181,0.1628561081723328,242
stable_core_room_et_all_points__no_draft,2018,ALL,lag4_receiving_fumbles_lost,182,0.16143166827524752,242
stable_core_room_et_all_points__no_draft,2018,ALL,lag2_completion_rate,183,0.16134351863455734,242
stable_core_room_et_all_points__no_draft,2018,ALL,lag3_rushing_40,184,0.15440018866802716,242
stable_core_room_et_all_points__no_draft,2018,ALL,lag3_passing_interceptions,185,0.15383351720578747,242
stable_core_room_et_all_points__no_draft,2018,ALL,lag2_sack_fumbles_lost,186,0.15268855947171062,242
stable_core_room_et_all_points__no_draft,2018,ALL,lag4_passing_tds,187,0.15205429973900295,242
stable_core_room_et_all_points__no_draft,2018,ALL,lag4_rushing_fumbles_lost,188,0.15058862306727971,242
stable_core_room_et_all_points__no_draft,2018,ALL,lag3_pass_td_rate,189,0.1504547982936929,242
stable_core_room_et_all_points__no_draft,2018,ALL,lag3_sacks_suffered,190,0.14893818852274301,242
stable_core_room_et_all_points__no_draft,2018,ALL,lag3_sack_yards_lost,191,0.14893552376567354,242
stable_core_room_et_all_points__no_draft,2018,ALL,lag3_sack_fumbles,192,0.14828456530885567,242
stable_core_room_et_all_points__no_draft,2018,ALL,room_competitor_count,193,0.14814086422811382,242
stable_core_room_et_all_points__no_draft,2018,ALL,lag3_completion_rate,194,0.1478372189219235,242
stable_core_room_et_all_points__no_draft,2018,ALL,lag4_rushing_40,195,0.14754998319483548,242
stable_core_room_et_all_points__no_draft,2018,ALL,lag4_passing_10,196,0.1468810737521793,242
stable_core_room_et_all_points__no_draft,2018,ALL,lag4_passing_first_downs,197,0.14615359213071652,242
stable_core_room_et_all_points__no_draft,2018,ALL,lag4_passing_16,198,0.1456674177661814,242
stable_core_room_et_all_points__no_draft,2018,ALL,lag4_passing_20,199,0.14486170260698358,242
stable_core_room_et_all_points__no_draft,2018,ALL,lag3_pass_yards_per_attempt,200,0.14434482095479753,242
stable_core_room_et_all_points__no_draft,2018,ALL,lag4_passing_40,201,0.1441188900657745,242
stable_core_room_et_all_points__no_draft,2018,ALL,lag4_attempts,202,0.1437316653062368,242
stable_core_room_et_all_points__no_draft,2018,ALL,lag4_completions,203,0.14283244695625122,242
stable_core_room_et_all_points__no_draft,2018,ALL,lag4_passing_yards,204,0.1409720963634562,242
stable_core_room_et_all_points__no_draft,2018,ALL,lag3_sack_fumbles_lost,205,0.13892584484530235,242
stable_core_room_et_all_points__no_draft,2018,ALL,lag4_pass_td_rate,206,0.13883130108742442,242
stable_core_room_et_all_points__no_draft,2018,ALL,lag4_sack_yards_lost,207,0.1379977684958182,242
stable_core_room_et_all_points__no_draft,2018,ALL,lag4_sacks_suffered,208,0.13752895717837568,242
stable_core_room_et_all_points__no_draft,2018,ALL,lag4_passing_interceptions,209,0.1316543395493303,242
stable_core_room_et_all_points__no_draft,2018,ALL,lag4_sack_fumbles,210,0.131105822916523,242
stable_core_room_et_all_points__no_draft,2018,ALL,lag4_completion_rate,211,0.13000483497320783,242
stable_core_room_et_all_points__no_draft,2018,ALL,lag1_interception_rate,212,0.12630398085431754,242
stable_core_room_et_all_points__no_draft,2018,ALL,combine_broad_jump,213,0.1255281788960271,242
stable_core_room_et_all_points__no_draft,2018,ALL,lag4_pass_yards_per_attempt,214,0.12504285864037515,242
stable_core_room_et_all_points__no_draft,2018,ALL,missing_years_exp,215,0.1243031680408267,242
stable_core_room_et_all_points__no_draft,2018,ALL,combine_vertical,216,0.12358341115815855,242
stable_core_room_et_all_points__no_draft,2018,ALL,lag4_sack_fumbles_lost,217,0.12173098477939585,242
stable_core_room_et_all_points__no_draft,2018,ALL,lag3_interception_rate,218,0.1101405450551243,242
stable_core_room_et_all_points__no_draft,2018,ALL,room_lag1_nonzero_competitors_passing_yards,219,0.10974366951061575,242
stable_core_room_et_all_points__no_draft,2018,ALL,room_lag1_nonzero_competitors_attempts,220,0.10831777716137149,242
stable_core_room_et_all_points__no_draft,2018,ALL,lag2_interception_rate,221,0.1032016579511279,242
stable_core_room_et_all_points__no_draft,2018,ALL,lag4_interception_rate,222,0.09524681014772282,242
stable_core_room_et_all_points__no_draft,2018,ALL,missing_combine_vertical,223,0.09041756056860367,242
stable_core_room_et_all_points__no_draft,2018,ALL,missing_combine_broad_jump,224,0.086233795632252,242
stable_core_room_et_all_points__no_draft,2018,ALL,combine_forty,225,0.08476837242417928,242
stable_core_room_et_all_points__no_draft,2018,ALL,combine_bench,226,0.08275538892050625,242
stable_core_room_et_all_points__no_draft,2018,ALL,missing_age,227,0.0797794715298716,242
stable_core_room_et_all_points__no_draft,2018,ALL,missing_combine_bench,228,0.07930651277217128,242
stable_core_room_et_all_points__no_draft,2018,ALL,missing_combine_cone,229,0.06533757546961544,242
stable_core_room_et_all_points__no_draft,2018,ALL,missing_combine_shuttle,230,0.06387792239085521,242
stable_core_room_et_all_points__no_draft,2018,ALL,combine_shuttle,231,0.04544218150490372,242
stable_core_room_et_all_points__no_draft,2018,ALL,combine_cone,232,0.04284729301098186,242
stable_core_room_et_all_points__no_draft,2018,ALL,weight,233,0.01899251235216162,242
stable_core_room_et_all_points__no_draft,2018,ALL,height,234,0.009498194633123867,242
stable_core_room_et_all_points__no_draft,2018,ALL,missing_height,235,0.004540889705497687,242
stable_core_room_et_all_points__no_draft,2018,ALL,missing_is_rookie,236,0.004540889705497687,242
stable_core_room_et_all_points__no_draft,2018,ALL,missing_team_changed,237,0.004540889705497687,242
stable_core_room_et_all_points__no_draft,2018,ALL,missing_weight,238,0.004540889705497687,242
stable_core_room_et_all_points__no_draft,2018,ALL,position_QB,239,0.004540889705497687,242
stable_core_room_et_all_points__no_draft,2018,ALL,position_RB,240,0.004540889705497687,242
stable_core_room_et_all_points__no_draft,2018,ALL,position_TE,241,0.004540889705497687,242
stable_core_room_et_all_points__no_draft,2018,ALL,position_WR,242,0.004540889705497687,242
stable_core_room_et_all_points__no_draft,2019,ALL,lag1_receptions,1,0.5281327109779491,242
stable_core_room_et_all_points__no_draft,2019,ALL,lag1_receiving_10,2,0.5260120658080056,242
stable_core_room_et_all_points__no_draft,2019,ALL,lag1_receiving_first_downs,3,0.5217007166172789,242
stable_core_room_et_all_points__no_draft,2019,ALL,lag1_receiving_yards,4,0.5215634840353998,242
stable_core_room_et_all_points__no_draft,2019,ALL,lag1_receiving_16,5,0.5179778833237922,242
stable_core_room_et_all_points__no_draft,2019,ALL,lag1_receiving_20,6,0.507815293735529,242
stable_core_room_et_all_points__no_draft,2019,ALL,room_lag1_margin_receptions,7,0.5062218875634948,242
stable_core_room_et_all_points__no_draft,2019,ALL,lag1_games,8,0.49776071225860263,242
stable_core_room_et_all_points__no_draft,2019,ALL,room_lag1_margin_receiving_yards,9,0.4932570388609621,242
stable_core_room_et_all_points__no_draft,2019,ALL,lag1_receiving_tds,10,0.4610922045912552,242
stable_core_room_et_all_points__no_draft,2019,ALL,lag2_receiving_16,11,0.40623135101694596,242
stable_core_room_et_all_points__no_draft,2019,ALL,lag1_carries,12,0.40390062649362307,242
stable_core_room_et_all_points__no_draft,2019,ALL,lag2_receiving_10,13,0.40354552926236115,242
stable_core_room_et_all_points__no_draft,2019,ALL,lag2_receiving_20,14,0.40272461175540863,242
stable_core_room_et_all_points__no_draft,2019,ALL,lag2_receiving_first_downs,15,0.4002755483013706,242
stable_core_room_et_all_points__no_draft,2019,ALL,lag2_receptions,16,0.3983213283643789,242
stable_core_room_et_all_points__no_draft,2019,ALL,lag2_receiving_yards,17,0.3955261519847255,242
stable_core_room_et_all_points__no_draft,2019,ALL,lag1_receiving_40,18,0.39082197716599937,242
stable_core_room_et_all_points__no_draft,2019,ALL,lag2_games,19,0.38716725171769684,242
stable_core_room_et_all_points__no_draft,2019,ALL,lag1_receiving_20_rate,20,0.38715412404292326,242
stable_core_room_et_all_points__no_draft,2019,ALL,lag1_fumbles_total,21,0.38344617239778334,242
stable_core_room_et_all_points__no_draft,2019,ALL,lag1_rushing_first_downs,22,0.38049455903710905,242
stable_core_room_et_all_points__no_draft,2019,ALL,lag1_rushing_10,23,0.3740706574630045,242
stable_core_room_et_all_points__no_draft,2019,ALL,room_lag1_margin_carries,24,0.368364363450857,242
stable_core_room_et_all_points__no_draft,2019,ALL,lag1_receiving_yards_per_reception,25,0.3678491125503009,242
stable_core_room_et_all_points__no_draft,2019,ALL,lag2_receiving_tds,26,0.3655483292411995,242
stable_core_room_et_all_points__no_draft,2019,ALL,lag1_rushing_yards,27,0.3607848921024079,242
stable_core_room_et_all_points__no_draft,2019,ALL,lag1_rushing_12,28,0.35924818441353273,242
stable_core_room_et_all_points__no_draft,2019,ALL,lag1_fumbles_lost_total,29,0.339678481134389,242
stable_core_room_et_all_points__no_draft,2019,ALL,lag2_fumbles_total,30,0.33223501320119947,242
stable_core_room_et_all_points__no_draft,2019,ALL,lag2_receiving_20_rate,31,0.3322250587804374,242
stable_core_room_et_all_points__no_draft,2019,ALL,lag3_receiving_20,32,0.33171414494266815,242
stable_core_room_et_all_points__no_draft,2019,ALL,room_lag1_margin_rushing_yards,33,0.33104338381557447,242
stable_core_room_et_all_points__no_draft,2019,ALL,lag3_receiving_16,34,0.32960166105117833,242
stable_core_room_et_all_points__no_draft,2019,ALL,lag1_receiving_first_down_rate,35,0.3291300265539034,242
stable_core_room_et_all_points__no_draft,2019,ALL,lag2_carries,36,0.3277187748512482,242
stable_core_room_et_all_points__no_draft,2019,ALL,lag2_receiving_40,37,0.3250816146502488,242
stable_core_room_et_all_points__no_draft,2019,ALL,lag3_games,38,0.3247400069549863,242
stable_core_room_et_all_points__no_draft,2019,ALL,lag3_receiving_10,39,0.3245284343542406,242
stable_core_room_et_all_points__no_draft,2019,ALL,lag1_rushing_tds,40,0.32115736099834397,242
stable_core_room_et_all_points__no_draft,2019,ALL,lag3_receiving_first_downs,41,0.3211360495843373,242
stable_core_room_et_all_points__no_draft,2019,ALL,lag3_receptions,42,0.32059535627388275,242
stable_core_room_et_all_points__no_draft,2019,ALL,lag3_receiving_yards,43,0.31759702141243473,242
stable_core_room_et_all_points__no_draft,2019,ALL,lag2_rushing_first_downs,44,0.31018356836647387,242
stable_core_room_et_all_points__no_draft,2019,ALL,lag3_receiving_tds,45,0.3095482896073159,242
stable_core_room_et_all_points__no_draft,2019,ALL,lag1_roster_weeks,46,0.3091351588553912,242
stable_core_room_et_all_points__no_draft,2019,ALL,lag2_receiving_yards_per_reception,47,0.30901389068495383,242
stable_core_room_et_all_points__no_draft,2019,ALL,lag1_rushing_fumbles,48,0.3072352301304272,242
stable_core_room_et_all_points__no_draft,2019,ALL,lag2_rushing_10,49,0.3043905480530128,242
stable_core_room_et_all_points__no_draft,2019,ALL,lag1_rushing_20,50,0.3033589396612186,242
stable_core_room_et_all_points__no_draft,2019,ALL,lag3_fumbles_total,51,0.30221683244396624,242
stable_core_room_et_all_points__no_draft,2019,ALL,room_lag1_other_receptions,52,0.2996101203318278,242
stable_core_room_et_all_points__no_draft,2019,ALL,lag2_rushing_yards,53,0.2986143525711354,242
stable_core_room_et_all_points__no_draft,2019,ALL,lag2_fumbles_lost_total,54,0.2965272684083973,242
stable_core_room_et_all_points__no_draft,2019,ALL,lag2_receiving_first_down_rate,55,0.29546135459003686,242
stable_core_room_et_all_points__no_draft,2019,ALL,lag1_rush_yards_per_carry,56,0.2941101414494469,242
stable_core_room_et_all_points__no_draft,2019,ALL,lag2_rushing_12,57,0.29284364012032804,242
stable_core_room_et_all_points__no_draft,2019,ALL,room_lag1_other_receiving_yards,58,0.2925652591162426,242
stable_core_room_et_all_points__no_draft,2019,ALL,lag3_receiving_20_rate,59,0.2916690690034803,242
stable_core_room_et_all_points__no_draft,2019,ALL,lag2_roster_weeks,60,0.28282875464228624,242
stable_core_room_et_all_points__no_draft,2019,ALL,lag3_carries,61,0.2822256123440493,242
stable_core_room_et_all_points__no_draft,2019,ALL,lag3_receiving_40,62,0.2811683224360889,242
stable_core_room_et_all_points__no_draft,2019,ALL,lag3_roster_weeks,63,0.2707643543359951,242
stable_core_room_et_all_points__no_draft,2019,ALL,lag3_receiving_yards_per_reception,64,0.2702055518908397,242
stable_core_room_et_all_points__no_draft,2019,ALL,lag4_receiving_16,65,0.27007773864550455,242
stable_core_room_et_all_points__no_draft,2019,ALL,lag4_receiving_20,66,0.2693159115833908,242
stable_core_room_et_all_points__no_draft,2019,ALL,lag1_rush_20_rate,67,0.2689914756108122,242
stable_core_room_et_all_points__no_draft,2019,ALL,lag1_receiving_fumbles,68,0.26686965182654837,242
stable_core_room_et_all_points__no_draft,2019,ALL,lag4_games,69,0.266108928457791,242
stable_core_room_et_all_points__no_draft,2019,ALL,lag3_fumbles_lost_total,70,0.2655527372964206,242
stable_core_room_et_all_points__no_draft,2019,ALL,lag3_rushing_first_downs,71,0.26463623952855736,242
stable_core_room_et_all_points__no_draft,2019,ALL,room_lag1_other_carries,72,0.2643375578242698,242
stable_core_room_et_all_points__no_draft,2019,ALL,lag4_receiving_10,73,0.26184767812520265,242
stable_core_room_et_all_points__no_draft,2019,ALL,lag4_receptions,74,0.26157804004053886,242
stable_core_room_et_all_points__no_draft,2019,ALL,lag3_receiving_first_down_rate,75,0.26107137932483043,242
stable_core_room_et_all_points__no_draft,2019,ALL,lag1_history_available,76,0.2599541797280026,242
stable_core_room_et_all_points__no_draft,2019,ALL,lag4_receiving_yards,77,0.2597512417682698,242
stable_core_room_et_all_points__no_draft,2019,ALL,lag3_rushing_10,78,0.2596229009524786,242
stable_core_room_et_all_points__no_draft,2019,ALL,lag2_rush_yards_per_carry,79,0.25929550078564734,242
stable_core_room_et_all_points__no_draft,2019,ALL,lag4_receiving_first_downs,80,0.25821884380263405,242
stable_core_room_et_all_points__no_draft,2019,ALL,years_exp,81,0.2573781718184957,242
stable_core_room_et_all_points__no_draft,2019,ALL,lag1_rush_first_down_rate,82,0.2572073225063948,242
stable_core_room_et_all_points__no_draft,2019,ALL,lag4_fumbles_total,83,0.25495973030028374,242
stable_core_room_et_all_points__no_draft,2019,ALL,lag2_history_available,84,0.25247891168238523,242
stable_core_room_et_all_points__no_draft,2019,ALL,lag3_history_available,85,0.2523902080588664,242
stable_core_room_et_all_points__no_draft,2019,ALL,lag2_rushing_tds,86,0.250491355536846,242
stable_core_room_et_all_points__no_draft,2019,ALL,lag2_rushing_fumbles,87,0.2503696512876161,242
stable_core_room_et_all_points__no_draft,2019,ALL,lag3_rushing_yards,88,0.24983633855720344,242
stable_core_room_et_all_points__no_draft,2019,ALL,lag3_rushing_12,89,0.24877753859455232,242
stable_core_room_et_all_points__no_draft,2019,ALL,lag4_receiving_tds,90,0.24695958645560714,242
stable_core_room_et_all_points__no_draft,2019,ALL,lag1_passing_tds,91,0.24546600866252877,242
stable_core_room_et_all_points__no_draft,2019,ALL,lag2_receiving_fumbles,92,0.24460698681928808,242
stable_core_room_et_all_points__no_draft,2019,ALL,lag1_rushing_fumbles_lost,93,0.24458021926222315,242
stable_core_room_et_all_points__no_draft,2019,ALL,lag1_attempts,94,0.2444577784827881,242
stable_core_room_et_all_points__no_draft,2019,ALL,lag1_passing_10,95,0.24287718537485567,242
stable_core_room_et_all_points__no_draft,2019,ALL,lag4_receiving_20_rate,96,0.24170653248152693,242
stable_core_room_et_all_points__no_draft,2019,ALL,lag1_passing_16,97,0.2415393483003497,242
stable_core_room_et_all_points__no_draft,2019,ALL,lag1_passing_first_downs,98,0.24003473160979838,242
stable_core_room_et_all_points__no_draft,2019,ALL,lag2_rush_first_down_rate,99,0.23944242196978807,242
stable_core_room_et_all_points__no_draft,2019,ALL,lag1_passing_20,100,0.2386581138151056,242
stable_core_room_et_all_points__no_draft,2019,ALL,lag2_rushing_20,101,0.23860932274429097,242
stable_core_room_et_all_points__no_draft,2019,ALL,lag4_fumbles_lost_total,102,0.23793232526218777,242
stable_core_room_et_all_points__no_draft,2019,ALL,lag1_completions,103,0.23746469639740306,242
stable_core_room_et_all_points__no_draft,2019,ALL,lag1_passing_yards,104,0.2372153135764227,242
stable_core_room_et_all_points__no_draft,2019,ALL,lag4_carries,105,0.23624952066814653,242
stable_core_room_et_all_points__no_draft,2019,ALL,room_lag1_other_rushing_yards,106,0.2358382116586677,242
stable_core_room_et_all_points__no_draft,2019,ALL,lag4_receiving_40,107,0.23583715269435362,242
stable_core_room_et_all_points__no_draft,2019,ALL,lag1_passing_40,108,0.2327923996496119,242
stable_core_room_et_all_points__no_draft,2019,ALL,lag4_receiving_yards_per_reception,109,0.22988888717828185,242
stable_core_room_et_all_points__no_draft,2019,ALL,lag4_roster_weeks,110,0.2272049874947865,242
stable_core_room_et_all_points__no_draft,2019,ALL,lag3_rush_yards_per_carry,111,0.22511320284461786,242
stable_core_room_et_all_points__no_draft,2019,ALL,lag4_rushing_first_downs,112,0.22455704656934894,242
stable_core_room_et_all_points__no_draft,2019,ALL,lag1_passing_interceptions,113,0.22452945335068755,242
stable_core_room_et_all_points__no_draft,2019,ALL,lag3_rush_first_down_rate,114,0.22340872406402013,242
stable_core_room_et_all_points__no_draft,2019,ALL,lag1_sacks_suffered,115,0.22053602596711727,242
stable_core_room_et_all_points__no_draft,2019,ALL,missing_combine_forty,116,0.22039166286590256,242
stable_core_room_et_all_points__no_draft,2019,ALL,lag1_sack_yards_lost,117,0.22035702558177658,242
stable_core_room_et_all_points__no_draft,2019,ALL,lag4_receiving_first_down_rate,118,0.2196694795109939,242
stable_core_room_et_all_points__no_draft,2019,ALL,lag4_rushing_10,119,0.21959210308261484,242
stable_core_room_et_all_points__no_draft,2019,ALL,lag3_rushing_fumbles,120,0.21742950194089977,242
stable_core_room_et_all_points__no_draft,2019,ALL,lag3_receiving_fumbles,121,0.21716138298296306,242
stable_core_room_et_all_points__no_draft,2019,ALL,lag2_rush_20_rate,122,0.2162069574101569,242
stable_core_room_et_all_points__no_draft,2019,ALL,lag1_rushing_40,123,0.21555139522695066,242
stable_core_room_et_all_points__no_draft,2019,ALL,lag4_history_available,124,0.2153461935751289,242
stable_core_room_et_all_points__no_draft,2019,ALL,lag4_rushing_12,125,0.21206601633592995,242
stable_core_room_et_all_points__no_draft,2019,ALL,lag1_receiving_fumbles_lost,126,0.21180708514098762,242
stable_core_room_et_all_points__no_draft,2019,ALL,lag4_rushing_yards,127,0.21144688612600415,242
stable_core_room_et_all_points__no_draft,2019,ALL,lag3_rushing_tds,128,0.21036529576903196,242
stable_core_room_et_all_points__no_draft,2019,ALL,lag3_rushing_20,129,0.20987752841641683,242
stable_core_room_et_all_points__no_draft,2019,ALL,room_lag1_margin_passing_yards,130,0.20844702775641427,242
stable_core_room_et_all_points__no_draft,2019,ALL,lag1_pass_td_rate,131,0.20698812268732872,242
stable_core_room_et_all_points__no_draft,2019,ALL,lag1_sack_fumbles,132,0.20509888549506866,242
stable_core_room_et_all_points__no_draft,2019,ALL,lag2_rushing_fumbles_lost,133,0.20373953867892594,242
stable_core_room_et_all_points__no_draft,2019,ALL,room_lag1_margin_attempts,134,0.20323079848141792,242
stable_core_room_et_all_points__no_draft,2019,ALL,lag2_passing_tds,135,0.20056804986056434,242
stable_core_room_et_all_points__no_draft,2019,ALL,room_lag1_nonzero_competitors_receiving_yards,136,0.19966048497073172,242
stable_core_room_et_all_points__no_draft,2019,ALL,room_lag1_nonzero_competitors_receptions,137,0.19929203924578726,242
stable_core_room_et_all_points__no_draft,2019,ALL,lag2_attempts,138,0.19831631541869785,242
stable_core_room_et_all_points__no_draft,2019,ALL,lag2_passing_10,139,0.19638502515809006,242
stable_core_room_et_all_points__no_draft,2019,ALL,lag4_rush_first_down_rate,140,0.19558943852350638,242
stable_core_room_et_all_points__no_draft,2019,ALL,lag3_rush_20_rate,141,0.1955805290135702,242
stable_core_room_et_all_points__no_draft,2019,ALL,lag2_receiving_fumbles_lost,142,0.19487568449706558,242
stable_core_room_et_all_points__no_draft,2019,ALL,lag1_pass_yards_per_attempt,143,0.19448321877219224,242
stable_core_room_et_all_points__no_draft,2019,ALL,lag2_passing_16,144,0.1940997651354332,242
stable_core_room_et_all_points__no_draft,2019,ALL,lag2_passing_first_downs,145,0.19388841402017276,242
stable_core_room_et_all_points__no_draft,2019,ALL,lag4_receiving_fumbles,146,0.19375123344365475,242
stable_core_room_et_all_points__no_draft,2019,ALL,lag4_rush_yards_per_carry,147,0.1930905131443912,242
stable_core_room_et_all_points__no_draft,2019,ALL,lag2_passing_yards,148,0.19171745501302875,242
stable_core_room_et_all_points__no_draft,2019,ALL,lag2_passing_20,149,0.19166661969037133,242
stable_core_room_et_all_points__no_draft,2019,ALL,lag2_completions,150,0.1910765293609876,242
stable_core_room_et_all_points__no_draft,2019,ALL,lag2_passing_40,151,0.1906192149572736,242
stable_core_room_et_all_points__no_draft,2019,ALL,lag2_rushing_40,152,0.1896516773091559,242
stable_core_room_et_all_points__no_draft,2019,ALL,is_rookie,153,0.18901018377006326,242
stable_core_room_et_all_points__no_draft,2019,ALL,lag1_sack_fumbles_lost,154,0.18417902990404547,242
stable_core_room_et_all_points__no_draft,2019,ALL,room_lag1_other_passing_yards,155,0.18366845360033324,242
stable_core_room_et_all_points__no_draft,2019,ALL,lag4_rushing_tds,156,0.18088540126297503,242
stable_core_room_et_all_points__no_draft,2019,ALL,lag1_completion_rate,157,0.17971324283572312,242
stable_core_room_et_all_points__no_draft,2019,ALL,lag3_rushing_fumbles_lost,158,0.17858351965030844,242
stable_core_room_et_all_points__no_draft,2019,ALL,lag4_rushing_20,159,0.17755389129559893,242
stable_core_room_et_all_points__no_draft,2019,ALL,lag3_attempts,160,0.17707360600404037,242
stable_core_room_et_all_points__no_draft,2019,ALL,lag2_pass_td_rate,161,0.17641013152527985,242
stable_core_room_et_all_points__no_draft,2019,ALL,lag2_passing_interceptions,162,0.17574385370651308,242
stable_core_room_et_all_points__no_draft,2019,ALL,lag2_sacks_suffered,163,0.17526762270036525,242
stable_core_room_et_all_points__no_draft,2019,ALL,lag4_rushing_fumbles,164,0.17346685600984668,242
stable_core_room_et_all_points__no_draft,2019,ALL,lag3_receiving_fumbles_lost,165,0.17342441186912766,242
stable_core_room_et_all_points__no_draft,2019,ALL,lag2_sack_yards_lost,166,0.17337968748438118,242
stable_core_room_et_all_points__no_draft,2019,ALL,room_lag1_nonzero_competitors_rushing_yards,167,0.1726218446666274,242
stable_core_room_et_all_points__no_draft,2019,ALL,lag3_passing_tds,168,0.17227920979181185,242
stable_core_room_et_all_points__no_draft,2019,ALL,lag3_completions,169,0.17191057612398628,242
stable_core_room_et_all_points__no_draft,2019,ALL,lag3_passing_first_downs,170,0.17145877356702902,242
stable_core_room_et_all_points__no_draft,2019,ALL,lag4_rush_20_rate,171,0.1711744965336244,242
stable_core_room_et_all_points__no_draft,2019,ALL,lag3_passing_10,172,0.17002027596525277,242
stable_core_room_et_all_points__no_draft,2019,ALL,room_lag1_nonzero_competitors_carries,173,0.1699358852415951,242
stable_core_room_et_all_points__no_draft,2019,ALL,lag3_passing_yards,174,0.1697821021095978,242
stable_core_room_et_all_points__no_draft,2019,ALL,room_lag1_other_attempts,175,0.16947595302184817,242
stable_core_room_et_all_points__no_draft,2019,ALL,lag3_passing_16,176,0.16894140682599745,242
stable_core_room_et_all_points__no_draft,2019,ALL,lag2_sack_fumbles,177,0.16868075911691324,242
stable_core_room_et_all_points__no_draft,2019,ALL,lag3_passing_20,178,0.16657774692034416,242
stable_core_room_et_all_points__no_draft,2019,ALL,lag3_passing_40,179,0.16597436280008782,242
stable_core_room_et_all_points__no_draft,2019,ALL,age,180,0.1646945524915196,242
stable_core_room_et_all_points__no_draft,2019,ALL,lag4_receiving_fumbles_lost,181,0.16316095497988137,242
stable_core_room_et_all_points__no_draft,2019,ALL,lag2_pass_yards_per_attempt,182,0.16272785579261345,242
stable_core_room_et_all_points__no_draft,2019,ALL,lag2_completion_rate,183,0.16039522414426552,242
stable_core_room_et_all_points__no_draft,2019,ALL,lag2_sack_fumbles_lost,184,0.1571056120091482,242
stable_core_room_et_all_points__no_draft,2019,ALL,lag3_passing_interceptions,185,0.15664482050680115,242
stable_core_room_et_all_points__no_draft,2019,ALL,lag4_passing_tds,186,0.15533826970204928,242
stable_core_room_et_all_points__no_draft,2019,ALL,lag3_rushing_40,187,0.15346110579032166,242
stable_core_room_et_all_points__no_draft,2019,ALL,lag3_sacks_suffered,188,0.1522475215226448,242
stable_core_room_et_all_points__no_draft,2019,ALL,lag3_sack_yards_lost,189,0.15219748288054274,242
stable_core_room_et_all_points__no_draft,2019,ALL,lag3_pass_td_rate,190,0.15177945799543932,242
stable_core_room_et_all_points__no_draft,2019,ALL,lag3_sack_fumbles,191,0.15085049701277262,242
stable_core_room_et_all_points__no_draft,2019,ALL,room_competitor_count,192,0.15064775299718572,242
stable_core_room_et_all_points__no_draft,2019,ALL,lag4_passing_10,193,0.15028496896222612,242
stable_core_room_et_all_points__no_draft,2019,ALL,lag4_passing_first_downs,194,0.1496485832596802,242
stable_core_room_et_all_points__no_draft,2019,ALL,lag4_passing_16,195,0.149255728931199,242
stable_core_room_et_all_points__no_draft,2019,ALL,lag3_completion_rate,196,0.14870126396185376,242
stable_core_room_et_all_points__no_draft,2019,ALL,lag3_pass_yards_per_attempt,197,0.14773659247569984,242
stable_core_room_et_all_points__no_draft,2019,ALL,lag4_passing_20,198,0.14756449042629594,242
stable_core_room_et_all_points__no_draft,2019,ALL,lag4_attempts,199,0.1470144021702128,242
stable_core_room_et_all_points__no_draft,2019,ALL,lag4_rushing_fumbles_lost,200,0.14697108157334673,242
stable_core_room_et_all_points__no_draft,2019,ALL,lag4_completions,201,0.14668390395757547,242
stable_core_room_et_all_points__no_draft,2019,ALL,lag4_passing_40,202,0.1455341821273406,242
stable_core_room_et_all_points__no_draft,2019,ALL,lag4_passing_yards,203,0.14490793193910448,242
stable_core_room_et_all_points__no_draft,2019,ALL,lag4_pass_td_rate,204,0.142247527649303,242
stable_core_room_et_all_points__no_draft,2019,ALL,lag3_sack_fumbles_lost,205,0.1420213628711316,242
stable_core_room_et_all_points__no_draft,2019,ALL,lag4_rushing_40,206,0.14171231022003572,242
stable_core_room_et_all_points__no_draft,2019,ALL,lag4_sack_yards_lost,207,0.1400176817156362,242
stable_core_room_et_all_points__no_draft,2019,ALL,lag4_sacks_suffered,208,0.1397084859140844,242
stable_core_room_et_all_points__no_draft,2019,ALL,combine_broad_jump,209,0.13563889267843623,242
stable_core_room_et_all_points__no_draft,2019,ALL,lag4_sack_fumbles,210,0.13462880214592787,242
stable_core_room_et_all_points__no_draft,2019,ALL,lag4_completion_rate,211,0.1343937394050509,242
stable_core_room_et_all_points__no_draft,2019,ALL,combine_vertical,212,0.1336249807672104,242
stable_core_room_et_all_points__no_draft,2019,ALL,lag4_passing_interceptions,213,0.13335338994231483,242
stable_core_room_et_all_points__no_draft,2019,ALL,lag4_pass_yards_per_attempt,214,0.12887938740207827,242
stable_core_room_et_all_points__no_draft,2019,ALL,lag1_interception_rate,215,0.12812688630224714,242
stable_core_room_et_all_points__no_draft,2019,ALL,lag4_sack_fumbles_lost,216,0.12536269421904236,242
stable_core_room_et_all_points__no_draft,2019,ALL,missing_years_exp,217,0.11896446732574908,242
stable_core_room_et_all_points__no_draft,2019,ALL,lag3_interception_rate,218,0.11385390463908976,242
stable_core_room_et_all_points__no_draft,2019,ALL,room_lag1_nonzero_competitors_passing_yards,219,0.10814579201796067,242
stable_core_room_et_all_points__no_draft,2019,ALL,room_lag1_nonzero_competitors_attempts,220,0.10588950254055161,242
stable_core_room_et_all_points__no_draft,2019,ALL,missing_combine_vertical,221,0.10496872620511477,242
stable_core_room_et_all_points__no_draft,2019,ALL,lag2_interception_rate,222,0.10330089106873706,242
stable_core_room_et_all_points__no_draft,2019,ALL,missing_combine_broad_jump,223,0.10072989413817722,242
stable_core_room_et_all_points__no_draft,2019,ALL,lag4_interception_rate,224,0.09716538225618472,242
stable_core_room_et_all_points__no_draft,2019,ALL,combine_forty,225,0.09366667528503479,242
stable_core_room_et_all_points__no_draft,2019,ALL,combine_bench,226,0.09195208182914866,242
stable_core_room_et_all_points__no_draft,2019,ALL,missing_combine_bench,227,0.08723898163638927,242
stable_core_room_et_all_points__no_draft,2019,ALL,missing_combine_cone,228,0.07878438763067946,242
stable_core_room_et_all_points__no_draft,2019,ALL,missing_combine_shuttle,229,0.0779371093255942,242
stable_core_room_et_all_points__no_draft,2019,ALL,missing_age,230,0.07577365397799478,242
stable_core_room_et_all_points__no_draft,2019,ALL,combine_shuttle,231,0.057488050689838095,242
stable_core_room_et_all_points__no_draft,2019,ALL,combine_cone,232,0.055960638692546916,242
stable_core_room_et_all_points__no_draft,2019,ALL,weight,233,0.014850621725280106,242
stable_core_room_et_all_points__no_draft,2019,ALL,height,234,0.004890831560108399,242
stable_core_room_et_all_points__no_draft,2019,ALL,missing_height,235,0.004537517636590295,242
stable_core_room_et_all_points__no_draft,2019,ALL,missing_is_rookie,236,0.004537517636590295,242
stable_core_room_et_all_points__no_draft,2019,ALL,missing_team_changed,237,0.004537517636590295,242
stable_core_room_et_all_points__no_draft,2019,ALL,missing_weight,238,0.004537517636590295,242
stable_core_room_et_all_points__no_draft,2019,ALL,position_QB,239,0.004537517636590295,242
stable_core_room_et_all_points__no_draft,2019,ALL,position_RB,240,0.004537517636590295,242
stable_core_room_et_all_points__no_draft,2019,ALL,position_TE,241,0.004537517636590295,242
stable_core_room_et_all_points__no_draft,2019,ALL,position_WR,242,0.004537517636590295,242
stable_core_room_et_all_points__no_draft,2020,ALL,lag1_receptions,1,0.5300735669231216,242
stable_core_room_et_all_points__no_draft,2020,ALL,lag1_receiving_10,2,0.5255505667212099,242
stable_core_room_et_all_points__no_draft,2020,ALL,lag1_receiving_first_downs,3,0.5226241504770612,242
stable_core_room_et_all_points__no_draft,2020,ALL,lag1_receiving_yards,4,0.5219826356263785,242
stable_core_room_et_all_points__no_draft,2020,ALL,lag1_receiving_16,5,0.5178308611049343,242
stable_core_room_et_all_points__no_draft,2020,ALL,lag1_receiving_20,6,0.5085417226375988,242
stable_core_room_et_all_points__no_draft,2020,ALL,room_lag1_margin_receptions,7,0.5073356500684559,242
stable_core_room_et_all_points__no_draft,2020,ALL,lag1_games,8,0.501565432902192,242
stable_core_room_et_all_points__no_draft,2020,ALL,room_lag1_margin_receiving_yards,9,0.4898904042135213,242
stable_core_room_et_all_points__no_draft,2020,ALL,lag1_receiving_tds,10,0.4661376505424395,242
stable_core_room_et_all_points__no_draft,2020,ALL,lag1_carries,11,0.4086143132113311,242
stable_core_room_et_all_points__no_draft,2020,ALL,lag2_receiving_16,12,0.4065874734714222,242
stable_core_room_et_all_points__no_draft,2020,ALL,lag2_receiving_10,13,0.40330313801239837,242
stable_core_room_et_all_points__no_draft,2020,ALL,lag2_receiving_20,14,0.4022689262356998,242
stable_core_room_et_all_points__no_draft,2020,ALL,lag2_receiving_first_downs,15,0.40044582109161936,242
stable_core_room_et_all_points__no_draft,2020,ALL,lag2_receptions,16,0.39839354185944176,242
stable_core_room_et_all_points__no_draft,2020,ALL,lag2_receiving_yards,17,0.39527955678382243,242
stable_core_room_et_all_points__no_draft,2020,ALL,lag1_receiving_40,18,0.39134420190977554,242
stable_core_room_et_all_points__no_draft,2020,ALL,lag1_receiving_20_rate,19,0.3890574081140843,242
stable_core_room_et_all_points__no_draft,2020,ALL,lag2_games,20,0.38664162236256167,242
stable_core_room_et_all_points__no_draft,2020,ALL,lag1_rushing_first_downs,21,0.38662845986296746,242
stable_core_room_et_all_points__no_draft,2020,ALL,lag1_fumbles_total,22,0.38373382156008884,242
stable_core_room_et_all_points__no_draft,2020,ALL,lag1_rushing_10,23,0.3808858883825694,242
stable_core_room_et_all_points__no_draft,2020,ALL,room_lag1_margin_carries,24,0.37131965082821133,242
stable_core_room_et_all_points__no_draft,2020,ALL,lag1_receiving_yards_per_reception,25,0.37092335355853195,242
stable_core_room_et_all_points__no_draft,2020,ALL,lag2_receiving_tds,26,0.3665484546203705,242
stable_core_room_et_all_points__no_draft,2020,ALL,lag1_rushing_yards,27,0.3659963625486106,242
stable_core_room_et_all_points__no_draft,2020,ALL,lag1_rushing_12,28,0.3649573824088821,242
stable_core_room_et_all_points__no_draft,2020,ALL,lag1_fumbles_lost_total,29,0.33940819307493353,242
stable_core_room_et_all_points__no_draft,2020,ALL,room_lag1_margin_rushing_yards,30,0.3362727089950099,242
stable_core_room_et_all_points__no_draft,2020,ALL,lag2_receiving_20_rate,31,0.33430322240085936,242
stable_core_room_et_all_points__no_draft,2020,ALL,lag1_receiving_first_down_rate,32,0.33409456792656683,242
stable_core_room_et_all_points__no_draft,2020,ALL,lag3_receiving_20,33,0.33045968276002435,242
stable_core_room_et_all_points__no_draft,2020,ALL,lag2_fumbles_total,34,0.32994454706268883,242
stable_core_room_et_all_points__no_draft,2020,ALL,lag3_receiving_16,35,0.3277746393195367,242
stable_core_room_et_all_points__no_draft,2020,ALL,lag2_carries,36,0.3240072424683296,242
stable_core_room_et_all_points__no_draft,2020,ALL,lag3_games,37,0.32380583982630007,242
stable_core_room_et_all_points__no_draft,2020,ALL,lag3_receiving_10,38,0.3230975585120939,242
stable_core_room_et_all_points__no_draft,2020,ALL,lag1_rushing_tds,39,0.3227629230686234,242
stable_core_room_et_all_points__no_draft,2020,ALL,lag2_receiving_40,40,0.3210152906069814,242
stable_core_room_et_all_points__no_draft,2020,ALL,lag3_receiving_first_downs,41,0.31957624624589515,242
stable_core_room_et_all_points__no_draft,2020,ALL,lag3_receptions,42,0.3177147353423618,242
stable_core_room_et_all_points__no_draft,2020,ALL,lag3_receiving_yards,43,0.31512890224141665,242
stable_core_room_et_all_points__no_draft,2020,ALL,lag2_receiving_yards_per_reception,44,0.311014181221621,242
stable_core_room_et_all_points__no_draft,2020,ALL,lag1_rushing_20,45,0.3103091818518692,242
stable_core_room_et_all_points__no_draft,2020,ALL,lag3_receiving_tds,46,0.3089018320045662,242
stable_core_room_et_all_points__no_draft,2020,ALL,lag2_rushing_first_downs,47,0.3069001198936212,242
stable_core_room_et_all_points__no_draft,2020,ALL,lag1_rushing_fumbles,48,0.30543721454806316,242
stable_core_room_et_all_points__no_draft,2020,ALL,lag1_roster_weeks,49,0.30410170585322677,242
stable_core_room_et_all_points__no_draft,2020,ALL,lag1_rush_yards_per_carry,50,0.30082720566857085,242
stable_core_room_et_all_points__no_draft,2020,ALL,room_lag1_other_receptions,51,0.3007918868775795,242
stable_core_room_et_all_points__no_draft,2020,ALL,lag2_rushing_10,52,0.2998628319140557,242
stable_core_room_et_all_points__no_draft,2020,ALL,lag3_fumbles_total,53,0.29946175771134576,242
stable_core_room_et_all_points__no_draft,2020,ALL,lag2_receiving_first_down_rate,54,0.29697022765261183,242
stable_core_room_et_all_points__no_draft,2020,ALL,lag2_rushing_yards,55,0.2960601869098713,242
stable_core_room_et_all_points__no_draft,2020,ALL,lag2_fumbles_lost_total,56,0.29458544622428706,242
stable_core_room_et_all_points__no_draft,2020,ALL,lag3_receiving_20_rate,57,0.29089619587961396,242
stable_core_room_et_all_points__no_draft,2020,ALL,room_lag1_other_receiving_yards,58,0.29061910082266373,242
stable_core_room_et_all_points__no_draft,2020,ALL,lag2_rushing_12,59,0.28841003295317297,242
stable_core_room_et_all_points__no_draft,2020,ALL,lag3_carries,60,0.2788890322119512,242
stable_core_room_et_all_points__no_draft,2020,ALL,lag3_receiving_40,61,0.27825078660396463,242
stable_core_room_et_all_points__no_draft,2020,ALL,lag2_roster_weeks,62,0.27803944909613476,242
stable_core_room_et_all_points__no_draft,2020,ALL,lag1_rush_20_rate,63,0.277372197268905,242
stable_core_room_et_all_points__no_draft,2020,ALL,lag4_receiving_16,64,0.2714615131747727,242
stable_core_room_et_all_points__no_draft,2020,ALL,lag4_receiving_20,65,0.27084758944623166,242
stable_core_room_et_all_points__no_draft,2020,ALL,lag3_roster_weeks,66,0.26946908151206006,242
stable_core_room_et_all_points__no_draft,2020,ALL,lag3_receiving_yards_per_reception,67,0.26868418527234683,242
stable_core_room_et_all_points__no_draft,2020,ALL,lag1_receiving_fumbles,68,0.2673052512456193,242
stable_core_room_et_all_points__no_draft,2020,ALL,lag4_games,69,0.267000399817697,242
stable_core_room_et_all_points__no_draft,2020,ALL,lag1_rush_first_down_rate,70,0.2667861888587831,242
stable_core_room_et_all_points__no_draft,2020,ALL,room_lag1_other_carries,71,0.2634875768364454,242
stable_core_room_et_all_points__no_draft,2020,ALL,lag4_receiving_10,72,0.2634169595424705,242
stable_core_room_et_all_points__no_draft,2020,ALL,lag4_receptions,73,0.26259968715490606,242
stable_core_room_et_all_points__no_draft,2020,ALL,lag3_fumbles_lost_total,74,0.2621780241890886,242
stable_core_room_et_all_points__no_draft,2020,ALL,lag3_rushing_first_downs,75,0.26136514517443,242
stable_core_room_et_all_points__no_draft,2020,ALL,lag3_receiving_first_down_rate,76,0.26090627005540484,242
stable_core_room_et_all_points__no_draft,2020,ALL,lag4_receiving_yards,77,0.2602168503074365,242
stable_core_room_et_all_points__no_draft,2020,ALL,lag1_history_available,78,0.25969465650604495,242
stable_core_room_et_all_points__no_draft,2020,ALL,lag4_receiving_first_downs,79,0.25943056485694893,242
stable_core_room_et_all_points__no_draft,2020,ALL,lag2_rush_yards_per_carry,80,0.2587151045430688,242
stable_core_room_et_all_points__no_draft,2020,ALL,years_exp,81,0.258708223728007,242
stable_core_room_et_all_points__no_draft,2020,ALL,lag4_fumbles_total,82,0.2564180103935925,242
stable_core_room_et_all_points__no_draft,2020,ALL,lag3_rushing_10,83,0.2548777797968643,242
stable_core_room_et_all_points__no_draft,2020,ALL,lag3_history_available,84,0.2505846511594351,242
stable_core_room_et_all_points__no_draft,2020,ALL,lag2_history_available,85,0.2503233726902662,242
stable_core_room_et_all_points__no_draft,2020,ALL,lag1_attempts,86,0.2489946258528812,242
stable_core_room_et_all_points__no_draft,2020,ALL,lag2_rushing_fumbles,87,0.2480963188418926,242
stable_core_room_et_all_points__no_draft,2020,ALL,lag1_passing_tds,88,0.2476541742349916,242
stable_core_room_et_all_points__no_draft,2020,ALL,lag4_receiving_tds,89,0.24714394758716898,242
stable_core_room_et_all_points__no_draft,2020,ALL,lag3_rushing_yards,90,0.24680355420903777,242
stable_core_room_et_all_points__no_draft,2020,ALL,lag2_rushing_tds,91,0.24624590383419795,242
stable_core_room_et_all_points__no_draft,2020,ALL,lag1_rushing_fumbles_lost,92,0.24459058796728686,242
stable_core_room_et_all_points__no_draft,2020,ALL,lag4_receiving_20_rate,93,0.2442727739290854,242
stable_core_room_et_all_points__no_draft,2020,ALL,lag1_passing_10,94,0.24391770356513565,242
stable_core_room_et_all_points__no_draft,2020,ALL,lag3_rushing_12,95,0.24368732797324594,242
stable_core_room_et_all_points__no_draft,2020,ALL,lag1_passing_first_downs,96,0.2436335385198467,242
stable_core_room_et_all_points__no_draft,2020,ALL,lag2_receiving_fumbles,97,0.24321005189810332,242
stable_core_room_et_all_points__no_draft,2020,ALL,lag1_passing_16,98,0.24239331999320562,242
stable_core_room_et_all_points__no_draft,2020,ALL,lag1_completions,99,0.24115839200532266,242
stable_core_room_et_all_points__no_draft,2020,ALL,lag1_passing_yards,100,0.2409964320889695,242
stable_core_room_et_all_points__no_draft,2020,ALL,lag1_passing_20,101,0.23966706203901775,242
stable_core_room_et_all_points__no_draft,2020,ALL,lag4_receiving_40,102,0.23940016523095503,242
stable_core_room_et_all_points__no_draft,2020,ALL,lag2_rush_first_down_rate,103,0.2389107286134337,242
stable_core_room_et_all_points__no_draft,2020,ALL,lag4_fumbles_lost_total,104,0.23874889677326758,242
stable_core_room_et_all_points__no_draft,2020,ALL,room_lag1_other_rushing_yards,105,0.23682488858620604,242
stable_core_room_et_all_points__no_draft,2020,ALL,lag2_rushing_20,106,0.23589554158806209,242
stable_core_room_et_all_points__no_draft,2020,ALL,lag1_passing_40,107,0.23488894231679805,242
stable_core_room_et_all_points__no_draft,2020,ALL,lag4_carries,108,0.23355392895284782,242
stable_core_room_et_all_points__no_draft,2020,ALL,lag4_receiving_yards_per_reception,109,0.23157591900863025,242
stable_core_room_et_all_points__no_draft,2020,ALL,missing_combine_forty,110,0.22981643880750008,242
stable_core_room_et_all_points__no_draft,2020,ALL,lag4_roster_weeks,111,0.2290942057563794,242
stable_core_room_et_all_points__no_draft,2020,ALL,lag3_rush_yards_per_carry,112,0.22415156705852082,242
stable_core_room_et_all_points__no_draft,2020,ALL,lag3_rush_first_down_rate,113,0.22263174856590953,242
stable_core_room_et_all_points__no_draft,2020,ALL,lag1_passing_interceptions,114,0.2221961107791452,242
stable_core_room_et_all_points__no_draft,2020,ALL,lag4_receiving_first_down_rate,115,0.22209233049267135,242
stable_core_room_et_all_points__no_draft,2020,ALL,lag1_sacks_suffered,116,0.22088777407093263,242
stable_core_room_et_all_points__no_draft,2020,ALL,lag4_rushing_first_downs,117,0.22065119719606666,242
stable_core_room_et_all_points__no_draft,2020,ALL,lag1_sack_yards_lost,118,0.22061754954626647,242
stable_core_room_et_all_points__no_draft,2020,ALL,lag4_history_available,119,0.21825181102338984,242
stable_core_room_et_all_points__no_draft,2020,ALL,lag3_receiving_fumbles,120,0.21710646962322416,242
stable_core_room_et_all_points__no_draft,2020,ALL,lag1_rushing_40,121,0.21639171217819178,242
stable_core_room_et_all_points__no_draft,2020,ALL,lag2_rush_20_rate,122,0.21491118782239313,242
stable_core_room_et_all_points__no_draft,2020,ALL,lag4_rushing_10,123,0.21490854207143179,242
stable_core_room_et_all_points__no_draft,2020,ALL,lag3_rushing_fumbles,124,0.21389990306725867,242
stable_core_room_et_all_points__no_draft,2020,ALL,lag1_receiving_fumbles_lost,125,0.21153983873899307,242
stable_core_room_et_all_points__no_draft,2020,ALL,lag1_pass_td_rate,126,0.21134082928914813,242
stable_core_room_et_all_points__no_draft,2020,ALL,lag4_rushing_yards,127,0.20887528306276107,242
stable_core_room_et_all_points__no_draft,2020,ALL,lag4_rushing_12,128,0.20813897249340596,242
stable_core_room_et_all_points__no_draft,2020,ALL,lag3_rushing_tds,129,0.2071525950046948,242
stable_core_room_et_all_points__no_draft,2020,ALL,lag1_sack_fumbles,130,0.20587795439582687,242
stable_core_room_et_all_points__no_draft,2020,ALL,room_lag1_margin_passing_yards,131,0.20564777355914513,242
stable_core_room_et_all_points__no_draft,2020,ALL,lag2_rushing_fumbles_lost,132,0.20273180704998556,242
stable_core_room_et_all_points__no_draft,2020,ALL,lag3_rushing_20,133,0.202420262262092,242
stable_core_room_et_all_points__no_draft,2020,ALL,room_lag1_margin_attempts,134,0.20096502574320702,242
stable_core_room_et_all_points__no_draft,2020,ALL,room_lag1_nonzero_competitors_receptions,135,0.20072584306165378,242
stable_core_room_et_all_points__no_draft,2020,ALL,room_lag1_nonzero_competitors_receiving_yards,136,0.19991346762302475,242
stable_core_room_et_all_points__no_draft,2020,ALL,lag1_pass_yards_per_attempt,137,0.19867099049391726,242
stable_core_room_et_all_points__no_draft,2020,ALL,lag2_passing_tds,138,0.1985972965792882,242
stable_core_room_et_all_points__no_draft,2020,ALL,lag2_attempts,139,0.1972763625747839,242
stable_core_room_et_all_points__no_draft,2020,ALL,lag4_receiving_fumbles,140,0.1971956681949647,242
stable_core_room_et_all_points__no_draft,2020,ALL,lag2_receiving_fumbles_lost,141,0.19580802400419203,242
stable_core_room_et_all_points__no_draft,2020,ALL,is_rookie,142,0.19561875477179907,242
stable_core_room_et_all_points__no_draft,2020,ALL,lag2_passing_10,143,0.1944861819232017,242
stable_core_room_et_all_points__no_draft,2020,ALL,lag4_rush_first_down_rate,144,0.19301712540206872,242
stable_core_room_et_all_points__no_draft,2020,ALL,lag2_passing_first_downs,145,0.1920470531518215,242
stable_core_room_et_all_points__no_draft,2020,ALL,lag2_passing_16,146,0.1920380617623501,242
stable_core_room_et_all_points__no_draft,2020,ALL,lag4_rush_yards_per_carry,147,0.19136097771430013,242
stable_core_room_et_all_points__no_draft,2020,ALL,lag2_passing_20,148,0.18997296015189213,242
stable_core_room_et_all_points__no_draft,2020,ALL,lag2_passing_yards,149,0.1899474492112088,242
stable_core_room_et_all_points__no_draft,2020,ALL,lag3_rush_20_rate,150,0.18929769522456602,242
stable_core_room_et_all_points__no_draft,2020,ALL,lag2_completions,151,0.189197187868087,242
stable_core_room_et_all_points__no_draft,2020,ALL,lag2_passing_40,152,0.18874994539623186,242
stable_core_room_et_all_points__no_draft,2020,ALL,lag1_sack_fumbles_lost,153,0.1866949296761085,242
stable_core_room_et_all_points__no_draft,2020,ALL,lag1_completion_rate,154,0.18629085030753562,242
stable_core_room_et_all_points__no_draft,2020,ALL,lag2_rushing_40,155,0.1847310685488412,242
stable_core_room_et_all_points__no_draft,2020,ALL,room_lag1_other_passing_yards,156,0.1768232211478232,242
stable_core_room_et_all_points__no_draft,2020,ALL,lag2_pass_td_rate,157,0.17631975898330332,242
stable_core_room_et_all_points__no_draft,2020,ALL,lag4_rushing_tds,158,0.17599278672599258,242
stable_core_room_et_all_points__no_draft,2020,ALL,lag3_attempts,159,0.17582673026885276,242
stable_core_room_et_all_points__no_draft,2020,ALL,lag3_rushing_fumbles_lost,160,0.1755053142573642,242
stable_core_room_et_all_points__no_draft,2020,ALL,lag2_passing_interceptions,161,0.17518609941351834,242
stable_core_room_et_all_points__no_draft,2020,ALL,lag2_sacks_suffered,162,0.17282932785618838,242
stable_core_room_et_all_points__no_draft,2020,ALL,lag4_rushing_20,163,0.1726272742874693,242
stable_core_room_et_all_points__no_draft,2020,ALL,lag3_receiving_fumbles_lost,164,0.17172176865628333,242
stable_core_room_et_all_points__no_draft,2020,ALL,lag2_sack_yards_lost,165,0.17116471202382716,242
stable_core_room_et_all_points__no_draft,2020,ALL,lag4_rushing_fumbles,166,0.17082982347325026,242
stable_core_room_et_all_points__no_draft,2020,ALL,room_lag1_nonzero_competitors_rushing_yards,167,0.17065790505069262,242
stable_core_room_et_all_points__no_draft,2020,ALL,lag3_passing_tds,168,0.17053403170325918,242
stable_core_room_et_all_points__no_draft,2020,ALL,lag3_completions,169,0.16979104235630643,242
stable_core_room_et_all_points__no_draft,2020,ALL,lag3_passing_10,170,0.1697047124199335,242
stable_core_room_et_all_points__no_draft,2020,ALL,lag3_passing_first_downs,171,0.16945837280692747,242
stable_core_room_et_all_points__no_draft,2020,ALL,lag3_passing_16,172,0.16877305675909413,242
stable_core_room_et_all_points__no_draft,2020,ALL,lag3_passing_yards,173,0.16807626201934422,242
stable_core_room_et_all_points__no_draft,2020,ALL,room_lag1_nonzero_competitors_carries,174,0.16797541653120088,242
stable_core_room_et_all_points__no_draft,2020,ALL,lag4_rush_20_rate,175,0.16655055746489925,242
stable_core_room_et_all_points__no_draft,2020,ALL,lag3_passing_20,176,0.16627032166064246,242
stable_core_room_et_all_points__no_draft,2020,ALL,lag3_passing_40,177,0.1661921923587034,242
stable_core_room_et_all_points__no_draft,2020,ALL,lag2_sack_fumbles,178,0.16482621622856336,242
stable_core_room_et_all_points__no_draft,2020,ALL,lag4_receiving_fumbles_lost,179,0.16478053590297542,242
stable_core_room_et_all_points__no_draft,2020,ALL,age,180,0.16431558987267678,242
stable_core_room_et_all_points__no_draft,2020,ALL,lag2_pass_yards_per_attempt,181,0.16424772834967982,242
stable_core_room_et_all_points__no_draft,2020,ALL,room_lag1_other_attempts,182,0.1628495248812276,242
stable_core_room_et_all_points__no_draft,2020,ALL,lag2_completion_rate,183,0.1607548789372666,242
stable_core_room_et_all_points__no_draft,2020,ALL,lag3_passing_interceptions,184,0.15450668024178588,242
stable_core_room_et_all_points__no_draft,2020,ALL,lag3_sack_yards_lost,185,0.15362324630095914,242
stable_core_room_et_all_points__no_draft,2020,ALL,lag4_passing_tds,186,0.15356351908480614,242
stable_core_room_et_all_points__no_draft,2020,ALL,lag3_sacks_suffered,187,0.1535478864886953,242
stable_core_room_et_all_points__no_draft,2020,ALL,lag2_sack_fumbles_lost,188,0.15301243154715286,242
stable_core_room_et_all_points__no_draft,2020,ALL,lag3_sack_fumbles,189,0.1528606604463994,242
stable_core_room_et_all_points__no_draft,2020,ALL,lag3_rushing_40,190,0.1509265058186072,242
stable_core_room_et_all_points__no_draft,2020,ALL,lag3_pass_td_rate,191,0.15061787093854645,242
stable_core_room_et_all_points__no_draft,2020,ALL,room_competitor_count,192,0.1503250014058459,242
stable_core_room_et_all_points__no_draft,2020,ALL,lag4_passing_10,193,0.14876082853246853,242
stable_core_room_et_all_points__no_draft,2020,ALL,lag3_completion_rate,194,0.1485584656975358,242
stable_core_room_et_all_points__no_draft,2020,ALL,lag4_passing_16,195,0.1482532351917661,242
stable_core_room_et_all_points__no_draft,2020,ALL,lag4_passing_first_downs,196,0.1480972302706753,242
stable_core_room_et_all_points__no_draft,2020,ALL,lag4_attempts,197,0.14707332363734008,242
stable_core_room_et_all_points__no_draft,2020,ALL,lag3_pass_yards_per_attempt,198,0.14706862303718787,242
stable_core_room_et_all_points__no_draft,2020,ALL,lag4_passing_20,199,0.14666766433034753,242
stable_core_room_et_all_points__no_draft,2020,ALL,lag4_completions,200,0.14638239380700963,242
stable_core_room_et_all_points__no_draft,2020,ALL,combine_broad_jump,201,0.14567046326949923,242
stable_core_room_et_all_points__no_draft,2020,ALL,combine_vertical,202,0.1450547141891379,242
stable_core_room_et_all_points__no_draft,2020,ALL,lag4_passing_yards,203,0.14468094204732346,242
stable_core_room_et_all_points__no_draft,2020,ALL,lag4_passing_40,204,0.14466183300077629,242
stable_core_room_et_all_points__no_draft,2020,ALL,lag3_sack_fumbles_lost,205,0.14246418776983838,242
stable_core_room_et_all_points__no_draft,2020,ALL,lag4_rushing_fumbles_lost,206,0.14234071140713303,242
stable_core_room_et_all_points__no_draft,2020,ALL,lag4_pass_td_rate,207,0.14046891008299783,242
stable_core_room_et_all_points__no_draft,2020,ALL,lag4_sack_yards_lost,208,0.1383165078949764,242
stable_core_room_et_all_points__no_draft,2020,ALL,lag4_sacks_suffered,209,0.13795203446126889,242
stable_core_room_et_all_points__no_draft,2020,ALL,lag4_sack_fumbles,210,0.13451152406594122,242
stable_core_room_et_all_points__no_draft,2020,ALL,lag4_completion_rate,211,0.13336997679342463,242
stable_core_room_et_all_points__no_draft,2020,ALL,lag4_passing_interceptions,212,0.13290115786708617,242
stable_core_room_et_all_points__no_draft,2020,ALL,lag4_rushing_40,213,0.1325516186159526,242
stable_core_room_et_all_points__no_draft,2020,ALL,lag4_pass_yards_per_attempt,214,0.12900951775122058,242
stable_core_room_et_all_points__no_draft,2020,ALL,lag1_interception_rate,215,0.12853925841707356,242
stable_core_room_et_all_points__no_draft,2020,ALL,lag4_sack_fumbles_lost,216,0.1270953561771576,242
stable_core_room_et_all_points__no_draft,2020,ALL,missing_combine_vertical,217,0.12021924577814935,242
stable_core_room_et_all_points__no_draft,2020,ALL,missing_combine_broad_jump,218,0.11429259017189392,242
stable_core_room_et_all_points__no_draft,2020,ALL,missing_years_exp,219,0.11419933245003454,242
stable_core_room_et_all_points__no_draft,2020,ALL,lag3_interception_rate,220,0.11190445636275627,242
stable_core_room_et_all_points__no_draft,2020,ALL,combine_forty,221,0.1063929120308037,242
stable_core_room_et_all_points__no_draft,2020,ALL,lag2_interception_rate,222,0.10617962187449159,242
stable_core_room_et_all_points__no_draft,2020,ALL,room_lag1_nonzero_competitors_passing_yards,223,0.1035594053601668,242
stable_core_room_et_all_points__no_draft,2020,ALL,room_lag1_nonzero_competitors_attempts,224,0.10072522420261178,242
stable_core_room_et_all_points__no_draft,2020,ALL,combine_bench,225,0.10064660601897149,242
stable_core_room_et_all_points__no_draft,2020,ALL,lag4_interception_rate,226,0.09812212961107844,242
stable_core_room_et_all_points__no_draft,2020,ALL,missing_combine_bench,227,0.09603944891235691,242
stable_core_room_et_all_points__no_draft,2020,ALL,missing_combine_cone,228,0.0928102354859434,242
stable_core_room_et_all_points__no_draft,2020,ALL,missing_combine_shuttle,229,0.09260542335309152,242
stable_core_room_et_all_points__no_draft,2020,ALL,missing_age,230,0.07465857653911083,242
stable_core_room_et_all_points__no_draft,2020,ALL,combine_shuttle,231,0.07128023104044535,242
stable_core_room_et_all_points__no_draft,2020,ALL,combine_cone,232,0.06908552965405322,242
stable_core_room_et_all_points__no_draft,2020,ALL,weight,233,0.013151586560007953,242
stable_core_room_et_all_points__no_draft,2020,ALL,missing_height,234,0.004524966640168393,242
stable_core_room_et_all_points__no_draft,2020,ALL,missing_is_rookie,235,0.004524966640168393,242
stable_core_room_et_all_points__no_draft,2020,ALL,missing_team_changed,236,0.004524966640168393,242
stable_core_room_et_all_points__no_draft,2020,ALL,missing_weight,237,0.004524966640168393,242
stable_core_room_et_all_points__no_draft,2020,ALL,position_QB,238,0.004524966640168393,242
stable_core_room_et_all_points__no_draft,2020,ALL,position_RB,239,0.004524966640168393,242
stable_core_room_et_all_points__no_draft,2020,ALL,position_TE,240,0.004524966640168393,242
stable_core_room_et_all_points__no_draft,2020,ALL,position_WR,241,0.004524966640168393,242
stable_core_room_et_all_points__no_draft,2020,ALL,height,242,0.0014489681135539559,242
stable_core_room_et_all_points__no_draft,2021,ALL,lag1_receptions,1,0.5323831146034261,242
stable_core_room_et_all_points__no_draft,2021,ALL,lag1_receiving_10,2,0.5276653104027655,242
stable_core_room_et_all_points__no_draft,2021,ALL,lag1_receiving_first_downs,3,0.5250789463152468,242
stable_core_room_et_all_points__no_draft,2021,ALL,lag1_receiving_yards,4,0.5243539366500695,242
stable_core_room_et_all_points__no_draft,2021,ALL,lag1_receiving_16,5,0.5196791956970775,242
stable_core_room_et_all_points__no_draft,2021,ALL,lag1_receiving_20,6,0.5098358413785268,242
stable_core_room_et_all_points__no_draft,2021,ALL,room_lag1_margin_receptions,7,0.5077166999884113,242
stable_core_room_et_all_points__no_draft,2021,ALL,lag1_games,8,0.506602869261728,242
stable_core_room_et_all_points__no_draft,2021,ALL,room_lag1_margin_receiving_yards,9,0.49119894214577847,242
stable_core_room_et_all_points__no_draft,2021,ALL,lag1_receiving_tds,10,0.4700143039326011,242
stable_core_room_et_all_points__no_draft,2021,ALL,lag1_carries,11,0.4146525798796653,242
stable_core_room_et_all_points__no_draft,2021,ALL,lag2_receiving_16,12,0.4095208216236028,242
stable_core_room_et_all_points__no_draft,2021,ALL,lag2_receiving_10,13,0.40632426361295504,242
stable_core_room_et_all_points__no_draft,2021,ALL,lag2_receiving_20,14,0.4048353241053127,242
stable_core_room_et_all_points__no_draft,2021,ALL,lag2_receiving_first_downs,15,0.40469198177354415,242
stable_core_room_et_all_points__no_draft,2021,ALL,lag2_receptions,16,0.4035599496972394,242
stable_core_room_et_all_points__no_draft,2021,ALL,lag2_receiving_yards,17,0.39895866896966775,242
stable_core_room_et_all_points__no_draft,2021,ALL,lag2_games,18,0.39294578510530315,242
stable_core_room_et_all_points__no_draft,2021,ALL,lag1_receiving_40,19,0.39128340632504566,242
stable_core_room_et_all_points__no_draft,2021,ALL,lag1_rushing_first_downs,20,0.39045019043455365,242
stable_core_room_et_all_points__no_draft,2021,ALL,lag1_receiving_20_rate,21,0.38920505571748537,242
stable_core_room_et_all_points__no_draft,2021,ALL,lag1_rushing_10,22,0.38486831471490246,242
stable_core_room_et_all_points__no_draft,2021,ALL,lag1_fumbles_total,23,0.38227169245698345,242
stable_core_room_et_all_points__no_draft,2021,ALL,room_lag1_margin_carries,24,0.37567003161689067,242
stable_core_room_et_all_points__no_draft,2021,ALL,lag1_receiving_yards_per_reception,25,0.3721938756236018,242
stable_core_room_et_all_points__no_draft,2021,ALL,lag1_rushing_yards,26,0.3714390289212697,242
stable_core_room_et_all_points__no_draft,2021,ALL,lag2_receiving_tds,27,0.370764287569138,242
stable_core_room_et_all_points__no_draft,2021,ALL,lag1_rushing_12,28,0.3695122146012816,242
stable_core_room_et_all_points__no_draft,2021,ALL,lag1_fumbles_lost_total,29,0.340943158777984,242
stable_core_room_et_all_points__no_draft,2021,ALL,room_lag1_margin_rushing_yards,30,0.3393937850033469,242
stable_core_room_et_all_points__no_draft,2021,ALL,lag2_receiving_20_rate,31,0.33803579285392577,242
stable_core_room_et_all_points__no_draft,2021,ALL,lag1_receiving_first_down_rate,32,0.33715434321377885,242
stable_core_room_et_all_points__no_draft,2021,ALL,lag2_fumbles_total,33,0.33247450589338406,242
stable_core_room_et_all_points__no_draft,2021,ALL,lag3_receiving_20,34,0.3314533280994892,242
stable_core_room_et_all_points__no_draft,2021,ALL,lag2_carries,35,0.3303168559219251,242
stable_core_room_et_all_points__no_draft,2021,ALL,lag3_receiving_16,36,0.32905064377550036,242
stable_core_room_et_all_points__no_draft,2021,ALL,lag1_rushing_tds,37,0.326242223952478,242
stable_core_room_et_all_points__no_draft,2021,ALL,lag3_games,38,0.3245817660008775,242
stable_core_room_et_all_points__no_draft,2021,ALL,lag3_receiving_10,39,0.3245429673127635,242
stable_core_room_et_all_points__no_draft,2021,ALL,lag2_receiving_40,40,0.3220067008942514,242
stable_core_room_et_all_points__no_draft,2021,ALL,lag3_receiving_first_downs,41,0.3213754603971704,242
stable_core_room_et_all_points__no_draft,2021,ALL,lag3_receptions,42,0.3193717636365406,242
stable_core_room_et_all_points__no_draft,2021,ALL,lag2_receiving_yards_per_reception,43,0.3166877529165661,242
stable_core_room_et_all_points__no_draft,2021,ALL,lag3_receiving_yards,44,0.31648032418309385,242
stable_core_room_et_all_points__no_draft,2021,ALL,lag2_rushing_first_downs,45,0.31374373852495696,242
stable_core_room_et_all_points__no_draft,2021,ALL,lag3_receiving_tds,46,0.3113947373912441,242
stable_core_room_et_all_points__no_draft,2021,ALL,lag1_rushing_20,47,0.31120891113762056,242
stable_core_room_et_all_points__no_draft,2021,ALL,lag1_rush_yards_per_carry,48,0.3075013798291803,242
stable_core_room_et_all_points__no_draft,2021,ALL,lag1_rushing_fumbles,49,0.30641625795062133,242
stable_core_room_et_all_points__no_draft,2021,ALL,lag2_rushing_10,50,0.30610905940495065,242
stable_core_room_et_all_points__no_draft,2021,ALL,lag2_receiving_first_down_rate,51,0.3042035600419074,242
stable_core_room_et_all_points__no_draft,2021,ALL,lag2_rushing_yards,52,0.30232770467133296,242
stable_core_room_et_all_points__no_draft,2021,ALL,room_lag1_other_receptions,53,0.2999718260529204,242
stable_core_room_et_all_points__no_draft,2021,ALL,lag1_roster_weeks,54,0.2979024970043528,242
stable_core_room_et_all_points__no_draft,2021,ALL,lag2_fumbles_lost_total,55,0.29648264336207675,242
stable_core_room_et_all_points__no_draft,2021,ALL,lag3_fumbles_total,56,0.294951416593282,242
stable_core_room_et_all_points__no_draft,2021,ALL,lag2_rushing_12,57,0.2937973178295036,242
stable_core_room_et_all_points__no_draft,2021,ALL,lag3_receiving_20_rate,58,0.2917294968301133,242
stable_core_room_et_all_points__no_draft,2021,ALL,room_lag1_other_receiving_yards,59,0.2904119495769193,242
stable_core_room_et_all_points__no_draft,2021,ALL,lag3_receiving_40,60,0.28007015745087854,242
stable_core_room_et_all_points__no_draft,2021,ALL,lag1_rush_20_rate,61,0.27875037001386516,242
stable_core_room_et_all_points__no_draft,2021,ALL,lag3_carries,62,0.2786251147040142,242
stable_core_room_et_all_points__no_draft,2021,ALL,lag2_roster_weeks,63,0.2773830791290735,242
stable_core_room_et_all_points__no_draft,2021,ALL,lag1_rush_first_down_rate,64,0.27324906308762453,242
stable_core_room_et_all_points__no_draft,2021,ALL,lag4_receiving_20,65,0.2721845940132072,242
stable_core_room_et_all_points__no_draft,2021,ALL,lag4_receiving_16,66,0.2721364236422045,242
stable_core_room_et_all_points__no_draft,2021,ALL,lag3_receiving_yards_per_reception,67,0.26906395065468014,242
stable_core_room_et_all_points__no_draft,2021,ALL,lag4_games,68,0.26858295239595636,242
stable_core_room_et_all_points__no_draft,2021,ALL,lag1_receiving_fumbles,69,0.26780211436532236,242
stable_core_room_et_all_points__no_draft,2021,ALL,lag3_roster_weeks,70,0.2669575119500785,242
stable_core_room_et_all_points__no_draft,2021,ALL,lag2_rush_yards_per_carry,71,0.2659478054510194,242
stable_core_room_et_all_points__no_draft,2021,ALL,lag4_receiving_10,72,0.26502446598639307,242
stable_core_room_et_all_points__no_draft,2021,ALL,room_lag1_other_carries,73,0.26389581548046376,242
stable_core_room_et_all_points__no_draft,2021,ALL,lag4_receptions,74,0.2637813003436666,242
stable_core_room_et_all_points__no_draft,2021,ALL,years_exp,75,0.26143860487052945,242
stable_core_room_et_all_points__no_draft,2021,ALL,lag3_receiving_first_down_rate,76,0.261385687436888,242
stable_core_room_et_all_points__no_draft,2021,ALL,lag4_receiving_yards,77,0.26136801346893074,242
stable_core_room_et_all_points__no_draft,2021,ALL,lag4_receiving_first_downs,78,0.26101579759744875,242
stable_core_room_et_all_points__no_draft,2021,ALL,lag3_rushing_first_downs,79,0.2603503732415879,242
stable_core_room_et_all_points__no_draft,2021,ALL,lag3_fumbles_lost_total,80,0.25835666850928296,242
stable_core_room_et_all_points__no_draft,2021,ALL,lag1_history_available,81,0.25646723145841965,242
stable_core_room_et_all_points__no_draft,2021,ALL,lag4_fumbles_total,82,0.25451063226986975,242
stable_core_room_et_all_points__no_draft,2021,ALL,lag3_rushing_10,83,0.2532903240328281,242
stable_core_room_et_all_points__no_draft,2021,ALL,lag2_rushing_tds,84,0.25275647080596814,242
stable_core_room_et_all_points__no_draft,2021,ALL,lag2_history_available,85,0.2526368041535097,242
stable_core_room_et_all_points__no_draft,2021,ALL,lag4_receiving_tds,86,0.25055189571942155,242
stable_core_room_et_all_points__no_draft,2021,ALL,lag3_history_available,87,0.24982677789552415,242
stable_core_room_et_all_points__no_draft,2021,ALL,lag1_passing_tds,88,0.24895879521592115,242
stable_core_room_et_all_points__no_draft,2021,ALL,lag1_rushing_fumbles_lost,89,0.24808916141368817,242
stable_core_room_et_all_points__no_draft,2021,ALL,lag1_attempts,90,0.2478721434636553,242
stable_core_room_et_all_points__no_draft,2021,ALL,lag3_rushing_yards,91,0.2478600715269474,242
stable_core_room_et_all_points__no_draft,2021,ALL,lag2_rush_first_down_rate,92,0.2471266171211429,242
stable_core_room_et_all_points__no_draft,2021,ALL,lag2_rushing_fumbles,93,0.24701215183248812,242
stable_core_room_et_all_points__no_draft,2021,ALL,lag4_receiving_20_rate,94,0.24614743275748965,242
stable_core_room_et_all_points__no_draft,2021,ALL,lag2_receiving_fumbles,95,0.2452799422182738,242
stable_core_room_et_all_points__no_draft,2021,ALL,lag1_passing_10,96,0.24360342322893278,242
stable_core_room_et_all_points__no_draft,2021,ALL,lag2_rushing_20,97,0.2429217328826951,242
stable_core_room_et_all_points__no_draft,2021,ALL,lag1_passing_16,98,0.2428114677970662,242
stable_core_room_et_all_points__no_draft,2021,ALL,lag1_passing_first_downs,99,0.2427582806440936,242
stable_core_room_et_all_points__no_draft,2021,ALL,lag3_rushing_12,100,0.2413646356328948,242
stable_core_room_et_all_points__no_draft,2021,ALL,lag1_passing_20,101,0.24037336472092163,242
stable_core_room_et_all_points__no_draft,2021,ALL,lag1_completions,102,0.23961844768407725,242
stable_core_room_et_all_points__no_draft,2021,ALL,lag1_passing_yards,103,0.2395354674364357,242
stable_core_room_et_all_points__no_draft,2021,ALL,lag4_receiving_40,104,0.23946054340425713,242
stable_core_room_et_all_points__no_draft,2021,ALL,room_lag1_other_rushing_yards,105,0.2377566150940326,242
stable_core_room_et_all_points__no_draft,2021,ALL,lag1_passing_40,106,0.23718436967208045,242
stable_core_room_et_all_points__no_draft,2021,ALL,lag4_fumbles_lost_total,107,0.23712393490366634,242
stable_core_room_et_all_points__no_draft,2021,ALL,missing_combine_forty,108,0.234323507517206,242
stable_core_room_et_all_points__no_draft,2021,ALL,lag4_receiving_yards_per_reception,109,0.23340455074235206,242
stable_core_room_et_all_points__no_draft,2021,ALL,lag4_carries,110,0.23331995487648702,242
stable_core_room_et_all_points__no_draft,2021,ALL,lag4_roster_weeks,111,0.22893332932012606,242
stable_core_room_et_all_points__no_draft,2021,ALL,lag3_rush_yards_per_carry,112,0.2256727754075502,242
stable_core_room_et_all_points__no_draft,2021,ALL,lag4_receiving_first_down_rate,113,0.22514637403010987,242
stable_core_room_et_all_points__no_draft,2021,ALL,lag1_sacks_suffered,114,0.22318551466632747,242
stable_core_room_et_all_points__no_draft,2021,ALL,lag1_sack_yards_lost,115,0.22277862443430624,242
stable_core_room_et_all_points__no_draft,2021,ALL,lag2_rush_20_rate,116,0.22277493955903147,242
stable_core_room_et_all_points__no_draft,2021,ALL,lag1_passing_interceptions,117,0.22221577532763892,242
stable_core_room_et_all_points__no_draft,2021,ALL,lag3_rush_first_down_rate,118,0.22154197406999798,242
stable_core_room_et_all_points__no_draft,2021,ALL,lag4_rushing_first_downs,119,0.22115414782963025,242
stable_core_room_et_all_points__no_draft,2021,ALL,lag4_history_available,120,0.21797362130963768,242
stable_core_room_et_all_points__no_draft,2021,ALL,lag4_rushing_10,121,0.21492687173883637,242
stable_core_room_et_all_points__no_draft,2021,ALL,lag1_rushing_40,122,0.21475569231829417,242
stable_core_room_et_all_points__no_draft,2021,ALL,lag3_receiving_fumbles,123,0.21430306196121604,242
stable_core_room_et_all_points__no_draft,2021,ALL,lag1_pass_td_rate,124,0.21331419489301362,242
stable_core_room_et_all_points__no_draft,2021,ALL,lag1_receiving_fumbles_lost,125,0.21308653202309763,242
stable_core_room_et_all_points__no_draft,2021,ALL,lag3_rushing_fumbles,126,0.21270257317194238,242
stable_core_room_et_all_points__no_draft,2021,ALL,lag4_rushing_yards,127,0.20953719501981996,242
stable_core_room_et_all_points__no_draft,2021,ALL,lag4_rushing_12,128,0.2072084607426584,242
stable_core_room_et_all_points__no_draft,2021,ALL,lag1_sack_fumbles,129,0.2066441705309217,242
stable_core_room_et_all_points__no_draft,2021,ALL,lag2_passing_tds,130,0.20290644484553713,242
stable_core_room_et_all_points__no_draft,2021,ALL,lag2_attempts,131,0.20270178672371406,242
stable_core_room_et_all_points__no_draft,2021,ALL,lag2_rushing_fumbles_lost,132,0.20171965618868942,242
stable_core_room_et_all_points__no_draft,2021,ALL,lag3_rushing_20,133,0.20162291307668231,242
stable_core_room_et_all_points__no_draft,2021,ALL,lag3_rushing_tds,134,0.20155546811890887,242
stable_core_room_et_all_points__no_draft,2021,ALL,room_lag1_nonzero_competitors_receptions,135,0.20070430251842755,242
stable_core_room_et_all_points__no_draft,2021,ALL,lag2_passing_10,136,0.20058849698569994,242
stable_core_room_et_all_points__no_draft,2021,ALL,room_lag1_nonzero_competitors_receiving_yards,137,0.20005100084143934,242
stable_core_room_et_all_points__no_draft,2021,ALL,lag1_pass_yards_per_attempt,138,0.1995011011448226,242
stable_core_room_et_all_points__no_draft,2021,ALL,room_lag1_margin_passing_yards,139,0.19898999735084097,242
stable_core_room_et_all_points__no_draft,2021,ALL,lag2_receiving_fumbles_lost,140,0.1989489290980572,242
stable_core_room_et_all_points__no_draft,2021,ALL,lag2_passing_first_downs,141,0.19862984409048767,242
stable_core_room_et_all_points__no_draft,2021,ALL,room_lag1_margin_attempts,142,0.19791840513631628,242
stable_core_room_et_all_points__no_draft,2021,ALL,is_rookie,143,0.19776027082186678,242
stable_core_room_et_all_points__no_draft,2021,ALL,lag2_passing_16,144,0.1974671713723349,242
stable_core_room_et_all_points__no_draft,2021,ALL,lag4_receiving_fumbles,145,0.1973557773820522,242
stable_core_room_et_all_points__no_draft,2021,ALL,lag2_passing_yards,146,0.1964015009025891,242
stable_core_room_et_all_points__no_draft,2021,ALL,lag2_completions,147,0.19555377282614514,242
stable_core_room_et_all_points__no_draft,2021,ALL,lag2_passing_20,148,0.19547377990934542,242
stable_core_room_et_all_points__no_draft,2021,ALL,lag4_rush_first_down_rate,149,0.19466341648015392,242
stable_core_room_et_all_points__no_draft,2021,ALL,lag2_passing_40,150,0.19377711454789445,242
stable_core_room_et_all_points__no_draft,2021,ALL,lag4_rush_yards_per_carry,151,0.19247502732582655,242
stable_core_room_et_all_points__no_draft,2021,ALL,lag3_rush_20_rate,152,0.18875165152762274,242
stable_core_room_et_all_points__no_draft,2021,ALL,lag1_sack_fumbles_lost,153,0.18614700370569215,242
stable_core_room_et_all_points__no_draft,2021,ALL,lag1_completion_rate,154,0.18590507260176503,242
stable_core_room_et_all_points__no_draft,2021,ALL,lag2_rushing_40,155,0.18506416448308996,242
stable_core_room_et_all_points__no_draft,2021,ALL,lag2_pass_td_rate,156,0.1808373387493804,242
stable_core_room_et_all_points__no_draft,2021,ALL,lag2_sacks_suffered,157,0.17842716542023965,242
stable_core_room_et_all_points__no_draft,2021,ALL,lag2_passing_interceptions,158,0.17795263413107731,242
stable_core_room_et_all_points__no_draft,2021,ALL,lag2_sack_yards_lost,159,0.176890937439589,242
stable_core_room_et_all_points__no_draft,2021,ALL,lag4_rushing_tds,160,0.17617326314285237,242
stable_core_room_et_all_points__no_draft,2021,ALL,lag3_attempts,161,0.17465486561524288,242
stable_core_room_et_all_points__no_draft,2021,ALL,room_lag1_nonzero_competitors_rushing_yards,162,0.17453040417410615,242
stable_core_room_et_all_points__no_draft,2021,ALL,lag3_rushing_fumbles_lost,163,0.17400060950394156,242
stable_core_room_et_all_points__no_draft,2021,ALL,room_lag1_nonzero_competitors_carries,164,0.17237249508018504,242
stable_core_room_et_all_points__no_draft,2021,ALL,room_lag1_other_passing_yards,165,0.1720743151135467,242
stable_core_room_et_all_points__no_draft,2021,ALL,lag2_pass_yards_per_attempt,166,0.170516831213873,242
stable_core_room_et_all_points__no_draft,2021,ALL,lag2_sack_fumbles,167,0.16981910505951792,242
stable_core_room_et_all_points__no_draft,2021,ALL,lag3_receiving_fumbles_lost,168,0.16975482895445884,242
stable_core_room_et_all_points__no_draft,2021,ALL,lag4_rushing_20,169,0.16948259741325591,242
stable_core_room_et_all_points__no_draft,2021,ALL,lag3_passing_tds,170,0.16835397216398534,242
stable_core_room_et_all_points__no_draft,2021,ALL,lag4_rushing_fumbles,171,0.1678105834587856,242
stable_core_room_et_all_points__no_draft,2021,ALL,lag2_completion_rate,172,0.16751159206232627,242
stable_core_room_et_all_points__no_draft,2021,ALL,lag3_passing_10,173,0.16684740183607255,242
stable_core_room_et_all_points__no_draft,2021,ALL,lag3_passing_first_downs,174,0.16659648342149488,242
stable_core_room_et_all_points__no_draft,2021,ALL,lag3_completions,175,0.1664830885182454,242
stable_core_room_et_all_points__no_draft,2021,ALL,lag3_passing_16,176,0.16591685956309335,242
stable_core_room_et_all_points__no_draft,2021,ALL,lag3_passing_yards,177,0.1649992346303401,242
stable_core_room_et_all_points__no_draft,2021,ALL,lag3_passing_40,178,0.1647855959492221,242
stable_core_room_et_all_points__no_draft,2021,ALL,age,179,0.16432449153599477,242
stable_core_room_et_all_points__no_draft,2021,ALL,lag4_receiving_fumbles_lost,180,0.16412811241915617,242
stable_core_room_et_all_points__no_draft,2021,ALL,lag3_passing_20,181,0.1640755944676041,242
stable_core_room_et_all_points__no_draft,2021,ALL,lag4_rush_20_rate,182,0.16335315336187117,242
stable_core_room_et_all_points__no_draft,2021,ALL,room_lag1_other_attempts,183,0.16151800992170348,242
stable_core_room_et_all_points__no_draft,2021,ALL,lag2_sack_fumbles_lost,184,0.15765330547355855,242
stable_core_room_et_all_points__no_draft,2021,ALL,combine_vertical,185,0.15506454112828189,242
stable_core_room_et_all_points__no_draft,2021,ALL,lag3_passing_interceptions,186,0.15449581160247994,242
stable_core_room_et_all_points__no_draft,2021,ALL,combine_broad_jump,187,0.1542226819347027,242
stable_core_room_et_all_points__no_draft,2021,ALL,lag4_passing_tds,188,0.15385365435607196,242
stable_core_room_et_all_points__no_draft,2021,ALL,room_competitor_count,189,0.1509664066268259,242
stable_core_room_et_all_points__no_draft,2021,ALL,lag3_sack_fumbles,190,0.1505022194560183,242
stable_core_room_et_all_points__no_draft,2021,ALL,lag3_sack_yards_lost,191,0.15036879676552742,242
stable_core_room_et_all_points__no_draft,2021,ALL,lag3_sacks_suffered,192,0.15033192420261055,242
stable_core_room_et_all_points__no_draft,2021,ALL,lag3_pass_td_rate,193,0.1499353646594339,242
stable_core_room_et_all_points__no_draft,2021,ALL,lag3_rushing_40,194,0.14859611774510514,242
stable_core_room_et_all_points__no_draft,2021,ALL,lag4_passing_10,195,0.1482714338474933,242
stable_core_room_et_all_points__no_draft,2021,ALL,lag4_passing_16,196,0.1481899169907239,242
stable_core_room_et_all_points__no_draft,2021,ALL,lag4_passing_20,197,0.14752101742159446,242
stable_core_room_et_all_points__no_draft,2021,ALL,lag4_passing_first_downs,198,0.14733541995704694,242
stable_core_room_et_all_points__no_draft,2021,ALL,lag4_attempts,199,0.14703400934982888,242
stable_core_room_et_all_points__no_draft,2021,ALL,lag3_pass_yards_per_attempt,200,0.14586975612317327,242
stable_core_room_et_all_points__no_draft,2021,ALL,lag4_passing_40,201,0.1454264275767998,242
stable_core_room_et_all_points__no_draft,2021,ALL,lag4_completions,202,0.14536017798070883,242
stable_core_room_et_all_points__no_draft,2021,ALL,lag3_completion_rate,203,0.14499445702319336,242
stable_core_room_et_all_points__no_draft,2021,ALL,lag4_passing_yards,204,0.14383808043752408,242
stable_core_room_et_all_points__no_draft,2021,ALL,lag4_rushing_fumbles_lost,205,0.14164388893250657,242
stable_core_room_et_all_points__no_draft,2021,ALL,lag4_pass_td_rate,206,0.14062028130474302,242
stable_core_room_et_all_points__no_draft,2021,ALL,lag4_sack_yards_lost,207,0.13936282231833116,242
stable_core_room_et_all_points__no_draft,2021,ALL,lag3_sack_fumbles_lost,208,0.13891790665428397,242
stable_core_room_et_all_points__no_draft,2021,ALL,lag4_sacks_suffered,209,0.13829991326352156,242
stable_core_room_et_all_points__no_draft,2021,ALL,lag4_sack_fumbles,210,0.1356842121347845,242
stable_core_room_et_all_points__no_draft,2021,ALL,lag4_completion_rate,211,0.13280222484065052,242
stable_core_room_et_all_points__no_draft,2021,ALL,lag4_passing_interceptions,212,0.13197291568375003,242
stable_core_room_et_all_points__no_draft,2021,ALL,missing_combine_vertical,213,0.12982522323607365,242
stable_core_room_et_all_points__no_draft,2021,ALL,lag4_rushing_40,214,0.12969230429064044,242
stable_core_room_et_all_points__no_draft,2021,ALL,lag1_interception_rate,215,0.12963876568866534,242
stable_core_room_et_all_points__no_draft,2021,ALL,lag4_pass_yards_per_attempt,216,0.1281468043319864,242
stable_core_room_et_all_points__no_draft,2021,ALL,lag4_sack_fumbles_lost,217,0.12741741564973438,242
stable_core_room_et_all_points__no_draft,2021,ALL,missing_combine_broad_jump,218,0.12306690046655386,242
stable_core_room_et_all_points__no_draft,2021,ALL,lag3_interception_rate,219,0.11349308162162272,242
stable_core_room_et_all_points__no_draft,2021,ALL,combine_forty,220,0.1117251239527002,242
stable_core_room_et_all_points__no_draft,2021,ALL,combine_bench,221,0.11124795702316044,242
stable_core_room_et_all_points__no_draft,2021,ALL,lag2_interception_rate,222,0.11060539378841494,242
stable_core_room_et_all_points__no_draft,2021,ALL,missing_years_exp,223,0.11002447187044655,242
stable_core_room_et_all_points__no_draft,2021,ALL,missing_combine_bench,224,0.10708968869669847,242
stable_core_room_et_all_points__no_draft,2021,ALL,room_lag1_nonzero_competitors_passing_yards,225,0.10129167281343764,242
stable_core_room_et_all_points__no_draft,2021,ALL,missing_combine_shuttle,226,0.10101535751250162,242
stable_core_room_et_all_points__no_draft,2021,ALL,missing_combine_cone,227,0.10007720361350891,242
stable_core_room_et_all_points__no_draft,2021,ALL,room_lag1_nonzero_competitors_attempts,228,0.09999528311306687,242
stable_core_room_et_all_points__no_draft,2021,ALL,lag4_interception_rate,229,0.09707882975346521,242
stable_core_room_et_all_points__no_draft,2021,ALL,combine_shuttle,230,0.07749882386120584,242
stable_core_room_et_all_points__no_draft,2021,ALL,combine_cone,231,0.0734559088840729,242
stable_core_room_et_all_points__no_draft,2021,ALL,missing_age,232,0.07142704506086761,242
stable_core_room_et_all_points__no_draft,2021,ALL,weight,233,0.007861423544238442,242
stable_core_room_et_all_points__no_draft,2021,ALL,missing_height,234,0.004508145148247521,242
stable_core_room_et_all_points__no_draft,2021,ALL,missing_is_rookie,235,0.004508145148247521,242
stable_core_room_et_all_points__no_draft,2021,ALL,missing_team_changed,236,0.004508145148247521,242
stable_core_room_et_all_points__no_draft,2021,ALL,missing_weight,237,0.004508145148247521,242
stable_core_room_et_all_points__no_draft,2021,ALL,position_QB,238,0.004508145148247521,242
stable_core_room_et_all_points__no_draft,2021,ALL,position_RB,239,0.004508145148247521,242
stable_core_room_et_all_points__no_draft,2021,ALL,position_TE,240,0.004508145148247521,242
stable_core_room_et_all_points__no_draft,2021,ALL,position_WR,241,0.004508145148247521,242
stable_core_room_et_all_points__no_draft,2021,ALL,height,242,0.002038065583458081,242
