target_season,player_id,model_position,team,candidate_name,roster_status,available_for_draft,is_rookie,age,predicted_points,points_p10,points_p90,points_source,injury_probability,health_probability,points_percentile,position_points_rank,draft_score,replacement_points,vorp,overall_value,relative_health,overall_draft_score,risk_band,points_confidence,current_injury_listing,current_injury_or_designation,current_injury_status,expected_return,evidence_date,source_publisher,source_tier,source_url,status_as_of
2026,00-0038543,WR,SEA,Jaxon Smith-Njigba,ACT,True,no,24.54533576965332,249.73826764870932,181.9464481929781,332.01904953151177,phase4_production,0.447149449770243,0.5528505502297569,1.0,1,91.06,122.48557493000283,127.25,1.0,0.3053212678487347,86.11,higher,standard,False,,,,,,,,2026-08-14
2026,00-0036963,WR,DET,Amon-Ra St. Brown,ACT,True,no,26.856130599975586,231.91780623728135,164.12598678155013,314.19858812008374,phase4_production,0.4228923304071227,0.5771076695928773,0.9973958333333334,2,91.33,122.48557493000283,109.43,0.86,0.32957838721185506,75.39,higher,standard,False,,,,,,,,2026-08-14
2026,00-0039075,WR,LA,Puka Nacua,ACT,True,no,25.259929656982422,231.2673156525575,163.47549619682627,313.54809753535994,phase4_production,0.42399322962905145,0.5760067703709486,0.9947916666666666,3,91.1,122.48557493000283,108.78,0.8549,0.3284774879899264,74.96,higher,standard,True,Groin,Questionable,"Aug 22, 2026",2026-08-14,MyFantasyLeague,Documented public injury API,https://api.myfantasyleague.com/2026/export?TYPE=injuries&JSON=1,2026-08-14
2026,00-0038542,RB,ATL,Bijan Robinson,ACT,True,no,24.58640480041504,264.68582791005304,195.5262462279108,379.653723648379,phase4_production,0.6035545970866458,0.3964454029133542,1.0,1,87.93,156.9957177199209,107.69,0.8463,0.2008547956626372,71.72,higher,standard,False,,,,,,,,2026-08-14
2026,00-0037744,TE,AZ,Trey McBride,ACT,True,no,26.776729583740234,226.95632714846886,183.20547549737424,299.83354708481664,phase4_production,0.427526030916462,0.572473969083538,1.0,1,91.45,124.92868260243878,102.03,0.8018,0.35346050402587015,71.21,higher,standard,False,,,,,,,,2026-08-14
2026,00-0034857,QB,BUF,Josh Allen,ACT,True,no,30.281251907348633,322.7420576278662,213.08296054721833,463.31789829146084,phase4_production,0.4248327469385855,0.5751672530614145,1.0,1,91.5,219.7920156860182,102.95,0.809,0.29513627980119916,70.62,higher,standard,False,,,,,,,,2026-08-14
2026,00-0036900,WR,CIN,Ja'Marr Chase,ACT,True,no,26.502939224243164,215.27921233365407,147.48739287792284,297.5599942164565,phase4_production,0.3765028216687103,0.6234971783312897,0.9921875,4,91.84,122.48557493000283,92.79,0.7292,0.37596789595026747,65.86,higher,standard,False,,,,,,,,2026-08-14
2026,00-0037247,WR,DAL,George Pickens,ACT,True,no,25.495389938354492,212.4020716963592,144.61025224062797,294.6828535791616,phase4_production,0.3911838122745417,0.6088161877254583,0.9869791666666666,6,91.13,122.48557493000283,89.92,0.7066,0.3612869053444361,63.75,higher,standard,False,,,,,,,,2026-08-14
2026,00-0036322,WR,MIN,Justin Jefferson,ACT,True,no,27.21205711364746,213.0041360659819,145.21231661025064,295.2849179487843,phase4_production,0.41772430183556913,0.5822756981644308,0.9895833333333334,5,90.81,122.48557493000283,90.52,0.7114,0.3347464157834086,63.61,higher,standard,False,,,,,,,,2026-08-14
2026,00-0039064,WR,BAL,Zay Flowers,ACT,True,no,25.971786499023438,206.67380875410402,138.8819892983728,288.95459063690646,phase4_production,0.4562153149305007,0.5437846850694993,0.9817708333333334,8,89.42,122.48557493000283,84.19,0.6616,0.29625540268847705,58.85,higher,standard,False,,,,,,,,2026-08-14
2026,00-0036358,WR,DAL,CeeDee Lamb,ACT,True,no,27.40097427368164,206.97139594271584,139.17957648698462,289.2521778255183,phase4_production,0.4675834748566907,0.5324165251433093,0.984375,7,89.4,122.48557493000283,84.49,0.664,0.28488724276228705,58.82,higher,standard,False,,,,,,,,2026-08-14
2026,00-0039139,RB,DET,Jahmyr Gibbs,ACT,True,no,24.452247619628906,240.46440492640076,171.30482324425853,355.43230066472677,phase4_production,0.6157229768612762,0.3842770231387238,0.9952380952380953,2,87.3,156.9957177199209,83.47,0.656,0.18868641588800683,56.25,higher,standard,True,Back,Questionable,"Aug 22, 2026",2026-08-14,MyFantasyLeague,Documented public injury API,https://api.myfantasyleague.com/2026/export?TYPE=injuries&JSON=1,2026-08-14
2026,00-0037240,WR,DET,Jameson Williams,ACT,True,no,25.435155868530273,200.48119873697385,132.68937928124262,282.7619806197763,phase4_production,0.4614542456806028,0.5385457543193972,0.9791666666666666,9,89.1,122.48557493000283,78.0,0.613,0.291016471938375,54.86,higher,standard,False,,,,,,,,2026-08-14
2026,00-0032764,RB,BAL,Derrick Henry,ACT,True,no,32.657752990722656,230.26794761904765,161.10836593690541,345.2358433573736,phase4_production,0.4685556378513563,0.5314443621486438,0.9857142857142858,4,89.49,156.9957177199209,73.27,0.5758,0.3358537548979268,52.78,higher,standard,False,,,,,,,,2026-08-14
2026,00-0037238,WR,ATL,Drake London,ACT,True,no,25.10660743713379,197.9819032314273,130.19008377569605,280.2626851142297,phase4_production,0.5391496803937572,0.4608503196062428,0.9765625,10,87.34,122.48557493000283,75.5,0.5933,0.21332103722522056,51.73,higher,standard,False,,,,,,,,2026-08-14
2026,00-0039040,RB,MIA,De'Von Achane,ACT,True,no,24.884836196899414,231.74679397693532,162.5872122947931,346.71468971526133,phase4_production,0.6063905081737843,0.39360949182621574,0.9904761904761905,3,87.11,156.9957177199209,74.75,0.5874,0.19801888457549877,50.95,higher,standard,False,,,,,,,,2026-08-14
2026,00-0040122,RB,LV,Ashton Jeanty,ACT,True,no,22.749269485473633,223.3720499682708,154.21246828612857,338.3399457065968,phase4_production,0.5474516854282686,0.4525483145717314,0.9809523809523809,5,87.53,156.9957177199209,66.38,0.5217,0.2569577073210144,46.88,higher,standard,False,,,,,,,,2026-08-14
2026,00-0040124,WR,CAR,Tetairoa McMillan,ACT,True,no,23.40910530090332,184.22470280682288,116.43288335109163,266.5054846896253,phase4_production,0.5315734866885015,0.46842651331149854,0.9739583333333334,11,87.29,122.48557493000283,61.74,0.4852,0.2208972309304763,43.23,higher,standard,False,,,,,,,,2026-08-14
2026,00-0037239,WR,NO,Chris Olave,ACT,True,no,26.179866790771484,178.7378839497408,110.94606449400955,261.0186658325432,phase4_production,0.38136566844900605,0.6186343315509939,0.96875,13,89.87,122.48557493000283,56.25,0.442,0.37110504916997167,42.78,higher,standard,False,,,,,,,,2026-08-14
2026,00-0036554,WR,HOU,Nico Collins,ACT,True,no,27.455732345581055,179.2704775985121,111.47865814278084,261.5512594813145,phase4_production,0.4942696734213534,0.5057303265786466,0.9713541666666666,12,87.82,122.48557493000283,56.78,0.4462,0.25820104419762435,40.86,higher,standard,False,,,,,,,,2026-08-14
2026,00-0036613,WR,DEN,Jaylen Waddle,ACT,True,no,27.767852783203125,178.02172867516205,110.22990921943081,260.30251055796447,phase4_production,0.4743265554030903,0.5256734445969097,0.9661458333333334,14,87.81,122.48557493000283,55.54,0.4365,0.27814416221588745,40.48,higher,standard,True,Leg,Questionable,"Aug 14, 2026",2026-08-14,MyFantasyLeague,Documented public injury API,https://api.myfantasyleague.com/2026/export?TYPE=injuries&JSON=1,2026-08-14
2026,00-0038597,RB,CIN,Chase Brown,ACT,True,no,26.44818115234375,214.105780731701,144.94619904955877,329.07367647002695,phase4_production,0.5793002777792536,0.42069972222074636,0.9761904761904762,6,86.51,156.9957177199209,57.11,0.4488,0.2251091149700294,40.41,higher,standard,False,,,,,,,,2026-08-14
2026,00-0035676,WR,NE,A.J. Brown,ACT,True,no,29.172399520874023,176.48153797140463,108.68971851567339,258.762319854207,phase4_production,0.45219024177572387,0.5478097582242761,0.9635416666666666,15,88.04,122.48557493000283,54.0,0.4244,0.3002804758432539,39.96,higher,standard,False,,,,,,,,2026-08-14
2026,00-0036912,WR,PHI,DeVonta Smith,ACT,True,no,27.797969818115234,174.96751717024003,107.17569771450879,257.24829905304244,phase4_production,0.4668313037299505,0.5331686962700495,0.9609375,16,87.54,122.48557493000283,52.48,0.4124,0.28563941388902725,38.7,higher,standard,True,Hamstring,Questionable,"Aug 22, 2026",2026-08-14,MyFantasyLeague,Documented public injury API,https://api.myfantasyleague.com/2026/export?TYPE=injuries&JSON=1,2026-08-14
2026,00-0039851,QB,NE,Drake Maye,ACT,True,no,24.00596809387207,272.0919580999175,162.43286101926967,412.66779876351217,phase4_production,0.45412500739194434,0.5458749926080557,0.9915966386554622,2,90.25,219.7920156860182,52.3,0.411,0.2658440193478404,38.2,higher,standard,False,,,,,,,,2026-08-14
2026,00-0038117,WR,TEN,Wan'Dale Robinson,ACT,True,no,25.65418815612793,171.6519934994004,103.86017404366915,253.9327753822028,phase4_production,0.4992232338101702,0.5007767661898298,0.9583333333333334,17,86.68,122.48557493000283,49.17,0.3864,0.25324748380880757,35.98,higher,standard,False,,,,,,,,2026-08-14
2026,00-0036389,QB,PHI,Jalen Hurts,ACT,True,no,28.06902313232422,267.55491507936523,157.89581799871738,408.1307557429599,phase4_production,0.46505380360651793,0.5349461963934821,0.9831932773109243,3,89.35,219.7920156860182,47.76,0.3753,0.25491522313326676,35.12,higher,standard,False,,,,,,,,2026-08-14
2026,00-0040129,WR,TB,Emeka Egbuka,ACT,True,no,23.882762908935547,168.97355004050493,101.18173058477369,251.25433192330735,phase4_production,0.5379791448505888,0.46202085514941116,0.9557291666666666,18,85.7,122.48557493000283,46.49,0.3653,0.21449157276838893,33.51,higher,standard,True,Toe,Questionable,"Aug 17, 2026",2026-08-14,MyFantasyLeague,Documented public injury API,https://api.myfantasyleague.com/2026/export?TYPE=injuries&JSON=1,2026-08-14
2026,00-0036970,TE,ATL,Kyle Pitts,ACT,True,no,25.903337478637695,168.98124552675526,125.23039387566064,241.85846546310307,phase4_production,0.49857328049546173,0.5014267195045383,0.9948717948717949,2,89.62,124.92868260243878,44.05,0.3462,0.2824132544468705,33.34,higher,standard,False,,,,,,,,2026-08-14
2026,00-0039918,QB,CHI,Caleb Williams,ACT,True,no,24.786272048950195,263.4687700315604,153.80967295091253,404.04461069515503,phase4_production,0.42701752620964106,0.5729824737903589,0.9747899159663865,4,89.44,219.7920156860182,43.68,0.3433,0.2929515005301436,33.32,higher,standard,False,,,,,,,,2026-08-14
2026,00-0040663,TE,CLE,Harold Fannin Jr.,ACT,True,no,22.11681365966797,168.40830431848136,124.65745266738674,241.28552425482917,phase4_production,0.5289201792472223,0.47107982075277766,0.9897435897435898,3,88.6,124.92868260243878,43.48,0.3417,0.2520663556951098,32.38,higher,standard,False,,,,,,,,2026-08-14
2026,00-0030506,TE,KC,Travis Kelce,ACT,True,no,36.906986236572266,162.60426046722907,118.85340881613445,235.48148040357688,phase4_production,0.3798596213682492,0.6201403786317508,0.9794871794871794,5,90.76,124.92868260243878,37.68,0.2961,0.4011269135740829,31.71,higher,standard,False,,,,,,,,2026-08-14
2026,00-0037840,RB,LA,Kyren Williams,ACT,True,no,26.015592575073242,197.75366267806262,128.5940809959204,312.7215584163886,phase4_production,0.5024335249773314,0.4975664750226686,0.9714285714285714,7,87.67,156.9957177199209,40.76,0.3203,0.3019758677719516,31.66,higher,standard,False,,,,,,,,2026-08-14
2026,00-0038559,WR,AZ,Michael Wilson,ACT,True,no,26.522104263305664,165.04876968581473,97.25695023008349,247.32955156861715,phase4_production,0.5312344143163912,0.4687655856836088,0.953125,19,85.63,122.48557493000283,42.56,0.3345,0.2212363033025866,31.18,higher,standard,False,,,,,,,,2026-08-14
2026,00-0036252,WR,PIT,Michael Pittman,ACT,True,no,28.906822204589844,163.57811544171778,95.78629598598654,245.8588973245202,phase4_production,0.4921557905662795,0.5078442094337206,0.9505208333333334,20,86.2,122.48557493000283,41.09,0.3229,0.2603149270526983,31.04,higher,standard,True,Leg,Questionable,"Aug 21, 2026",2026-08-14,MyFantasyLeague,Documented public injury API,https://api.myfantasyleague.com/2026/export?TYPE=injuries&JSON=1,2026-08-14
2026,00-0034348,WR,DEN,Courtland Sutton,ACT,True,no,30.894542694091797,162.54173010237014,94.7499106466389,244.82251198517255,phase4_production,0.49154269534611617,0.5084573046538838,0.9479166666666666,21,86.0,122.48557493000283,40.06,0.3148,0.2609280222728616,30.4,higher,standard,False,,,,,,,,2026-08-14
2026,00-0031381,WR,LA,Davante Adams,ACT,True,no,33.68720626831055,162.30290146033306,94.51108200460182,244.58368334313548,phase4_production,0.5064389172825334,0.49356108271746657,0.9453125,22,85.5,122.48557493000283,39.82,0.3129,0.24603180033644434,29.95,higher,standard,False,,,,,,,,2026-08-14
2026,00-0037248,RB,BUF,James Cook,ACT,True,no,26.935529708862305,196.59144337201138,127.43186168986915,311.55933911033736,phase4_production,0.5726532008942271,0.4273467991057729,0.9619047619047619,9,85.5,156.9957177199209,39.6,0.3112,0.23175619185505592,29.53,higher,standard,False,,,,,,,,2026-08-14
2026,00-0038120,RB,NYJ,Breece Hall,ACT,True,no,25.254453659057617,196.62305764496497,127.46347596282274,311.590953383291,phase4_production,0.6078871171601683,0.3921128828398317,0.9666666666666667,8,85.18,156.9957177199209,39.63,0.3114,0.19652227558911473,28.84,higher,standard,False,,,,,,,,2026-08-14
2026,00-0039732,QB,DEN,Bo Nix,ACT,True,no,26.516630172729492,256.3709152513835,146.71181817073565,396.94675591497816,phase4_production,0.44133025109323526,0.5586697489067647,0.9663865546218487,5,88.48,219.7920156860182,36.58,0.2875,0.2786387756465494,28.57,higher,standard,False,,,,,,,,2026-08-14
2026,00-0040128,TE,IND,Tyler Warren,ACT,True,no,24.27428436279297,162.62030696262696,118.86945531153233,235.49752689897474,phase4_production,0.5453162054000562,0.4546837945999438,0.9846153846153847,4,87.86,124.92868260243878,37.69,0.2962,0.23567032954227596,28.41,higher,standard,False,,,,,,,,2026-08-14
2026,00-0034960,WR,JAX,Jakobi Meyers,ACT,True,no,29.810331344604492,159.52830721888353,91.73648776315228,241.80908910168594,phase4_production,0.5104787764154003,0.4895212235845997,0.9427083333333334,23,85.21,122.48557493000283,37.04,0.2911,0.24199194120357748,28.13,higher,standard,False,,,,,,,,2026-08-14
2026,00-0036275,RB,CHI,D'Andre Swift,ACT,True,no,27.630956649780273,191.17045897984664,122.01087729770441,306.13835471817265,phase4_production,0.5526493890435756,0.44735061095642437,0.9571428571428572,10,85.52,156.9957177199209,34.17,0.2685,0.2517600037057074,26.52,higher,standard,False,,,,,,,,2026-08-14
2026,00-0033106,QB,DET,Jared Goff,ACT,True,no,31.88292694091797,244.90236353415105,135.2432664535032,385.4782041977457,phase4_production,0.21911980063054348,0.7808801993694565,0.9411764705882353,8,90.91,219.7920156860182,25.11,0.1973,0.5008492261092412,25.8,moderate,standard,False,,,,,,,,2026-08-14
2026,00-0037224,K,LAC,Cameron Dicker,ACT,True,no,26.322237014770508,141.69835637188822,49.20033159360017,182.32159453239206,phase2_production_kicker,0.11634747285676907,0.883652527143231,1.0,1,97.67,117.20593632592522,24.49,0.1925,0.5180371160612116,25.76,lower,low (kicker),False,,,,,,,,2026-08-14
2026,00-0035640,WR,PIT,DK Metcalf,ACT,True,no,28.715167999267578,155.88554137061064,88.0937219148794,238.16632325341305,phase4_production,0.5309244086671676,0.4690755913328324,0.9401041666666666,24,84.59,122.48557493000283,33.4,0.2625,0.22154630895181016,25.43,higher,standard,True,Undisclosed,Questionable,"Aug 21, 2026",2026-08-14,MyFantasyLeague,Documented public injury API,https://api.myfantasyleague.com/2026/export?TYPE=injuries&JSON=1,2026-08-14
2026,00-0036410,WR,CIN,Tee Higgins,ACT,True,no,27.620006561279297,155.11222942423237,87.32040996850112,237.39301130703478,phase4_production,0.511082422663989,0.48891757733601104,0.9375,25,84.78,122.48557493000283,32.63,0.2564,0.2413882949549888,25.34,higher,standard,False,,,,,,,,2026-08-14
2026,00-0036355,QB,LAC,Justin Herbert,ACT,True,no,28.47970962524414,248.61333077601412,138.95423369536627,389.1891714396088,phase4_production,0.4033829220445888,0.5966170779554112,0.957983193277311,6,88.57,219.7920156860182,28.82,0.2265,0.3165861046951959,24.45,higher,standard,False,,,,,,,,2026-08-14
2026,00-0033280,RB,SF,Christian McCaffrey,ACT,True,no,30.23470687866211,187.6353588835211,118.47577720137886,302.6032546218471,phase4_production,0.5811286333554829,0.4188713666445171,0.9523809523809523,11,84.57,156.9957177199209,30.64,0.2408,0.2232807593938001,23.73,higher,standard,True,Undisclosed,Questionable,"Aug 20, 2026",2026-08-14,MyFantasyLeague,Documented public injury API,https://api.myfantasyleague.com/2026/export?TYPE=injuries&JSON=1,2026-08-14
2026,00-0032726,K,HOU,Ka'imi Fairbairn,ACT,True,no,32.58930587768555,137.02055892188116,44.522534143593106,177.643797082385,phase2_production_kicker,0.13947599773925975,0.8605240022607402,0.9767441860465116,2,95.35,117.20593632592522,19.81,0.1557,0.4949085911787209,22.35,lower,low (kicker),False,,,,,,,,2026-08-14
2026,00-0039915,WR,LAC,Ladd McConkey,ACT,True,no,24.805437088012695,151.61636092510096,83.82454146936972,233.89714280790338,phase4_production,0.5786799233688668,0.42132007663113324,0.9348958333333334,26,83.22,122.48557493000283,29.13,0.2289,0.173790794250111,21.79,higher,standard,False,,,,,,,,2026-08-14
2026,00-0034855,QB,TB,Baker Mayfield,ACT,True,no,31.384628295898438,245.48501021843072,135.82591313778286,386.06085088202536,phase4_production,0.48600144407664236,0.5139985559233576,0.9495798319327731,7,86.25,219.7920156860182,25.69,0.2019,0.23396758266314233,20.83,higher,standard,False,,,,,,,,2026-08-14
2026,00-0037261,WR,BUF,Khalil Shakir,ACT,True,no,26.57686424255371,144.87718769269114,77.0853682369599,227.15796957549355,phase4_production,0.4152599160810816,0.5847400839189184,0.9296875,28,86.07,122.48557493000283,22.39,0.176,0.3372108015378962,20.82,higher,standard,False,,,,,,,,2026-08-14
2026,00-0037664,WR,IND,Alec Pierce,ACT,True,no,26.333189010620117,145.68724637748875,77.8954269217575,227.96802826029116,phase4_production,0.4523021028475016,0.5476978971524984,0.9322916666666666,27,85.54,122.48557493000283,23.2,0.1823,0.30016861477147616,20.59,higher,standard,True,Ankle,Out,"Aug 29, 2026",2026-08-14,MyFantasyLeague,Documented public injury API,https://api.myfantasyleague.com/2026/export?TYPE=injuries&JSON=1,2026-08-14
2026,00-0039404,K,MIN,Will Reichard,ACT,True,no,25.64323616027832,133.2053193740802,40.70729459579215,173.82855753458404,phase2_production_kicker,0.14882851504960445,0.8511714849503955,0.9534883720930233,3,93.3,117.20593632592522,16.0,0.1257,0.4855560738683762,19.77,lower,low (kicker),False,,,,,,,,2026-08-14
2026,00-0034827,WR,BUF,DJ Moore,ACT,True,no,29.38321876525879,143.98792679934698,76.19610734361574,226.2687086821494,phase4_production,0.45768821389010905,0.542311786109891,0.9270833333333334,29,85.01,122.48557493000283,21.5,0.169,0.2947825037288687,19.42,higher,standard,False,,,,,,,,2026-08-14
2026,00-0040734,RB,NE,TreVeyon Henderson,ACT,True,no,23.860858917236328,176.16169333606848,107.00211165392625,291.12958907439446,phase4_production,0.5231935937277435,0.47680640627225646,0.9428571428571428,13,84.96,156.9957177199209,19.17,0.1506,0.2812157990215395,17.67,higher,standard,False,,,,,,,,2026-08-14
2026,00-0031492,K,SEA,Jason Myers,ACT,True,no,35.308048248291016,128.308076412459,35.81005163417095,168.93131457296283,phase2_production_kicker,0.10346765522763171,0.8965323447723683,0.9302325581395349,4,92.35,117.20593632592522,11.1,0.0872,0.530916933690349,17.59,lower,low (kicker),False,,,,,,,,2026-08-14
2026,00-0033873,QB,KC,Patrick Mahomes,ACT,True,no,30.9575138092041,235.99425542328046,126.33515834263261,376.5700960868751,phase4_production,0.36089050883528145,0.6391094911647186,0.9327731092436975,9,87.4,219.7920156860182,16.2,0.1273,0.3590785179045033,17.37,higher,standard,True,Knee - ACL,Questionable,"Aug 22, 2026",2026-08-14,MyFantasyLeague,Documented public injury API,https://api.myfantasyleague.com/2026/export?TYPE=injuries&JSON=1,2026-08-14
2026,00-0034844,RB,PHI,Saquon Barkley,ACT,True,no,29.55844497680664,176.87905994268073,107.7194782605385,291.8469556810067,phase4_production,0.5728512323944286,0.4271487676055714,0.9476190476190476,12,84.35,156.9957177199209,19.88,0.1562,0.23155816035485444,17.13,higher,standard,False,,,,,,,,2026-08-14
2026,00-0039338,TE,LV,Brock Bowers,ACT,True,no,23.718488693237305,146.47860338018307,102.72775172908845,219.35582331653086,phase4_production,0.6064585172910537,0.3935414827089463,0.9743589743589743,6,85.82,124.92868260243878,21.55,0.1694,0.17452801765127846,17.04,higher,standard,False,,,,,,,,2026-08-14
2026,00-0034869,QB,SEA,Sam Darnold,ACT,True,no,29.240846633911133,234.66665452229248,125.00755744164462,375.24249518588715,phase4_production,0.3694942993282423,0.6305057006717577,0.9243697478991597,10,86.56,219.7920156860182,14.87,0.1169,0.3504747274115424,16.36,higher,standard,False,,,,,,,,2026-08-14
2026,00-0041231,RB,IND,Lincoln Pare,ACT,True,no,,0.04611728351441139,0.0,0.04611728351441139,phase4_production,2.530223194172726e-08,0.999999974697768,0.009523809523809525,208,20.76,156.9957177199209,-156.95,0.0,0.804409367447051,16.09,lower,standard,False,,,,,,,,2026-08-14
2026,00-0041273,RB,BUF,Desmond Reid,ACT,True,no,,0.04611728351441139,0.0,0.04611728351441139,phase4_production,2.530223194172726e-08,0.999999974697768,0.009523809523809525,208,20.76,156.9957177199209,-156.95,0.0,0.804409367447051,16.09,lower,standard,False,,,,,,,,2026-08-14
2026,00-0041350,RB,MIN,Kejon Owens,ACT,True,no,,0.04611728351441139,0.0,0.04611728351441139,phase4_production,2.530223194172726e-08,0.999999974697768,0.009523809523809525,208,20.76,156.9957177199209,-156.95,0.0,0.804409367447051,16.09,lower,standard,False,,,,,,,,2026-08-14
2026,00-0037692,K,DAL,Brandon Aubrey,ACT,True,no,31.46950340270996,127.89220208718247,35.39417730889441,168.51544024768629,phase2_production_kicker,0.17036541380594922,0.8296345861940508,0.9069767441860465,5,89.15,117.20593632592522,10.69,0.084,0.4640191751120315,16.0,lower,low (kicker),False,,,,,,,,2026-08-14
2026,00-0039652,RB,DET,Jabari Small,ACT,True,no,24.583667755126953,1.71141539571646,0.0,1.71141539571646,phase4_production,0.02168371034460025,0.9783162896553997,0.01904761904761905,207,21.09,156.9957177199209,-155.28,0.0,0.7827256824046828,15.65,lower,standard,False,,,,,,,,2026-08-14
2026,00-0041357,TE,SF,Khalil Dinkins,ACT,True,no,,0.04611728351441139,0.0,-0.08029707025664806,phase4_production,2.530223194172726e-08,0.999999974697768,0.007692307692307693,194,20.62,124.92868260243878,-124.88,0.0,0.7809865096401002,15.62,lower,standard,False,,,,,,,,2026-08-14
2026,00-0041535,TE,HOU,Louis Hansen,ACT,True,no,,0.04611728351441139,0.0,-0.08029707025664806,phase4_production,2.530223194172726e-08,0.999999974697768,0.007692307692307693,194,20.62,124.92868260243878,-124.88,0.0,0.7809865096401002,15.62,lower,standard,False,,,,,,,,2026-08-14
2026,00-0038134,RB,KC,Kenneth Walker III,ACT,True,no,25.865007400512695,175.02580996472673,105.8662282825845,289.9937057030527,phase4_production,0.597290631311585,0.402709368688415,0.9380952380952381,14,83.1,156.9957177199209,18.03,0.1417,0.20711876143769803,15.48,higher,standard,False,,,,,,,,2026-08-14
2026,00-0040260,RB,CLE,Ahmani Marshall,ACT,True,no,24.449508666992188,1.9123126356150506,0.0,1.9123126356150506,phase4_production,0.0414156552245415,0.9585843447754585,0.023809523809523808,206,21.08,156.9957177199209,-155.08,0.0,0.7629937375247415,15.26,lower,standard,False,,,,,,,,2026-08-14
2026,00-0040394,RB,CAR,Anthony Tyus III,ACT,True,no,23.452911376953125,1.9824079678968227,0.0,1.9824079678968227,phase4_production,0.04662149036758856,0.9533785096324114,0.0380952380952381,203,22.12,156.9957177199209,-155.01,0.0,0.7577879023816945,15.16,lower,standard,False,,,,,,,,2026-08-14
2026,00-0039230,RB,NYG,Dante Miller,ACT,True,no,27.30240821838379,2.000110833308538,0.0,2.000110833308538,phase4_production,0.051231731517198786,0.9487682684828012,0.04285714285714286,202,22.4,156.9957177199209,-155.0,0.0,0.7531776612320842,15.06,lower,standard,False,,,,,,,,2026-08-14
2026,00-0040788,WR,NO,Damien Alford,ACT,True,no,,0.0611172835144114,0.0,-0.017874414647175096,phase4_production,2.530223194172726e-08,0.999999974697768,0.010416666666666666,378,20.83,122.48557493000283,-122.42,0.0,0.7524706923167458,15.05,lower,standard,False,,,,,,,,2026-08-14
2026,00-0041022,WR,LV,Jonathan Brady,ACT,True,no,,0.0611172835144114,0.0,-0.017874414647175096,phase4_production,2.530223194172726e-08,0.999999974697768,0.010416666666666666,378,20.83,122.48557493000283,-122.42,0.0,0.7524706923167458,15.05,lower,standard,False,,,,,,,,2026-08-14
2026,00-0041215,WR,JAX,Ben Patterson,ACT,True,no,,0.0611172835144114,0.0,-0.017874414647175096,phase4_production,2.530223194172726e-08,0.999999974697768,0.010416666666666666,378,20.83,122.48557493000283,-122.42,0.0,0.7524706923167458,15.05,lower,standard,False,,,,,,,,2026-08-14
2026,00-0041222,WR,BUF,Gabriel Benyard,ACT,True,no,,0.0611172835144114,0.0,-0.017874414647175096,phase4_production,2.530223194172726e-08,0.999999974697768,0.010416666666666666,378,20.83,122.48557493000283,-122.42,0.0,0.7524706923167458,15.05,lower,standard,False,,,,,,,,2026-08-14
2026,00-0041311,WR,NYJ,Jalen Walthall,ACT,True,no,,0.0611172835144114,0.0,-0.017874414647175096,phase4_production,2.530223194172726e-08,0.999999974697768,0.010416666666666666,378,20.83,122.48557493000283,-122.42,0.0,0.7524706923167458,15.05,lower,standard,True,Undisclosed,Reserve/Injured,,2026-07-31,NFL,Official reserve transaction,https://www.nfl.com/transactions/league/reserve-list/2026/7,2026-08-14
2026,00-0041356,WR,MIN,Luke Wysong,ACT,True,no,,0.0611172835144114,0.0,-0.017874414647175096,phase4_production,2.530223194172726e-08,0.999999974697768,0.010416666666666666,378,20.83,122.48557493000283,-122.42,0.0,0.7524706923167458,15.05,lower,standard,False,,,,,,,,2026-08-14
2026,00-0041516,WR,DAL,Romello Brinson,ACT,True,no,,0.0611172835144114,0.0,-0.017874414647175096,phase4_production,2.530223194172726e-08,0.999999974697768,0.010416666666666666,378,20.83,122.48557493000283,-122.42,0.0,0.7524706923167458,15.05,lower,standard,False,,,,,,,,2026-08-14
2026,00-0040126,TE,CHI,Colston Loveland,ACT,True,no,22.396080017089844,138.96956625435334,95.21871460325872,211.84678619070115,phase4_production,0.4704109879204684,0.5295890120795316,0.958974358974359,9,87.31,124.92868260243878,14.04,0.1103,0.31057554702186374,15.04,higher,standard,False,,,,,,,,2026-08-14
2026,00-0038996,TE,GB,Tucker Kraft,ACT,True,no,25.826677322387695,142.7733418576364,99.02249020654179,215.6505617939842,phase4_production,0.5930031401554046,0.40699685984459544,0.9692307692307692,7,85.68,124.92868260243878,17.84,0.1402,0.1879833947869276,14.98,higher,standard,True,Knee - ACL,Questionable,"Aug 21, 2026",2026-08-14,MyFantasyLeague,Documented public injury API,https://api.myfantasyleague.com/2026/export?TYPE=injuries&JSON=1,2026-08-14
2026,00-0038409,RB,PIT,Lew Nichols III,ACT,True,no,25.043636322021484,4.889290868633019,0.0,4.889290868633019,phase4_production,0.05635917074262405,0.9436408292573759,0.1380952380952381,182,29.92,156.9957177199209,-152.11,0.0,0.7480502220066589,14.96,lower,standard,False,,,,,,,,2026-08-14
2026,00-0039471,RB,BUF,Frank Gore Jr.,ACT,True,no,24.471412658691406,2.119013010025033,0.0,2.119013010025033,phase4_production,0.05639874407193164,0.9436012559280683,0.06666666666666667,197,24.21,156.9957177199209,-154.88,0.0,0.7480106486773513,14.96,lower,standard,False,,,,,,,,2026-08-14
2026,00-0038930,RB,MIA,Carlos Washington,ACT,True,no,27.6829776763916,1.9589873495613466,0.0,1.9589873495613466,phase4_production,0.05982476442688185,0.9401752355731181,0.02857142857142857,205,21.09,156.9957177199209,-155.04,0.0,0.7445846283224011,14.89,lower,standard,False,,,,,,,,2026-08-14
2026,00-0036569,RB,CIN,Gary Brightwell,ACT,True,no,28.50708770751953,6.25246509595958,0.7253432504108526,6.25246509595958,phase4_production,0.06334078914219415,0.9366592108578058,0.17142857142857143,175,32.45,156.9957177199209,-150.74,0.0,0.7410686036070888,14.82,lower,standard,False,,,,,,,,2026-08-14
2026,00-0040730,RB,DEN,RJ Harvey,ACT,True,no,25.572052001953125,171.83337018283027,102.67378850068803,286.80126592115624,phase4_production,0.5307010142812766,0.4692989857187234,0.9333333333333333,15,84.05,156.9957177199209,14.84,0.1166,0.27370837846800644,14.8,higher,standard,False,,,,,,,,2026-08-14
2026,00-0036145,TE,WAS,Lawrence Cager,ACT,True,no,29.032766342163086,2.0216293657826685,0.0,1.8952150120116091,phase4_production,0.04113377159872983,0.9588662284012701,0.19487179487179487,158,34.77,124.92868260243878,-122.91,0.0,0.7398527633436023,14.8,lower,standard,False,,,,,,,,2026-08-14
2026,00-0038389,RB,DAL,Israel Abanikanda,ACT,True,no,23.90740394592285,3.7100849754193943,0.0,3.7100849754193943,phase4_production,0.06522834181606685,0.9347716581839332,0.11428571428571428,187,27.84,156.9957177199209,-153.29,0.0,0.7391810509332162,14.78,lower,standard,False,,,,,,,,2026-08-14
2026,00-0039244,RB,LV,Chris Collier,ACT,True,no,26.43996810913086,2.1401455138520937,0.0,2.1401455138520937,phase4_production,0.06708931465045129,0.9329106853495487,0.0761904761904762,195,24.75,156.9957177199209,-154.86,0.0,0.7373200780988317,14.75,lower,standard,True,Undisclosed,IR,"Feb 15, 2027",2026-08-14,MyFantasyLeague,Documented public injury API,https://api.myfantasyleague.com/2026/export?TYPE=injuries&JSON=1,2026-08-14
2026,00-0037078,TE,MIA,Cole Turner,ACT,True,no,26.461872100830078,3.1020488804705804,0.19158815866131906,2.9756345266995208,phase4_production,0.045052693066826514,0.9549473069331735,0.29743589743589743,138,42.89,124.92868260243878,-121.83,0.0,0.7359338418755057,14.72,lower,standard,False,,,,,,,,2026-08-14
2026,00-0036032,TE,IND,Sean McKeon,ACT,True,no,28.676837921142578,2.1306837282225426,0.0,2.004269374451483,phase4_production,0.045264133322164585,0.9547358666778354,0.2205128205128205,153,36.74,124.92868260243878,-122.8,0.0,0.7357224016201676,14.71,lower,standard,True,Undisclosed,IR,"Feb 15, 2027",2026-08-14,MyFantasyLeague,Documented public injury API,https://api.myfantasyleague.com/2026/export?TYPE=injuries&JSON=1,2026-08-14
2026,00-0037387,WR,BUF,Jalen Virgil,ACT,True,no,28.137470245361328,1.113012742934469,0.0,1.0340210447728824,phase4_production,0.016955485188382618,0.9830445148116174,0.020833333333333332,377,21.33,122.48557493000283,-121.37,0.0,0.7355152324305951,14.71,lower,standard,False,,,,,,,,2026-08-14
2026,00-0040618,RB,PIT,Max Hurleman,ACT,True,no,24.868410110473633,2.037712759953948,0.0,2.037712759953948,phase4_production,0.07454379745863024,0.9254562025413697,0.05238095238095238,200,22.7,156.9957177199209,-154.96,0.0,0.7298655952906528,14.6,lower,standard,False,,,,,,,,2026-08-14
2026,00-0032569,K,DEN,Wil Lutz,ACT,True,no,32.15398025512695,123.48417302019817,30.986148241910115,164.107411180702,phase2_production_kicker,0.10281521958401307,0.8971847804159869,0.8372093023255814,8,84.92,117.20593632592522,6.28,0.0494,0.5315693693339676,14.58,lower,low (kicker),False,,,,,,,,2026-08-14
2026,00-0037509,RB,SF,Sincere McCormick,ACT,True,no,25.974523544311523,2.386797990666163,0.0,2.386797990666163,phase4_production,0.07572888323416893,0.9242711167658311,0.09523809523809523,191,26.1,156.9957177199209,-154.61,0.0,0.7286805095151141,14.57,lower,standard,False,,,,,,,,2026-08-14
2026,00-0037422,WR,CIN,Kendric Pryor,ACT,True,no,28.652196884155273,1.9226628834353918,0.0,1.8436711852738052,phase4_production,0.026491912631820144,0.9735080873681798,0.0546875,364,23.85,122.48557493000283,-120.56,0.0,0.7259788049871576,14.52,lower,standard,False,,,,,,,,2026-08-14
2026,00-0037708,WR,CHI,Maurice Alexander,ACT,True,no,29.640581130981445,2.0216293657826685,0.0,1.942637667621082,phase4_production,0.027299085109957887,0.9727009148900421,0.08333333333333333,353,26.12,122.48557493000283,-120.46,0.0,0.7251716325090198,14.5,lower,standard,False,,,,,,,,2026-08-14
2026,00-0040637,RB,BAL,Lucas Scott,ACT,True,no,23.020322799682617,2.1545327576689823,0.0,2.1545327576689823,phase4_production,0.08332153820780437,0.9166784617921956,0.08095238095238096,194,24.81,156.9957177199209,-154.84,0.0,0.7210878545414786,14.42,lower,standard,False,,,,,,,,2026-08-14
2026,00-0040400,RB,MIA,Donovan Edwards,ACT,True,no,23.51588249206543,2.1146779779881157,0.0,2.1146779779881157,phase4_production,0.08423945603658561,0.9157605439634144,0.06190476190476191,198,23.27,156.9957177199209,-154.88,0.0,0.7201699367126975,14.4,lower,standard,False,,,,,,,,2026-08-14
2026,00-0040985,QB,BAL,Diego Pavia,ACT,True,no,,0.04611728351441139,0.0,1.902163723341176,phase4_production,2.530223194172726e-08,0.999999974697768,0.012605042016806723,118,21.01,219.7920156860182,-219.75,0.0,0.7199690014375527,14.4,lower,standard,False,,,,,,,,2026-08-14
2026,00-0041156,QB,MIA,Mark Gronowski,ACT,True,no,,0.04611728351441139,0.0,1.902163723341176,phase4_production,2.530223194172726e-08,0.999999974697768,0.012605042016806723,118,21.01,219.7920156860182,-219.75,0.0,0.7199690014375527,14.4,lower,standard,False,,,,,,,,2026-08-14
2026,00-0036020,RB,CHI,Salvon Ahmed,ACT,True,no,27.67476463317871,2.279233291506666,0.0,2.279233291506666,phase4_production,0.0847492377905769,0.9152507622094231,0.09047619047619047,192,25.54,156.9957177199209,-154.72,0.0,0.7196601549587062,14.39,lower,standard,False,,,,,,,,2026-08-14
2026,00-0037570,WR,TB,Dennis Houston,ACT,True,no,27.357166290283203,1.9473025969742588,0.0,1.8683108988126722,phase4_production,0.032737334871210624,0.9672626651287893,0.057291666666666664,363,23.93,122.48557493000283,-120.54,0.0,0.7197333827477671,14.39,lower,standard,False,,,,,,,,2026-08-14
2026,00-0035976,WR,CAR,Dan Chisena,ACT,True,no,29.514636993408203,1.9963085133763903,0.0,1.9173168152148037,phase4_production,0.03378264140296297,0.9662173585970371,0.06510416666666667,360,24.53,122.48557493000283,-120.49,0.0,0.7186880762160148,14.37,lower,standard,True,Undisclosed,IR,,2026-07-29,CBS Sports,"Secondary public tracker, independently reviewed",https://www.cbssports.com/nfl/injuries/,2026-08-14
2026,00-0037055,WR,TEN,Lance McCutcheon,ACT,True,no,27.50775146484375,1.5639409448615953,0.0,1.4849492467000087,phase4_production,0.034482807706030495,0.9655171922939695,0.044270833333333336,368,22.85,122.48557493000283,-120.92,0.0,0.7179879099129473,14.36,lower,standard,False,,,,,,,,2026-08-14
2026,00-0031136,K,PIT,Chris Boswell,ACT,True,no,35.464111328125,123.4372986834141,30.939273905126043,164.06053684391793,phase2_production_kicker,0.11264818456505049,0.8873518154349496,0.813953488372093,9,82.86,117.20593632592522,6.23,0.049,0.5217364043529302,14.35,lower,low (kicker),False,,,,,,,,2026-08-14
2026,00-0037031,TE,CHI,Nikola Kalinic,ACT,True,no,29.610464096069336,3.5999194647028476,0.6894587428935863,3.473505110931788,phase4_production,0.06332952908531121,0.9366704709146888,0.3282051282051282,132,44.99,124.92868260243878,-121.33,0.0,0.717657005857021,14.35,lower,standard,False,,,,,,,,2026-08-14
2026,00-0035973,RB,SF,Patrick Taylor,ACT,True,no,28.34281349182129,3.4151286424240768,0.0,3.4151286424240768,phase4_production,0.08680323427848317,0.9131967657215169,0.10952380952380952,188,27.03,156.9957177199209,-153.58,0.0,0.7176061584707999,14.35,lower,standard,False,,,,,,,,2026-08-14
2026,00-0040617,WR,CLE,Luke Floriea,ACT,True,no,24.857458114624023,1.8938199479646909,0.0,1.8148282498031043,phase4_production,0.03562387641314104,0.964376123586859,0.052083333333333336,365,23.45,122.48557493000283,-120.59,0.0,0.7168468412058367,14.34,lower,standard,False,,,,,,,,2026-08-14
2026,00-0039325,RB,PHI,Carson Steele,ACT,True,no,23.863597869873047,2.853525766100811,0.0,2.853525766100811,phase4_production,0.08824865061759879,0.9117513493824012,0.10476190476190476,189,26.62,156.9957177199209,-154.14,0.0,0.7161607421316842,14.32,lower,standard,False,,,,,,,,2026-08-14
2026,00-0037828,WR,PHI,Danny Gray,ACT,True,no,27.42013931274414,3.7118355078150795,0.0,3.632843809653493,phase4_production,0.03858825866066797,0.961411741339332,0.15625,325,31.73,122.48557493000283,-118.77,0.0,0.7138824589583098,14.28,lower,standard,True,Concussion,Questionable,"Aug 15, 2026",2026-08-14,MyFantasyLeague,Documented public injury API,https://api.myfantasyleague.com/2026/export?TYPE=injuries&JSON=1,2026-08-14
2026,00-0036816,K,MIA,Riley Patterson,ACT,True,no,26.984811782836914,123.93598761475847,31.43796283647042,164.5592257752623,phase2_production_kicker,0.13338450349171632,0.8666154965082837,0.8604651162790697,7,86.17,117.20593632592522,6.73,0.0529,0.5010000854262644,14.25,lower,low (kicker),False,,,,,,,,2026-08-14
2026,00-0037382,WR,LV,Brandon Johnson,ACT,True,no,28.101877212524414,2.229199073794491,0.0,2.1502073756329043,phase4_production,0.0412233820783895,0.9587766179216105,0.1328125,334,29.8,122.48557493000283,-120.26,0.0,0.7112473355405883,14.22,lower,standard,False,,,,,,,,2026-08-14
2026,00-0037300,WR,DEN,Mike Woods,ACT,True,no,26.453657150268555,3.1294885235823076,0.0,3.050496825420721,phase4_production,0.04177617220110819,0.9582238277988918,0.140625,331,30.41,122.48557493000283,-119.36,0.0,0.7106945454178696,14.21,lower,standard,False,,,,,,,,2026-08-14
2026,00-0039703,RB,DEN,Cody Schrader,ACT,True,no,26.982072830200195,2.01728964367687,0.0,2.01728964367687,phase4_production,0.09415797405188552,0.9058420259481145,0.047619047619047616,201,21.93,156.9957177199209,-154.98,0.0,0.7102514186973975,14.21,lower,standard,False,,,,,,,,2026-08-14
2026,00-0040568,RB,NE,Lan Larison,ACT,True,no,24.89031219482422,2.0642938394403267,0.0,2.0642938394403267,phase4_production,0.09546584006635667,0.9045341599336434,0.05714285714285714,199,22.66,156.9957177199209,-154.93,0.0,0.7089435526829264,14.18,lower,standard,False,,,,,,,,2026-08-14
2026,00-0040547,RB,ATL,Nate Carter,ACT,True,no,24.27975845336914,11.521175273254705,0.0,39.8496313919798,phase4_production,0.09615386237813622,0.9038461376218638,0.4142857142857143,124,51.22,156.9957177199209,-145.47,0.0,0.7082555303711469,14.17,lower,standard,False,,,,,,,,2026-08-14
2026,00-0036271,WR,PHI,Quez Watkins,ACT,True,no,28.230558395385742,3.8384325985853747,0.04933033840706891,3.759440900423788,phase4_production,0.04373657146048007,0.95626342853952,0.16145833333333334,323,32.04,122.48557493000283,-118.65,0.0,0.7087341461584977,14.17,lower,standard,False,,,,,,,,2026-08-14
2026,00-0039473,WR,CIN,Xavier Johnson,ACT,True,no,27.310623168945312,1.3057899510309037,0.0,1.226798252869317,phase4_production,0.04391374643418936,0.9560862535658107,0.03125,373,21.62,122.48557493000283,-121.18,0.0,0.7085569711847884,14.17,lower,standard,False,,,,,,,,2026-08-14
2026,00-0040429,RB,TB,Josh Williams,ACT,True,no,26.229148864746094,4.95663788745729,0.0,4.95663788745729,phase4_production,0.09619280031868262,0.9038071996813174,0.14285714285714285,181,29.5,156.9957177199209,-152.04,0.0,0.7082165924306004,14.16,lower,standard,False,,,,,,,,2026-08-14
2026,00-0038489,RB,BUF,Ben VanSumeren,ACT,True,no,26.324975967407227,1.9740907147068483,0.0,1.9740907147068483,phase4_production,0.09663809373732662,0.9033619062626734,0.03333333333333333,204,20.73,156.9957177199209,-155.02,0.0,0.7077712990119565,14.16,lower,standard,False,,,,,,,,2026-08-14
2026,00-0039626,WR,PIT,Cole Burgess,ACT,True,no,26.554960250854492,1.1303854318393283,0.0,1.0513937336777417,phase4_production,0.04506785033346515,0.9549321496665348,0.0234375,376,20.97,122.48557493000283,-121.36,0.0,0.7074028672855126,14.15,lower,standard,True,Undisclosed,IR,"Feb 15, 2027",2026-08-14,MyFantasyLeague,Documented public injury API,https://api.myfantasyleague.com/2026/export?TYPE=injuries&JSON=1,2026-08-14
2026,00-0040383,WR,AZ,Bryson Green,ACT,True,no,23.67194366455078,1.5880078469608565,0.0,1.50901614879927,phase4_production,0.04676824427401732,0.9532317557259826,0.046875,367,22.81,122.48557493000283,-120.9,0.0,0.7057024733449604,14.11,lower,standard,False,,,,,,,,2026-08-14
2026,00-0040461,WR,LAC,Luke Grimm,ACT,True,no,25.06553840637207,1.7552865529565183,0.0,1.6762948547949317,phase4_production,0.047677134189928985,0.952322865810071,0.049479166666666664,366,23.0,122.48557493000283,-120.73,0.0,0.7047935834290487,14.1,lower,standard,False,,,,,,,,2026-08-14
2026,00-0036775,WR,PIT,Brandon Smith,ACT,True,no,27.726783752441406,2.1314175757411156,0.0,2.052425877579529,phase4_production,0.04795113458510799,0.952048865414892,0.125,337,29.04,122.48557493000283,-120.35,0.0,0.7045195830338697,14.09,lower,standard,False,,,,,,,,2026-08-14
2026,00-0036567,RB,PHI,Elijah Mitchell,ACT,True,no,28.3346004486084,5.531079092166003,0.0039572466172757,5.531079092166003,phase4_production,0.10077411924606432,0.8992258807539357,0.1619047619047619,177,30.94,156.9957177199209,-151.46,0.0,0.7036352735032187,14.07,lower,standard,False,,,,,,,,2026-08-14
2026,00-0037156,WR,SEA,Irvin Charles,ACT,True,no,29.385955810546875,1.9706114277880717,0.0,1.8916197296264852,phase4_production,0.04955293621386546,0.9504470637861345,0.059895833333333336,362,23.8,122.48557493000283,-120.51,0.0,0.7029177814051123,14.06,lower,standard,False,,,,,,,,2026-08-14
2026,00-0034867,WR,SF,Malik Turner,ACT,True,no,30.5878963470459,4.209517902225013,0.4204156420467071,4.130526204063426,phase4_production,0.05162724102361325,0.9483727589763867,0.18229166666666666,315,33.55,122.48557493000283,-118.28,0.0,0.7008434765953645,14.02,lower,standard,False,,,,,,,,2026-08-14
2026,00-0040567,RB,NE,Brock Lampe,ACT,True,no,23.422794342041016,2.181113837155361,0.0,2.181113837155361,phase4_production,0.10327896707490396,0.8967210329250961,0.08571428571428572,193,24.79,156.9957177199209,-154.81,0.0,0.7011304256743791,14.02,lower,standard,False,,,,,,,,2026-08-14
2026,00-0040393,RB,DET,Kye Robichaux,ACT,True,no,23.904666900634766,2.125473652102194,0.0,2.125473652102194,phase4_production,0.10378447290936174,0.8962155270906382,0.07142857142857142,196,23.64,156.9957177199209,-154.87,0.0,0.7006249198399213,14.01,lower,standard,True,Undisclosed,Questionable,,2026-07-31,CBS Sports,"Secondary public tracker, independently reviewed",https://www.cbssports.com/nfl/injuries/,2026-08-14
2026,00-0035358,K,TB,Chase McLaughlin,ACT,True,no,30.396244049072266,125.38594703194968,32.88792225366163,166.00918519245351,phase2_production_kicker,0.19160470674738017,0.8083952932526198,0.8837209302325582,6,86.87,117.20593632592522,8.18,0.0643,0.4427798821706005,14.0,lower,low (kicker),False,,,,,,,,2026-08-14
2026,00-0036345,WR,TEN,K.J. Osborn,ACT,True,no,29.227157592773438,3.376800809230232,0.0,3.2978091110686454,phase4_production,0.0526150214394582,0.9473849785605418,0.1484375,328,30.82,122.48557493000283,-119.11,0.0,0.6998556961795196,14.0,lower,standard,False,,,,,,,,2026-08-14
2026,00-0036955,WR,MIA,Terrace Marshall Jr.,ACT,True,no,26.229148864746094,4.233771380126582,0.44466911994827596,4.154779681964995,phase4_production,0.053804773313693564,0.9461952266863064,0.18489583333333334,314,33.72,122.48557493000283,-118.25,0.0,0.6986659443052842,13.97,lower,standard,False,,,,,,,,2026-08-14
2026,00-0040405,WR,NYJ,Jamaal Pritchett,ACT,True,no,23.228403091430664,2.1135900001377497,0.0,2.034598301976163,phase4_production,0.05811175832922589,0.9418882416707741,0.12239583333333333,338,28.63,122.48557493000283,-120.37,0.0,0.6943589592897519,13.89,lower,standard,False,,,,,,,,2026-08-14
2026,00-0040621,WR,SEA,Montorie Foster Jr,ACT,True,no,25.079227447509766,1.2538674652942816,0.0,1.174875767132695,phase4_production,0.057753086892705814,0.9422469131072941,0.028645833333333332,374,21.14,122.48557493000283,-121.23,0.0,0.6947176307262719,13.89,lower,standard,False,,,,,,,,2026-08-14
2026,00-0036387,WR,MIA,Jalen Reagor,ACT,True,no,27.6638126373291,3.852016149087498,0.06291388890919203,3.773024450925911,phase4_production,0.05859360940415151,0.9414063905958485,0.1640625,322,31.95,122.48557493000283,-118.63,0.0,0.6938771082148263,13.88,lower,standard,False,,,,,,,,2026-08-14
2026,00-0037228,RB,PIT,Jaylen Warren,ACT,True,no,27.83356285095215,170.84951356020517,101.68993187806294,285.8174092985312,phase4_production,0.5483058489556941,0.4516941510443059,0.9285714285714286,16,83.32,156.9957177199209,13.85,0.1088,0.2561035437935889,13.83,higher,standard,False,,,,,,,,2026-08-14
2026,00-0040352,WR,IND,Coleman Owen,ACT,True,no,25.443368911743164,6.053082893578652,0.0,27.964136143692745,phase4_production,0.06107040454637395,0.9389295954536261,0.2421875,292,38.15,122.48557493000283,-116.43,0.0,0.6914003130726039,13.83,lower,standard,False,,,,,,,,2026-08-14
2026,00-0040039,RB,LAC,Amar Johnson,ACT,True,no,23.584331512451172,4.616243929240355,0.0,4.616243929240355,phase4_production,0.11314589025382912,0.8868541097461708,0.12857142857142856,184,28.02,156.9957177199209,-152.38,0.0,0.6912635024954539,13.83,lower,standard,False,,,,,,,,2026-08-14
2026,00-0040597,WR,LA,Brennan Presley,ACT,True,no,24.57819175720215,2.0426085096640665,0.0,1.96361681150248,phase4_production,0.061132611294586775,0.9388673887054132,0.10416666666666667,345,27.11,122.48557493000283,-120.44,0.0,0.691338106324391,13.83,lower,standard,False,,,,,,,,2026-08-14
2026,00-0040651,RB,GB,Damien Martinez,ACT,True,no,22.58499526977539,4.44426619913722,0.0,4.44426619913722,phase4_production,0.1137190409677857,0.8862809590322143,0.12380952380952381,185,27.63,156.9957177199209,-152.55,0.0,0.6906903517814973,13.81,lower,standard,False,,,,,,,,2026-08-14
2026,00-0032208,WR,LV,Phillip Dorsett,ACT,True,no,33.654354095458984,4.102482455066568,0.31338019488826196,4.023490756904981,phase4_production,0.061916470488283214,0.9380835295117168,0.171875,319,32.51,122.48557493000283,-118.38,0.0,0.6905542471306946,13.81,lower,standard,False,,,,,,,,2026-08-14
2026,00-0040302,WR,MIA,A.J. Henning,ACT,True,no,24.97792625427246,2.037712759953948,0.0,1.9587210617923616,phase4_production,0.06268465673959348,0.9373153432604066,0.09765625,346,26.56,122.48557493000283,-120.45,0.0,0.6897860608793843,13.8,lower,standard,False,,,,,,,,2026-08-14
2026,00-0040571,WR,NYJ,Gee Scott Jr.,ACT,True,no,25.67609214782715,1.4627347496343894,0.0,1.3837430514728029,phase4_production,0.06237212277604121,0.9376278772239588,0.0390625,370,21.88,122.48557493000283,-121.02,0.0,0.6900985948429366,13.8,lower,standard,True,Undisclosed,Reserve/Injured,,2026-08-01,NFL,Official reserve transaction,https://www.nfl.com/transactions/league/reserve-list/2026/8,2026-08-14
2026,00-0038632,WR,SF,Colton Dowell,ACT,True,no,27.37085723876953,3.014385344556116,0.0,2.9353936463945294,phase4_production,0.06322736918286029,0.9367726308171397,0.13802083333333334,332,29.78,122.48557493000283,-119.47,0.0,0.6892433484361175,13.78,lower,standard,False,,,,,,,,2026-08-14
2026,00-0040337,WR,IND,Eli Pancol,ACT,True,no,26.15248680114746,1.4688053099573968,0.0,1.3898136117958102,phase4_production,0.06335736225220588,0.9366426377477941,0.041666666666666664,369,22.07,122.48557493000283,-121.02,0.0,0.6891133553667719,13.78,lower,standard,False,,,,,,,,2026-08-14
2026,00-0041013,RB,KC,Emmett Johnson,ACT,True,yes,22.894378662109375,9.727959974587828,0.0,38.05641609331292,phase4_production,0.11574843881205772,0.8842515611879422,0.3238095238095238,143,43.59,156.9957177199209,-147.27,0.0,0.6886609539372253,13.77,lower,standard,False,,,,,,,,2026-08-14
2026,00-0039259,WR,BAL,Dayton Wade,ACT,True,no,25.979999542236328,2.0315612858724226,0.0,1.952569587710836,phase4_production,0.06439585159781243,0.9356041484021875,0.09114583333333333,350,26.0,122.48557493000283,-120.45,0.0,0.6880748660211653,13.76,lower,standard,True,Undisclosed,Questionable,"Aug 15, 2026",2026-08-14,MyFantasyLeague,Documented public injury API,https://api.myfantasyleague.com/2026/export?TYPE=injuries&JSON=1,2026-08-14
2026,00-0033757,TE,PIT,Robert Tonyan,ACT,True,no,32.34015655517578,4.071749491533909,0.0,22.17651263422853,phase4_production,0.09518098923919961,0.9048190107608004,0.3435897435897436,129,45.58,124.92868260243878,-120.86,0.0,0.6858055457031326,13.72,lower,standard,False,,,,,,,,2026-08-14
2026,00-0040275,WR,CHI,JP Richardson,ACT,True,no,24.444034576416016,2.060526543268404,0.0,1.9815348451068173,phase4_production,0.06645906643670448,0.9335409335632955,0.11197916666666667,342,27.63,122.48557493000283,-120.43,0.0,0.6860116511822733,13.72,lower,standard,False,,,,,,,,2026-08-14
2026,00-0040445,WR,TEN,Courtney Jackson,ACT,True,no,25.470748901367188,2.0108335367973393,0.0,1.9318418386357528,phase4_production,0.06709740286885335,0.9329025971311466,0.0703125,358,24.28,122.48557493000283,-120.47,0.0,0.6853733147501244,13.71,lower,standard,False,,,,,,,,2026-08-14
2026,00-0040067,RB,SEA,Jacardia Wright,ACT,True,no,25.93071746826172,6.380592207637647,0.8534703620889195,6.380592207637647,phase4_production,0.1210278041719497,0.8789721958280503,0.1761904761904762,174,31.67,156.9957177199209,-150.62,0.0,0.6833815885773333,13.67,lower,standard,False,,,,,,,,2026-08-14
2026,00-0040570,WR,NE,Jeremiah Webb,ACT,True,no,25.29278564453125,2.012384058720091,0.0,1.9333923605585044,phase4_production,0.06872895561996026,0.9312710443800397,0.07552083333333333,355,24.67,122.48557493000283,-120.47,0.0,0.6837417619990175,13.67,lower,standard,True,Arm,IR,,2026-07-26,CBS Sports,"Secondary public tracker, independently reviewed",https://www.cbssports.com/nfl/injuries/,2026-08-14
2026,00-0040419,WR,TB,Garrett Greene,ACT,True,no,24.887575149536133,2.037712759953948,0.0,1.9587210617923616,phase4_production,0.06965005130131811,0.9303499486986819,0.09765625,346,26.42,122.48557493000283,-120.45,0.0,0.6828206663176597,13.66,lower,standard,False,,,,,,,,2026-08-14
2026,00-0040298,WR,KC,Andrew Armstrong,ACT,True,no,25.834890365600586,1.1813053968330949,0.0,1.1023136986715083,phase4_production,0.06971370751328664,0.9302862924867134,0.026041666666666668,375,20.69,122.48557493000283,-121.3,0.0,0.6827570101056911,13.66,lower,standard,False,,,,,,,,2026-08-14
2026,00-0037277,TE,AZ,Teagan Quitoriano,ACT,True,no,26.464609146118164,7.138969112703492,0.0,25.243732255398115,phase4_production,0.09836644326983904,0.901633556730161,0.4666666666666667,105,55.37,124.92868260243878,-117.79,0.0,0.6826200916724932,13.65,lower,standard,False,,,,,,,,2026-08-14
2026,00-0040375,WR,CIN,Jordan Moore,ACT,True,no,24.372848510742188,2.0541481924961067,0.0,1.9751564943345201,phase4_production,0.07099378089099333,0.9290062191090067,0.109375,343,27.33,122.48557493000283,-120.43,0.0,0.6814769367279845,13.63,lower,standard,False,,,,,,,,2026-08-14
2026,00-0039722,WR,LAC,JaQuae Jackson,ACT,True,no,26.587814331054688,2.1084218242726602,0.0,2.0294301261110737,phase4_production,0.0737063973523451,0.9262936026476549,0.11979166666666667,339,28.11,122.48557493000283,-120.38,0.0,0.6787643202666327,13.58,lower,standard,False,,,,,,,,2026-08-14
2026,00-0035261,RB,TEN,Tony Pollard,ACT,True,no,29.33941078186035,170.5208302689594,101.36124858681717,285.4887260072854,phase4_production,0.551247402282942,0.448752597717058,0.9238095238095239,17,82.88,156.9957177199209,13.53,0.1063,0.253161990466341,13.57,higher,standard,False,,,,,,,,2026-08-14
2026,00-0039679,WR,IND,Ben Nikkel,ACT,True,no,26.93826675415039,1.9835258659882766,0.0,1.90453416782669,phase4_production,0.07419050411208372,0.9258094958879163,0.0625,361,23.52,122.48557493000283,-120.5,0.0,0.678280213506894,13.57,lower,standard,False,,,,,,,,2026-08-14
2026,00-0038391,QB,CIN,Sean Clifford,ACT,True,no,28.134733200073242,4.46762772757069,0.0,6.323674167397455,phase4_production,0.043455440183889374,0.9565445598161106,0.3025210084033613,84,43.33,219.7920156860182,-215.32,0.0,0.6765135865558953,13.53,lower,standard,False,,,,,,,,2026-08-14
2026,00-0040049,WR,HOU,Josh Kelly,ACT,True,no,25.169578552246094,2.03065541900028,0.0,1.9516637208386935,phase4_production,0.0761308193094629,0.9238691806905371,0.08723958333333333,351,25.46,122.48557493000283,-120.45,0.0,0.6763398983095149,13.53,lower,standard,False,,,,,,,,2026-08-14
2026,00-0039437,WR,BAL,Cornelius Johnson,ACT,True,no,25.755491256713867,4.188959432151834,0.3998571719735282,4.109967733990247,phase4_production,0.07703637253625481,0.9229636274637452,0.17708333333333334,317,32.63,122.48557493000283,-118.3,0.0,0.6754343450827229,13.51,lower,standard,False,,,,,,,,2026-08-14
2026,00-0036463,WR,ATL,Chris Blair,ACT,True,no,28.904085159301758,3.639410204341788,0.0,3.5604185061802016,phase4_production,0.0771608307037099,0.9228391692962901,0.15364583333333334,326,30.75,122.48557493000283,-118.85,0.0,0.6753098869152678,13.51,lower,standard,False,,,,,,,,2026-08-14
2026,00-0040120,WR,KC,Jimmy Holiday,ACT,True,no,24.709609985351562,2.13547027589626,0.0,2.0564785777346732,phase4_production,0.07713108095704341,0.9228689190429566,0.13020833333333334,335,28.87,122.48557493000283,-120.35,0.0,0.6753396366619344,13.51,lower,standard,False,,,,,,,,2026-08-14
2026,00-0040323,WR,JAX,Chandler Brayboy,ACT,True,no,25.032684326171875,2.03065541900028,0.0,1.9516637208386935,phase4_production,0.07695544239604042,0.9230445576039595,0.08723958333333333,351,25.44,122.48557493000283,-120.45,0.0,0.6755152752229373,13.51,lower,standard,False,,,,,,,,2026-08-14
2026,00-0028986,QB,CHI,Case Keenum,ACT,True,no,38.538780212402344,2.458377880170308,0.0,4.314424319997072,phase4_production,0.045132864735892904,0.954867135264107,0.20168067226890757,96,35.23,219.7920156860182,-217.33,0.0,0.6748361620038917,13.5,lower,standard,False,,,,,,,,2026-08-14
2026,00-0040361,WR,BUF,Stephen Gosnell,ACT,True,no,24.86019515991211,2.037712759953948,0.0,1.9587210617923616,phase4_production,0.07787846070237968,0.9221215392976203,0.09765625,346,26.25,122.48557493000283,-120.45,0.0,0.6745922569165981,13.49,lower,standard,False,,,,,,,,2026-08-14
2026,00-0040431,WR,NYG,Dalen Cambre,ACT,True,no,25.394086837768555,4.734625646622671,0.0,26.645678896736765,phase4_production,0.07885303074748079,0.9211469692525192,0.19791666666666666,309,34.26,122.48557493000283,-117.75,0.0,0.6736176868714969,13.47,lower,standard,False,,,,,,,,2026-08-14
2026,00-0040390,WR,DET,Jackson Meeks,ACT,True,no,23.441959381103516,2.3890920034208807,0.0,2.310100305259294,phase4_production,0.08053861507320967,0.9194613849267903,0.13541666666666666,333,29.22,122.48557493000283,-120.1,0.0,0.6719321025457681,13.44,lower,standard,False,,,,,,,,2026-08-14
2026,00-0040265,WR,CAR,Ja'Seem Reed,ACT,True,no,23.45017433166504,2.0845074231893324,0.0,2.0055157250277458,phase4_production,0.08027575597322989,0.9197242440267701,0.1171875,340,27.77,122.48557493000283,-120.4,0.0,0.6721949616457479,13.44,lower,standard,False,,,,,,,,2026-08-14
2026,00-0039415,WR,GB,Brenden Rice,ACT,True,no,24.45772361755371,3.9700838536713685,0.18098159349306275,3.891092155509782,phase4_production,0.0817709040353424,0.9182290959646576,0.16666666666666666,321,31.7,122.48557493000283,-118.52,0.0,0.6706998135836354,13.41,lower,standard,False,,,,,,,,2026-08-14
2026,00-0039397,WR,AZ,Tejhaun Palmer,ACT,True,no,26.286645889282227,4.631951408295134,0.0,26.543004658409227,phase4_production,0.0834327515173234,0.9165672484826766,0.1953125,310,33.96,122.48557493000283,-117.85,0.0,0.6690379661016543,13.38,lower,standard,False,,,,,,,,2026-08-14
2026,00-0040498,WR,MIN,Dontae Fleming,ACT,True,no,24.758893966674805,2.037712759953948,0.0,1.9587210617923616,phase4_production,0.08458657018709466,0.9154134298129053,0.09765625,346,26.12,122.48557493000283,-120.45,0.0,0.6678841474318831,13.36,lower,standard,False,,,,,,,,2026-08-14
2026,00-0040887,TE,BAL,Josh Cuevas,ACT,True,yes,23.934783935546875,3.58754503262333,0.6770843108140685,3.46113067885227,phase4_production,0.11389263431336695,0.8861073656866331,0.31794871794871793,134,43.16,124.92868260243878,-121.34,0.0,0.6670939006289652,13.34,lower,standard,False,,,,,,,,2026-08-14
2026,00-0039275,TE,GB,Messiah Swinson,ACT,True,no,26.366044998168945,1.9835258659882766,0.0,1.8571115122172173,phase4_production,0.11478399646728146,0.8852160035327186,0.1641025641025641,164,30.83,124.92868260243878,-122.95,0.0,0.6662025384750507,13.32,lower,standard,False,,,,,,,,2026-08-14
2026,00-0039534,QB,JAX,Carter Bradley,ACT,True,no,26.481037139892578,1.8731065598417782,0.0,3.7291529996685426,phase4_production,0.053880245261866515,0.9461197547381335,0.15126050420168066,102,31.02,219.7920156860182,-217.92,0.0,0.6660887814779182,13.32,lower,standard,False,,,,,,,,2026-08-14
2026,00-0039710,WR,MIN,Jeshaun Jones,ACT,True,no,26.69459342956543,3.3268501690463177,0.0,3.247858470884731,phase4_production,0.08723553130563431,0.9127644686943657,0.14583333333333334,329,29.92,122.48557493000283,-119.16,0.0,0.6652351863133434,13.3,lower,standard,False,,,,,,,,2026-08-14
2026,00-0036556,TE,HOU,Brevin Jordan,ACT,True,no,26.127845764160156,5.540471817761238,0.0,23.64523496045586,phase4_production,0.1166336177411159,0.8833663822588841,0.4,118,49.67,124.92868260243878,-119.39,0.0,0.6643529172012163,13.29,lower,standard,True,Knee,Questionable,"Aug 20, 2026",2026-08-14,MyFantasyLeague,Documented public injury API,https://api.myfantasyleague.com/2026/export?TYPE=injuries&JSON=1,2026-08-14
2026,00-0035282,QB,IND,Easton Stick,ACT,True,no,30.97941780090332,4.272296435695527,0.0,6.128342875522291,phase4_production,0.05706000051052234,0.9429399994894777,0.25210084033613445,90,39.03,219.7920156860182,-215.52,0.0,0.6629090262292624,13.26,lower,standard,False,,,,,,,,2026-08-14
2026,00-0035039,TE,CHI,Stephen Carlson,ACT,True,no,29.719980239868164,2.4299082055396286,0.0,2.303493851768569,phase4_production,0.11791705183191033,0.8820829481680896,0.2564102564102564,146,38.15,124.92868260243878,-122.5,0.0,0.6630694831104218,13.26,lower,standard,False,,,,,,,,2026-08-14
2026,00-0039843,TE,CHI,Qadir Ismail,ACT,True,no,26.538532257080078,1.575710963339381,0.0,1.4492966095683217,phase4_production,0.11873147201353339,0.8812685279864666,0.02564102564102564,191,19.68,124.92868260243878,-123.35,0.0,0.6622550629287988,13.25,lower,standard,False,,,,,,,,2026-08-14
2026,00-0040697,TE,DET,Thomas Gordon,ACT,True,no,25.98821258544922,1.2174548551238356,0.0,1.0910405013527762,phase4_production,0.11951736689097732,0.8804826331090226,0.015384615384615385,193,18.84,124.92868260243878,-123.71,0.0,0.6614691680513548,13.23,lower,standard,False,,,,,,,,2026-08-14
2026,00-0040753,WR,GB,Will Sheppard,ACT,True,no,24.553550720214844,2.0461465164988315,0.0,1.967154818337245,phase4_production,0.09171692037361083,0.9082830796263892,0.10677083333333333,344,26.71,122.48557493000283,-120.44,0.0,0.660753797245367,13.22,lower,standard,False,,,,,,,,2026-08-14
2026,00-0040558,WR,GB,Isaiah Neyor,ACT,True,no,25.235288619995117,2.012384058720091,0.0,1.9333923605585044,phase4_production,0.09240132693067499,0.9075986730693251,0.07552083333333333,355,24.19,122.48557493000283,-120.47,0.0,0.6600693906883028,13.2,lower,standard,False,,,,,,,,2026-08-14
2026,00-0040609,WR,LA,Tru Edwards,ACT,True,no,25.229812622070312,2.012384058720091,0.0,1.9333923605585044,phase4_production,0.09241585548598061,0.9075841445140194,0.07552083333333333,355,24.19,122.48557493000283,-120.47,0.0,0.6600548621329971,13.2,lower,standard,False,,,,,,,,2026-08-14
2026,00-0038911,WR,DET,Malik Cunningham,ACT,True,no,27.904748916625977,3.4907228144856415,0.0,3.411731116324055,phase4_production,0.09272549953468337,0.9072745004653167,0.15104166666666666,327,30.23,122.48557493000283,-118.99,0.0,0.6597452180842944,13.19,lower,standard,False,,,,,,,,2026-08-14
2026,00-0040769,WR,DAL,Jaden Smith,ACT,True,no,24.717824935913086,2.1337240342067454,0.0,2.054732336045159,phase4_production,0.09359415307875917,0.9064058469212408,0.12760416666666666,336,28.34,122.48557493000283,-120.35,0.0,0.6588765645402186,13.18,lower,standard,False,,,,,,,,2026-08-14
2026,00-0039677,QB,WAS,Sam Hartman,ACT,True,no,27.094327926635742,2.149124223462598,0.0,4.005170663289363,phase4_production,0.061361691693372515,0.9386383083066275,0.19327731092436976,97,34.23,219.7920156860182,-217.64,0.0,0.6586073350464122,13.17,lower,standard,False,,,,,,,,2026-08-14
2026,00-0040053,WR,SEA,Tyrone Broden,ACT,True,no,25.511817932128906,2.0007259543407137,0.0,1.921734256179127,phase4_production,0.09384964693066138,0.9061503530693387,0.06770833333333333,359,23.54,122.48557493000283,-120.48,0.0,0.6586210706883164,13.17,lower,standard,False,,,,,,,,2026-08-14
2026,00-0039023,TE,TEN,Joel Wilson,ACT,True,no,26.1962947845459,1.9580077517429142,0.0,1.8315933979718548,phase4_production,0.12237072621737673,0.8776292737826232,0.15384615384615385,166,29.86,124.92868260243878,-122.97,0.0,0.6586158087249554,13.17,lower,standard,False,,,,,,,,2026-08-14
2026,00-0040629,WR,LAC,Dalevon Campbell,ACT,True,no,24.739727020263672,3.7463301575736856,0.0,3.667338459412099,phase4_production,0.09437655302052017,0.9056234469794798,0.15885416666666666,324,30.82,122.48557493000283,-118.74,0.0,0.6580941645984576,13.16,lower,standard,False,,,,,,,,2026-08-14
2026,00-0041558,TE,CHI,Sam Roush,RES,True,yes,22.98746681213379,2.970044390462162,0.059583668652900545,2.8436300366911023,phase4_production,0.1230144516777273,0.8769855483222727,0.28717948717948716,140,40.51,124.92868260243878,-121.96,0.0,0.6579720832646049,13.16,lower,standard,False,,,,,,,,2026-08-14
2026,00-0037098,WR,PHI,Samori Toure,ACT,True,no,28.441377639770508,5.569901439888259,0.0,27.480954690002353,phase4_production,0.09517422609268968,0.9048257739073103,0.22135416666666666,300,35.8,122.48557493000283,-116.92,0.0,0.6572964915262881,13.15,lower,standard,False,,,,,,,,2026-08-14
2026,00-0040551,WR,WAS,Nick Nash,ACT,True,no,27.151823043823242,2.0124160108220317,0.0,1.9334243126604451,phase4_production,0.09475288841925343,0.9052471115807466,0.08072916666666667,354,24.56,122.48557493000283,-120.47,0.0,0.6577178291997243,13.15,lower,standard,False,,,,,,,,2026-08-14
2026,00-0040048,WR,DAL,Traeshon Holden,ACT,True,no,24.969711303710938,2.0666029047877026,0.0,1.987611206626116,phase4_production,0.0962786326275309,0.9037213673724691,0.11458333333333333,341,27.24,122.48557493000283,-120.42,0.0,0.6561920849914469,13.12,lower,standard,False,,,,,,,,2026-08-14
2026,00-0035251,QB,CAR,Will Grier,ACT,True,no,31.414745330810547,4.401849048040621,0.0,6.257895487867385,phase4_production,0.06452864598588375,0.9354713540141163,0.2857142857142857,86,41.57,219.7920156860182,-215.39,0.0,0.655440380753901,13.11,lower,standard,False,,,,,,,,2026-08-14
2026,00-0038612,WR,PIT,A.T. Perry,ACT,True,no,26.85065460205078,4.118252590477852,0.32915033029954666,4.039260892316266,phase4_production,0.09690112427344022,0.9030988757265598,0.17447916666666666,318,32.02,122.48557493000283,-118.37,0.0,0.6555695933455375,13.11,lower,standard,False,,,,,,,,2026-08-14
2026,00-0039420,TE,PIT,Jaheim Bell,ACT,True,no,25.216123580932617,3.2330217735329883,0.32256105172372695,3.1066074197619287,phase4_production,0.12609490063587955,0.8739050993641204,0.30256410256410254,137,41.68,124.92868260243878,-121.7,0.0,0.6548916343064526,13.1,lower,standard,False,,,,,,,,2026-08-14
2026,00-0037329,RB,CHI,Brittain Brown,ACT,True,no,28.89313316345215,12.574089239814352,0.0,40.90254535853944,phase4_production,0.14990673981856545,0.8500932601814346,0.45714285714285713,115,53.57,156.9957177199209,-144.42,0.0,0.6545026529307176,13.09,lower,standard,False,,,,,,,,2026-08-14
2026,00-0038550,QB,TEN,Hendon Hooker,ACT,True,no,28.633031845092773,4.364946818138771,0.0,6.220993257965535,phase4_production,0.06701467817777242,0.9329853218222276,0.2689075630252101,88,40.17,219.7920156860182,-215.43,0.0,0.6529543485620123,13.06,lower,standard,False,,,,,,,,2026-08-14
2026,00-0040528,TE,PIT,JJ Galbreath,ACT,True,no,25.07375144958496,1.2605916276778755,0.0,1.134177273906816,phase4_production,0.12871676334733612,0.8712832366526639,0.020512820512820513,192,19.07,124.92868260243878,-123.67,0.0,0.6522697715949961,13.05,lower,standard,False,,,,,,,,2026-08-14
2026,00-0032156,QB,ATL,Trevor Siemian,ACT,True,no,34.683807373046875,4.113574906808305,0.0,5.969621346635069,phase4_production,0.06903246074131623,0.9309675392586838,0.24369747899159663,91,38.12,219.7920156860182,-215.68,0.0,0.6509365659984685,13.02,lower,standard,False,,,,,,,,2026-08-14
2026,00-0040464,QB,LAC,DJ Uiagalelei,ACT,True,no,25.374921798706055,2.053277413454274,0.0,3.9093238532810384,phase4_production,0.06953977841692137,0.9304602215830786,0.17647058823529413,99,32.73,219.7920156860182,-217.74,0.0,0.6504292483228633,13.01,lower,standard,False,,,,,,,,2026-08-14
2026,00-0040415,QB,TB,Connor Bazelak,ACT,True,no,25.941669464111328,2.036111912374708,0.0,3.892158352201472,phase4_production,0.06934918578972162,0.9306508142102784,0.16806722689075632,100,32.06,219.7920156860182,-217.76,0.0,0.6506198409500631,13.01,lower,standard,False,,,,,,,,2026-08-14
2026,00-0036679,QB,BUF,Shane Buechele,ACT,True,no,28.64672088623047,12.385683760989455,0.0,56.76282187323616,phase4_production,0.07011007709621356,0.9298899229037865,0.44537815126050423,67,54.23,219.7920156860182,-207.41,0.0,0.6498589496435712,13.0,lower,standard,False,,,,,,,,2026-08-14
2026,00-0034577,QB,BUF,Kyle Allen,ACT,True,no,30.483856201171875,4.824560199189072,0.0,6.680606639015837,phase4_production,0.07103786051465398,0.928962139485346,0.31932773109243695,82,44.13,219.7920156860182,-214.97,0.0,0.6489311662251307,12.98,lower,standard,False,,,,,,,,2026-08-14
2026,00-0039305,RB,NE,Jack Westover,ACT,True,no,27.23122215270996,7.198732033366558,0.0,35.527188152091654,phase4_production,0.15764137320619853,0.8423586267938015,0.2,169,32.85,156.9957177199209,-149.8,0.0,0.6467680195430845,12.94,lower,standard,False,,,,,,,,2026-08-14
2026,00-0039107,QB,LA,Stetson Bennett,ACT,True,no,28.84385108947754,4.374232321809874,0.0,6.230278761636638,phase4_production,0.07311469300773255,0.9268853069922675,0.2773109243697479,87,40.72,219.7920156860182,-215.42,0.0,0.6468543337320521,12.94,lower,standard,False,,,,,,,,2026-08-14
2026,00-0038476,QB,NE,Tommy DeVito,ACT,True,no,28.06902313232422,4.498199089604948,0.0,6.354245529431712,phase4_production,0.07323790529511037,0.9267620947048896,0.31092436974789917,83,43.41,219.7920156860182,-215.29,0.0,0.6467311214446743,12.93,lower,standard,False,,,,,,,,2026-08-14
2026,00-0038941,WR,LA,Tyler Scott,ACT,True,no,24.887575149536133,4.315837939933437,0.5267356797551312,4.23684624177185,phase4_production,0.1057378404645174,0.8942621595354826,0.19010416666666666,312,33.09,122.48557493000283,-118.17,0.0,0.6467328771544604,12.93,lower,standard,False,,,,,,,,2026-08-14
2026,00-0039065,TE,DET,Sam LaPorta,ACT,True,no,25.63502311706543,140.18927448053486,96.43842282944024,213.06649441688268,phase4_production,0.6151152749640025,0.38488472503599747,0.9641025641025641,8,84.83,124.92868260243878,15.26,0.1199,0.16587125997832963,12.91,higher,standard,False,,,,,,,,2026-08-14
2026,00-0040476,RB,IND,Ulysses Bentley IV,ACT,True,no,25.670616149902344,4.052024226053485,0.0,4.052024226053485,phase4_production,0.15915409650652784,0.8408459034934721,0.11904761904761904,186,26.34,156.9957177199209,-152.94,0.0,0.6452552962427551,12.91,lower,standard,False,,,,,,,,2026-08-14
2026,00-0039518,TE,NO,Treyton Welch,ACT,True,no,25.640499114990234,2.3418405366984354,0.0,2.215426182927376,phase4_production,0.13559304477158415,0.8644069552284158,0.2512820512820513,147,37.39,124.92868260243878,-122.59,0.0,0.645393490170748,12.91,lower,standard,False,,,,,,,,2026-08-14
2026,00-0041472,TE,HOU,Marlin Klein,ACT,True,yes,23.95668601989746,3.5984717876721986,0.6880110658629373,3.472057433901139,phase4_production,0.13666813713785125,0.8633318628621487,0.3230769230769231,133,43.11,124.92868260243878,-121.33,0.0,0.6443183978044809,12.89,lower,standard,False,,,,,,,,2026-08-14
2026,00-0039489,TE,SF,Hayden Rucci,ACT,True,no,25.59395408630371,4.1244530634267464,0.0,22.229216206121368,phase4_production,0.13845631087450425,0.8615436891254957,0.3487179487179487,128,45.13,124.92868260243878,-120.8,0.0,0.6425302240678279,12.85,lower,standard,False,,,,,,,,2026-08-14
2026,00-0037077,QB,DAL,Sam Howell,ACT,True,no,25.95809555053711,7.463458137921399,0.0,51.840596250168105,phase4_production,0.07958047952745079,0.9204195204725492,0.40336134453781514,72,50.68,219.7920156860182,-212.33,0.0,0.6403885472123338,12.81,lower,standard,False,,,,,,,,2026-08-14
2026,00-0037745,RB,SEA,Velus Jones Jr.,ACT,True,no,29.309293746948242,16.007938913044676,0.0,44.33639503176977,phase4_production,0.16466637241545,0.83533362758455,0.5333333333333333,99,59.37,156.9957177199209,-140.99,0.0,0.639743020333833,12.79,lower,standard,False,,,,,,,,2026-08-14
2026,00-0040504,TE,MIN,Bryson Nesbit,ACT,True,no,23.934783935546875,2.1812719864365255,0.0,2.054857632665466,phase4_production,0.14281477330777537,0.8571852266922246,0.23076923076923078,151,35.61,124.92868260243878,-122.75,0.0,0.6381717616345568,12.76,lower,standard,False,,,,,,,,2026-08-14
2026,00-0036635,WR,AZ,Ihmir Smith-Marsette,ACT,True,no,27.00945281982422,4.053761351002855,0.2646590908245492,3.9747696528412684,phase4_production,0.11526625382106426,0.8847337461789357,0.16927083333333334,320,31.24,122.48557493000283,-118.43,0.0,0.6372044637979135,12.74,lower,standard,False,,,,,,,,2026-08-14
2026,00-0038108,QB,NYJ,Bailey Zappe,ACT,True,no,27.3516902923584,4.446971469677116,0.0,6.303017909503881,phase4_production,0.0832475500950505,0.9167524499049495,0.29411764705882354,85,41.86,219.7920156860182,-215.35,0.0,0.6367214766447342,12.73,lower,standard,False,,,,,,,,2026-08-14
2026,00-0040081,TE,KC,Jake Briningstool,ACT,True,no,23.729440689086914,2.201896373645596,0.0,2.0754820198745363,phase4_production,0.14464974284976825,0.8553502571502317,0.2358974358974359,150,35.98,124.92868260243878,-122.73,0.0,0.6363367920925639,12.73,lower,standard,False,,,,,,,,2026-08-14
2026,00-0039392,WR,HOU,Jha'Quan Jackson,ACT,True,no,26.297595977783203,3.21485227254916,0.0,3.1358605743875736,phase4_production,0.11678034720096844,0.8832196527990316,0.14322916666666666,330,29.12,122.48557493000283,-119.27,0.0,0.6356903704180094,12.71,lower,standard,False,,,,,,,,2026-08-14
2026,00-0031235,WR,NYG,Odell Beckham Jr.,ACT,True,no,33.82136535644531,63.63416696168042,0.0,145.91494884448284,phase4_production,0.1179229557380993,0.8820770442619007,0.7786458333333334,86,79.93,122.48557493000283,-58.85,0.0,0.6345477618808785,12.69,lower,standard,False,,,,,,,,2026-08-14
2026,00-0041174,K,CHI,Gabriel Plascencia,ACT,True,no,,39.15269140476904,0.0,109.79351330198321,phase2_production_kicker,2.530223194172726e-08,0.999999974697768,0.1744186046511628,33,33.95,117.20593632592522,-78.05,0.0,0.6343845636157487,12.69,lower,low (kicker),False,,,,,,,,2026-08-14
2026,00-0041333,K,NO,Mason Shipley,ACT,True,no,,39.15269140476904,0.0,109.79351330198321,phase2_production_kicker,2.530223194172726e-08,0.999999974697768,0.1744186046511628,33,33.95,117.20593632592522,-78.05,0.0,0.6343845636157487,12.69,lower,low (kicker),False,,,,,,,,2026-08-14
2026,00-0038492,WR,KC,Jason Brownlee,ACT,True,no,27.58715057373047,4.99584977395006,0.0,26.906903024064153,phase4_production,0.11870495478034056,0.8812950452196594,0.20572916666666666,306,34.08,122.48557493000283,-117.49,0.0,0.6337657628386372,12.68,lower,standard,False,,,,,,,,2026-08-14
2026,00-0031595,RB,CLE,Michael Burton,ACT,True,no,34.58250427246094,5.442059870094759,0.0,5.442059870094759,phase4_production,0.17294157455661174,0.8270584254433883,0.1523809523809524,179,28.73,156.9957177199209,-151.55,0.0,0.6314678181926713,12.63,lower,standard,False,,,,,,,,2026-08-14
2026,00-0038735,TE,DAL,Princeton Fant,ACT,True,no,27.47763442993164,3.3106567720677536,0.40019605025849225,3.184242418296694,phase4_production,0.14948435521802506,0.8505156447819749,0.3076923076923077,136,41.63,124.92868260243878,-121.62,0.0,0.6315021797243071,12.63,lower,standard,True,ACL and MCL knee,IR,,2026-08-06,CBS Sports,"Secondary public tracker, independently reviewed",https://www.cbssports.com/nfl/injuries/,2026-08-14
2026,00-0033376,RB,NYG,Patrick Ricard,ACT,True,no,32.2662353515625,6.531198968329222,1.0040771227804948,6.531198968329222,phase4_production,0.17347636404694827,0.8265236359530517,0.18095238095238095,173,31.01,156.9957177199209,-150.46,0.0,0.6309330287023347,12.62,lower,standard,False,,,,,,,,2026-08-14
2026,00-0039893,WR,JAX,Brian Thomas Jr.,ACT,True,no,23.89919090270996,134.66058020970206,66.86876075397082,216.94136209250448,phase4_production,0.5079056270739176,0.4920943729260824,0.9244791666666666,30,83.8,122.48557493000283,12.18,0.0957,0.24456509054506015,12.55,higher,standard,False,,,,,,,,2026-08-14
2026,00-0037311,TE,TB,Ko Kieft,ACT,True,no,28.613866806030273,6.675084926428709,0.0,24.779848069123332,phase4_production,0.1542217996924242,0.8457782003075758,0.4358974358974359,111,51.79,124.92868260243878,-118.25,0.0,0.626764735249908,12.54,lower,standard,False,,,,,,,,2026-08-14
2026,00-0040601,RB,LA,Jordan Waters,ACT,True,yes,25.70347023010254,2.416378467545018,0.0,2.416378467545018,phase4_production,0.17820490737232753,0.8217950926276725,0.1,190,24.44,156.9957177199209,-154.58,0.0,0.6262044853769555,12.52,lower,standard,False,,,,,,,,2026-08-14
2026,00-0032951,WR,IND,Laquon Treadwell,ACT,True,no,31.217615127563477,6.646232798173867,0.0,28.55728604828796,phase4_production,0.12809187029764105,0.871908129702359,0.2864583333333333,275,40.35,122.48557493000283,-115.84,0.0,0.6243788473213367,12.49,lower,standard,True,Hamstring,Questionable,"Aug 22, 2026",2026-08-14,MyFantasyLeague,Documented public injury API,https://api.myfantasyleague.com/2026/export?TYPE=injuries&JSON=1,2026-08-14
2026,00-0036425,RB,JAX,DeeJay Dallas,ACT,True,no,27.95950698852539,9.526313415052547,0.0,37.85476953377764,phase4_production,0.18070229861304704,0.8192977013869529,0.2904761904761905,150,39.62,156.9957177199209,-147.47,0.0,0.6237070941362359,12.47,lower,standard,False,,,,,,,,2026-08-14
2026,00-0036497,WR,JAX,Tim Jones,ACT,True,no,28.299007415771484,4.320776104665916,0.5316738444876106,4.24178440650433,phase4_production,0.12898487940963435,0.8710151205903657,0.19270833333333334,311,32.84,122.48557493000283,-118.16,0.0,0.6234858382093434,12.47,lower,standard,False,,,,,,,,2026-08-14
2026,00-0040177,RB,SF,Jordan James,ACT,True,no,22.426197052001953,6.878422539928518,1.3513006943797912,6.878422539928518,phase4_production,0.1813985307960509,0.8186014692039492,0.19523809523809524,170,31.99,156.9957177199209,-150.12,0.0,0.6230108619532322,12.46,lower,standard,True,Ribs,Questionable,"Aug 20, 2026",2026-08-14,MyFantasyLeague,Documented public injury API,https://api.myfantasyleague.com/2026/export?TYPE=injuries&JSON=1,2026-08-14
2026,00-0038098,RB,GB,Pierre Strong,ACT,True,no,27.726783752441406,4.640821127729014,0.0,4.640821127729014,phase4_production,0.18143009529647733,0.8185699047035226,0.13333333333333333,183,27.04,156.9957177199209,-152.35,0.0,0.6229792974528057,12.46,lower,standard,False,,,,,,,,2026-08-14
2026,00-0038498,TE,PHI,E.J. Jenkins,ACT,True,no,27.828086853027344,3.656472258033602,0.7460115362243407,3.5300579042625424,phase4_production,0.15821377444739204,0.841786225552608,0.3333333333333333,131,43.5,124.92868260243878,-121.27,0.0,0.6227727604949401,12.46,lower,standard,False,,,,,,,,2026-08-14
2026,00-0040566,TE,NE,CJ Dippre,ACT,True,no,24.342731475830078,2.6485200833541067,0.0,2.522105729583047,phase4_production,0.15938871998903076,0.8406112800109693,0.2717948717948718,143,38.56,124.92868260243878,-122.28,0.0,0.6215978149533015,12.43,lower,standard,False,,,,,,,,2026-08-14
2026,00-0040331,TE,JAX,Patrick Herbert,ACT,True,no,25.8704833984375,1.9952185576405246,0.0,1.8688042038694652,phase4_production,0.15998837861415854,0.8400116213858415,0.17435897435897435,162,30.75,124.92868260243878,-122.93,0.0,0.6209981563281737,12.42,lower,standard,False,,,,,,,,2026-08-14
2026,00-0038658,QB,SF,Adrian Martinez,ACT,True,no,26.650787353515625,3.494741741492907,0.0,5.350788181319672,phase4_production,0.0996444487396071,0.9003555512603929,0.23529411764705882,92,36.83,219.7920156860182,-216.3,0.0,0.6203245780001776,12.41,lower,standard,False,,,,,,,,2026-08-14
2026,00-0038564,TE,PHI,Cameron Latu,ACT,True,no,26.519367218017578,9.028446010920204,0.0,27.13320915361483,phase4_production,0.16099959899333652,0.8390004010066635,0.5230769230769231,94,58.63,124.92868260243878,-115.9,0.0,0.6199869359489957,12.4,lower,standard,False,,,,,,,,2026-08-14
2026,00-0036879,QB,DEN,Sam Ehlinger,ACT,True,no,27.921175003051758,4.345274990247,0.0,6.201321430073764,phase4_production,0.0998770105307707,0.9001229894692293,0.2605042016806723,89,38.84,219.7920156860182,-215.45,0.0,0.620092016209014,12.4,lower,standard,False,,,,,,,,2026-08-14
2026,00-0041503,TE,JAX,Nate Boerkircher,ACT,True,yes,24.991615295410156,1.9211268833781412,0.0,1.7947125296070818,phase4_production,0.16075800510179789,0.8392419948982022,0.11794871794871795,173,26.22,124.92868260243878,-123.01,0.0,0.6202285298405343,12.4,lower,standard,False,,,,,,,,2026-08-14
2026,00-0035264,QB,DEN,Jarrett Stidham,ACT,True,no,30.064956665039062,5.189615296939118,0.2889855482395012,7.045661736765882,phase4_production,0.10190060366785403,0.898099396332146,0.3445378151260504,79,45.53,219.7920156860182,-214.6,0.0,0.6180684230719307,12.36,lower,standard,False,,,,,,,,2026-08-14
2026,00-0040552,TE,ATL,Joshua Simon,ACT,True,no,25.760967254638672,2.0007259543407137,0.0,1.8743116005696543,phase4_production,0.16344776942894262,0.8365522305710573,0.18717948717948718,159,31.71,124.92868260243878,-122.93,0.0,0.6175387655133895,12.35,lower,standard,False,,,,,,,,2026-08-14
2026,00-0033455,TE,WAS,Anthony Firkser,ACT,True,no,31.532474517822266,7.560522864356018,0.0,25.66528600705064,phase4_production,0.16379150432334813,0.8362084956766519,0.4717948717948718,104,54.47,124.92868260243878,-117.37,0.0,0.6171950306189841,12.34,lower,standard,False,,,,,,,,2026-08-14
2026,00-0041179,WR,WAS,Chris Hilton,ACT,True,yes,23.890975952148438,6.374779206222756,0.0,28.28583245633685,phase4_production,0.13615716301039726,0.8638428369896027,0.2682291666666667,282,38.74,122.48557493000283,-116.11,0.0,0.6163135546085805,12.33,lower,standard,False,,,,,,,,2026-08-14
2026,00-0041133,TE,DEN,Dallen Bentley,ACT,True,yes,25.667879104614258,3.033670842488965,0.12321012067970383,2.9072564887179055,phase4_production,0.16424626104236895,0.835753738957631,0.2923076923076923,139,40.1,124.92868260243878,-121.9,0.0,0.6167402738999632,12.33,lower,standard,False,,,,,,,,2026-08-14
2026,00-0037755,TE,NYJ,Jelani Woods,ACT,True,no,27.896533966064453,7.065257682421274,0.0,25.1700208251159,phase4_production,0.16499590367262443,0.8350040963273756,0.4564102564102564,107,53.21,124.92868260243878,-117.86,0.0,0.6159906312697078,12.32,lower,standard,False,,,,,,,,2026-08-14
2026,00-0040292,TE,CAR,Bryce Pierre,RES,True,no,25.599430084228516,2.0007259543407137,0.0,1.8743116005696543,phase4_production,0.16704121007820533,0.8329587899217947,0.18717948717948718,159,31.63,124.92868260243878,-122.93,0.0,0.6139453248641269,12.28,lower,standard,False,,,,,,,,2026-08-14
2026,00-0038396,RB,NYG,Eric Gray,ACT,True,no,26.826013565063477,7.6176271917212315,0.0,35.946083310446326,phase4_production,0.19103526039660834,0.8089647396033917,0.21428571428571427,166,33.32,156.9957177199209,-149.38,0.0,0.6133741323526747,12.27,lower,standard,False,,,,,,,,2026-08-14
2026,00-0041180,TE,WAS,Quentin Moore,ACT,True,yes,26.015592575073242,1.93787680719292,0.0,1.8114624534218606,phase4_production,0.16914461195391897,0.8308553880460811,0.13846153846153847,169,27.69,124.92868260243878,-122.99,0.0,0.6118419229884132,12.24,lower,standard,False,,,,,,,,2026-08-14
2026,00-0040388,WR,GB,Jakobie Keeney-James,ACT,True,no,25.93071746826172,11.627353566639295,0.0,33.53840681675339,phase4_production,0.1407289149311277,0.8592710850688723,0.5703125,166,62.81,122.48557493000283,-110.86,0.0,0.6117418026878501,12.23,lower,standard,False,,,,,,,,2026-08-14
2026,00-0041237,TE,NYJ,Chase Curtis,ACT,True,yes,26.834226608276367,1.8459041383024972,0.0,1.7194897845314379,phase4_production,0.16995390285633225,0.8300460971436677,0.07179487179487179,182,22.34,124.92868260243878,-123.08,0.0,0.6110326320859999,12.22,lower,standard,False,,,,,,,,2026-08-14
2026,00-0032434,QB,NYG,Brandon Allen,ACT,True,no,33.98837661743164,7.536641441872802,0.0,51.91377955411951,phase4_production,0.10948130338132266,0.8905186966186773,0.4117647058823529,71,50.75,219.7920156860182,-212.26,0.0,0.610487723358462,12.21,lower,standard,False,,,,,,,,2026-08-14
2026,00-0041042,WR,NYG,Malachi Fields,ACT,True,yes,23.0175838470459,6.13625368672104,0.0,28.047306936835135,phase4_production,0.14212573492586986,0.8578742650741301,0.2526041666666667,288,37.37,122.48557493000283,-116.35,0.0,0.6103449826931079,12.21,lower,standard,False,,,,,,,,2026-08-14
2026,00-0038416,QB,CHI,Tyson Bagent,ACT,True,no,26.231887817382812,7.082951758140193,0.0,51.460089870386895,phase4_production,0.11002319338753759,0.8899768066124624,0.3865546218487395,74,48.72,219.7920156860182,-212.71,0.0,0.6099458333522471,12.2,lower,standard,False,,,,,,,,2026-08-14
2026,00-0040086,WR,BUF,Mac Dalena,ACT,True,yes,24.90947723388672,1.322188718321401,0.0,1.2431970201598144,phase4_production,0.1432089992087588,0.8567910007912412,0.036458333333333336,371,20.05,122.48557493000283,-121.16,0.0,0.6092617184102189,12.19,lower,standard,False,,,,,,,,2026-08-14
2026,00-0040938,TE,DAL,D.J. Rogers,ACT,True,yes,24.808176040649414,2.058642916088931,0.0,1.9322285623178714,phase4_production,0.17316289202829108,0.826837107971709,0.20512820512820512,156,32.95,124.92868260243878,-122.87,0.0,0.6078236429140411,12.16,lower,standard,False,,,,,,,,2026-08-14
2026,00-0041397,WR,PIT,Kaden Wetjen,ACT,True,yes,24.482364654541016,7.345523543525649,0.0,29.256576793639745,phase4_production,0.1448988452507117,0.8551011547492883,0.3072916666666667,267,41.69,122.48557493000283,-115.14,0.0,0.607571872368266,12.15,lower,standard,False,,,,,,,,2026-08-14
2026,00-0041170,TE,CHI,Hayden Large,ACT,True,yes,24.433082580566406,2.060016593337608,0.0,1.9336022395665486,phase4_production,0.1732431571058348,0.8267568428941652,0.21025641025641026,155,33.36,124.92868260243878,-122.87,0.0,0.6077433778364973,12.15,lower,standard,False,,,,,,,,2026-08-14
2026,00-0040853,TE,IND,Carson Towt,ACT,True,yes,25.25171661376953,1.8311993763977354,0.0,1.704785022626676,phase4_production,0.1732778473171338,0.8267221526828662,0.06153846153846154,184,21.46,124.92868260243878,-123.1,0.0,0.6077086876251984,12.15,lower,standard,False,,,,,,,,2026-08-14
2026,00-0034487,WR,BUF,Trent Sherfield,ACT,True,no,30.513973236083984,4.874646912079978,0.0,26.785700162194072,phase4_production,0.1456552346840576,0.8543447653159424,0.20052083333333334,308,33.13,122.48557493000283,-117.61,0.0,0.6068154829349202,12.14,lower,standard,False,,,,,,,,2026-08-14
2026,00-0041579,TE,MIA,Seydou Traore,E14,True,yes,24.05525016784668,1.940405035558296,0.0,1.8139906817872367,phase4_production,0.1740789752296658,0.8259210247703341,0.14358974358974358,168,28.01,124.92868260243878,-122.99,0.0,0.6069075597126663,12.14,lower,standard,False,,,,,,,,2026-08-14
2026,00-0041452,TE,LAC,Johnny Pascuzzi,ACT,True,yes,24.29344940185547,1.9342780514313123,0.0,1.807863697660253,phase4_production,0.1740789752296658,0.8259210247703341,0.13333333333333333,170,27.19,124.92868260243878,-122.99,0.0,0.6069075597126663,12.14,lower,standard,False,,,,,,,,2026-08-14
2026,00-0041422,TE,LA,Dan Villari,ACT,True,yes,24.175718307495117,1.9257002736535347,0.0,1.7992859198824753,phase4_production,0.1740789752296658,0.8259210247703341,0.1282051282051282,171,26.77,124.92868260243878,-123.0,0.0,0.6069075597126663,12.14,lower,standard,False,,,,,,,,2026-08-14
2026,00-0041016,TE,LV,Patrick Gurd,ACT,True,yes,24.53438377380371,1.9224595329127936,0.0,1.7960451791417342,phase4_production,0.17398450871053175,0.8260154912894683,0.12307692307692308,172,26.37,124.92868260243878,-123.01,0.0,0.6070020262318004,12.14,lower,standard,False,,,,,,,,2026-08-14
2026,00-0040939,TE,DAL,Michael Trigg,ACT,True,yes,24.181194305419922,1.904881931501859,0.0,1.7784675777307997,phase4_production,0.17398816892841154,0.8260118310715885,0.1076923076923077,175,25.14,124.92868260243878,-123.02,0.0,0.6069983660139207,12.14,lower,standard,False,,,,,,,,2026-08-14
2026,00-0038397,RB,HOU,Evan Hull,ACT,True,no,25.84857940673828,9.942712513898343,0.0,38.271168632623436,phase4_production,0.19814288403131516,0.8018571159686848,0.3333333333333333,141,42.7,156.9957177199209,-147.05,0.0,0.6062665087179678,12.13,lower,standard,False,,,,,,,,2026-08-14
2026,00-0040955,TE,KC,John Michael Gyllenborg,ACT,True,yes,24.068941116333008,1.8514866493149102,0.0,1.7250722955438509,phase4_production,0.17430605033196558,0.8256939496680344,0.08461538461538462,179,23.28,124.92868260243878,-123.08,0.0,0.6066804846103666,12.13,lower,standard,True,Knee,IR,"Feb 15, 2027",2026-08-14,MyFantasyLeague,Documented public injury API,https://api.myfantasyleague.com/2026/export?TYPE=injuries&JSON=1,2026-08-14
2026,00-0041087,TE,CLE,Joe Royer,ACT,True,yes,24.51521873474121,1.8514866493149102,0.0,1.7250722955438509,phase4_production,0.17451333609304548,0.8254866639069545,0.08461538461538462,179,23.28,124.92868260243878,-123.08,0.0,0.6064731988492866,12.13,lower,standard,False,,,,,,,,2026-08-14
2026,00-0039631,TE,CIN,Cam Grandy,ACT,True,no,26.784944534301758,6.839915463660577,0.0,24.9446786063552,phase4_production,0.17486111158811563,0.8251388884118844,0.441025641025641,110,51.78,124.92868260243878,-118.09,0.0,0.6061254233542166,12.12,lower,standard,False,,,,,,,,2026-08-14
2026,00-0038728,WR,HOU,Jared Wayne,ACT,True,no,25.90060043334961,5.37165013921432,0.0,27.282703389328415,phase4_production,0.1468161309688589,0.8531838690311411,0.21614583333333334,302,34.36,122.48557493000283,-117.11,0.0,0.6056545866501188,12.11,lower,standard,False,,,,,,,,2026-08-14
2026,00-0041524,TE,MIA,Will Kacmarek,ACT,True,yes,23.551475524902344,1.909245174482856,0.0,1.7828308207117967,phase4_production,0.1755211521971328,0.8244788478028672,0.11282051282051282,174,25.52,124.92868260243878,-123.02,0.0,0.6054653827451993,12.11,lower,standard,False,,,,,,,,2026-08-14
2026,00-0040598,TE,LA,Mark Redman,ACT,True,no,24.613784790039062,2.127242631908862,0.0,2.0008282781378024,phase4_production,0.17622104375789488,0.8237789562421052,0.2153846153846154,154,33.71,124.92868260243878,-122.8,0.0,0.6047654911844373,12.1,lower,standard,False,,,,,,,,2026-08-14
2026,00-0041314,TE,NE,Tanner Arkin,ACT,True,yes,23.15447998046875,1.967848790003138,0.0,1.8414344362320787,phase4_production,0.17622572482553805,0.8237742751744619,0.15897435897435896,165,29.19,124.92868260243878,-122.96,0.0,0.6047608101167941,12.1,lower,standard,False,,,,,,,,2026-08-14
2026,00-0041403,TE,LA,Rohan Jones,ACT,True,yes,24.901264190673828,1.9410493870310792,0.0,1.8146350332600198,phase4_production,0.1757516252792478,0.8242483747207522,0.14871794871794872,167,28.38,124.92868260243878,-122.99,0.0,0.6052349096630844,12.1,lower,standard,False,,,,,,,,2026-08-14
2026,00-0041366,TE,AZ,Jameson Geers,ACT,True,yes,23.74039077758789,1.828466451919713,0.0,1.7020520981486535,phase4_production,0.17600185906312646,0.8239981409368735,0.05641025641025641,185,20.99,124.92868260243878,-123.1,0.0,0.6049846758792057,12.1,lower,standard,False,,,,,,,,2026-08-14
2026,00-0040387,TE,DET,Zach Horton,ACT,True,no,23.748605728149414,2.6308166595964133,0.0,2.5044023058253537,phase4_production,0.17631714480094066,0.8236828551990594,0.26666666666666666,144,37.81,124.92868260243878,-122.3,0.0,0.6046693901413915,12.09,lower,standard,False,,,,,,,,2026-08-14
2026,00-0041327,TE,NO,Cody Hardy,ACT,True,yes,22.804027557373047,1.8939661892057282,0.0,1.7675518354346689,phase4_production,0.1769296331706638,0.8230703668293362,0.10256410256410256,176,24.67,124.92868260243878,-123.03,0.0,0.6040569017716684,12.08,lower,standard,False,,,,,,,,2026-08-14
2026,00-0041207,TE,JAX,Ethan Conner,ACT,True,yes,23.414581298828125,1.85596302587462,0.0,1.7295486721035607,phase4_production,0.17703789985590776,0.8229621001440922,0.09230769230769231,178,23.84,124.92868260243878,-123.07,0.0,0.6039486350864244,12.08,lower,standard,False,,,,,,,,2026-08-14
2026,00-0041384,TE,LAC,Evan Svoboda,ACT,True,yes,23.422794342041016,1.7817494015359958,0.0,1.6553350477649365,phase4_production,0.17692959604562747,0.8230704039543726,0.035897435897435895,189,19.33,124.92868260243878,-123.15,0.0,0.6040569388967048,12.08,lower,standard,False,,,,,,,,2026-08-14
2026,00-0040792,TE,HOU,Layne Pryor,ACT,True,yes,23.729440689086914,2.0535867293138903,0.0,1.927172375542831,phase4_production,0.1776296274499688,0.8223703725500312,0.2,157,32.45,124.92868260243878,-122.88,0.0,0.6033569074923634,12.07,lower,standard,False,,,,,,,,2026-08-14
2026,00-0040927,TE,PHI,Dae'Quan Wright,ACT,True,yes,22.94639778137207,1.8492577789610396,0.0,1.7228434251899802,phase4_production,0.17740351784522515,0.8225964821547749,0.07692307692307693,181,22.61,124.92868260243878,-123.08,0.0,0.603583017097107,12.07,lower,standard,False,,,,,,,,2026-08-14
2026,00-0040488,TE,LV,Carter Runyon,ACT,True,no,25.109344482421875,8.02043946019017,0.0,26.12520260288479,phase4_production,0.1781338610694881,0.821866138930512,0.49230769230769234,100,55.82,124.92868260243878,-116.91,0.0,0.6028526738728441,12.06,lower,standard,False,,,,,,,,2026-08-14
2026,00-0041489,WR,PIT,Germie Bernard,ACT,True,yes,22.749269485473633,7.023721872496798,0.0,28.93477512261089,phase4_production,0.14955154459424252,0.8504484554057574,0.2994791666666667,270,40.97,122.48557493000283,-115.46,0.0,0.6029191730247352,12.06,lower,standard,False,,,,,,,,2026-08-14
2026,00-0040628,TE,GB,Drake Dabney,ACT,True,no,24.30166244506836,6.940975988656986,0.0,25.04573913135161,phase4_production,0.17823050155683562,0.8217694984431644,0.4512820512820513,108,52.54,124.92868260243878,-117.99,0.0,0.6027560333854965,12.06,lower,standard,False,,,,,,,,2026-08-14
2026,00-0041246,TE,CIN,Josh Kattus,ACT,True,yes,22.486431121826172,1.9871842300368345,0.0,1.8607698762657752,phase4_production,0.17774867285714022,0.8222513271428598,0.16923076923076924,163,29.98,124.92868260243878,-122.94,0.0,0.6032378620851919,12.06,lower,standard,False,,,,,,,,2026-08-14
2026,00-0041510,TE,LA,Max Klare,ACT,True,yes,23.15174102783203,1.8077760770210047,0.0,1.6813617232499454,phase4_production,0.17785102050995993,0.8221489794900401,0.05128205128205128,186,20.55,124.92868260243878,-123.12,0.0,0.6031355144323722,12.06,lower,standard,False,,,,,,,,2026-08-14
2026,00-0041041,TE,NO,Oscar Delp,ACT,True,yes,23.077817916870117,1.8006279288728566,0.0,1.6742135751017972,phase4_production,0.17785102050995993,0.8221489794900401,0.046153846153846156,187,20.14,124.92868260243878,-123.13,0.0,0.6031355144323722,12.06,lower,standard,False,,,,,,,,2026-08-14
2026,00-0041195,TE,ATL,Jack Velling,ACT,True,yes,22.842357635498047,1.787288758410544,0.0,1.6608744046394845,phase4_production,0.17802653549651087,0.8219734645034891,0.041025641025641026,188,19.72,124.92868260243878,-123.14,0.0,0.6029599994458212,12.06,lower,standard,False,,,,,,,,2026-08-14
2026,00-0040099,WR,BAL,Xavier Guillory,ACT,True,yes,25.1367244720459,1.3167835571099453,0.0,1.2377918589483587,phase4_production,0.149676444613782,0.8503235553862181,0.033854166666666664,372,19.71,122.48557493000283,-121.17,0.0,0.6027942730051958,12.06,lower,standard,False,,,,,,,,2026-08-14
2026,00-0041131,TE,CLE,Carsen Ryan,ACT,True,yes,23.031272888183594,1.9976352334979146,0.0,1.8712208797268552,phase4_production,0.17863795701175367,0.8213620429882463,0.1794871794871795,161,30.79,124.92868260243878,-122.93,0.0,0.6023485779305785,12.05,lower,standard,False,,,,,,,,2026-08-14
2026,00-0041457,TE,DET,Miles Kitselman,ACT,True,yes,23.934783935546875,3.9255877348074217,0.0,22.030350877502045,phase4_production,0.17907920085564538,0.8209207991443546,0.3384615384615385,130,43.5,124.92868260243878,-121.0,0.0,0.6019073340866867,12.04,lower,standard,False,,,,,,,,2026-08-14
2026,00-0031484,TE,NYG,Chris Manhertz,ACT,True,no,34.39358901977539,5.44706090481257,0.0,23.551824047507193,phase4_production,0.17960507201545237,0.8203949279845476,0.39487179487179486,119,48.0,124.92868260243878,-119.48,0.0,0.6013814629268798,12.03,lower,standard,False,,,,,,,,2026-08-14
2026,00-0040094,TE,KC,Tre Watson,ACT,True,no,23.88823890686035,2.238233150949747,0.0,2.1118187971786875,phase4_production,0.17931011406197558,0.8206898859380244,0.24615384615384617,148,36.11,124.92868260243878,-122.69,0.0,0.6016764208803566,12.03,lower,standard,False,,,,,,,,2026-08-14
2026,00-0040974,TE,SEA,Lance Mason,ACT,True,yes,22.951873779296875,1.8607855804805078,0.0,1.7343712267094484,phase4_production,0.179716083865441,0.820283916134559,0.09743589743589744,177,24.2,124.92868260243878,-123.07,0.0,0.6012704510768911,12.03,lower,standard,False,,,,,,,,2026-08-14
2026,00-0041252,TE,TB,Kenny Fletcher,ACT,True,yes,22.743793487548828,1.83641819132331,0.0,1.7100038375522506,phase4_production,0.17957254515596693,0.8204274548440331,0.06666666666666667,183,21.74,124.92868260243878,-123.09,0.0,0.6014139897863653,12.03,lower,standard,False,,,,,,,,2026-08-14
2026,00-0041077,TE,DEN,Justin Joly,ACT,True,yes,22.146930694580078,2.2275028694990557,0.0,2.101088515727996,phase4_production,0.17978767425202172,0.8202123257479783,0.24102564102564103,149,35.69,124.92868260243878,-122.7,0.0,0.6011988606903105,12.02,lower,standard,False,,,,,,,,2026-08-14
2026,00-0041263,TE,PIT,Lake McRee,ACT,True,yes,23.992279052734375,1.7249630745826097,0.0,1.5985487208115503,phase4_production,0.18008542294923052,0.8199145770507694,0.03076923076923077,190,18.86,124.92868260243878,-123.2,0.0,0.6009011119931016,12.02,lower,standard,False,,,,,,,,2026-08-14
2026,00-0039266,RB,CIN,Kendall Milton,ACT,True,no,24.55628776550293,5.1207517505131115,0.0,5.1207517505131115,phase4_production,0.2047685101477727,0.7952314898522272,0.14761904761904762,180,27.71,156.9957177199209,-151.87,0.0,0.5996408826015103,11.99,moderate,standard,False,,,,,,,,2026-08-14
2026,00-0031237,QB,DET,Teddy Bridgewater,ACT,True,no,33.807674407958984,11.963510233935226,0.0,56.34064834618193,phase4_production,0.12101019586630635,0.8789898041336937,0.4369747899159664,68,52.54,219.7920156860182,-207.83,0.0,0.5989588308734783,11.98,lower,standard,False,,,,,,,,2026-08-14
2026,00-0039577,QB,AZ,Kedon Slovis,ACT,True,no,25.39134979248047,5.052643903194793,0.15201415449517697,6.908690343021558,phase4_production,0.12118371087822952,0.8788162891217705,0.3277310924369748,81,43.79,219.7920156860182,-214.74,0.0,0.5987853158615551,11.98,lower,standard,False,,,,,,,,2026-08-14
2026,00-0039650,WR,TEN,Bryce Oliver,ACT,True,no,26.286645889282227,6.864933866958442,0.0,28.775987117072535,phase4_production,0.15432311787944183,0.8456768821205581,0.2942708333333333,272,40.46,122.48557493000283,-115.62,0.0,0.5981475997395359,11.96,lower,standard,False,,,,,,,,2026-08-14
2026,00-0038590,WR,LV,Justin Shorter,RES,True,no,26.374258041381836,6.540251429299715,0.0,28.45130467941381,phase4_production,0.15472321440173206,0.8452767855982679,0.2786458333333333,278,39.2,122.48557493000283,-115.95,0.0,0.5977475032172457,11.95,lower,standard,True,Undisclosed,IR,"Feb 15, 2027",2026-08-14,MyFantasyLeague,Documented public injury API,https://api.myfantasyleague.com/2026/export?TYPE=injuries&JSON=1,2026-08-14
2026,00-0041398,TE,PIT,Riley Nowakowski,ACT,True,yes,24.17298126220703,4.42777940403296,0.0,22.532542546727583,phase4_production,0.18471901088248252,0.8152809891175175,0.36923076923076925,124,45.84,124.92868260243878,-120.5,0.0,0.5962675240598496,11.93,lower,standard,False,,,,,,,,2026-08-14
2026,00-0040046,TE,AZ,Rivaldo Fairweather,ACT,True,no,24.120960235595703,2.1641600310464217,0.0,2.037745677275362,phase4_production,0.18437066246440112,0.8156293375355989,0.22564102564102564,152,34.36,124.92868260243878,-122.76,0.0,0.596615872477931,11.93,lower,standard,False,,,,,,,,2026-08-14
2026,00-0037013,QB,NO,Zach Wilson,ACT,True,no,27.080638885498047,13.56808333265688,0.0,57.94522144490358,phase4_production,0.12406889698162275,0.8759311030183773,0.46218487394957986,65,54.49,219.7920156860182,-206.22,0.0,0.595900129758162,11.92,lower,standard,False,,,,,,,,2026-08-14
2026,00-0039811,RB,GB,MarShawn Lloyd,ACT,True,no,25.65418815612793,7.682262794305231,0.0,36.010718913030324,phase4_production,0.2086202306572125,0.7913797693427875,0.21904761904761905,165,33.35,156.9957177199209,-149.31,0.0,0.5957891620920706,11.92,moderate,standard,False,,,,,,,,2026-08-14
2026,00-0041084,TE,JAX,Tanner Koziol,ACT,True,yes,22.59320831298828,4.167969382533271,0.0,22.272732525227894,phase4_production,0.18677662668381934,0.8132233733161807,0.35384615384615387,127,44.57,124.92868260243878,-120.76,0.0,0.5942099082585128,11.88,lower,standard,False,,,,,,,,2026-08-14
2026,00-0036973,RB,NO,Travis Etienne,ACT,True,no,27.598102569580078,169.18908960437705,100.02950792223481,284.156985342703,phase4_production,0.5940687644370288,0.40593123556297117,0.919047619047619,18,81.64,156.9957177199209,12.19,0.0958,0.2103406283122542,11.87,higher,standard,False,,,,,,,,2026-08-14
2026,00-0041116,TE,CIN,Jack Endries,ACT,True,yes,22.434410095214844,4.229051828982058,0.0,22.33381497167668,phase4_production,0.18748858940014826,0.8125114105998518,0.358974358974359,126,44.97,124.92868260243878,-120.7,0.0,0.5934979455421839,11.87,lower,standard,False,,,,,,,,2026-08-14
2026,00-0040879,TE,BAL,Matthew Hibner,ACT,True,yes,24.482364654541016,2.8425354099633195,0.0,2.71612105619226,phase4_production,0.1880898082345713,0.8119101917654287,0.27692307692307694,142,38.39,124.92868260243878,-122.09,0.0,0.5928967267077608,11.86,lower,standard,False,,,,,,,,2026-08-14
2026,00-0039868,WR,DEN,Troy Franklin,ACT,True,no,23.567903518676758,133.6114152400936,65.81959578436236,215.89219712289602,phase4_production,0.5101345005515302,0.4898654994484698,0.921875,31,83.55,122.48557493000283,11.13,0.0875,0.24233621706744757,11.85,higher,standard,False,,,,,,,,2026-08-14
2026,00-0041483,TE,PHI,Eli Stowers,ACT,True,yes,23.381725311279297,4.604473841456605,0.0,22.70923698415123,phase4_production,0.188363697857562,0.811636302142438,0.37435897435897436,123,46.18,124.92868260243878,-120.32,0.0,0.5926228370847701,11.85,lower,standard,False,,,,,,,,2026-08-14
2026,00-0041438,WR,TEN,Carnell Tate,ACT,True,yes,21.61577606201172,9.789255099079565,0.0,31.70030834919366,phase4_production,0.160521038616213,0.839478961383787,0.5416666666666666,177,60.12,122.48557493000283,-112.7,0.0,0.5919496790027647,11.84,lower,standard,False,,,,,,,,2026-08-14
2026,00-0038097,K,NYJ,Cade York,ACT,True,no,25.59395408630371,9.41498288295961,0.0,79.33360176528764,phase2_production_kicker,0.04289268577083712,0.9571073142291628,0.023255813953488372,43,21.0,117.20593632592522,-107.79,0.0,0.5914919031471435,11.83,lower,low (kicker),False,,,,,,,,2026-08-14
2026,00-0041185,WR,ATL,Vinny Anthony,ACT,True,yes,23.18185806274414,4.209022402605234,0.4199201424269279,4.130030704443647,phase4_production,0.16075648055251832,0.8392435194474817,0.1796875,316,31.16,122.48557493000283,-118.28,0.0,0.5917142370664594,11.83,lower,standard,False,,,,,,,,2026-08-14
2026,00-0041373,WR,LAC,Jerand Bradley,ACT,True,yes,23.893714904785156,7.843280922125871,0.0,29.754334172239965,phase4_production,0.16153751378512926,0.8384624862148707,0.3619791666666667,246,45.73,122.48557493000283,-114.64,0.0,0.5909332038338485,11.82,lower,standard,False,,,,,,,,2026-08-14
2026,00-0040945,TE,GB,R.J. Maryland,ACT,True,yes,22.146930694580078,4.411872544893644,0.0,22.516635687588266,phase4_production,0.18980747700797232,0.8101925229920277,0.3641025641025641,125,45.33,124.92868260243878,-120.52,0.0,0.5911790579343599,11.82,lower,standard,True,Hamstring,Questionable,,2026-08-13,CBS Sports,"Secondary public tracker, independently reviewed",https://www.cbssports.com/nfl/injuries/,2026-08-14
2026,00-0041395,TE,NE,Eli Raridon,ACT,True,yes,22.552139282226562,2.9461040750482446,0.035643353238983266,2.819689721277185,phase4_production,0.19018977511980178,0.8098102248801982,0.28205128205128205,141,38.76,124.92868260243878,-121.98,0.0,0.5907967598225303,11.82,lower,standard,False,,,,,,,,2026-08-14
2026,00-0041094,TE,TB,Bauer Sharp,ACT,True,yes,23.332443237304688,2.601690231845999,0.0,2.4752758780749393,phase4_production,0.18991446546545457,0.8100855345345455,0.26153846153846155,145,37.12,124.92868260243878,-122.33,0.0,0.5910720694768776,11.82,lower,standard,False,,,,,,,,2026-08-14
2026,00-0041318,WR,NE,Kyle Dixon,ACT,True,yes,25.963571548461914,8.716202377841146,0.0,30.62725562795524,phase4_production,0.16172536839221385,0.8382746316077861,0.5078125,190,57.39,122.48557493000283,-113.77,0.0,0.5907453492267639,11.81,lower,standard,False,,,,,,,,2026-08-14
2026,00-0041201,WR,NYJ,D.T. Sheffield,ACT,True,yes,25.51729393005371,8.122997470966306,0.0,30.034050721080398,phase4_production,0.16212073593582998,0.83787926406417,0.4296875,220,51.13,122.48557493000283,-114.36,0.0,0.5903499816831478,11.81,lower,standard,False,,,,,,,,2026-08-14
2026,00-0040785,WR,CIN,Dohnte Meyers,ACT,True,yes,26.15522575378418,8.054375183853693,0.0,29.965428433967787,phase4_production,0.1619623585292649,0.8380376414707351,0.4114583333333333,227,49.68,122.48557493000283,-114.43,0.0,0.5905083590897129,11.81,lower,standard,False,,,,,,,,2026-08-14
2026,00-0041451,WR,NO,Brock Rechsteiner,ACT,True,yes,24.030609130859375,7.9923291920814155,0.0,29.903382442195507,phase4_production,0.16209851671107509,0.8379014832889249,0.3932291666666667,234,48.22,122.48557493000283,-114.49,0.0,0.5903722009079027,11.81,lower,standard,False,,,,,,,,2026-08-14
2026,00-0041550,WR,LAC,Brenen Thompson,RES,True,yes,23.10519790649414,7.939503673451522,0.0,29.850556923565616,phase4_production,0.16202635370956173,0.8379736462904382,0.375,241,46.76,122.48557493000283,-114.55,0.0,0.590444363909416,11.81,lower,standard,False,,,,,,,,2026-08-14
2026,00-0041368,WR,AZ,Harrison Wallace,ACT,True,yes,23.35982322692871,7.803782177374142,0.0,29.714835427488236,phase4_production,0.16198842246652082,0.8380115775334792,0.3515625,250,44.89,122.48557493000283,-114.68,0.0,0.590482295152457,11.81,lower,standard,False,,,,,,,,2026-08-14
2026,00-0041069,WR,CIN,Colbie Young,ACT,True,yes,24.107271194458008,8.395176048336216,0.0,30.30622929845031,phase4_production,0.16241924160032128,0.8375807583996787,0.4791666666666667,201,55.08,122.48557493000283,-114.09,0.0,0.5900514760186565,11.8,lower,standard,False,,,,,,,,2026-08-14
2026,00-0037327,QB,BAL,Skylar Thompson,ACT,True,no,29.24358558654785,5.616369590472334,0.7157398417727174,7.472416030299098,phase4_production,0.1297274958355627,0.8702725041644372,0.36134453781512604,77,46.31,219.7920156860182,-214.18,0.0,0.5902415309042219,11.8,lower,standard,True,Undisclosed,IR,"Feb 15, 2027",2026-08-14,MyFantasyLeague,Documented public injury API,https://api.myfantasyleague.com/2026/export?TYPE=injuries&JSON=1,2026-08-14
2026,00-0041032,TE,NYJ,Kenyon Sadiq,ACT,True,yes,21.49530792236328,5.082572070694714,0.0,23.187335213389336,phase4_production,0.19104221305724253,0.8089577869427574,0.37948717948717947,122,46.54,124.92868260243878,-119.85,0.0,0.5899443218850896,11.8,lower,standard,True,Abdomen,Questionable,"Aug 21, 2026",2026-08-14,MyFantasyLeague,Documented public injury API,https://api.myfantasyleague.com/2026/export?TYPE=injuries&JSON=1,2026-08-14
2026,00-0041407,WR,CHI,Kyron Hudson,ACT,True,yes,24.296186447143555,8.239382909820362,0.0,30.150436159934458,phase4_production,0.16298531342365952,0.8370146865763405,0.4661458333333333,206,54.03,122.48557493000283,-114.25,0.0,0.5894854041953183,11.79,lower,standard,True,Undisclosed,IR,,2026-08-11,CBS Sports,"Secondary public tracker, independently reviewed",https://www.cbssports.com/nfl/injuries/,2026-08-14
2026,00-0041299,WR,DEN,Cam Ross,ACT,True,yes,25.043636322021484,8.171165138633974,0.0,30.082218388748068,phase4_production,0.16284690599354523,0.8371530940064548,0.4544270833333333,210,53.1,122.48557493000283,-114.31,0.0,0.5896238116254325,11.79,lower,standard,False,,,,,,,,2026-08-14
2026,00-0041005,WR,LV,Corey Rucker,RES,True,yes,24.23047637939453,8.049429629672911,0.0,29.960482879787005,phase4_production,0.1631211553373334,0.8368788446626666,0.4088541666666667,228,49.45,122.48557493000283,-114.44,0.0,0.5893495622816444,11.79,lower,standard,True,Undisclosed,IR,,2026-07-23,CBS Sports,"Secondary public tracker, independently reviewed",https://www.cbssports.com/nfl/injuries/,2026-08-14
2026,00-0040986,WR,BAL,Ty Pezza,ACT,True,yes,23.953948974609375,8.044680160994991,0.0,29.955733411109087,phase4_production,0.16303223422230678,0.8369677657776933,0.40625,229,49.24,122.48557493000283,-114.44,0.0,0.589438483396671,11.79,lower,standard,False,,,,,,,,2026-08-14
2026,00-0040977,WR,BAL,Cortez Braham,ACT,True,yes,26.48925018310547,9.005019786755792,0.0,30.916073036869886,phase4_production,0.16367906699602439,0.8363209330039756,0.5234375,184,58.6,122.48557493000283,-113.48,0.0,0.5887916506229534,11.78,lower,standard,False,,,,,,,,2026-08-14
2026,00-0040967,WR,KC,Jacob De Jesus,ACT,True,yes,24.471412658691406,8.51396636640309,0.0,30.425019616517183,phase4_production,0.16366963638166407,0.8363303636183359,0.4869791666666667,198,55.68,122.48557493000283,-113.97,0.0,0.5888010812373137,11.78,lower,standard,False,,,,,,,,2026-08-14
2026,00-0040919,WR,TEN,Tyren Montgomery,ACT,True,yes,25.16410255432129,8.249843837572348,0.0,30.160897087686443,phase4_production,0.16324647723161106,0.8367535227683889,0.46875,205,54.24,122.48557493000283,-114.24,0.0,0.5892242403873666,11.78,lower,standard,False,,,,,,,,2026-08-14
2026,00-0041216,WR,JAX,Trebor Pena,ACT,True,yes,24.52617073059082,8.171165138633974,0.0,30.082218388748068,phase4_production,0.16345956649993346,0.8365404335000666,0.4544270833333333,210,53.08,122.48557493000283,-114.31,0.0,0.5890111511190443,11.78,lower,standard,False,,,,,,,,2026-08-14
2026,00-0041229,WR,IND,E.J. Horton,ACT,True,yes,26.001903533935547,8.156007178402355,0.0,30.06706042851645,phase4_production,0.16322883677560437,0.8367711632243956,0.4479166666666667,213,52.57,122.48557493000283,-114.33,0.0,0.5892418808433734,11.78,lower,standard,False,,,,,,,,2026-08-14
2026,00-0041266,WR,ATL,Keelan Marion,ACT,True,yes,26.19355583190918,8.130277019672196,0.0,30.04133026978629,phase4_production,0.1636074098549068,0.8363925901450933,0.4322916666666667,219,51.31,122.48557493000283,-114.36,0.0,0.588863307764071,11.78,lower,standard,False,,,,,,,,2026-08-14
2026,00-0041272,WR,BUF,Ja'Mori Maclin,ACT,True,yes,24.942333221435547,8.102542851521362,0.0,30.013596101635457,phase4_production,0.16356834492922973,0.8364316550707702,0.4270833333333333,221,50.9,122.48557493000283,-114.38,0.0,0.588902372689748,11.78,lower,standard,False,,,,,,,,2026-08-14
2026,00-0041233,WR,IND,Raylen Sharpe,ACT,True,yes,24.433082580566406,7.99713635600087,0.0,29.908189606114963,phase4_production,0.16361929781733445,0.8363807021826656,0.3984375,232,48.6,122.48557493000283,-114.49,0.0,0.5888514198016433,11.78,lower,standard,False,,,,,,,,2026-08-14
2026,00-0041380,WR,LAC,Devonte Ross,ACT,True,yes,23.97859001159668,7.624480502282668,0.0,29.535533752396763,phase4_production,0.16345956649993346,0.8365404335000666,0.34375,253,44.23,122.48557493000283,-114.86,0.0,0.5890111511190443,11.78,lower,standard,False,,,,,,,,2026-08-14
2026,00-0041199,WR,NYJ,Caullin Lacy,ACT,True,yes,24.69318389892578,8.140212757681592,0.0,30.051266007795686,phase4_production,0.16416086444680464,0.8358391355531953,0.4427083333333333,215,52.13,122.48557493000283,-114.35,0.0,0.5883098531721731,11.77,lower,standard,False,,,,,,,,2026-08-14
2026,00-0041475,WR,MIN,Trayvon Rudolph,ACT,True,yes,24.298925399780273,8.023958780957736,0.0,29.935012031071828,phase4_production,0.1639271709519225,0.8360728290480774,0.4010416666666667,231,48.8,122.48557493000283,-114.46,0.0,0.5885435466670552,11.77,lower,standard,False,,,,,,,,2026-08-14
2026,00-0041220,WR,JAX,Michael Wortham,ACT,True,yes,24.181194305419922,7.818977617372253,0.0,29.73003086748635,phase4_production,0.16410200189416457,0.8358979981058354,0.3541666666666667,249,45.05,122.48557493000283,-114.67,0.0,0.5883687157248132,11.77,lower,standard,False,,,,,,,,2026-08-14
2026,00-0041037,WR,CLE,Denzel Boston,ACT,True,yes,22.738317489624023,6.079323624213678,0.0,27.990376874327772,phase4_production,0.16410873918156382,0.8358912608184361,0.25,289,36.72,122.48557493000283,-116.41,0.0,0.5883619784374139,11.77,lower,standard,False,,,,,,,,2026-08-14
2026,00-0041474,WR,LAC,Mante Morrow,ACT,True,yes,24.627473831176758,9.014286530948596,0.0,30.92533978106269,phase4_production,0.16422243201619338,0.8357775679838066,0.5286458333333334,182,59.01,122.48557493000283,-113.47,0.0,0.5882482856027844,11.76,lower,standard,False,,,,,,,,2026-08-14
2026,00-0041542,WR,CAR,Malick Meiga,ACT,True,yes,25.437894821166992,8.827874755536822,0.0,30.738928005650916,phase4_production,0.16429268784800616,0.8357073121519938,0.515625,187,57.96,122.48557493000283,-113.66,0.0,0.5881780297709716,11.76,lower,standard,True,Undisclosed,Questionable,,2026-08-12,CBS Sports,"Secondary public tracker, independently reviewed",https://www.cbssports.com/nfl/injuries/,2026-08-14
2026,00-0041317,WR,NE,Nick DeGennaro,ACT,True,yes,25.67335319519043,8.183873835864501,0.0,30.094927085978597,phase4_production,0.16430044125470258,0.8356995587452974,0.4635416666666667,207,53.8,122.48557493000283,-114.3,0.0,0.5881702763642752,11.76,lower,standard,False,,,,,,,,2026-08-14
2026,00-0041267,WR,NYJ,Malik McClain,ACT,True,yes,23.89919090270996,7.928937837213357,0.0,29.83999108732745,phase4_production,0.16443093807885065,0.8355690619211493,0.3723958333333333,242,46.5,122.48557493000283,-114.56,0.0,0.5880397795401271,11.76,lower,standard,False,,,,,,,,2026-08-14
2026,00-0041536,WR,DET,Kyre Duplessis,ACT,True,yes,24.123699188232422,7.834895576737539,0.0,29.74594882685163,phase4_production,0.1643770615579164,0.8356229384420836,0.359375,247,45.46,122.48557493000283,-114.65,0.0,0.5880936560610613,11.76,lower,standard,False,,,,,,,,2026-08-14
2026,00-0041106,WR,JAX,C.J. Williams,ACT,True,yes,23.858121871948242,7.604813525500974,0.0,29.515866775615066,phase4_production,0.16444845389182675,0.8355515461081733,0.3385416666666667,255,43.79,122.48557493000283,-114.88,0.0,0.588022263727151,11.76,lower,standard,False,,,,,,,,2026-08-14
2026,00-0041100,WR,JAX,Josh Cameron,ACT,True,yes,23.45838737487793,7.379312537402753,0.0,29.290365787516848,phase4_production,0.16444060840261382,0.8355593915973862,0.3125,265,41.71,122.48557493000283,-115.11,0.0,0.588030109216364,11.76,lower,standard,False,,,,,,,,2026-08-14
2026,00-0037539,TE,DEN,Lucas Krull,ACT,True,no,28.142946243286133,5.736221980520603,0.0,23.840985123215226,phase4_production,0.19310449559289672,0.8068955044071033,0.40512820512820513,117,48.55,124.92868260243878,-119.19,0.0,0.5878820393494355,11.76,lower,standard,False,,,,,,,,2026-08-14
2026,00-0041399,WR,LA,C.J. Daniels,ACT,True,yes,24.657590866088867,9.05318745442346,0.0,30.964240704537552,phase4_production,0.165217165243239,0.834782834756761,0.5338541666666666,180,59.4,122.48557493000283,-113.43,0.0,0.5872535523757387,11.75,lower,standard,False,,,,,,,,2026-08-14
2026,00-0040970,WR,MIN,Michael Briscoe,ACT,True,yes,24.107271194458008,8.585394917494375,0.0,30.49644816760847,phase4_production,0.1650203263167582,0.8349796736832418,0.4921875,196,56.07,122.48557493000283,-113.9,0.0,0.5874503913022195,11.75,lower,standard,False,,,,,,,,2026-08-14
2026,00-0040603,WR,LA,Mario Williams,ACT,True,yes,23.611709594726562,7.437219047583563,0.0,29.348272297697655,phase4_production,0.16505464972821626,0.8349453502717837,0.328125,259,42.95,122.48557493000283,-115.05,0.0,0.5874160678907615,11.75,lower,standard,False,,,,,,,,2026-08-14
2026,00-0041132,WR,IND,Deion Burks,ACT,True,yes,23.647302627563477,7.425344627709142,0.0,29.336397877823238,phase4_production,0.16505464972821626,0.8349453502717837,0.3255208333333333,260,42.74,122.48557493000283,-115.06,0.0,0.5874160678907615,11.75,lower,standard,False,,,,,,,,2026-08-14
2026,00-0040901,TE,TEN,Jaren Kanak,ACT,True,yes,22.557615280151367,3.3767463237377626,0.4662856019285013,3.250331969966703,phase4_production,0.1937135228521988,0.8062864771478012,0.3128205128205128,135,41.15,124.92868260243878,-121.55,0.0,0.5872730120901334,11.75,lower,standard,True,Pectoral,Questionable,"Aug 23, 2026",2026-08-14,MyFantasyLeague,Documented public injury API,https://api.myfantasyleague.com/2026/export?TYPE=injuries&JSON=1,2026-08-14
2026,00-0041011,WR,LV,E.J. Williams,ACT,True,yes,24.797224044799805,8.907291821953889,0.0,30.818345072067984,phase4_production,0.16552822667249634,0.8344717733275037,0.5182291666666666,186,58.15,122.48557493000283,-113.58,0.0,0.5869424909464814,11.74,lower,standard,False,,,,,,,,2026-08-14
2026,00-0041374,WR,LAC,Sincere Brown,ACT,True,yes,24.73151397705078,8.572758828712562,0.0,30.483812078826656,phase4_production,0.1656367784889798,0.8343632215110202,0.4895833333333333,197,55.85,122.48557493000283,-113.91,0.0,0.5868339391299979,11.74,lower,standard,False,,,,,,,,2026-08-14
2026,00-0041292,WR,DEN,Kolbe Katsis,ACT,True,yes,24.676755905151367,8.268512403003069,0.0,30.179565653117162,phase4_production,0.16527314973397753,0.8347268502660224,0.4739583333333333,203,54.61,122.48557493000283,-114.22,0.0,0.5871975678850002,11.74,lower,standard,False,,,,,,,,2026-08-14
2026,00-0041187,WR,ATL,Le'Meke Brockington,ACT,True,yes,24.898527145385742,8.178444687339866,0.0,30.08949793745396,phase4_production,0.16522246356205478,0.8347775364379453,0.4583333333333333,209,53.36,122.48557493000283,-114.31,0.0,0.587248254056923,11.74,lower,standard,False,,,,,,,,2026-08-14
2026,00-0040948,WR,GB,J.Michael Sturdivant,ACT,True,yes,23.98680305480957,8.135250968526488,0.0,30.046304218640582,phase4_production,0.1653083510278144,0.8346916489721856,0.4375,216,51.69,122.48557493000283,-114.35,0.0,0.5871623665911634,11.74,lower,standard,False,,,,,,,,2026-08-14
2026,00-0041067,WR,NO,Bryce Lance,ACT,True,yes,24.033348083496094,8.135250968526488,0.0,30.046304218640582,phase4_production,0.16560925080411992,0.8343907491958801,0.4375,216,51.69,122.48557493000283,-114.35,0.0,0.5868614668148578,11.74,lower,standard,False,,,,,,,,2026-08-14
2026,00-0041309,WR,HOU,Daniel Sobkowicz,ACT,True,yes,23.95942497253418,8.135250968526488,0.0,30.046304218640582,phase4_production,0.1653083510278144,0.8346916489721856,0.4375,216,51.69,122.48557493000283,-114.35,0.0,0.5871623665911634,11.74,lower,standard,False,,,,,,,,2026-08-14
2026,00-0041205,WR,JAX,Brady Boyd,ACT,True,yes,24.238691329956055,8.08846477548556,0.0,29.999518025599656,phase4_production,0.16543439654384273,0.8345656034561573,0.4244791666666667,222,50.65,122.48557493000283,-114.4,0.0,0.587036321075135,11.74,lower,standard,False,,,,,,,,2026-08-14
2026,00-0040894,WR,LV,Malik Benson,ACT,True,yes,23.874549865722656,7.414405717831013,0.0,29.325458967945107,phase4_production,0.16554986088449264,0.8344501391155074,0.3203125,262,42.31,122.48557493000283,-115.07,0.0,0.5869208567344851,11.74,lower,standard,False,,,,,,,,2026-08-14
2026,00-0033537,QB,CLE,Deshaun Watson,ACT,True,no,30.965728759765625,20.022341997264185,0.0,64.39948010951089,phase4_production,0.13336293765902385,0.8666370623409761,0.5126050420168067,59,58.34,219.7920156860182,-199.77,0.0,0.5866060890807608,11.73,lower,standard,False,,,,,,,,2026-08-14
2026,00-0037324,QB,KC,Chris Oladokun,ACT,True,no,28.994434356689453,12.805790882802269,0.0,57.182928995048975,phase4_production,0.1336507698895221,0.8663492301104779,0.453781512605042,66,53.63,219.7920156860182,-206.99,0.0,0.5863182568502626,11.73,lower,standard,False,,,,,,,,2026-08-14
2026,00-0040900,WR,DAL,Anthony Smith,ACT,True,yes,24.504268646240234,9.007110013346018,0.0,30.918163263460112,phase4_production,0.16583444097828717,0.8341655590217129,0.5260416666666666,183,58.77,122.48557493000283,-113.48,0.0,0.5866362766406906,11.73,lower,standard,False,,,,,,,,2026-08-14
2026,00-0041435,WR,TB,Dean Patterson,ACT,True,yes,24.285234451293945,8.718843049609175,0.0,30.62989629972327,phase4_production,0.16583444097828717,0.8341655590217129,0.5104166666666666,189,57.52,122.48557493000283,-113.77,0.0,0.5866362766406906,11.73,lower,standard,False,,,,,,,,2026-08-14
2026,00-0041158,WR,MIA,Donaven McCulley,ACT,True,yes,23.628137588500977,7.981510299785818,0.0,29.89256354989991,phase4_production,0.16589313553307802,0.834106864466922,0.3880208333333333,236,47.72,122.48557493000283,-114.5,0.0,0.5865775820858997,11.73,lower,standard,False,,,,,,,,2026-08-14
2026,00-0041294,WR,DEN,Joseph Manjack,ACT,True,yes,23.795148849487305,7.976099212874731,0.0,29.887152462988823,phase4_production,0.16592081950244972,0.8340791804975503,0.3854166666666667,237,47.51,122.48557493000283,-114.51,0.0,0.586549898116528,11.73,lower,standard,False,,,,,,,,2026-08-14
2026,00-0041361,WR,SF,Will Pauling,ACT,True,yes,23.49671745300293,7.40649883339347,0.0,29.317552083507564,phase4_production,0.16615087257204544,0.8338491274279546,0.3177083333333333,263,42.09,122.48557493000283,-115.08,0.0,0.5863198450469324,11.73,lower,standard,False,,,,,,,,2026-08-14
2026,00-0040890,WR,KC,Cyrus Allen,ACT,True,yes,23.554214477539062,7.40646152194003,0.0,29.317514772054125,phase4_production,0.16618923834458854,0.8338107616554115,0.3151041666666667,264,41.88,122.48557493000283,-115.08,0.0,0.5862814792743892,11.73,lower,standard,False,,,,,,,,2026-08-14
2026,00-0041228,WR,IND,Sahmir Hagans,ACT,True,yes,23.71027374267578,7.283800178308808,0.0,29.194853428422903,phase4_production,0.16580119152458908,0.834198808475411,0.3020833333333333,269,40.85,122.48557493000283,-115.2,0.0,0.5866695260943887,11.73,lower,standard,False,,,,,,,,2026-08-14
2026,00-0041035,WR,SF,De'Zhaun Stribling,ACT,True,yes,23.70479965209961,8.056172094021552,0.0,29.967225344135645,phase4_production,0.16643961841065863,0.8335603815893413,0.4140625,226,49.8,122.48557493000283,-114.43,0.0,0.5860310992083191,11.72,lower,standard,False,,,,,,,,2026-08-14
2026,00-0041525,WR,MIA,Chris Bell,ACT,True,yes,22.234542846679688,8.62280877106133,0.0,30.533862021175423,phase4_production,0.1667795825004464,0.8332204174995537,0.4947916666666667,195,56.25,122.48557493000283,-113.86,0.0,0.5856911351185314,11.71,lower,standard,True,Knee - ACL,Out,"Aug 15, 2026",2026-08-14,MyFantasyLeague,Documented public injury API,https://api.myfantasyleague.com/2026/export?TYPE=injuries&JSON=1,2026-08-14
2026,00-0041287,WR,CLE,Kole Wilson,ACT,True,yes,22.710939407348633,8.159527176674091,0.0,30.070580426788183,phase4_production,0.16696927822135274,0.8330307217786472,0.4505208333333333,212,52.7,122.48557493000283,-114.33,0.0,0.585501439397625,11.71,lower,standard,False,,,,,,,,2026-08-14
2026,00-0041152,WR,CAR,Kobe Prentice,ACT,True,yes,22.47821617126465,7.975078140706832,0.0,29.886131390820925,phase4_production,0.1670013571639817,0.8329986428360183,0.3828125,238,47.28,122.48557493000283,-114.51,0.0,0.5854693604549961,11.71,lower,standard,False,,,,,,,,2026-08-14
2026,00-0041342,WR,MIN,Dillon Bell,ACT,True,yes,22.82045555114746,7.8793936899163315,0.0,29.790446940030424,phase4_production,0.16696452735289297,0.833035472647107,0.3671875,244,46.04,122.48557493000283,-114.61,0.0,0.5855061902660847,11.71,lower,standard,False,,,,,,,,2026-08-14
2026,00-0040912,WR,TEN,Hank Beatty,ACT,True,yes,22.94913673400879,7.475331824925661,0.0,29.386385075039755,phase4_production,0.1668057969451478,0.8331942030548523,0.3307291666666667,258,43.12,122.48557493000283,-115.01,0.0,0.58566492067383,11.71,lower,standard,False,,,,,,,,2026-08-14
2026,00-0040989,WR,BAL,Octavian Smith,ACT,True,yes,23.307802200317383,7.377852418861048,0.0,29.28890566897514,phase4_production,0.166753908461732,0.833246091538268,0.3098958333333333,266,41.46,122.48557493000283,-115.11,0.0,0.5857168091572458,11.71,lower,standard,False,,,,,,,,2026-08-14
2026,00-0036534,TE,BUF,Shane Zylstra,ACT,True,no,29.791166305541992,6.130776230181437,0.0,24.235539372876058,phase4_production,0.19532581983050912,0.8046741801694909,0.4205128205128205,114,49.73,124.92868260243878,-118.8,0.0,0.585660715111823,11.71,lower,standard,False,,,,,,,,2026-08-14
2026,00-0041446,WR,DET,Kendrick Law,ACT,True,yes,22.218114852905273,8.641037573445836,0.0,30.55209082355993,phase4_production,0.16766900424828501,0.832330995751715,0.5,193,56.65,122.48557493000283,-113.84,0.0,0.5848017133706928,11.7,lower,standard,True,Knee - ACL,IR,"Feb 15, 2027",2026-08-14,MyFantasyLeague,Documented public injury API,https://api.myfantasyleague.com/2026/export?TYPE=injuries&JSON=1,2026-08-14
2026,00-0041308,WR,HOU,Treyvhon Saunders,ACT,True,yes,22.31941795349121,8.077671322784663,0.0,29.988724572898757,phase4_production,0.16748962600798806,0.8325103739920119,0.4192708333333333,224,50.19,122.48557493000283,-114.41,0.0,0.5849810916109897,11.7,lower,standard,False,,,,,,,,2026-08-14
2026,00-0041476,WR,SEA,Rashad Rochelle,ACT,True,yes,22.39060401916504,7.995048225728258,0.0,29.906101475842352,phase4_production,0.1674409427599914,0.8325590572400086,0.3958333333333333,233,48.32,122.48557493000283,-114.49,0.0,0.5850297748589863,11.7,lower,standard,False,,,,,,,,2026-08-14
2026,00-0040895,WR,SEA,Emmanuel Henderson,ACT,True,yes,23.45017433166504,7.488135462406246,0.0,29.399188712520342,phase4_production,0.1675974142577631,0.8324025857422369,0.3333333333333333,257,43.31,122.48557493000283,-115.0,0.0,0.5848733033612147,11.7,lower,standard,False,,,,,,,,2026-08-14
2026,00-0041467,WR,HOU,Lewis Bond,ACT,True,yes,23.26125717163086,7.318275329283959,0.0,29.229328579398054,phase4_production,0.16724177053481945,0.8327582294651805,0.3046875,268,41.03,122.48557493000283,-115.17,0.0,0.5852289470841583,11.7,lower,standard,False,,,,,,,,2026-08-14
2026,00-0040867,WR,PHI,Makai Lemon,ACT,True,yes,22.248231887817383,8.337070965106244,0.0,30.248124215220336,phase4_production,0.1681927966447554,0.8318072033552446,0.4765625,202,54.76,122.48557493000283,-114.15,0.0,0.5842779209742224,11.69,lower,standard,True,Hamstring,Questionable,"Aug 22, 2026",2026-08-14,MyFantasyLeague,Documented public injury API,https://api.myfantasyleague.com/2026/export?TYPE=injuries&JSON=1,2026-08-14
2026,00-0040876,WR,BAL,Elijah Sarratt,ACT,True,yes,23.263996124267578,7.987766292615752,0.0,29.898819542729846,phase4_production,0.16789129833064176,0.8321087016693582,0.390625,235,47.89,122.48557493000283,-114.5,0.0,0.584579419288336,11.69,lower,standard,False,,,,,,,,2026-08-14
2026,00-0041293,WR,DEN,Dane Key,ACT,True,yes,23.17090606689453,7.974015590791109,0.0,29.885068840905202,phase4_production,0.16802298273657074,0.8319770172634293,0.3802083333333333,239,47.06,122.48557493000283,-114.51,0.0,0.5844477348824071,11.69,lower,standard,False,,,,,,,,2026-08-14
2026,00-0041176,WR,WAS,Jaden Bradley,ACT,True,yes,23.43922233581543,7.609082244816097,0.0,29.52013549493019,phase4_production,0.1679639059588801,0.8320360940411199,0.3411458333333333,254,43.93,122.48557493000283,-114.88,0.0,0.5845068116600977,11.69,lower,standard,False,,,,,,,,2026-08-14
2026,00-0041248,WR,CIN,Noah Thomas,ACT,True,yes,22.63427734375,8.04194454118313,0.0,29.95299779129722,phase4_production,0.1682880880077445,0.8317119119922555,0.4036458333333333,230,48.93,122.48557493000283,-114.44,0.0,0.5841826296112332,11.68,lower,standard,False,,,,,,,,2026-08-14
2026,00-0041322,WR,NE,Jimmy Kibble,ACT,True,yes,22.69451141357422,7.925693112715755,0.0,29.83674636282985,phase4_production,0.16828799022446175,0.8317120097755383,0.3697916666666667,243,46.22,122.48557493000283,-114.56,0.0,0.584182727394516,11.68,lower,standard,True,Undisclosed,IR,,2026-07-25,CBS Sports,"Secondary public tracker, independently reviewed",https://www.cbssports.com/nfl/injuries/,2026-08-14
2026,00-0041047,WR,CAR,Chris Brazzell,ACT,True,yes,22.85878562927246,7.86136829481234,0.0,29.772421544926434,phase4_production,0.16858383904279445,0.8314161609572055,0.3645833333333333,245,45.79,122.48557493000283,-114.62,0.0,0.5838868785761833,11.68,lower,standard,True,Knee,IR,"Feb 15, 2027",2026-08-14,MyFantasyLeague,Documented public injury API,https://api.myfantasyleague.com/2026/export?TYPE=injuries&JSON=1,2026-08-14
2026,00-0040934,WR,DAL,Jordan Hudson,ACT,True,yes,22.776647567749023,7.833316248838892,0.0,29.744369498952985,phase4_production,0.16828799022446175,0.8317120097755383,0.3567708333333333,248,45.18,122.48557493000283,-114.65,0.0,0.584182727394516,11.68,lower,standard,False,,,,,,,,2026-08-14
2026,00-0041020,WR,KC,Xavier Loyd,ACT,True,yes,23.47755241394043,7.742676200608993,0.0,29.653729450723088,phase4_production,0.1685372897861235,0.8314627102138765,0.3463541666666667,252,44.34,122.48557493000283,-114.74,0.0,0.5839334278328543,11.68,lower,standard,False,,,,,,,,2026-08-14
2026,00-0041481,WR,MIN,Terrill Davis,ACT,True,yes,23.058652877807617,7.415933117483414,0.0,29.326986367597506,phase4_production,0.16870032183423997,0.83129967816576,0.3229166666666667,261,42.46,122.48557493000283,-115.07,0.0,0.5837703957847378,11.68,lower,standard,False,,,,,,,,2026-08-14
2026,00-0040930,WR,DAL,Camden Brown,ACT,True,yes,22.322154998779297,8.704899787363631,0.0,30.615953037477723,phase4_production,0.16886209515547007,0.83113790484453,0.5026041666666666,192,56.83,122.48557493000283,-113.78,0.0,0.5836086224635078,11.67,lower,standard,False,,,,,,,,2026-08-14
2026,00-0041070,WR,AZ,Reggie Virgil,ACT,True,yes,22.30025291442871,8.450146335568512,0.0,30.361199585682606,phase4_production,0.1691725913155301,0.8308274086844699,0.484375,199,55.37,122.48557493000283,-114.04,0.0,0.5832981263034477,11.67,lower,standard,False,,,,,,,,2026-08-14
2026,00-0041319,WR,NE,Cameron Dorner,ACT,True,yes,22.57404327392578,7.940545043278895,0.0,29.85159829339299,phase4_production,0.16909032452737596,0.8309096754726241,0.3776041666666667,240,46.83,122.48557493000283,-114.55,0.0,0.5833803930916018,11.67,lower,standard,False,,,,,,,,2026-08-14
2026,00-0040954,WR,KC,Omari Evans,ACT,True,yes,22.669870376586914,7.743214597975086,0.0,29.65426784808918,phase4_production,0.16887063780911593,0.8311293621908841,0.3489583333333333,251,44.54,122.48557493000283,-114.74,0.0,0.5836000798098618,11.67,lower,standard,False,,,,,,,,2026-08-14
2026,00-0041168,WR,CHI,Omari Kelly,ACT,True,yes,22.85878562927246,7.550313924574413,0.0,29.461367174688505,phase4_production,0.16887063780911593,0.8311293621908841,0.3359375,256,43.5,122.48557493000283,-114.94,0.0,0.5836000798098618,11.67,lower,standard,False,,,,,,,,2026-08-14
2026,00-0035594,RB,PIT,Travis Homer,ACT,True,no,28.06902313232422,6.583138832972774,1.056016987424047,6.583138832972774,phase4_production,0.22069065874808313,0.7793093412519169,0.18571428571428572,172,30.44,156.9957177199209,-150.41,0.0,0.5837187340011999,11.67,moderate,standard,False,,,,,,,,2026-08-14
2026,00-0040937,RB,DAL,Dominic Richardson,ACT,True,yes,25.38861083984375,10.245524180845058,0.0,38.57398029957015,phase4_production,0.22160330416181884,0.7783966958381812,0.35714285714285715,136,44.14,156.9957177199209,-146.75,0.0,0.5828060885874642,11.66,moderate,standard,False,,,,,,,,2026-08-14
2026,00-0041547,WR,CLE,K.C. Concepcion,ACT,True,yes,21.936111450195312,8.964798746555887,0.0,30.87585199666998,phase4_production,0.16938079893300304,0.8306192010669969,0.5208333333333334,185,58.28,122.48557493000283,-113.52,0.0,0.5830899186859747,11.66,lower,standard,False,,,,,,,,2026-08-14
2026,00-0041352,WR,MIN,Marcus Sanders,ACT,True,yes,22.13323974609375,8.629751694809368,0.0,30.54080494492346,phase4_production,0.16926383829813166,0.8307361617018684,0.4973958333333333,194,56.41,122.48557493000283,-113.86,0.0,0.5832068793208461,11.66,lower,standard,False,,,,,,,,2026-08-14
2026,00-0041359,WR,SF,Wesley Grimes,ACT,True,yes,22.480955123901367,8.255134794072323,0.0,30.166188044186416,phase4_production,0.16955758729820944,0.8304424127017905,0.4713541666666667,204,54.32,122.48557493000283,-114.23,0.0,0.5829131303207683,11.66,lower,standard,False,,,,,,,,2026-08-14
2026,00-0041048,WR,TB,Ted Hurst,ACT,True,yes,22.166095733642578,8.080250774050928,0.0,29.99130402416502,phase4_production,0.17013779573304,0.82986220426696,0.421875,223,50.35,122.48557493000283,-114.41,0.0,0.5823329218859378,11.65,lower,standard,False,,,,,,,,2026-08-14
2026,00-0041486,RB,IND,Anderson Castle,ACT,True,yes,24.591880798339844,10.293691848512724,0.0,38.622147967237815,phase4_production,0.22264447641683272,0.7773555235831673,0.3761904761904762,132,45.64,156.9957177199209,-146.7,0.0,0.5817649163324503,11.64,moderate,standard,False,,,,,,,,2026-08-14
2026,00-0041052,RB,SF,Kaelon Black,ACT,True,yes,24.873886108398438,10.171178421690847,0.0,38.49963454041594,phase4_production,0.22217745406445966,0.7778225459355403,0.3523809523809524,137,43.75,156.9957177199209,-146.82,0.0,0.5822319386848234,11.64,moderate,standard,True,Thigh,Questionable,"Aug 20, 2026",2026-08-14,MyFantasyLeague,Documented public injury API,https://api.myfantasyleague.com/2026/export?TYPE=injuries&JSON=1,2026-08-14
2026,00-0041485,RB,CAR,Miles Davis,ACT,True,yes,24.58640480041504,9.892071593164214,0.0,38.220527711889304,phase4_production,0.22242891444622517,0.7775710855537749,0.32857142857142857,142,41.84,156.9957177199209,-147.1,0.0,0.5819804783030579,11.64,moderate,standard,False,,,,,,,,2026-08-14
2026,00-0041433,RB,TB,Kadarius Calloway,ACT,True,yes,24.572715759277344,9.632312880258759,0.0,37.96076899898385,phase4_production,0.2225692115568552,0.7774307884431448,0.3047619047619048,147,39.93,156.9957177199209,-147.36,0.0,0.5818401811924279,11.64,moderate,standard,False,,,,,,,,2026-08-14
2026,00-0035140,WR,BUF,Mecole Hardman,ACT,True,no,28.474233627319336,9.562063459755937,0.0,31.47311670987003,phase4_production,0.17033509722769888,0.8296649027723011,0.5390625,178,59.72,122.48557493000283,-112.92,0.0,0.5821356203912789,11.64,lower,standard,False,,,,,,,,2026-08-14
2026,00-0040964,RB,KC,E.J. Smith,ACT,True,yes,24.298925399780273,9.424323697541318,0.0,37.75277981626641,phase4_production,0.22242891444622517,0.7775710855537749,0.2761904761904762,153,37.65,156.9957177199209,-147.57,0.0,0.5819804783030579,11.64,moderate,standard,False,,,,,,,,2026-08-14
2026,00-0040998,RB,LV,Roman Hemby,ACT,True,yes,24.044300079345703,9.389281735477615,0.0,37.71773785420271,phase4_production,0.2225692115568552,0.7774307884431448,0.2714285714285714,154,37.26,156.9957177199209,-147.61,0.0,0.5818401811924279,11.64,moderate,standard,False,,,,,,,,2026-08-14
2026,00-0040984,RB,BAL,Dontae McMillan,ACT,True,yes,25.07649040222168,8.801549522283693,0.0,37.130005641008786,phase4_production,0.22227831813142895,0.777721681868571,0.2523809523809524,158,35.74,156.9957177199209,-148.19,0.0,0.5821310746178541,11.64,moderate,standard,False,,,,,,,,2026-08-14
2026,00-0041200,RB,NYJ,Sam Scott,ACT,True,yes,23.688371658325195,10.265735681073352,0.0,38.594191799798445,phase4_production,0.22293514313410343,0.7770648568658965,0.36666666666666664,134,44.87,156.9957177199209,-146.73,0.0,0.5814742496151796,11.63,moderate,standard,False,,,,,,,,2026-08-14
2026,00-0041239,RB,NYJ,Chip Trayanum,ACT,True,yes,24.663066864013672,9.985937995280617,0.0,38.31439411400571,phase4_production,0.2228762678398082,0.7771237321601918,0.3380952380952381,140,42.59,156.9957177199209,-147.01,0.0,0.5815331249094748,11.63,moderate,standard,False,,,,,,,,2026-08-14
2026,00-0041165,RB,CHI,Coleman Bennett,ACT,True,yes,23.912879943847656,9.032125155161404,0.0,37.360581273886496,phase4_production,0.22296737514437762,0.7770326248556224,0.2619047619047619,156,36.49,156.9957177199209,-147.96,0.0,0.5814420176049054,11.63,moderate,standard,False,,,,,,,,2026-08-14
2026,00-0041241,RB,CIN,Kentrel Bullock,ACT,True,yes,24.422130584716797,8.890659090184927,0.0,37.21911520891002,phase4_production,0.22273145816999237,0.7772685418300076,0.2571428571428571,157,36.12,156.9957177199209,-148.11,0.0,0.5816779345792906,11.63,moderate,standard,False,,,,,,,,2026-08-14
2026,00-0041191,RB,ATL,Cash Jones,ACT,True,yes,26.407114028930664,8.799710504084988,0.0,37.128166622810085,phase4_production,0.22266790823145435,0.7773320917685457,0.24761904761904763,159,35.36,156.9957177199209,-148.2,0.0,0.5817414845178287,11.63,moderate,standard,False,,,,,,,,2026-08-14
2026,00-0041376,RB,LAC,Gregory Desrosiers,ACT,True,yes,25.432418823242188,8.693775863562113,0.0,37.02223198228721,phase4_production,0.2227723156679886,0.7772276843320114,0.23333333333333334,162,34.21,156.9957177199209,-148.3,0.0,0.5816370770812944,11.63,moderate,standard,False,,,,,,,,2026-08-14
2026,00-0040886,RB,TEN,Nicholas Singleton,ACT,True,yes,22.6534423828125,13.479196168008437,0.0,41.80765228673353,phase4_production,0.2235972436898003,0.7764027563101997,0.49047619047619045,108,54.77,156.9957177199209,-143.52,0.0,0.5808121490594828,11.62,moderate,standard,False,,,,,,,,2026-08-14
2026,00-0041307,RB,HOU,Josh Pitsenberger,ACT,True,yes,22.88890266418457,12.084893452205721,0.0,40.41334957093081,phase4_production,0.2235217803083158,0.7764782196916842,0.43333333333333335,120,50.2,156.9957177199209,-144.91,0.0,0.5808876124409672,11.62,moderate,standard,False,,,,,,,,2026-08-14
2026,00-0041096,RB,WAS,Kaytron Allen,ACT,True,yes,23.647302627563477,10.65337496889161,0.0,38.981831087616705,phase4_production,0.22338017207722136,0.7766198279227786,0.38571428571428573,130,46.39,156.9957177199209,-146.34,0.0,0.5810292206720616,11.62,moderate,standard,False,,,,,,,,2026-08-14
2026,00-0041081,RB,MIN,Max Bredeson,ACT,True,yes,23.910140991210938,9.658485836691156,0.0,37.98694195541625,phase4_production,0.22318219995752783,0.7768178000424721,0.30952380952380953,146,40.3,156.9957177199209,-147.34,0.0,0.5812271927917552,11.62,moderate,standard,False,,,,,,,,2026-08-14
2026,00-0041436,RB,MIA,D.J. Herman,ACT,True,yes,24.460460662841797,9.62052155097687,0.0,37.94897766970196,phase4_production,0.22318219995752783,0.7768178000424721,0.29523809523809524,149,39.16,156.9957177199209,-147.38,0.0,0.5812271927917552,11.62,moderate,standard,False,,,,,,,,2026-08-14
2026,00-0041281,RB,CLE,T.J. Harden,ACT,True,yes,22.35774803161621,14.350562631674933,0.0,42.679018750400026,phase4_production,0.22388793533256526,0.7761120646674348,0.5047619047619047,105,55.9,156.9957177199209,-142.65,0.0,0.5805214574167178,11.61,moderate,standard,False,,,,,,,,2026-08-14
2026,00-0041157,RB,MIA,Anthony Hankerson,ACT,True,yes,22.576780319213867,14.004379039036273,0.0,42.332835157761366,phase4_production,0.22413377360134568,0.7758662263986543,0.49523809523809526,107,55.14,156.9957177199209,-142.99,0.0,0.5802756191479373,11.61,moderate,standard,False,,,,,,,,2026-08-14
2026,00-0041129,RB,NE,Jam Miller,ACT,True,yes,22.34132194519043,12.133904895111856,0.0,40.46236101383695,phase4_production,0.22397521648395707,0.776024783516043,0.4380952380952381,119,50.57,156.9957177199209,-144.86,0.0,0.580434176265326,11.61,moderate,standard,False,,,,,,,,2026-08-14
2026,00-0041415,RB,LA,Dean Connors,ACT,True,yes,23.009370803833008,10.935245913557242,0.0,39.26370203228234,phase4_production,0.22392099404043714,0.7760790059595628,0.3952380952380952,128,47.14,156.9957177199209,-146.06,0.0,0.5804883987088458,11.61,moderate,standard,False,,,,,,,,2026-08-14
2026,00-0041323,RB,NE,Myles Montgomery,ACT,True,yes,23.411842346191406,9.664844481586007,0.0,37.9933006003111,phase4_production,0.22368445486203156,0.7763155451379684,0.3142857142857143,145,40.67,156.9957177199209,-147.33,0.0,0.5807249378872514,11.61,moderate,standard,True,Undisclosed,IR,"Feb 15, 2027",2026-08-14,MyFantasyLeague,Documented public injury API,https://api.myfantasyleague.com/2026/export?TYPE=injuries&JSON=1,2026-08-14
2026,00-0040959,RB,KC,Jaydn Ott,ACT,True,yes,23.71027374267578,9.443985253577875,0.0,37.772441372302964,phase4_production,0.22392099404043714,0.7760790059595628,0.2857142857142857,151,38.38,156.9957177199209,-147.55,0.0,0.5804883987088458,11.61,moderate,standard,False,,,,,,,,2026-08-14
2026,00-0040946,RB,GB,Jaden Nixon,ACT,True,yes,23.951210021972656,8.772893147340556,0.0,37.10134926606565,phase4_production,0.22381181426027663,0.7761881857397234,0.24285714285714285,160,34.95,156.9957177199209,-148.22,0.0,0.5805975784890064,11.61,moderate,standard,False,,,,,,,,2026-08-14
2026,00-0041029,WR,NO,Jordyn Tyson,ACT,True,yes,22.05384063720703,6.322265766786335,0.0,28.233319016900428,phase4_production,0.17219919564945968,0.8278008043505403,0.265625,283,37.81,122.48557493000283,-116.16,0.0,0.580271521969518,11.61,lower,standard,True,Hamstring,Questionable,"Aug 15, 2026",2026-08-14,MyFantasyLeague,Documented public injury API,https://api.myfantasyleague.com/2026/export?TYPE=injuries&JSON=1,2026-08-14
2026,00-0041244,RB,CIN,Jamal Haynes,ACT,True,yes,23.90740394592285,12.859497243943297,0.0,41.18795336266839,phase4_production,0.22453830819898435,0.7754616918010157,0.47619047619047616,111,53.6,156.9957177199209,-144.14,0.0,0.5798710845502987,11.6,moderate,standard,False,,,,,,,,2026-08-14
2026,00-0041277,RB,CLE,Davon Booth,ACT,True,yes,24.60556983947754,12.693417217488268,0.0,41.02187333621336,phase4_production,0.22453830819898435,0.7754616918010157,0.46190476190476193,114,52.46,156.9957177199209,-144.3,0.0,0.5798710845502987,11.6,moderate,standard,False,,,,,,,,2026-08-14
2026,00-0040991,RB,BAL,Elijah Tau-Tolliver,ACT,True,yes,23.296850204467773,10.25951166009602,0.0,38.58796777882111,phase4_production,0.22419607811085787,0.7758039218891422,0.3619047619047619,135,44.47,156.9957177199209,-146.74,0.0,0.5802133146384252,11.6,moderate,standard,False,,,,,,,,2026-08-14
2026,00-0041221,RB,BUF,Jackson Acker,ACT,True,yes,23.95668601989746,9.724205436776316,0.0,38.05266155550141,phase4_production,0.22423224921687768,0.7757677507831223,0.319047619047619,144,41.04,156.9957177199209,-147.27,0.0,0.5801771435324053,11.6,moderate,standard,False,,,,,,,,2026-08-14
2026,00-0041326,RB,NO,C.J. Donaldson,ACT,True,yes,22.146930694580078,14.718926143570235,0.0,43.04738226229533,phase4_production,0.22486241758717898,0.775137582412821,0.5095238095238095,104,56.26,156.9957177199209,-142.28,0.0,0.5795469751621041,11.59,moderate,standard,False,,,,,,,,2026-08-14
2026,00-0041139,RB,NYG,Damon Bankston,ACT,True,yes,23.354347229003906,9.435993882656978,0.0,37.76445000138207,phase4_production,0.2255032432854501,0.7744967567145499,0.28095238095238095,152,37.97,156.9957177199209,-147.56,0.0,0.5789061494638329,11.58,moderate,standard,False,,,,,,,,2026-08-14
2026,00-0041511,WR,NYJ,Omar Cooper,ACT,True,yes,22.716413497924805,6.154743796358159,0.0,28.06579704647225,phase4_production,0.17349244543371045,0.8265075545662895,0.2552083333333333,287,36.95,122.48557493000283,-116.33,0.0,0.5789782721852673,11.58,lower,standard,False,,,,,,,,2026-08-14
2026,00-0040530,K,NYG,Ben Sauls,ACT,True,no,25.08744239807129,19.158157713890944,0.0,89.07677659621898,phase2_production_kicker,0.0558707766963704,0.9441292233036296,0.046511627906976744,42,22.6,117.20593632592522,-98.05,0.0,0.5785138122216102,11.57,lower,low (kicker),False,,,,,,,,2026-08-14
2026,00-0041051,WR,CHI,Zavion Thomas,ACT,True,yes,22.546663284301758,6.189262517517104,0.0,28.100315767631198,phase4_production,0.17404590374979728,0.8259540962502028,0.2578125,286,37.14,122.48557493000283,-116.3,0.0,0.5784248138691805,11.57,lower,standard,True,Knee,Questionable,"Aug 15, 2026",2026-08-14,MyFantasyLeague,Documented public injury API,https://api.myfantasyleague.com/2026/export?TYPE=injuries&JSON=1,2026-08-14
2026,00-0035704,QB,SEA,Drew Lock,ACT,True,no,29.807594299316406,17.16456783898701,0.0,61.541705951233716,phase4_production,0.14189922944363587,0.8581007705563641,0.5042016806722689,60,57.5,219.7920156860182,-202.63,0.0,0.5780697972961488,11.56,lower,standard,False,,,,,,,,2026-08-14
2026,00-0038643,TE,SF,Brayden Willis,ACT,True,no,26.806846618652344,6.91719023192022,0.0,25.021953374614842,phase4_production,0.20280379757497818,0.7971962024250219,0.4461538461538462,109,51.64,124.92868260243878,-118.01,0.0,0.578182737367354,11.56,moderate,standard,False,,,,,,,,2026-08-14
2026,00-0041040,WR,WAS,Antonio Williams,ACT,True,yes,22.13323974609375,6.063609936161629,0.0,27.974663186275723,phase4_production,0.17520507441319258,0.8247949255868074,0.24739583333333334,290,36.29,122.48557493000283,-116.42,0.0,0.5772656432057852,11.55,lower,standard,False,,,,,,,,2026-08-14
2026,00-0037340,TE,NO,Zaire Mitchell-Paden,ACT,True,no,27.034093856811523,5.212674754277744,0.0,23.317437896972365,phase4_production,0.20460355076614575,0.7953964492338542,0.38974358974358975,120,47.09,124.92868260243878,-119.72,0.0,0.5763829841761864,11.53,moderate,standard,False,,,,,,,,2026-08-14
2026,00-0033319,QB,JAX,Nick Mullens,ACT,True,no,31.45033836364746,9.170216423056495,0.0,53.5473545353032,phase4_production,0.14403032794517498,0.855969672054825,0.42016806722689076,70,50.73,219.7920156860182,-210.62,0.0,0.5759386987946097,11.52,lower,standard,False,,,,,,,,2026-08-14
2026,00-0036755,RB,LAC,Jaret Patterson,ACT,True,no,26.69185447692871,18.588094144099532,0.0,46.91655026282463,phase4_production,0.2305134101565357,0.7694865898434643,0.5476190476190477,96,59.2,156.9957177199209,-138.41,0.0,0.5738959825927473,11.48,moderate,standard,False,,,,,,,,2026-08-14
2026,00-0034959,RB,NYJ,Andrew Beck,ACT,True,no,30.297677993774414,8.183651533550421,0.0,36.51210765227552,phase4_production,0.230366843208223,0.769633156791777,0.22857142857142856,163,33.68,156.9957177199209,-148.81,0.0,0.57404254954106,11.48,moderate,standard,False,,,,,,,,2026-08-14
2026,00-0034771,QB,PIT,Mason Rudolph,ACT,True,no,31.12726402282715,27.041443812586255,0.0,71.41858192483296,phase4_production,0.14777862506710923,0.8522213749328907,0.5378151260504201,56,60.07,219.7920156860182,-192.75,0.0,0.5721904016726754,11.44,lower,standard,False,,,,,,,,2026-08-14
2026,00-0038152,K,GB,Lucas Havrisik,ACT,True,no,26.924577713012695,21.310431536074656,0.0,91.2290504184027,phase2_production_kicker,0.06251149177870088,0.9374885082212991,0.06976744186046512,41,24.33,117.20593632592522,-95.9,0.0,0.5718730971392798,11.44,lower,low (kicker),False,,,,,,,,2026-08-14
2026,00-0036423,TE,LV,Albert Okwuegbunam,ACT,True,no,28.3537654876709,8.906447077596997,0.0,27.01121022029162,phase4_production,0.20932671414806373,0.7906732858519363,0.5128205128205128,96,56.84,124.92868260243878,-116.02,0.0,0.5716598207942685,11.43,moderate,standard,False,,,,,,,,2026-08-14
2026,00-0041251,QB,TB,Jalon Daniels,ACT,True,yes,23.841693878173828,1.615963193786101,0.0,3.472009633612865,phase4_production,0.1485875155016124,0.8514124844983876,0.04201680672268908,115,20.39,219.7920156860182,-218.18,0.0,0.5713815112381723,11.43,lower,standard,False,,,,,,,,2026-08-14
2026,00-0040317,WR,WAS,Jacoby Jones,ACT,True,no,25.123035430908203,6.680511284493616,0.0,28.59156453460771,phase4_production,0.18218791041553506,0.8178120895844649,0.2890625,274,39.48,122.48557493000283,-115.81,0.0,0.5702828072034427,11.41,lower,standard,False,,,,,,,,2026-08-14
2026,00-0027973,QB,PHI,Andy Dalton,ACT,True,no,38.84268569946289,35.65812284946661,1.0167175904910692,80.0352609617133,phase4_production,0.1501909661964206,0.8498090338035794,0.5966386554621849,49,64.73,219.7920156860182,-184.13,0.0,0.5697780605433641,11.4,lower,standard,False,,,,,,,,2026-08-14
2026,00-0040058,TE,SEA,Nick Kallerup,ACT,True,no,25.432418823242188,5.778669253001271,0.0,23.883432395695895,phase4_production,0.21088651884669055,0.7891134811533095,0.41025641025641024,116,48.6,124.92868260243878,-119.15,0.0,0.5701000160956416,11.4,moderate,standard,False,,,,,,,,2026-08-14
2026,00-0037282,TE,CAR,James Mitchell,ACT,True,no,27.058734893798828,7.839523300451959,0.0,25.94428644314658,phase4_production,0.21144062272925515,0.7885593772707449,0.48205128205128206,102,54.34,124.92868260243878,-117.09,0.0,0.569545912213077,11.39,moderate,standard,False,,,,,,,,2026-08-14
2026,00-0041004,WR,LV,Chase Roberts,ACT,True,yes,25.610382080078125,5.928639022933985,0.0,27.83969227304808,phase4_production,0.18305140614473595,0.8169485938552641,0.23697916666666666,294,35.3,122.48557493000283,-116.56,0.0,0.5694193114742419,11.39,lower,standard,False,,,,,,,,2026-08-14
2026,00-0033869,QB,TEN,Mitchell Trubisky,ACT,True,no,32.033512115478516,33.92599600912057,0.0,78.30313412136726,phase4_production,0.1517181399559308,0.8482818600440691,0.5798319327731093,51,63.35,219.7920156860182,-185.87,0.0,0.5682508867838538,11.37,lower,standard,False,,,,,,,,2026-08-14
2026,00-0040981,QB,BAL,Joe Fagnano,ACT,True,yes,25.421466827392578,2.7553765928965244,0.0,4.611423032723289,phase4_production,0.15210286776667337,0.8478971322333266,0.2184873949579832,94,34.44,219.7920156860182,-217.04,0.0,0.5678661589731113,11.36,lower,standard,False,,,,,,,,2026-08-14
2026,00-0040653,WR,SEA,Ricky White III,ACT,True,no,24.56723976135254,6.311794182384472,0.0,28.222847432498565,phase4_production,0.18565203935891295,0.814347960641087,0.2630208333333333,284,37.33,122.48557493000283,-116.17,0.0,0.5668186782600648,11.34,lower,standard,False,,,,,,,,2026-08-14
2026,00-0038400,QB,PHI,Tanner McKee,ACT,True,no,26.346879959106445,14.752528514057447,0.0,59.12966662630415,phase4_production,0.15338116384890257,0.8466188361510975,0.4789915966386555,63,55.25,219.7920156860182,-205.04,0.0,0.5665878628908821,11.33,lower,standard,False,,,,,,,,2026-08-14
2026,00-0039747,WR,CAR,Ainias Smith,ACT,True,no,25.254453659057617,4.306043216215072,0.5169409560367666,4.227051518053486,phase4_production,0.18621320369809732,0.8137867963019026,0.1875,313,31.28,122.48557493000283,-118.18,0.0,0.5662575139208804,11.33,lower,standard,False,,,,,,,,2026-08-14
2026,00-0037258,RB,PHI,Dameon Pierce,ACT,True,no,26.533056259155273,14.824441670233663,0.0,43.152897788958754,phase4_production,0.23873125222877992,0.7612687477712201,0.5190476190476191,102,56.75,156.9957177199209,-142.17,0.0,0.5656781405205031,11.31,moderate,standard,True,Hamstring,Questionable,"Aug 15, 2026",2026-08-14,MyFantasyLeague,Documented public injury API,https://api.myfantasyleague.com/2026/export?TYPE=injuries&JSON=1,2026-08-14
2026,00-0036646,WR,AZ,Simi Fehoko,ACT,True,no,28.82194709777832,7.012967383818307,0.0,28.9240206339324,phase4_production,0.18816739040473413,0.8118326095952659,0.296875,271,39.99,122.48557493000283,-115.47,0.0,0.5643033272142437,11.29,lower,standard,False,,,,,,,,2026-08-14
2026,00-0040953,WR,KC,Jeff Caldwell,ACT,True,yes,23.502193450927734,5.00320886499956,0.0,26.914262115113655,phase4_production,0.18859579461014672,0.8114042053898533,0.20833333333333334,305,32.89,122.48557493000283,-117.48,0.0,0.563874923008831,11.28,lower,standard,False,,,,,,,,2026-08-14
2026,00-0041312,RB,HOU,Noah Whittington,ACT,True,yes,24.717824935913086,15.770825677495472,0.0,44.099281796220566,phase4_production,0.24100756716364666,0.7589924328363533,0.5238095238095238,101,57.08,156.9957177199209,-141.22,0.0,0.5634018255856363,11.27,moderate,standard,False,,,,,,,,2026-08-14
2026,00-0041523,WR,MIA,Caleb Douglas,ACT,True,yes,22.9792537689209,6.031233028900963,0.0,27.942286279015057,phase4_production,0.18909910156166262,0.8109008984383373,0.23958333333333334,293,35.38,122.48557493000283,-116.45,0.0,0.5633716160573151,11.27,lower,standard,False,,,,,,,,2026-08-14
2026,00-0040996,QB,LV,Jacob Clark,ACT,True,yes,25.8321533203125,1.547118108428545,0.0,3.4031645482553095,phase4_production,0.15668135460814694,0.8433186453918531,0.03361344537815126,116,19.56,219.7920156860182,-218.24,0.0,0.5632876721316378,11.27,lower,standard,False,,,,,,,,2026-08-14
2026,00-0041496,RB,DEN,Jonah Coleman,ACT,True,yes,23.034011840820312,20.559399385307003,0.0,48.887855504032096,phase4_production,0.24179872400728444,0.7582012759927156,0.5714285714285714,91,60.88,156.9957177199209,-136.44,0.0,0.5626106687419986,11.25,moderate,standard,False,,,,,,,,2026-08-14
2026,00-0041203,QB,JAX,Joey Aguilar,ACT,True,yes,25.210647583007812,1.7697388541909571,0.0,3.6257852940177218,phase4_production,0.1581516364639116,0.8418483635360884,0.09243697478991597,109,24.23,219.7920156860182,-218.02,0.0,0.5618173902758731,11.24,lower,standard,False,,,,,,,,2026-08-14
2026,00-0041044,WR,ATL,Zachariah Branch,ACT,True,yes,22.426197052001953,4.942442570763065,0.0,26.853495820877157,phase4_production,0.1907294987495507,0.8092705012504493,0.203125,307,32.44,122.48557493000283,-117.54,0.0,0.5617412188694271,11.23,lower,standard,False,,,,,,,,2026-08-14
2026,00-0038496,WR,NYG,Xavier Gipson,ACT,True,no,25.484437942504883,11.815122729752357,0.0,33.726175979866454,phase4_production,0.19132879039800046,0.8086712096019996,0.5729166666666666,165,62.01,122.48557493000283,-110.67,0.0,0.5611419272209773,11.22,lower,standard,False,,,,,,,,2026-08-14
2026,00-0038896,RB,DET,Jacob Saylors,ACT,True,no,26.483774185180664,7.518712758321894,0.0,35.84716887704699,phase4_production,0.24337400396535774,0.7566259960346422,0.20952380952380953,167,31.89,156.9957177199209,-149.48,0.0,0.5610353887839252,11.22,moderate,standard,False,,,,,,,,2026-08-14
2026,00-0040870,WR,BAL,Ja'Kobi Lane,ACT,True,yes,22.07300567626953,6.422864109139562,0.0,28.333917359253654,phase4_production,0.19130735088897277,0.8086926491110272,0.2734375,280,38.05,122.48557493000283,-116.06,0.0,0.561163366730005,11.22,lower,standard,False,,,,,,,,2026-08-14
2026,00-0041149,QB,CAR,Haynes King,ACT,True,yes,25.64323616027832,1.7737157734178763,0.0,3.629762213244641,phase4_production,0.15891029117326302,0.841089708826737,0.10084033613445378,108,24.89,219.7920156860182,-218.02,0.0,0.5610587355665216,11.22,lower,standard,True,Hamstring,Questionable,"Aug 21, 2026",2026-08-14,MyFantasyLeague,Documented public injury API,https://api.myfantasyleague.com/2026/export?TYPE=injuries&JSON=1,2026-08-14
2026,00-0041561,QB,AZ,Carson Beck,RES,True,yes,24.78353500366211,1.6482733266719989,0.0,3.5043197664987633,phase4_production,0.1587862500592085,0.8412137499407915,0.05042016806722689,114,20.86,219.7920156860182,-218.14,0.0,0.5611827766805761,11.22,lower,standard,True,Ribs,Questionable,"Aug 22, 2026",2026-08-14,MyFantasyLeague,Documented public injury API,https://api.myfantasyleague.com/2026/export?TYPE=injuries&JSON=1,2026-08-14
2026,00-0033090,TE,NE,Hunter Henry,ACT,True,no,31.73508071899414,132.43125541902418,88.68040376792956,205.30847535537197,phase4_production,0.4562822678152477,0.5437177321847523,0.9487179487179487,11,86.77,124.92868260243878,7.5,0.0589,0.32470426712708444,11.21,higher,standard,False,,,,,,,,2026-08-14
2026,00-0041491,WR,CLE,Aaron Anderson,ACT,True,yes,23.748605728149414,6.4220839804341585,0.0,28.333137230548253,phase4_production,0.1922191672663773,0.8077808327336227,0.2708333333333333,281,37.82,122.48557493000283,-116.06,0.0,0.5602515503526004,11.21,lower,standard,False,,,,,,,,2026-08-14
2026,00-0041123,QB,NE,Behren Morton,ACT,True,yes,24.621997833251953,1.9253128590531976,0.0,3.781359298879962,phase4_production,0.15925182479890787,0.8407481752010921,0.15966386554621848,101,29.59,219.7920156860182,-217.87,0.0,0.5607172019408768,11.21,lower,standard,False,,,,,,,,2026-08-14
2026,00-0040891,QB,PHI,Cole Payton,ACT,True,yes,23.84990882873535,1.659189620254959,0.0,3.5152360600817234,phase4_production,0.1593923632902322,0.8406076367097678,0.06722689075630252,112,22.19,219.7920156860182,-218.13,0.0,0.5605766634495525,11.21,lower,standard,False,,,,,,,,2026-08-14
2026,00-0041443,WR,BUF,Skyler Bell,ACT,True,yes,24.159292221069336,5.881538647822522,0.0,27.792591897936617,phase4_production,0.1928073819033767,0.8071926180966233,0.23177083333333334,296,34.69,122.48557493000283,-116.6,0.0,0.5596633357156011,11.19,lower,standard,False,,,,,,,,2026-08-14
2026,00-0041257,WR,TB,Eric Rivers,ACT,True,yes,23.95668601989746,5.044231939614685,0.0,26.955285189728777,phase4_production,0.1928073819033767,0.8071926180966233,0.2109375,304,33.02,122.48557493000283,-117.44,0.0,0.5596633357156011,11.19,lower,standard,False,,,,,,,,2026-08-14
2026,00-0040692,RB,LA,Jarquez Hunter,ACT,True,no,23.6746826171875,6.746667973853519,1.219546128304792,6.746667973853519,phase4_production,0.24605488831870695,0.7539451116812931,0.19047619047619047,171,30.32,156.9957177199209,-150.25,0.0,0.5583545044305761,11.17,moderate,standard,False,,,,,,,,2026-08-14
2026,00-0041172,QB,CHI,Miller Moss,ACT,True,yes,24.454984664916992,1.796768997976003,0.0,3.6528154378027677,phase4_production,0.16133204674069676,0.8386679532593032,0.12605042016806722,105,26.86,219.7920156860182,-218.0,0.0,0.5586369799990879,11.17,lower,standard,False,,,,,,,,2026-08-14
2026,00-0041565,QB,PIT,Drew Allar,RES,True,yes,22.483692169189453,1.8067075229388716,0.0,3.662753962765636,phase4_production,0.1619557162495141,0.8380442837504859,0.13445378151260504,104,27.52,219.7920156860182,-217.99,0.0,0.5580133104902706,11.16,lower,standard,False,,,,,,,,2026-08-14
2026,00-0040942,QB,GB,Kyron Drones,ACT,True,yes,23.107934951782227,1.71549458462659,0.0,3.5715410244533548,phase4_production,0.1621273545019244,0.8378726454980756,0.08403361344537816,110,23.48,219.7920156860182,-218.08,0.0,0.5578416722378603,11.16,lower,standard,False,,,,,,,,2026-08-14
2026,00-0036187,RB,NE,Reggie Gilliam,ACT,True,no,29.032766342163086,7.980951862295212,0.0,36.30940798102031,phase4_production,0.2467015607255207,0.7532984392744793,0.22380952380952382,164,32.97,156.9957177199209,-149.01,0.0,0.5577078320237623,11.15,moderate,standard,False,,,,,,,,2026-08-14
2026,00-0040906,QB,KC,Garrett Nussmeier,ACT,True,yes,24.56723976135254,1.7934508762828814,0.0,3.649497316109646,phase4_production,0.16240915820389373,0.8375908417961062,0.11764705882352941,106,26.16,219.7920156860182,-218.0,0.0,0.5575598685358909,11.15,lower,standard,False,,,,,,,,2026-08-14
2026,00-0041562,QB,LV,Fernando Mendoza,RES,True,yes,22.91901969909668,1.5065019993923383,0.0,3.3625484392191027,phase4_production,0.16247934084746296,0.837520659152537,0.025210084033613446,117,18.77,219.7920156860182,-218.29,0.0,0.5574896858923217,11.15,lower,standard,False,,,,,,,,2026-08-14
2026,00-0041194,QB,ATL,Jack Strand,ACT,True,yes,22.190736770629883,2.1335332139914778,0.0,3.989579653818242,phase4_production,0.16299040832778314,0.8370095916722169,0.18487394957983194,98,31.53,219.7920156860182,-217.66,0.0,0.5569786184120016,11.14,lower,standard,False,,,,,,,,2026-08-14
2026,00-0041568,QB,LA,Ty Simpson,RES,True,yes,23.696584701538086,1.821054547611553,0.0,3.677100987438317,phase4_production,0.16337583106775988,0.8366241689322401,0.14285714285714285,103,28.16,219.7920156860182,-217.97,0.0,0.5565931956720248,11.13,lower,standard,False,,,,,,,,2026-08-14
2026,00-0038636,RB,SEA,Kenny McIntosh,ACT,True,no,26.49746322631836,5.458311949293857,0.0,5.458311949293857,phase4_production,0.24844212503045204,0.751557874969548,0.15714285714285714,178,27.6,156.9957177199209,-151.54,0.0,0.555967267718831,11.12,moderate,standard,False,,,,,,,,2026-08-14
2026,00-0041529,WR,MIA,Kevin Coleman,ACT,True,yes,22.97651481628418,5.156497979686322,0.0,27.067551229800415,phase4_production,0.19648595213836742,0.8035140478616326,0.21354166666666666,303,33.15,122.48557493000283,-117.33,0.0,0.5559847654806104,11.12,lower,standard,True,Undisclosed,Questionable,"Aug 14, 2026",2026-08-14,MyFantasyLeague,Documented public injury API,https://api.myfantasyleague.com/2026/export?TYPE=injuries&JSON=1,2026-08-14
2026,00-0041117,QB,WAS,Athan Kaliakmanis,ACT,True,yes,23.034011840820312,1.6594883004369727,0.0,3.515534740263737,phase4_production,0.16398442833495774,0.8360155716650423,0.07563025210084033,111,22.77,219.7920156860182,-218.13,0.0,0.555984598404827,11.12,lower,standard,False,,,,,,,,2026-08-14
2026,00-0025565,K,ATL,Nick Folk,ACT,True,no,41.821529388427734,120.615652233744,28.117627455455946,161.23889039424782,phase2_production_kicker,0.18584082721081588,0.8141591727891841,0.7906976744186046,10,79.54,117.20593632592522,3.41,0.0268,0.4485437617071648,11.11,lower,low (kicker),False,,,,,,,,2026-08-14
2026,00-0039344,RB,CAR,Jonathon Brooks,ACT,True,no,23.116147994995117,17.162381910183335,0.0,45.49083802890843,phase4_production,0.24872475401897065,0.7512752459810293,0.5380952380952381,98,58.07,156.9957177199209,-139.83,0.0,0.5556846387303124,11.11,moderate,standard,False,,,,,,,,2026-08-14
2026,00-0041414,QB,LA,Matthew Caldwell,ACT,True,yes,23.277685165405273,1.6565795505448897,0.0,3.512625990371654,phase4_production,0.1642289448697066,0.8357710551302934,0.058823529411764705,113,21.42,219.7920156860182,-218.14,0.0,0.5557400818700781,11.11,lower,standard,False,,,,,,,,2026-08-14
2026,00-0039363,RB,SF,Isaac Guerendo,ACT,True,no,26.1771297454834,18.38138091123623,0.0,46.70983702996132,phase4_production,0.24946423826035333,0.7505357617396466,0.5428571428571428,97,58.44,156.9957177199209,-138.61,0.0,0.5549451544889297,11.1,moderate,standard,True,Pectoral,Out,"Aug 20, 2026",2026-08-14,MyFantasyLeague,Documented public injury API,https://api.myfantasyleague.com/2026/export?TYPE=injuries&JSON=1,2026-08-14
2026,00-0035125,RB,LAC,Alec Ingold,ACT,True,no,30.1470947265625,14.816926144531575,0.0,43.145382263256664,phase4_production,0.24947833961563554,0.7505216603843645,0.5142857142857142,103,56.15,156.9957177199209,-142.18,0.0,0.5549310531336475,11.1,moderate,standard,False,,,,,,,,2026-08-14
2026,00-0041056,QB,NYJ,Cade Klubnik,ACT,True,yes,22.894378662109375,1.780704427253099,0.0,3.636750867079863,phase4_production,0.16522893898662777,0.8347710610133723,0.1092436974789916,107,25.43,219.7920156860182,-218.01,0.0,0.554740087753157,11.09,lower,standard,False,,,,,,,,2026-08-14
2026,00-0034613,TE,CIN,Tanner Hudson,ACT,True,no,31.80352783203125,31.066601082248198,0.0,103.943821018596,phase4_production,0.22727025935513048,0.7727297406448695,0.7076923076923077,58,72.07,124.92868260243878,-93.86,0.0,0.5537162755872017,11.07,moderate,standard,False,,,,,,,,2026-08-14
2026,00-0041027,RB,AZ,Jeremiyah Love,ACT,True,yes,21.254371643066406,20.574482496925704,0.0,48.9029386156508,phase4_production,0.2517640512129583,0.7482359487870417,0.5761904761904761,90,61.06,156.9957177199209,-136.42,0.0,0.5526453415363247,11.05,moderate,standard,True,Ankle,Questionable,"Aug 22, 2026",2026-08-14,MyFantasyLeague,Documented public injury API,https://api.myfantasyleague.com/2026/export?TYPE=injuries&JSON=1,2026-08-14
2026,00-0040241,WR,DET,Dominic Lovett,ACT,True,no,23.814315795898438,8.183558296261129,0.0,30.094611546375223,phase4_production,0.19993332769511182,0.8000666723048881,0.4609375,208,52.88,122.48557493000283,-114.3,0.0,0.5525373899238659,11.05,lower,standard,False,,,,,,,,2026-08-14
2026,00-0040406,WR,NYJ,Quentin Skinner,RES,True,no,24.687707901000977,6.2570782720368365,0.0,28.16813152215093,phase4_production,0.20096655078584247,0.7990334492141575,0.2604166666666667,285,36.81,122.48557493000283,-116.23,0.0,0.5515041668331353,11.03,moderate,standard,False,,,,,,,,2026-08-14
2026,00-0041125,RB,IND,Seth McGowan,ACT,True,yes,24.857458114624023,10.03634578541747,0.0,38.36480190414257,phase4_production,0.25317856462359933,0.7468214353764007,0.34285714285714286,139,42.37,156.9957177199209,-146.96,0.0,0.5512308281256837,11.02,moderate,standard,False,,,,,,,,2026-08-14
2026,00-0036842,RB,NYJ,Kene Nwangwu,ACT,True,no,28.55910873413086,8.709308059011738,0.0,37.03776417773683,phase4_production,0.25336538511458,0.7466346148854199,0.23809523809523808,161,33.98,156.9957177199209,-148.29,0.0,0.551044007634703,11.02,moderate,standard,False,,,,,,,,2026-08-14
2026,00-0039757,RB,NE,Terrell Jennings,ACT,True,no,25.659664154052734,19.27694866069911,0.0,47.605404779424205,phase4_production,0.254196620979423,0.7458033790205769,0.5571428571428572,94,59.49,156.9957177199209,-137.72,0.0,0.5502127717698599,11.0,moderate,standard,True,Undisclosed,IR,"Feb 15, 2027",2026-08-14,MyFantasyLeague,Documented public injury API,https://api.myfantasyleague.com/2026/export?TYPE=injuries&JSON=1,2026-08-14
2026,00-0040466,RB,CLE,Raheim Sanders,ACT,True,no,24.23321533203125,19.656903830234466,0.0,47.985359948959555,phase4_production,0.2550373397029262,0.7449626602970738,0.5619047619047619,93,59.85,156.9957177199209,-137.34,0.0,0.5493720530463568,10.99,moderate,standard,False,,,,,,,,2026-08-14
2026,00-0034419,WR,NYG,Braxton Berrios,ACT,True,no,30.905494689941406,11.177932508162076,0.0,33.088985758276166,phase4_production,0.20329808646455264,0.7967019135354474,0.5625,169,60.93,122.48557493000283,-111.31,0.0,0.5491726311544252,10.98,moderate,standard,False,,,,,,,,2026-08-14
2026,00-0036265,RB,CAR,AJ Dillon,ACT,True,no,28.3346004486084,10.596078292129334,0.0,38.92453441085443,phase4_production,0.2555619342611311,0.744438065738869,0.38095238095238093,131,45.36,156.9957177199209,-146.4,0.0,0.548847458488152,10.98,moderate,standard,False,,,,,,,,2026-08-14
2026,00-0037557,RB,LA,Ronnie Rivers,ACT,True,no,27.584413528442383,9.162215392866383,0.0,37.49067151159147,phase4_production,0.25516376372529953,0.7448362362747005,0.26666666666666666,155,36.23,156.9957177199209,-147.83,0.0,0.5492456290239836,10.98,moderate,standard,False,,,,,,,,2026-08-14
2026,00-0033217,TE,IND,Mo Alie-Cox,ACT,True,no,32.95071029663086,22.085779305750712,7.9658541633714535,40.190542448445335,phase4_production,0.23256533121555056,0.7674346687844494,0.6666666666666666,66,68.68,124.92868260243878,-102.84,0.0,0.5484212037267816,10.97,moderate,standard,False,,,,,,,,2026-08-14
2026,00-0036727,RB,DEN,Adam Prentice,ACT,True,no,29.62415313720703,10.683721652201665,0.0,39.012177770926755,phase4_production,0.25581276716089835,0.7441872328391017,0.3904761904761905,129,46.12,156.9957177199209,-146.31,0.0,0.5485966255883847,10.97,moderate,standard,False,,,,,,,,2026-08-14
2026,00-0033862,K,MIA,Zane Gonzalez,ACT,True,no,31.3216552734375,79.75560722737312,12.04301306251297,150.3964291245873,phase2_production_kicker,0.0866019696499304,0.9133980303500696,0.3953488372093023,27,49.9,117.20593632592522,-37.45,0.0,0.5477826192680503,10.96,lower,low (kicker),True,Undisclosed,IR,"Feb 15, 2027",2026-08-14,MyFantasyLeague,Documented public injury API,https://api.myfantasyleague.com/2026/export?TYPE=injuries&JSON=1,2026-08-14
2026,00-0037475,TE,PHI,Stone Smartt,ACT,True,no,27.91022491455078,9.62033987359331,0.0,27.72510301628793,phase4_production,0.23594280928452294,0.7640571907154771,0.5538461538461539,88,59.59,124.92868260243878,-115.31,0.0,0.5450437256578092,10.9,moderate,standard,False,,,,,,,,2026-08-14
2026,00-0035289,QB,AZ,Gardner Minshew,ACT,True,no,30.294940948486328,16.988505344723894,0.0,61.3656434569706,phase4_production,0.17547253319049064,0.8245274668095094,0.4957983193277311,61,56.15,219.7920156860182,-202.8,0.0,0.5444964935492941,10.89,lower,standard,False,,,,,,,,2026-08-14
2026,00-0041178,RB,WAS,Robert Henry,ACT,True,yes,24.668542861938477,11.353727927262613,0.0,39.682184045987704,phase4_production,0.25977309930188325,0.7402269006981168,0.40476190476190477,126,47.19,156.9957177199209,-145.64,0.0,0.5446362934473998,10.89,moderate,standard,False,,,,,,,,2026-08-14
2026,00-0034386,WR,HOU,Justin Watson,ACT,True,no,30.40993309020996,11.254852888846093,0.0,33.16590613896019,phase4_production,0.2078634601680586,0.7921365398319414,0.5677083333333334,167,61.26,122.48557493000283,-111.23,0.0,0.5446072574509192,10.89,moderate,standard,False,,,,,,,,2026-08-14
2026,00-0036959,WR,DEN,Michael Bandy,ACT,True,no,28.739809036254883,5.5356265141261405,0.0,27.446679764240233,phase4_production,0.20849182051390047,0.7915081794860995,0.21875,301,33.33,122.48557493000283,-116.95,0.0,0.5439788971050773,10.88,moderate,standard,False,,,,,,,,2026-08-14
2026,00-0040179,RB,IND,DJ Giddens,ACT,True,no,23.0175838470459,25.03387667819449,0.0,53.36233279691958,phase4_production,0.2607595155849132,0.7392404844150868,0.6095238095238096,83,63.55,156.9957177199209,-131.96,0.0,0.5436498771643699,10.87,moderate,standard,True,Hamstring,Questionable,"Aug 22, 2026",2026-08-14,MyFantasyLeague,Documented public injury API,https://api.myfantasyleague.com/2026/export?TYPE=injuries&JSON=1,2026-08-14
2026,00-0037594,RB,TEN,Julius Chestnut,ACT,True,no,25.84857940673828,15.935693001684804,0.0,44.2641491204099,phase4_production,0.2607204150011601,0.7392795849988398,0.5285714285714286,100,57.07,156.9957177199209,-141.06,0.0,0.5436889777481229,10.87,moderate,standard,False,,,,,,,,2026-08-14
2026,00-0040649,RB,SEA,Robbie Ouzts,ACT,True,no,23.98680305480957,12.269956283996677,0.0,40.59841240272177,phase4_production,0.2617284905557368,0.7382715094442631,0.4523809523809524,116,50.96,156.9957177199209,-144.73,0.0,0.5426809021935461,10.85,moderate,standard,True,Neck,IR,"Feb 15, 2027",2026-08-14,MyFantasyLeague,Documented public injury API,https://api.myfantasyleague.com/2026/export?TYPE=injuries&JSON=1,2026-08-14
2026,00-0026300,QB,CIN,Josh Johnson,ACT,True,no,40.299251556396484,30.082932152487253,0.0,74.46007026473396,phase4_production,0.17811409794640176,0.8218859020535982,0.5546218487394958,54,60.81,219.7920156860182,-189.71,0.0,0.5418549287933829,10.84,lower,standard,False,,,,,,,,2026-08-14
2026,00-0040673,QB,SEA,Jalen Milroe,ACT,True,no,23.718488693237305,11.319511714444706,0.0,55.69664982669141,phase4_production,0.17916901886356662,0.8208309811364334,0.42857142857142855,69,50.7,219.7920156860182,-208.47,0.0,0.5408000078762181,10.82,lower,standard,False,,,,,,,,2026-08-14
2026,00-0036232,TE,SEA,Harrison Bryant,ACT,True,no,28.359241485595703,9.260675996142384,0.0,27.365439138837004,phase4_production,0.23976648105658224,0.7602335189434177,0.5384615384615384,91,58.28,124.92868260243878,-115.67,0.0,0.5412200538857499,10.82,moderate,standard,False,,,,,,,,2026-08-14
2026,00-0039364,RB,DET,Sione Vaki,ACT,True,no,25.090179443359375,7.453378499750645,0.0,35.78183461847574,phase4_production,0.263993091331343,0.7360069086686569,0.20476190476190476,168,31.1,156.9957177199209,-149.54,0.0,0.54041630141794,10.81,moderate,standard,True,Nose,Questionable,"Aug 22, 2026",2026-08-14,MyFantasyLeague,Documented public injury API,https://api.myfantasyleague.com/2026/export?TYPE=injuries&JSON=1,2026-08-14
2026,00-0039229,K,NO,Charlie Smyth,E14,True,no,25.183269500732422,49.54208544973544,0.0,120.18290734694962,phase2_production_kicker,0.09463220835922535,0.9053677916407746,0.3023255813953488,31,42.29,117.20593632592522,-67.66,0.0,0.5397523805587553,10.8,lower,low (kicker),False,,,,,,,,2026-08-14
2026,00-0033246,TE,PHI,Johnny Mundt,ACT,True,no,31.77341079711914,19.51785011641373,5.397924974034471,37.62261325910835,phase4_production,0.24100380033775642,0.7589961996622436,0.6358974358974359,72,66.05,124.92868260243878,-105.41,0.0,0.5399827346045758,10.8,moderate,standard,False,,,,,,,,2026-08-14
2026,00-0039603,RB,HOU,British Brooks,ACT,True,no,26.787681579589844,12.802147099370767,0.0,41.13060321809586,phase4_production,0.26426150120436026,0.7357384987956397,0.4714285714285714,112,52.43,156.9957177199209,-144.19,0.0,0.5401478915449227,10.8,moderate,standard,True,Hand,Questionable,"Aug 28, 2026",2026-08-14,MyFantasyLeague,Documented public injury API,https://api.myfantasyleague.com/2026/export?TYPE=injuries&JSON=1,2026-08-14
2026,00-0041453,QB,DET,Luke Altmyer,ACT,True,yes,23.860858917236328,2.7401807329654773,0.0,4.596227172792242,phase4_production,0.18004433155743382,0.8199556684425662,0.21008403361344538,95,33.21,219.7920156860182,-217.05,0.0,0.5399246951823509,10.8,lower,standard,False,,,,,,,,2026-08-14
2026,00-0040205,RB,TEN,Kalel Mullings,ACT,True,no,23.910140991210938,11.870800469918638,0.0,40.199256588643735,phase4_production,0.26565859608368914,0.7343414039163109,0.42857142857142855,121,48.97,156.9957177199209,-145.12,0.0,0.5387507966655939,10.78,moderate,standard,True,Hip,Questionable,"Aug 23, 2026",2026-08-14,MyFantasyLeague,Documented public injury API,https://api.myfantasyleague.com/2026/export?TYPE=injuries&JSON=1,2026-08-14
2026,00-0036841,WR,JAX,Austin Trammell,ACT,True,no,28.162111282348633,6.463190317771794,0.0,28.374243567885888,phase4_production,0.21378640262291912,0.7862135973770809,0.2760416666666667,279,37.81,122.48557493000283,-116.02,0.0,0.5386843149960586,10.77,moderate,standard,False,,,,,,,,2026-08-14
2026,00-0041092,QB,CLE,Taylen Green,ACT,True,yes,23.871810913085938,3.223247533968814,0.0,5.079293973795578,phase4_production,0.1826604019417889,0.8173395980582111,0.226890756302521,93,34.5,219.7920156860182,-216.57,0.0,0.5373086247979958,10.75,lower,standard,False,,,,,,,,2026-08-14
2026,00-0040506,WR,MIN,Myles Price,ACT,True,no,24.709609985351562,12.884128500504012,0.0,34.795181750618106,phase4_production,0.2159185169026881,0.784081483097312,0.59375,157,63.18,122.48557493000283,-109.6,0.0,0.5365522007162897,10.73,moderate,standard,False,,,,,,,,2026-08-14
2026,00-0037120,RB,ATL,Tyler Goodson,ACT,True,no,25.807512283325195,9.622160363979589,0.0,37.95061648270468,phase4_production,0.2681252756111937,0.7318747243888063,0.3,148,38.64,156.9957177199209,-147.37,0.0,0.5362841171380893,10.73,moderate,standard,False,,,,,,,,2026-08-14
2026,00-0036165,WR,NYG,Isaiah Hodgins,ACT,True,no,27.863679885864258,18.8247998647732,0.0,40.73585311488729,phase4_production,0.21672592740001967,0.7832740725999803,0.6354166666666666,141,66.5,122.48557493000283,-103.66,0.0,0.535744790218958,10.71,moderate,standard,False,,,,,,,,2026-08-14
2026,00-0040888,RB,BAL,Adam Randall,ACT,True,yes,22.13323974609375,12.996864276881164,0.0,41.325320395606255,phase4_production,0.2687825893619009,0.7312174106380991,0.4857142857142857,109,53.48,156.9957177199209,-144.0,0.0,0.5356268033873821,10.71,moderate,standard,False,,,,,,,,2026-08-14
2026,00-0035298,WR,CHI,Scott Miller,ACT,True,no,29.0875244140625,15.322720676025698,0.0,37.23377392613979,phase4_production,0.2175621751906846,0.7824378248093153,0.6119791666666666,150,64.61,122.48557493000283,-107.16,0.0,0.5349085424282931,10.7,moderate,standard,False,,,,,,,,2026-08-14
2026,00-0039398,QB,DAL,Joe Milton III,ACT,True,no,26.48925018310547,22.759674942062016,0.0,67.13681305430872,phase4_production,0.18659695638953616,0.8134030436104638,0.5294117647058824,57,58.62,219.7920156860182,-197.03,0.0,0.5333720703502485,10.67,lower,standard,False,,,,,,,,2026-08-14
2026,00-0037276,RB,NO,Ty Chandler,ACT,True,no,28.307220458984375,11.019025969251814,0.0,39.34748208797691,phase4_production,0.27115772968332724,0.7288422703166728,0.4,127,46.58,156.9957177199209,-145.98,0.0,0.5332516630659558,10.67,moderate,standard,False,,,,,,,,2026-08-14
2026,00-0039236,WR,PHI,Johnny Wilson,ACT,True,no,25.413253784179688,6.0605878761580305,0.0,27.971641126272125,phase4_production,0.21872950397644728,0.7812704960235527,0.24479166666666666,291,35.21,122.48557493000283,-116.42,0.0,0.5337412136425305,10.67,moderate,standard,False,,,,,,,,2026-08-14
2026,00-0038579,QB,LV,Aidan O'Connell,ACT,True,no,28.000574111938477,14.33509594924913,0.0,58.712234061495835,phase4_production,0.18698544400155842,0.8130145559984416,0.47058823529411764,64,53.91,219.7920156860182,-205.46,0.0,0.5329835827382263,10.66,lower,standard,False,,,,,,,,2026-08-14
2026,00-0040556,RB,AZ,Corey Kiner,ACT,True,no,24.611045837402344,12.207730896991777,0.0,40.53618701571687,phase4_production,0.2713146317025884,0.7286853682974116,0.44285714285714284,118,50.0,156.9957177199209,-144.79,0.0,0.5330947610466946,10.66,moderate,standard,False,,,,,,,,2026-08-14
2026,00-0036331,WR,AZ,Devin Duvernay,ACT,True,no,28.96979331970215,8.720360331926834,0.0,30.631413582040928,phase4_production,0.21952867965324818,0.7804713203467518,0.5130208333333334,188,56.65,122.48557493000283,-113.77,0.0,0.5329420379657296,10.66,moderate,standard,False,,,,,,,,2026-08-14
2026,00-0039409,K,JAX,Cam Little,ACT,True,no,23.042224884033203,117.46440980989011,24.96638503160206,158.08764797039393,phase2_production_kicker,0.10973936631906185,0.8902606336809381,0.7674418604651163,11,79.2,117.20593632592522,0.26,0.002,0.5246452225989188,10.65,lower,low (kicker),False,,,,,,,,2026-08-14
2026,00-0035192,K,TEN,Joey Slye,ACT,True,no,30.393505096435547,108.85979697461799,16.361772196329937,149.4830351351218,phase2_production_kicker,0.10170777470366149,0.8982922252963386,0.627906976744186,17,68.2,117.20593632592522,-8.35,0.0,0.5326768142143192,10.65,lower,low (kicker),False,,,,,,,,2026-08-14
2026,00-0038891,WR,LV,Shedrick Jackson,ACT,True,no,26.867080688476562,8.065347348058612,0.0,29.976400598172706,phase4_production,0.22050089401239034,0.7794991059876096,0.4166666666666667,225,48.92,122.48557493000283,-114.42,0.0,0.5319698236065874,10.64,moderate,standard,False,,,,,,,,2026-08-14
2026,00-0041217,RB,JAX,J'mari Taylor,ACT,True,yes,24.4659366607666,14.007470952846345,0.0,42.33592707157144,phase4_production,0.2732080238732643,0.7267919761267356,0.5,106,54.54,156.9957177199209,-142.99,0.0,0.5312013688760187,10.62,moderate,standard,False,,,,,,,,2026-08-14
2026,00-0039498,K,LA,Harrison Mevis,ACT,True,no,24.433082580566406,58.148532086740445,0.0,128.78935398395464,phase2_production_kicker,0.10442596586863484,0.8955740341313652,0.32558139534883723,30,43.96,117.20593632592522,-59.06,0.0,0.5299586230493458,10.6,lower,low (kicker),False,,,,,,,,2026-08-14
2026,00-0038614,RB,LAC,Scott Matlock,ACT,True,no,26.1771297454834,11.744526860407905,0.0,40.072982979133,phase4_production,0.27557705611151784,0.7244229438884822,0.41904761904761906,123,48.01,156.9957177199209,-145.25,0.0,0.5288323366377652,10.58,moderate,standard,False,,,,,,,,2026-08-14
2026,00-0040206,QB,IND,Riley Leonard,ACT,True,no,23.96763801574707,68.06036634043967,0.0,208.6362070040343,phase4_production,0.19170421517785305,0.8082957848221469,0.680672268907563,39,70.62,219.7920156860182,-151.73,0.0,0.5282648115619316,10.57,lower,standard,False,,,,,,,,2026-08-14
2026,00-0035993,QB,BAL,Tyler Huntley,ACT,True,no,28.57553482055664,35.93420171925195,1.2927964602764135,80.31133983149866,phase4_production,0.19162693914239376,0.8083730608576063,0.6050420168067226,48,64.57,219.7920156860182,-183.86,0.0,0.528342087597391,10.57,lower,standard,False,,,,,,,,2026-08-14
2026,00-0037012,QB,LAC,Trey Lance,ACT,True,no,26.314023971557617,21.888437449938316,0.0,66.26557556218502,phase4_production,0.1916354042467161,0.8083645957532839,0.5210084033613446,58,57.85,219.7920156860182,-197.9,0.0,0.5283336224930686,10.57,lower,standard,False,,,,,,,,2026-08-14
2026,00-0037563,RB,DAL,Malik Davis,ACT,True,no,27.76511573791504,37.299517021926626,9.161677496543938,65.62797314065172,phase4_production,0.2762853150343247,0.7237146849656753,0.6428571428571429,76,65.9,156.9957177199209,-119.7,0.0,0.5281240777149583,10.56,moderate,standard,False,,,,,,,,2026-08-14
2026,00-0038647,WR,NO,Ronnie Bell,ACT,True,no,26.593290328979492,10.651481079741545,0.0,32.56253432985564,phase4_production,0.2246709990670475,0.7753290009329525,0.5520833333333334,173,59.67,122.48557493000283,-111.83,0.0,0.5277997185519303,10.56,moderate,standard,False,,,,,,,,2026-08-14
2026,00-0038938,WR,NYG,Jalin Hyatt,ACT,True,no,24.934118270874023,13.292561163851635,0.0,35.20361441396573,phase4_production,0.22607765264417726,0.7739223473558228,0.5989583333333334,155,63.4,122.48557493000283,-109.19,0.0,0.5263930649748005,10.53,moderate,standard,True,Leg,Questionable,"Aug 15, 2026",2026-08-14,MyFantasyLeague,Documented public injury API,https://api.myfantasyleague.com/2026/export?TYPE=injuries&JSON=1,2026-08-14
2026,00-0039172,K,DET,Jake Bates,ACT,True,no,27.49953842163086,117.20593632592522,24.707911547637167,157.82917448642905,phase2_production_kicker,0.10918060714970841,0.8908193928502915,0.7441860465116279,12,77.35,117.20593632592522,0.0,0.0,0.5252039817682722,10.5,lower,low (kicker),False,,,,,,,,2026-08-14
2026,00-0039021,RB,CHI,Roschon Johnson,ACT,True,no,25.583003997802734,10.26944615727049,0.0,38.59790227599558,phase4_production,0.27921040693372634,0.7207895930662737,0.37142857142857144,133,44.13,156.9957177199209,-146.73,0.0,0.5251989858155567,10.5,moderate,standard,False,,,,,,,,2026-08-14
2026,00-0040522,WR,TEN,Xavier Restrepo,ACT,True,no,24.3892765045166,9.810622210903452,0.0,31.721675461017547,phase4_production,0.2276086476645284,0.7723913523354716,0.5442708333333334,176,58.99,122.48557493000283,-112.67,0.0,0.5248620699544494,10.5,moderate,standard,False,,,,,,,,2026-08-14
2026,00-0040075,WR,BAL,LaJohntay Wester,ACT,True,no,24.4276065826416,21.26663420496978,0.026575683862624544,43.17768745508387,phase4_production,0.22870989235528105,0.771290107644719,0.640625,139,66.68,122.48557493000283,-101.22,0.0,0.5237608252636967,10.48,moderate,standard,False,,,,,,,,2026-08-14
2026,00-0038090,WR,GB,Skyy Moore,ACT,True,no,25.974523544311523,15.619109670887825,0.0,37.53016292100192,phase4_production,0.22887803149125377,0.7711219685087463,0.6197916666666666,147,65.01,122.48557493000283,-106.87,0.0,0.523592686127724,10.47,moderate,standard,False,,,,,,,,2026-08-14
2026,00-0038752,WR,SEA,Jake Bobo,ACT,True,no,28.07723617553711,8.144116323239768,0.0,30.05516957335386,phase4_production,0.2299152354046778,0.7700847645953222,0.4453125,214,51.03,122.48557493000283,-114.34,0.0,0.5225554822142999,10.45,moderate,standard,False,,,,,,,,2026-08-14
2026,00-0034418,WR,DET,Cedrick Wilson Jr.,ACT,True,no,30.78228759765625,12.250085020034525,0.0,34.16113827014862,phase4_production,0.23043464792136456,0.7695653520786354,0.5885416666666666,159,62.47,122.48557493000283,-110.24,0.0,0.5220360696976132,10.44,moderate,standard,False,,,,,,,,2026-08-14
2026,00-0032104,RB,JAX,Ameer Abdullah,ACT,True,no,33.219024658203125,40.16820545980829,12.030365934425603,68.49666157853338,phase4_production,0.283355958433975,0.716644041566025,0.6571428571428571,73,66.9,156.9957177199209,-116.83,0.0,0.521053434315308,10.42,moderate,standard,False,,,,,,,,2026-08-14
2026,00-0040586,RB,DAL,Jaydon Blue,ACT,True,no,22.647966384887695,35.69582514891773,7.557985623535039,64.02428126764282,phase4_production,0.28456529863832486,0.7154347013616751,0.6333333333333333,78,64.98,156.9957177199209,-121.3,0.0,0.5198440941109581,10.4,moderate,standard,False,,,,,,,,2026-08-14
2026,00-0029604,QB,LV,Kirk Cousins,ACT,True,no,38.035003662109375,93.65134313028855,0.0,234.2271837938832,phase4_production,0.2008314812192658,0.7991685187807342,0.7478991596638656,31,75.82,219.7920156860182,-126.14,0.0,0.5191375455205189,10.38,moderate,standard,False,,,,,,,,2026-08-14
2026,00-0036590,TE,JAX,Quintin Morris,ACT,True,no,27.611791610717773,9.190786622290268,0.0,27.29554976498489,phase4_production,0.2619120680157751,0.7380879319842248,0.5333333333333333,92,57.43,124.92868260243878,-115.74,0.0,0.519074466926557,10.38,moderate,standard,False,,,,,,,,2026-08-14
2026,00-0040215,TE,MIN,Gavin Bartholomew,ACT,True,no,23.34065818786621,7.0958523147175825,0.0,25.200615457412205,phase4_production,0.2621933075128602,0.7378066924871398,0.46153846153846156,106,51.68,124.92868260243878,-117.83,0.0,0.518793227429472,10.38,moderate,standard,True,Back,Questionable,"Aug 15, 2026",2026-08-14,MyFantasyLeague,Documented public injury API,https://api.myfantasyleague.com/2026/export?TYPE=injuries&JSON=1,2026-08-14
2026,00-0040211,QB,HOU,Graham Mertz,ACT,True,no,25.736326217651367,5.179802953024489,0.2791732043248727,7.0358493928512535,phase4_production,0.20098294527977326,0.7990170547202268,0.33613445378151263,80,42.87,219.7920156860182,-214.61,0.0,0.5189860814600115,10.38,moderate,standard,True,Knee,Questionable,"Aug 20, 2026",2026-08-14,MyFantasyLeague,Documented public injury API,https://api.myfantasyleague.com/2026/export?TYPE=injuries&JSON=1,2026-08-14
2026,00-0041104,RB,MIN,Demond Claiborne,ACT,True,yes,22.89711570739746,11.459661415257058,0.0,39.78811753398215,phase4_production,0.28566556877096205,0.714334431229038,0.4095238095238095,125,47.05,156.9957177199209,-145.54,0.0,0.518743823978321,10.37,moderate,standard,False,,,,,,,,2026-08-14
2026,00-0038953,WR,ATL,Dylan Drummond,ACT,True,no,26.6234073638916,9.064972611617938,0.0,30.976025861732033,phase4_production,0.23388561159294405,0.7661143884070559,0.5364583333333334,179,58.24,122.48557493000283,-113.42,0.0,0.5185851060260337,10.37,moderate,standard,False,,,,,,,,2026-08-14
2026,00-0040014,QB,GB,Kyle McCord,ACT,True,no,23.951210021972656,5.8128311993974116,0.9122014506977951,7.668877639224176,phase4_production,0.2019028273797305,0.7980971726202695,0.3697478991596639,76,45.54,219.7920156860182,-213.98,0.0,0.5180661993600542,10.36,moderate,standard,False,,,,,,,,2026-08-14
2026,00-0034272,WR,DAL,Marquez Valdes-Scantling,ACT,True,no,31.893878936767578,25.09968603635081,3.8596275152436554,47.010739286464904,phase4_production,0.23564607557182196,0.7643539244281781,0.6666666666666666,129,68.62,122.48557493000283,-97.39,0.0,0.5168246420471558,10.34,moderate,standard,True,Knee,Questionable,"Aug 15, 2026",2026-08-14,MyFantasyLeague,Documented public injury API,https://api.myfantasyleague.com/2026/export?TYPE=injuries&JSON=1,2026-08-14
2026,00-0040494,QB,MIN,Max Brosmer,ACT,True,no,25.42967987060547,16.351772581684898,0.0,60.7289106939316,phase4_production,0.20296962405051613,0.7970303759494839,0.48739495798319327,62,54.93,219.7920156860182,-203.44,0.0,0.5169994026892686,10.34,moderate,standard,False,,,,,,,,2026-08-14
2026,00-0038576,WR,CIN,Charlie Jones,ACT,True,no,27.84177589416504,11.190323938880503,0.0,33.1013771889946,phase4_production,0.23562221523371935,0.7643777847662807,0.5651041666666666,168,60.5,122.48557493000283,-111.3,0.0,0.5168485023852585,10.34,moderate,standard,False,,,,,,,,2026-08-14
2026,00-0040222,QB,MIA,Cam Miller,ACT,True,no,25.205171585083008,5.227368319935114,0.32673857123549777,7.083414759761879,phase4_production,0.20302923284710211,0.7969707671528978,0.35294117647058826,78,44.17,219.7920156860182,-214.56,0.0,0.5169397938926825,10.34,moderate,standard,False,,,,,,,,2026-08-14
2026,00-0037304,TE,LV,Connor Heyward,ACT,True,no,27.609054565429688,21.381062885713256,7.261137743333997,39.48582602840788,phase4_production,0.2656686465705838,0.7343313534294162,0.6615384615384615,67,67.61,124.92868260243878,-103.55,0.0,0.5153178883717484,10.31,moderate,standard,False,,,,,,,,2026-08-14
2026,00-0040247,WR,SF,Junior Bergen,ACT,True,no,23.858121871948242,5.81442726926367,0.0,27.725480519377765,phase4_production,0.23816520072045372,0.7618347992795462,0.2265625,298,33.36,122.48557493000283,-116.67,0.0,0.514305516898524,10.29,moderate,standard,False,,,,,,,,2026-08-14
2026,00-0035544,WR,DET,Tom Kennedy,ACT,True,no,30.092336654663086,5.876278800946842,0.0,27.787332051060936,phase4_production,0.23991908902595632,0.7600809109740436,0.22916666666666666,297,33.53,122.48557493000283,-116.61,0.0,0.5125516285930214,10.25,moderate,standard,False,,,,,,,,2026-08-14
2026,00-0038128,QB,MIA,Malik Willis,ACT,True,no,27.27229118347168,39.751150404126776,5.109745145151237,84.12828851637349,phase4_production,0.21020306881020082,0.7897969311897992,0.6134453781512605,47,64.87,219.7920156860182,-180.04,0.0,0.5097659579295839,10.2,moderate,standard,False,,,,,,,,2026-08-14
2026,00-0035100,QB,TB,Jake Browning,ACT,True,no,30.39076805114746,28.67031225628875,0.0,73.04745036853545,phase4_production,0.21014855911038183,0.7898514408896182,0.5462184873949579,55,59.49,219.7920156860182,-191.12,0.0,0.5098204676294029,10.2,moderate,standard,True,Back,Questionable,"Aug 14, 2026",2026-08-14,MyFantasyLeague,Documented public injury API,https://api.myfantasyleague.com/2026/export?TYPE=injuries&JSON=1,2026-08-14
2026,00-0034270,TE,DET,Tyler Conklin,ACT,True,no,31.091672897338867,23.159245962377664,9.039320819998405,41.26400910507229,phase4_production,0.27148726844518273,0.7285127315548172,0.6717948717948717,65,68.31,124.92868260243878,-101.77,0.0,0.5094992664971494,10.19,moderate,standard,False,,,,,,,,2026-08-14
2026,00-0036876,TE,TEN,Kylen Granson,ACT,True,no,28.433164596557617,15.349474807794877,1.2295496654156182,33.4542379504895,phase4_production,0.2713413656199972,0.7286586343800028,0.6205128205128205,75,64.21,124.92868260243878,-109.58,0.0,0.509645169322335,10.19,moderate,standard,False,,,,,,,,2026-08-14
2026,00-0040878,RB,LV,Mike Washington,ACT,True,yes,23.16543197631836,12.771309756480349,0.0,41.09976587520544,phase4_production,0.29659163385928294,0.7034083661407171,0.4666666666666667,113,51.4,156.9957177199209,-144.22,0.0,0.5078177588900001,10.16,moderate,standard,False,,,,,,,,2026-08-14
2026,00-0040534,WR,CIN,Ke'Shawn Williams,ACT,True,no,24.679492950439453,16.008181095950903,0.0,37.919234346065,phase4_production,0.24525751432570153,0.7547424856742985,0.625,145,65.09,122.48557493000283,-106.48,0.0,0.5072132032932762,10.14,moderate,standard,False,,,,,,,,2026-08-14
2026,00-0039814,TE,CIN,Erick All,ACT,True,no,25.966310501098633,6.315948346875945,0.0,24.420711489570568,phase4_production,0.27416434222279923,0.7258356577772007,0.4256410256410256,113,48.57,124.92868260243878,-118.61,0.0,0.5068221927195329,10.14,moderate,standard,False,,,,,,,,2026-08-14
2026,00-0033576,TE,SEA,Eric Saubert,ACT,True,no,32.31551742553711,10.115404729982355,0.0,28.220167872676978,phase4_production,0.2742920212003859,0.7257079787996141,0.5641025641025641,86,59.64,124.92868260243878,-114.81,0.0,0.5066945137419463,10.13,moderate,standard,False,,,,,,,,2026-08-14
2026,00-0037132,WR,PHI,Britain Covey,ACT,True,no,29.457141876220703,6.64358996196211,0.0,28.554643212076204,phase4_production,0.24576617072041343,0.7542338292795866,0.2838541666666667,276,37.79,122.48557493000283,-115.84,0.0,0.5067045468985644,10.13,moderate,standard,True,Hamstring,Questionable,"Aug 15, 2026",2026-08-14,MyFantasyLeague,Documented public injury API,https://api.myfantasyleague.com/2026/export?TYPE=injuries&JSON=1,2026-08-14
2026,00-0039386,WR,NO,Bub Means,ACT,True,no,25.640499114990234,5.919046515556882,0.0,27.830099765670976,phase4_production,0.24725396222414817,0.7527460377758518,0.234375,295,33.8,122.48557493000283,-116.57,0.0,0.5052167553948296,10.1,moderate,standard,False,,,,,,,,2026-08-14
2026,00-0038102,QB,CAR,Kenny Pickett,ACT,True,no,28.238773345947266,31.08068651977978,0.0,75.45782463202649,phase4_production,0.21769289878392512,0.7823071012160749,0.5714285714285714,52,61.36,219.7920156860182,-188.71,0.0,0.5022761279558596,10.05,moderate,standard,False,,,,,,,,2026-08-14
2026,00-0036849,WR,MIA,Tutu Atwell,ACT,True,no,26.902673721313477,30.699055955370806,9.458997434263651,52.6101092054849,phase4_production,0.2500779153686323,0.7499220846313677,0.6744791666666666,126,68.96,122.48557493000283,-91.79,0.0,0.5023928022503454,10.05,moderate,standard,False,,,,,,,,2026-08-14
2026,00-0039576,K,IND,Spencer Shrader,ACT,True,no,27.288719177246094,59.132868566618555,0.0,129.77369046383274,phase2_production_kicker,0.1324621215942972,0.8675378784057028,0.3488372093023256,29,45.26,117.20593632592522,-58.07,0.0,0.5019224673236835,10.04,lower,low (kicker),False,,,,,,,,2026-08-14
2026,00-0029892,RB,SF,Kyle Juszczyk,ACT,True,no,35.360069274902344,39.888838310097874,11.750998784715186,68.21729442882297,phase4_production,0.30262604973313795,0.6973739502668621,0.6523809523809524,74,66.14,156.9957177199209,-117.11,0.0,0.5017833430161451,10.04,moderate,standard,True,Finger,Questionable,"Aug 20, 2026",2026-08-14,MyFantasyLeague,Documented public injury API,https://api.myfantasyleague.com/2026/export?TYPE=injuries&JSON=1,2026-08-14
2026,00-0040398,QB,NYJ,Brady Cook,ACT,True,no,24.887575149536133,30.42957221564146,0.0,74.80671032788817,phase4_production,0.21785329116833488,0.7821467088316651,0.5630252100840336,53,60.68,219.7920156860182,-189.36,0.0,0.5021157355714498,10.04,moderate,standard,False,,,,,,,,2026-08-14
2026,00-0036862,WR,PIT,Ben Skowronek,ACT,True,no,29.180612564086914,12.042908673888263,0.0,33.95396192400236,phase4_production,0.25059277108554756,0.7494072289144524,0.5807291666666666,162,61.45,122.48557493000283,-110.44,0.0,0.5018779465334302,10.04,moderate,standard,False,,,,,,,,2026-08-14
2026,00-0031203,K,CHI,Cairo Santos,ACT,True,no,34.80427551269531,109.04373194409725,16.54570716580919,149.66697010460106,phase2_production_kicker,0.13272698797972854,0.8672730120202714,0.6511627906976745,16,69.44,117.20593632592522,-8.16,0.0,0.5016576009382521,10.03,lower,low (kicker),False,,,,,,,,2026-08-14
2026,00-0036898,QB,HOU,Davis Mills,ACT,True,no,27.863679885864258,44.54875309150146,9.907347832525922,88.92589120374817,phase4_production,0.21992321491191286,0.7800767850880872,0.6302521008403361,45,66.02,219.7920156860182,-175.24,0.0,0.5000458118278719,10.0,moderate,standard,False,,,,,,,,2026-08-14
2026,00-0034798,TE,BAL,Durham Smythe,ACT,True,no,31.064292907714844,9.26090168526202,0.0,27.365664827956643,phase4_production,0.2814413009951278,0.7185586990048722,0.5435897435897435,90,57.86,124.92868260243878,-115.67,0.0,0.4995452339472044,9.99,moderate,standard,False,,,,,,,,2026-08-14
2026,00-0038394,TE,IND,Will Mallory,ACT,True,no,27.19563102722168,6.353442726109338,0.0,24.45820586880396,phase4_production,0.2815932970983042,0.7184067029016958,0.4307692307692308,112,48.83,124.92868260243878,-118.58,0.0,0.499393237844028,9.99,moderate,standard,False,,,,,,,,2026-08-14
2026,00-0036825,TE,CAR,Feleipe Franks,ACT,True,no,28.693265914916992,5.92643960285553,0.0,24.031202745550154,phase4_production,0.28266100637056835,0.7173389936294317,0.4153846153846154,115,47.58,124.92868260243878,-119.0,0.0,0.4983255285717638,9.97,moderate,standard,False,,,,,,,,2026-08-14
2026,00-0034365,TE,LV,Ian Thomas,ACT,True,no,30.237445831298828,19.757348999462486,5.637423857083228,37.86211214215711,phase4_production,0.2828485209485997,0.7171514790514003,0.6410256410256411,71,65.63,124.92868260243878,-105.17,0.0,0.4981380139937325,9.96,moderate,standard,False,,,,,,,,2026-08-14
2026,00-0040142,RB,PIT,Kaleb Johnson,ACT,True,no,23.050439834594727,24.539227128924185,0.0,52.86768324764928,phase4_production,0.3070177793060511,0.6929822206939489,0.6,85,61.86,156.9957177199209,-132.46,0.0,0.4973916134432319,9.95,moderate,standard,False,,,,,,,,2026-08-14
2026,00-0041512,RB,SEA,Jadarian Price,ACT,True,yes,22.89711570739746,11.76108530446904,0.0,40.089541423194134,phase4_production,0.3080302551191932,0.6919697448808069,0.4238095238095238,122,47.74,156.9957177199209,-145.23,0.0,0.4963791376300899,9.93,moderate,standard,True,Lower Body,Questionable,"Aug 15, 2026",2026-08-14,MyFantasyLeague,Documented public injury API,https://api.myfantasyleague.com/2026/export?TYPE=injuries&JSON=1,2026-08-14
2026,00-0040363,TE,BUF,Keleki Latu,ACT,True,no,24.052513122558594,10.761193010363296,0.0,28.86595615305792,phase4_production,0.2845966263743438,0.7154033736256562,0.5794871794871795,83,60.67,124.92868260243878,-114.17,0.0,0.49638990856798837,9.93,moderate,standard,False,,,,,,,,2026-08-14
2026,00-0038794,RB,DEN,Jaleel McLaughlin,ACT,True,no,25.966310501098633,27.23383276373173,0.0,55.562288882456826,phase4_production,0.3086503110601961,0.6913496889398039,0.6142857142857143,82,62.97,156.9957177199209,-129.76,0.0,0.4957590816890869,9.92,moderate,standard,False,,,,,,,,2026-08-14
2026,00-0038573,WR,LAC,Derius Davis,ACT,True,no,25.971786499023438,10.023438296504825,0.0,31.93449154661892,phase4_production,0.25655688320369285,0.7434431167963071,0.546875,175,58.62,122.48557493000283,-112.46,0.0,0.4959138344152849,9.92,moderate,standard,False,,,,,,,,2026-08-14
2026,00-0040203,QB,PIT,Will Howard,ACT,True,no,24.936857223510742,7.161353647913437,0.0,51.53849176016014,phase4_production,0.22375431569992507,0.7762456843000749,0.3949579831932773,73,47.12,219.7920156860182,-212.63,0.0,0.4962147110398596,9.92,moderate,standard,False,,,,,,,,2026-08-14
2026,00-0041490,RB,PIT,Eli Heidenreich,ACT,True,yes,23.096982955932617,10.084792935223545,0.0,38.41324905394864,phase4_production,0.30898385045043164,0.6910161495495684,0.3476190476190476,138,41.63,156.9957177199209,-146.91,0.0,0.4954255422988514,9.91,moderate,standard,False,,,,,,,,2026-08-14
2026,00-0040432,WR,NYG,Beaux Collins,ACT,True,no,23.71027374267578,9.033262956798486,0.0,30.944316206912582,phase4_production,0.2570392208878529,0.7429607791121471,0.53125,181,57.36,122.48557493000283,-113.45,0.0,0.49543149673112485,9.91,moderate,standard,True,Concussion,IR,"Feb 15, 2027",2026-08-14,MyFantasyLeague,Documented public injury API,https://api.myfantasyleague.com/2026/export?TYPE=injuries&JSON=1,2026-08-14
2026,00-0040279,K,CAR,Ryan Fitzgerald,ACT,True,no,26.051185607910156,86.97116131298749,19.25856714812734,157.61198321020169,phase2_production_kicker,0.13925030064631527,0.8607496993536847,0.4418604651162791,25,52.56,117.20593632592522,-30.23,0.0,0.4951342882716654,9.9,lower,low (kicker),False,,,,,,,,2026-08-14
2026,00-0040240,TE,DEN,Caleb Lohner,ACT,True,no,24.917692184448242,5.106496448027683,0.0,23.211259590722307,phase4_production,0.28594291941132627,0.7140570805886737,0.38461538461538464,121,45.05,124.92868260243878,-119.82,0.0,0.49504361553100584,9.9,moderate,standard,True,Lower Body,Questionable,"Aug 14, 2026",2026-08-14,MyFantasyLeague,Documented public injury API,https://api.myfantasyleague.com/2026/export?TYPE=injuries&JSON=1,2026-08-14
2026,00-0031503,QB,NYG,Jameis Winston,ACT,True,no,32.652278900146484,44.63928209187953,9.99787683290399,89.01642020412623,phase4_production,0.22535921321852911,0.7746407867814709,0.6386554621848739,44,66.59,219.7920156860182,-175.15,0.0,0.49460981352125555,9.89,moderate,standard,False,,,,,,,,2026-08-14
2026,00-0038567,K,AZ,Chad Ryland,ACT,True,no,26.88077163696289,106.32599710205699,13.827972323768932,146.94923526256082,phase2_production_kicker,0.1407733446213604,0.8592266553786396,0.6046511627906976,18,65.56,117.20593632592522,-10.88,0.0,0.4936112442966203,9.87,lower,low (kicker),False,,,,,,,,2026-08-14
2026,00-0037742,WR,WAS,Treylon Burks,ACT,True,no,26.442705154418945,25.098522965185484,3.8584644440783293,47.009576215299575,phase4_production,0.25885913295725954,0.7411408670427404,0.6640625,130,67.95,122.48557493000283,-97.39,0.0,0.4936115846617182,9.87,moderate,standard,False,,,,,,,,2026-08-14
2026,00-0036630,WR,CLE,Tylan Wallace,ACT,True,no,27.305147171020508,12.015515995860607,0.0,33.926569245974704,phase4_production,0.25904902787650574,0.7409509721234943,0.578125,163,61.07,122.48557493000283,-110.47,0.0,0.493421689742472,9.87,moderate,standard,False,,,,,,,,2026-08-14
2026,00-0037231,WR,NO,Kevin Austin Jr.,ACT,True,no,26.423540115356445,35.30611815574552,14.066059634638368,57.21717140585962,phase4_production,0.25947648446121574,0.7405235155387843,0.6848958333333334,122,69.6,122.48557493000283,-87.18,0.0,0.49299423315776203,9.86,moderate,standard,False,,,,,,,,2026-08-14
2026,00-0040589,QB,SF,Kurtis Rourke,ACT,True,no,25.851318359375,6.468897243874055,0.0,50.84603535612076,phase4_production,0.2270866996509134,0.7729133003490866,0.37815126050420167,75,45.71,219.7920156860182,-213.32,0.0,0.49288232708887125,9.86,moderate,standard,True,Ribs,Questionable,"Aug 20, 2026",2026-08-14,MyFantasyLeague,Documented public injury API,https://api.myfantasyleague.com/2026/export?TYPE=injuries&JSON=1,2026-08-14
2026,00-0037746,RB,ATL,Brian Robinson,ACT,True,no,27.44751739501953,51.287357644435545,0.0,166.2552533827615,phase4_production,0.3118346545585252,0.6881653454414748,0.7,64,69.76,156.9957177199209,-105.71,0.0,0.4925747381907578,9.85,moderate,standard,False,,,,,,,,2026-08-14
2026,00-0036754,TE,DET,Brock Wright,ACT,True,no,27.76237678527832,23.63512736297792,9.51520222059866,41.73989050567254,phase4_production,0.28865782459272293,0.7113421754072771,0.676923076923077,64,68.38,124.92868260243878,-101.29,0.0,0.49232871034960923,9.85,moderate,standard,False,,,,,,,,2026-08-14
2026,00-0040208,RB,CIN,Tahj Brooks,ACT,True,no,24.304401397705078,20.893189333545884,0.0,49.22164545227098,phase4_production,0.3117358462744909,0.6882641537255091,0.5857142857142857,88,60.62,156.9957177199209,-136.1,0.0,0.4926735464747921,9.85,moderate,standard,False,,,,,,,,2026-08-14
2026,00-0039050,TE,TB,Payne Durham,ACT,True,no,26.21272087097168,11.932869605352916,0.0,30.03763274804754,phase4_production,0.2884435928209085,0.7115564071790915,0.5948717948717949,80,61.82,124.92868260243878,-113.0,0.0,0.4925429421214237,9.85,moderate,standard,False,,,,,,,,2026-08-14
2026,00-0036182,WR,IND,Nick Westbrook-Ikhine,ACT,True,no,29.44892692565918,24.52175397516805,3.2816954540608947,46.43280722528215,phase4_production,0.26043655396561294,0.7395634460343871,0.6588541666666666,132,67.5,122.48557493000283,-97.96,0.0,0.49203416365336483,9.84,moderate,standard,False,,,,,,,,2026-08-14
2026,00-0038488,RB,SEA,Brady Russell,ACT,True,no,28.003313064575195,5.9591613528993275,0.43203950735060026,5.9591613528993275,phase4_production,0.31276440590122523,0.6872355940987748,0.16666666666666666,176,27.08,156.9957177199209,-151.04,0.0,0.4916449868480578,9.83,moderate,standard,False,,,,,,,,2026-08-14
2026,00-0033288,TE,SF,George Kittle,ACT,True,no,32.89595413208008,132.81832597999622,89.0674743289016,205.69554591634403,phase4_production,0.5381562640520661,0.46184373594793393,0.9538461538461539,10,85.54,124.92868260243878,7.89,0.062,0.2428302708902661,9.82,higher,standard,True,Achilles,Out,"Sep 10, 2026",2026-08-14,MyFantasyLeague,Documented public injury API,https://api.myfantasyleague.com/2026/export?TYPE=injuries&JSON=1,2026-08-14
2026,00-0036176,WR,TEN,Mason Kinsey,ACT,True,no,28.0087890625,5.645570595486598,0.0,27.55662384560069,phase4_production,0.2634507221207811,0.7365492778792189,0.22395833333333334,299,32.65,122.48557493000283,-116.84,0.0,0.48901999549819664,9.78,moderate,standard,False,,,,,,,,2026-08-14
2026,00-0040200,K,NE,Andy Borregales,ACT,True,no,23.66373062133789,102.80452831475664,35.09193414989649,173.44535021197083,phase2_production_kicker,0.14772763784814277,0.8522723621518572,0.5581395348837209,20,61.7,117.20593632592522,-14.4,0.0,0.48665695106983786,9.73,lower,low (kicker),False,,,,,,,,2026-08-14
2026,00-0033787,K,PHI,Jake Elliott,ACT,True,no,31.611873626708984,92.65117897654201,24.938584811681864,163.2920008737562,phase2_production_kicker,0.14818211300237927,0.8518178869976207,0.4883720930232558,23,56.11,117.20593632592522,-24.55,0.0,0.4862024759156014,9.72,lower,low (kicker),False,,,,,,,,2026-08-14
2026,00-0033589,WR,CAR,David Moore,ACT,True,no,31.6283016204834,12.002138009313798,0.0,33.91319125942789,phase4_production,0.26703573455425084,0.7329642654457491,0.5755208333333334,164,60.7,122.48557493000283,-110.48,0.0,0.4854349830647269,9.71,moderate,standard,False,,,,,,,,2026-08-14
2026,00-0036980,WR,PHI,Elijah Moore,ACT,True,no,26.43175506591797,37.63346942708434,0.0,119.91425130988677,phase4_production,0.2676745035536046,0.7323254964463954,0.6953125,118,70.27,122.48557493000283,-84.85,0.0,0.4847962140653732,9.7,moderate,standard,False,,,,,,,,2026-08-14
2026,00-0039405,RB,HOU,Jawhar Jordan,ACT,True,no,27.039569854736328,32.546408066252326,4.408568540869638,60.87486418497742,phase4_production,0.3198638389977068,0.6801361610022931,0.6285714285714286,79,63.89,156.9957177199209,-124.45,0.0,0.48454555375157615,9.69,moderate,standard,True,Hip,Questionable,"Aug 20, 2026",2026-08-14,MyFantasyLeague,Documented public injury API,https://api.myfantasyleague.com/2026/export?TYPE=injuries&JSON=1,2026-08-14
2026,00-0035406,WR,DEN,Lil'Jordan Humphrey,ACT,True,no,28.37019157409668,39.70148744644735,0.0,121.98226932924976,phase4_production,0.2700253606900014,0.7299746393099986,0.7005208333333334,116,70.64,122.48557493000283,-82.78,0.0,0.4824453569289764,9.65,moderate,standard,False,,,,,,,,2026-08-14
2026,00-0039907,WR,NO,Ja'Lynn Polk,ACT,True,no,24.392013549804688,12.87074011833601,0.0,34.7817933684501,phase4_production,0.27114863539283063,0.7288513646071694,0.5911458333333334,158,61.87,122.48557493000283,-109.61,0.0,0.48132208222614714,9.63,moderate,standard,False,,,,,,,,2026-08-14
2026,00-0038783,TE,DEN,Nate Adkins,ACT,True,no,27.149085998535156,12.370038314708992,0.0,30.474801457403615,phase4_production,0.3006441583992255,0.6993558416007746,0.6,79,61.99,124.92868260243878,-112.56,0.0,0.48034237654310674,9.61,moderate,standard,False,,,,,,,,2026-08-14
2026,00-0038809,TE,MIA,Ben Sims,ACT,True,no,26.294858932495117,9.285027116308953,0.0,27.389790259003576,phase4_production,0.30057188031969745,0.6994281196803025,0.5487179487179488,89,57.89,124.92868260243878,-115.64,0.0,0.48041465462263466,9.61,moderate,standard,True,Undisclosed,Questionable,"Aug 14, 2026",2026-08-14,MyFantasyLeague,Documented public injury API,https://api.myfantasyleague.com/2026/export?TYPE=injuries&JSON=1,2026-08-14
2026,00-0039824,TE,KC,Jared Wiley,ACT,True,no,25.82941436767578,7.878639332864879,0.0,25.9834024755595,phase4_production,0.30026716530549763,0.6997328346945024,0.48717948717948717,101,52.97,124.92868260243878,-117.05,0.0,0.4807193696368346,9.61,moderate,standard,False,,,,,,,,2026-08-14
2026,00-0038428,K,CLE,Andre Szmyt,ACT,True,no,27.932126998901367,116.07703418591528,23.579009407627225,156.7002723464191,phase2_production_kicker,0.1552234777881491,0.8447765222118508,0.6744186046511628,15,70.85,117.20593632592522,-1.13,0.0,0.4791611111298315,9.58,lower,low (kicker),False,,,,,,,,2026-08-14
2026,00-0040074,K,BAL,Tyler Loop,ACT,True,no,25.07649040222168,98.68850544851321,30.975911283653062,169.3293273457274,phase2_production_kicker,0.15561781516461623,0.8443821848353837,0.5348837209302325,21,59.68,117.20593632592522,-18.52,0.0,0.4787667737533644,9.58,lower,low (kicker),False,,,,,,,,2026-08-14
2026,00-0036887,TE,SF,Luke Farrell,ACT,True,no,28.88218116760254,20.935426381963996,6.815501239584737,39.040189524658615,phase4_production,0.30217744479613273,0.6978225552038673,0.6564102564102564,68,66.47,124.92868260243878,-103.99,0.0,0.47880909014619943,9.58,moderate,standard,False,,,,,,,,2026-08-14
2026,00-0037348,TE,NYG,Tanner Conner,ACT,True,no,28.452329635620117,10.669297689382846,0.0,28.774060832077467,phase4_production,0.30407647155716044,0.6959235284428396,0.5743589743589743,84,59.87,124.92868260243878,-114.26,0.0,0.4769100633851717,9.54,moderate,standard,False,,,,,,,,2026-08-14
2026,00-0039365,WR,SF,Jacob Cowing,ACT,True,no,25.572052001953125,6.7610002698971154,0.0,28.67205352001121,phase4_production,0.2761763746631108,0.7238236253368893,0.2916666666666667,273,37.81,122.48557493000283,-115.72,0.0,0.47629434295586703,9.53,moderate,standard,True,Hip,Questionable,"Aug 20, 2026",2026-08-14,MyFantasyLeague,Documented public injury API,https://api.myfantasyleague.com/2026/export?TYPE=injuries&JSON=1,2026-08-14
2026,00-0040225,TE,NYG,Thomas Fidone II,ACT,True,no,23.94847297668457,7.607568456297635,0.0,25.712331598992257,phase4_production,0.30509212536400787,0.6949078746359921,0.47692307692307695,103,52.05,124.92868260243878,-117.32,0.0,0.4758944095783243,9.52,moderate,standard,False,,,,,,,,2026-08-14
2026,00-0039152,QB,TEN,Will Levis,ACT,True,no,27.18194007873535,34.99846543179493,0.35706017281939495,79.37560354404164,phase4_production,0.24511057569871014,0.7548894243012898,0.5882352941176471,50,62.16,219.7920156860182,-184.79,0.0,0.4748584510410745,9.5,moderate,standard,False,,,,,,,,2026-08-14
2026,00-0038551,RB,NO,Kendre Miller,ACT,True,no,24.225000381469727,27.718899612121536,0.0,56.04735573084663,phase4_production,0.3293794802187788,0.6706205197812212,0.6190476190476191,81,62.94,156.9957177199209,-129.28,0.0,0.4750299125305042,9.5,moderate,standard,True,Back,Questionable,"Aug 15, 2026",2026-08-14,MyFantasyLeague,Documented public injury API,https://api.myfantasyleague.com/2026/export?TYPE=injuries&JSON=1,2026-08-14
2026,00-0038905,K,IND,Blake Grupe,ACT,True,no,27.82261085510254,104.5103076893378,12.012282911049738,145.13354584984162,phase2_production_kicker,0.15972909767988486,0.8402709023201151,0.5813953488372093,19,63.32,117.20593632592522,-12.7,0.0,0.4746554912380958,9.49,lower,low (kicker),False,,,,,,,,2026-08-14
2026,00-0036741,TE,CLE,Jack Stoll,ACT,True,no,28.591962814331055,8.155416924561516,0.0,26.260180067256137,phase4_production,0.3066131092845549,0.6933868907154451,0.49743589743589745,99,53.66,124.92868260243878,-116.77,0.0,0.4743734256577773,9.49,moderate,standard,False,,,,,,,,2026-08-14
2026,00-0038748,K,TB,B.T. Potter,ACT,True,yes,26.52758026123047,39.15269140476904,0.0,109.79351330198321,phase2_production_kicker,0.1602739621456819,0.8397260378543181,0.1744186046511628,33,30.75,117.20593632592522,-78.05,0.0,0.47411062677229876,9.48,lower,low (kicker),False,,,,,,,,2026-08-14
2026,00-0034794,K,NYJ,Jason Sanders,ACT,True,no,30.79323959350586,46.63719997595,0.0,117.27802187316418,phase2_production_kicker,0.16077260579282934,0.8392273942071706,0.27906976744186046,32,39.11,117.20593632592522,-70.57,0.0,0.4736119831251513,9.47,lower,low (kicker),False,,,,,,,,2026-08-14
2026,00-0039299,RB,SEA,George Holani,ACT,True,no,26.711021423339844,20.69976207754365,0.0,49.02821819626874,phase4_production,0.3311145815194016,0.6688854184805983,0.580952380952381,89,59.85,156.9957177199209,-136.3,0.0,0.4732948112298814,9.47,moderate,standard,False,,,,,,,,2026-08-14
2026,00-0033553,RB,AZ,James Conner,ACT,True,no,31.327131271362305,79.16119111429596,10.001609432153728,194.12908685262192,phase4_production,0.3315527035170644,0.6684472964829355,0.7904761904761904,45,76.61,156.9957177199209,-77.83,0.0,0.4728566892322186,9.46,moderate,standard,True,Foot,Questionable,"Aug 22, 2026",2026-08-14,MyFantasyLeague,Documented public injury API,https://api.myfantasyleague.com/2026/export?TYPE=injuries&JSON=1,2026-08-14
2026,00-0041582,K,LV,Kansei Matsuzawa,E14,True,yes,27.647384643554688,39.15269140476904,0.0,109.79351330198321,phase2_production_kicker,0.1615611957712032,0.8384388042287968,0.1744186046511628,33,30.72,117.20593632592522,-78.05,0.0,0.47282339314677746,9.46,lower,low (kicker),False,,,,,,,,2026-08-14
2026,00-0034981,TE,HOU,Foster Moreau,ACT,True,no,29.32298469543457,16.68077238936721,2.560847246987951,34.78553553206183,phase4_production,0.3085157990851331,0.691484200914867,0.6256410256410256,74,63.88,124.92868260243878,-108.25,0.0,0.4724707358571991,9.45,moderate,standard,False,,,,,,,,2026-08-14
2026,00-0036429,TE,ATL,Charlie Woerner,ACT,True,no,28.876705169677734,15.257944123448832,1.1380189810695729,33.36270726614345,phase4_production,0.3084607686406696,0.6915392313593304,0.6153846153846154,76,63.06,124.92868260243878,-109.67,0.0,0.47252576630166254,9.45,moderate,standard,False,,,,,,,,2026-08-14
2026,00-0036162,K,BUF,Tyler Bass,ACT,True,no,29.544754028320312,66.67954044412377,0.0,137.32036234133795,phase2_production_kicker,0.1628348575694423,0.8371651424305577,0.37209302325581395,28,46.51,117.20593632592522,-50.53,0.0,0.4715497313485384,9.43,lower,low (kicker),False,,,,,,,,2026-08-14
2026,00-0039794,RB,NYJ,Braelon Allen,ACT,True,no,22.6151123046875,19.840442971065002,0.0,48.168899089790095,phase4_production,0.33272787897254824,0.6672721210274517,0.5666666666666667,92,58.68,156.9957177199209,-137.16,0.0,0.47168151377673473,9.43,moderate,standard,False,,,,,,,,2026-08-14
2026,00-0040311,WR,MIA,Theo Wease Jr.,ACT,True,no,25.186006546020508,22.61548272574838,1.3754242046412237,44.52653597586247,phase4_production,0.28180579837956865,0.7181942016204313,0.6484375,136,66.24,122.48557493000283,-99.87,0.0,0.4706649192394091,9.41,moderate,standard,False,,,,,,,,2026-08-14
2026,00-0037093,WR,LV,Dareke Young,ACT,True,no,27.24491310119629,8.706951813801373,0.0,30.61800506391547,phase4_production,0.2818917347430601,0.7181082652569399,0.5052083333333334,191,54.78,122.48557493000283,-113.78,0.0,0.4705789828759177,9.41,moderate,standard,False,,,,,,,,2026-08-14
2026,00-0040644,RB,CAR,Trevor Etienne,ACT,True,no,22.146930694580078,45.50262238805519,0.0,160.47051812638117,phase4_production,0.33416363136755567,0.6658363686324443,0.6714285714285714,70,67.03,156.9957177199209,-111.49,0.0,0.47024576138172736,9.4,moderate,standard,False,,,,,,,,2026-08-14
2026,00-0040172,WR,SF,Jordan Watkins,ACT,True,no,24.542598724365234,10.929686793818608,0.0,32.8407400439327,phase4_production,0.28287330597651134,0.7171266940234886,0.5546875,172,58.72,122.48557493000283,-111.56,0.0,0.4695974116424664,9.39,moderate,standard,False,,,,,,,,2026-08-14
2026,00-0038606,WR,JAX,Parker Washington,ACT,True,no,24.449508666992188,130.59207029760026,62.800250841869016,212.87285218040267,phase4_production,0.5383856094837882,0.4616143905162118,0.9192708333333334,32,82.77,122.48557493000283,8.11,0.0637,0.21408510813518955,9.38,higher,standard,False,,,,,,,,2026-08-14
2026,00-0041262,K,PIT,Laith Marjan,ACT,True,yes,23.41731834411621,39.15269140476904,0.0,109.79351330198321,phase2_production_kicker,0.1662895536483697,0.8337104463516303,0.1744186046511628,33,30.63,117.20593632592522,-78.05,0.0,0.46809503526961094,9.36,lower,low (kicker),False,,,,,,,,2026-08-14
2026,00-0032950,QB,MIN,Carson Wentz,ACT,True,no,33.670780181884766,65.64884837333759,0.0,206.22468903693223,phase4_production,0.2525506236263985,0.7474493763736014,0.6722689075630253,40,68.73,219.7920156860182,-154.14,0.0,0.4674184031133861,9.35,moderate,standard,False,,,,,,,,2026-08-14
2026,00-0040509,TE,MIN,Ben Yurosek,ACT,True,no,24.460460662841797,8.362392341570931,0.0,26.467155484265554,phase4_production,0.31350162780132385,0.6864983721986762,0.5025641025641026,98,53.94,124.92868260243878,-116.57,0.0,0.4674849071410083,9.35,moderate,standard,False,,,,,,,,2026-08-14
2026,00-0041182,K,WAS,Drew Stevens,ACT,True,yes,22.730104446411133,39.15269140476904,0.0,109.79351330198321,phase2_production_kicker,0.16763112956575882,0.8323688704342411,0.1744186046511628,33,30.6,117.20593632592522,-78.05,0.0,0.4667534593522218,9.34,lower,low (kicker),False,,,,,,,,2026-08-14
2026,00-0035891,WR,SEA,Cody White,ACT,True,no,27.759639739990234,8.431478509387532,0.0,30.342531759501625,phase4_production,0.28649251169189816,0.7135074883081018,0.4817708333333333,200,52.81,122.48557493000283,-114.05,0.0,0.4659782059270796,9.32,moderate,standard,False,,,,,,,,2026-08-14
2026,00-0040234,QB,MIA,Quinn Ewers,ACT,True,no,23.46660041809082,71.70746137418787,0.0,212.2833020377825,phase4_production,0.25423114991933915,0.7457688500806609,0.6890756302521008,38,70.04,219.7920156860182,-148.08,0.0,0.46573787682044554,9.31,moderate,standard,False,,,,,,,,2026-08-14
2026,00-0041145,K,NYG,Dominic Zvada,ACT,True,yes,22.853309631347656,39.15269140476904,0.0,109.79351330198321,phase2_production_kicker,0.16906199880821832,0.8309380011917817,0.1744186046511628,33,30.57,117.20593632592522,-78.05,0.0,0.4653225901097624,9.31,lower,low (kicker),False,,,,,,,,2026-08-14
2026,00-0037292,TE,IND,Andrew Ogletree,ACT,True,no,28.09640121459961,11.248242104294683,0.0,29.353005246989305,phase4_production,0.3155649898075952,0.6844350101924048,0.5897435897435898,81,60.87,124.92868260243878,-113.68,0.0,0.465421545134737,9.31,moderate,standard,False,,,,,,,,2026-08-14
2026,00-0040899,K,GB,Trey Smack,ACT,True,yes,23.140790939331055,39.15269140476904,0.0,109.79351330198321,phase2_production_kicker,0.16932848590126182,0.8306715140987382,0.1744186046511628,33,30.57,117.20593632592522,-78.05,0.0,0.46505610301671885,9.3,lower,low (kicker),False,,,,,,,,2026-08-14
2026,00-0036628,TE,WAS,John Bates,ACT,True,no,28.819210052490234,27.0222760696065,0.0,99.8994960059543,phase4_production,0.315831361590562,0.684168638409438,0.6974358974358974,60,69.48,124.92868260243878,-97.91,0.0,0.46515517335177015,9.3,moderate,standard,True,Hamstring,Questionable,"Aug 14, 2026",2026-08-14,MyFantasyLeague,Documented public injury API,https://api.myfantasyleague.com/2026/export?TYPE=injuries&JSON=1,2026-08-14
2026,00-0036854,K,CIN,Evan McPherson,ACT,True,no,27.11623191833496,116.30417350727949,23.80614872899143,156.9274116677833,phase2_production_kicker,0.1698719465638323,0.8301280534361677,0.7209302325581395,13,74.28,117.20593632592522,-0.9,0.0,0.46451264235414835,9.29,lower,low (kicker),False,,,,,,,,2026-08-14
2026,00-0032775,WR,SF,Demarcus Robinson,ACT,True,no,31.945898056030273,44.14088356947817,0.0,126.42166545228059,phase4_production,0.2890777905460071,0.7109222094539929,0.7213541666666666,108,71.93,122.48557493000283,-78.34,0.0,0.46339292707297064,9.27,moderate,standard,False,,,,,,,,2026-08-14
2026,00-0035645,WR,NYG,Gunner Olszewski,RES,True,no,29.76378631591797,23.489253922685972,2.2491954015788167,45.40030717280007,phase4_production,0.2891144695725119,0.7108855304274881,0.65625,133,66.72,122.48557493000283,-99.0,0.0,0.4633562480464659,9.27,moderate,standard,True,Achilles,IR,"Feb 15, 2027",2026-08-14,MyFantasyLeague,Documented public injury API,https://api.myfantasyleague.com/2026/export?TYPE=injuries&JSON=1,2026-08-14
2026,00-0037741,WR,ATL,Jahan Dotson,ACT,True,no,26.445444107055664,50.18150819409947,0.0,132.4622900769019,phase4_production,0.2908002551448566,0.7091997448551435,0.7447916666666666,99,73.77,122.48557493000283,-72.3,0.0,0.46167046247412125,9.23,moderate,standard,False,,,,,,,,2026-08-14
2026,00-0040021,RB,DAL,Phil Mafah,ACT,True,no,23.855382919311523,12.8851980097616,0.0,41.213654128486695,phase4_production,0.34284380907218975,0.6571561909278103,0.48095238095238096,110,51.62,156.9957177199209,-144.11,0.0,0.4615655836770933,9.23,moderate,standard,False,,,,,,,,2026-08-14
2026,00-0033526,RB,CIN,Samaje Perine,ACT,True,no,30.96025276184082,79.13138660101838,9.971804918876146,194.09928233934437,phase4_production,0.34345535568002256,0.6565446443199774,0.7857142857142857,46,75.99,156.9957177199209,-77.86,0.0,0.4609540370692604,9.22,moderate,standard,False,,,,,,,,2026-08-14
2026,00-0039884,WR,MIA,Tahj Washington,ACT,True,no,25.295522689819336,11.116922670836933,0.0,33.02797592095103,phase4_production,0.2916771105921855,0.7083228894078145,0.5598958333333334,170,58.96,122.48557493000283,-111.37,0.0,0.4607936070267923,9.22,moderate,standard,False,,,,,,,,2026-08-14
2026,00-0038738,RB,DAL,Hunter Luepke,ACT,True,no,26.50841522216797,28.857965387760718,0.7201258623780298,57.186421506485814,phase4_production,0.3460118644710001,0.6539881355289999,0.6238095238095238,80,62.98,156.9957177199209,-128.14,0.0,0.45839752827828295,9.17,moderate,standard,False,,,,,,,,2026-08-14
2026,00-0035269,K,LV,Matt Gay,ACT,True,no,32.466102600097656,92.62567430592891,24.91308014106876,163.2664962031431,phase2_production_kicker,0.17658543908267293,0.8234145609173271,0.46511627906976744,24,53.68,117.20593632592522,-24.58,0.0,0.4577991498353078,9.16,lower,low (kicker),False,,,,,,,,2026-08-14
2026,00-0040704,QB,CLE,Dillon Gabriel,ACT,True,no,25.67609214782715,64.86356120866596,0.0,205.4394018722606,phase4_production,0.2621477037425189,0.7378522962574812,0.6638655462184874,41,67.87,219.7920156860182,-154.93,0.0,0.45782132299726586,9.16,moderate,standard,False,,,,,,,,2026-08-14
2026,00-0040244,TE,NO,Moliki Matavao,ACT,True,no,23.461124420166016,9.934617785486223,0.0,28.039380928180847,phase4_production,0.3241104711239661,0.6758895288760338,0.558974358974359,87,58.24,124.92868260243878,-114.99,0.0,0.456876063818366,9.14,moderate,standard,False,,,,,,,,2026-08-14
2026,00-0032464,WR,CHI,Kalif Raymond,ACT,True,no,32.066368103027344,43.10779123401163,0.0,125.38857311681404,phase4_production,0.29587225713592713,0.7041277428640729,0.7161458333333334,110,71.37,122.48557493000283,-79.38,0.0,0.45659846048305064,9.13,moderate,standard,False,,,,,,,,2026-08-14
2026,00-0035021,WR,IND,Ashton Dulin,ACT,True,no,29.298343658447266,21.917572557043492,0.677514035936337,43.828625807157586,phase4_production,0.2967790589508474,0.7032209410491526,0.6432291666666666,138,65.52,122.48557493000283,-100.57,0.0,0.45569165866813033,9.11,moderate,standard,False,,,,,,,,2026-08-14
2026,00-0039394,WR,ATL,Casey Washington,ACT,True,no,25.489913940429688,18.35265168306047,0.0,40.263704933174566,phase4_production,0.2973022398006016,0.7026977601993984,0.6328125,142,64.68,122.48557493000283,-104.13,0.0,0.4551684778183762,9.1,moderate,standard,False,,,,,,,,2026-08-14
2026,00-0039754,TE,TB,Devin Culp,ACT,True,no,26.579601287841797,9.058901962515602,0.0,27.163665105210224,phase4_production,0.3259601301922327,0.6740398698077673,0.5282051282051282,93,55.74,124.92868260243878,-115.87,0.0,0.4550264047500995,9.1,moderate,standard,False,,,,,,,,2026-08-14
2026,00-0035631,TE,CIN,Drew Sample,ACT,True,no,30.377079010009766,29.718516500044522,0.0,102.59573643639231,phase4_production,0.3269645273498398,0.6730354726501602,0.7025641025641025,59,69.67,124.92868260243878,-95.21,0.0,0.45402200759249234,9.08,moderate,standard,False,,,,,,,,2026-08-14
2026,00-0028118,QB,GB,Tyrod Taylor,ACT,True,no,37.07947540283203,43.68211851944975,9.040713260474213,88.05925663169646,phase4_production,0.2673020414025587,0.7326979585974414,0.6218487394957983,46,64.4,219.7920156860182,-176.11,0.0,0.45266698533722605,9.05,moderate,standard,False,,,,,,,,2026-08-14
2026,00-0035249,TE,MIN,Josh Oliver,ACT,True,no,29.44892692565918,37.80324224029994,0.0,110.68046217664774,phase4_production,0.3284409382171781,0.6715590617828219,0.7230769230769231,55,71.28,124.92868260243878,-87.13,0.0,0.45254559672515404,9.05,moderate,standard,False,,,,,,,,2026-08-14
2026,00-0038685,RB,GB,Chris Brooks,ACT,True,no,26.639835357666016,18.838303903287258,0.0,47.166760022012355,phase4_production,0.35174905134279816,0.6482509486572019,0.5523809523809524,95,57.16,156.9957177199209,-138.16,0.0,0.4526603414064849,9.05,higher,standard,False,,,,,,,,2026-08-14
2026,00-0040668,QB,CLE,Shedeur Sanders,ACT,True,no,24.56450080871582,118.34344935381844,8.684352273170589,258.9192900174131,phase4_production,0.26787452096716885,0.7321254790328311,0.7647058823529411,29,75.82,219.7920156860182,-101.45,0.0,0.4520945057726158,9.04,moderate,standard,False,,,,,,,,2026-08-14
2026,00-0038454,RB,LAC,Keaton Mitchell,ACT,True,no,24.621997833251953,56.02912972355688,0.0,170.99702546188286,phase4_production,0.3537408464875803,0.6462591535124197,0.719047619047619,60,70.45,156.9957177199209,-100.97,0.0,0.4506685462617027,9.01,higher,standard,False,,,,,,,,2026-08-14
2026,00-0035208,WR,ATL,Olamide Zaccheaus,ACT,True,no,29.109426498413086,57.93504623999882,0.0,140.21582812280124,phase4_production,0.3026046618024528,0.6973953381975472,0.7708333333333334,89,75.61,122.48557493000283,-64.55,0.0,0.44986605581652495,9.0,moderate,standard,False,,,,,,,,2026-08-14
2026,00-0039062,WR,DAL,Jonathan Mingo,ACT,True,no,25.366708755493164,15.229170087025624,0.0,37.140223337139716,phase4_production,0.3028695882858912,0.6971304117141088,0.609375,151,62.69,122.48557493000283,-107.26,0.0,0.4496011293330866,8.99,moderate,standard,False,,,,,,,,2026-08-14
2026,00-0034829,TE,CIN,Mike Gesicki,ACT,True,no,30.913707733154297,71.47658286421594,27.72573121312133,144.35380280056376,phase4_production,0.33240904556130163,0.6675909544386984,0.8564102564102564,29,81.86,124.92868260243878,-53.45,0.0,0.4485774893810306,8.97,moderate,standard,False,,,,,,,,2026-08-14
2026,00-0038640,WR,AZ,Jalen Brooks,ACT,True,no,26.319499969482422,12.97335458412514,0.0,34.884407834239234,phase4_production,0.30394026979535044,0.6960597302046496,0.5963541666666666,156,61.63,122.48557493000283,-109.51,0.0,0.4485304478236274,8.97,moderate,standard,False,,,,,,,,2026-08-14
2026,00-0039407,RB,LV,Dylan Laube,ACT,True,no,26.71649742126465,12.256876149529885,0.0,40.58533226825498,phase4_production,0.35567536746890477,0.6443246325310952,0.44761904761904764,117,48.7,156.9957177199209,-144.74,0.0,0.4487340252803782,8.97,higher,standard,False,,,,,,,,2026-08-14
2026,00-0036971,QB,JAX,Trevor Lawrence,ACT,True,no,26.905412673950195,224.0019854367673,114.34288835611946,364.57782610036196,phase4_production,0.4042405374068899,0.5957594625931101,0.9159663865546218,11,85.19,219.7920156860182,4.21,0.0331,0.31572848933289477,8.96,higher,standard,False,,,,,,,,2026-08-14
2026,00-0037004,TE,JAX,Hunter Long,ACT,True,no,28.03616714477539,18.697347567181826,4.577422424802567,36.802110709876445,phase4_production,0.3331934034761465,0.6668065965238534,0.6307692307692307,73,63.8,124.92868260243878,-106.23,0.0,0.4477931314661856,8.96,moderate,standard,False,,,,,,,,2026-08-14
2026,00-0035359,WR,TB,David Sills,ACT,True,no,31.261423110961914,39.87763508927484,0.0,122.15841697207725,phase4_production,0.3059438984399205,0.6940561015600795,0.703125,115,70.13,122.48557493000283,-82.61,0.0,0.44652681917905723,8.93,moderate,standard,False,,,,,,,,2026-08-14
2026,00-0037666,WR,MIA,Jalen Tolbert,ACT,True,no,27.51049041748047,49.48743992013873,0.0,131.76822180294116,phase4_production,0.3069304749320517,0.6930695250679483,0.7395833333333334,101,73.03,122.48557493000283,-73.0,0.0,0.44554024268692605,8.91,moderate,standard,False,,,,,,,,2026-08-14
2026,00-0038710,TE,CLE,Blake Whiteheart,ACT,True,no,26.445444107055664,9.004436427216127,0.0,27.10919956991075,phase4_production,0.3362226802563964,0.6637773197436037,0.517948717948718,95,54.71,124.92868260243878,-115.92,0.0,0.4447638546859358,8.9,moderate,standard,False,,,,,,,,2026-08-14
2026,00-0039458,TE,CLE,Brenden Bates,ACT,True,no,26.878032684326172,10.784697418686038,0.0,28.88946056138066,phase4_production,0.33773308674399805,0.662266913256002,0.5846153846153846,82,60.01,124.92868260243878,-114.14,0.0,0.4432534481983341,8.87,moderate,standard,False,,,,,,,,2026-08-14
2026,00-0036442,QB,CIN,Joe Burrow,ACT,True,no,29.72545623779297,180.2230376055532,70.56394052490535,320.79887826914785,phase4_production,0.277453679352731,0.722546320647269,0.865546218487395,17,83.69,219.7920156860182,-39.57,0.0,0.44251534738705367,8.85,moderate,standard,False,,,,,,,,2026-08-14
2026,00-0036972,QB,SF,Mac Jones,ACT,True,no,27.9896240234375,85.65532844548997,0.0,226.23116910908462,phase4_production,0.2772346923581556,0.7227653076418443,0.7226890756302521,34,72.27,219.7920156860182,-134.14,0.0,0.442734334381629,8.85,moderate,standard,False,,,,,,,,2026-08-14
2026,00-0035500,WR,DET,Greg Dortch,ACT,True,no,28.26067543029785,48.33261548658151,0.0,130.61339736938393,phase4_production,0.31311572277519534,0.6868842772248047,0.7369791666666666,102,72.7,122.48557493000283,-74.15,0.0,0.4393549948437825,8.79,moderate,standard,False,,,,,,,,2026-08-14
2026,00-0040646,WR,KC,Jalen Royals,ACT,True,no,23.535049438476562,12.21878567655319,0.0,34.12983892666728,phase4_production,0.3137644891085455,0.6862355108914545,0.5859375,160,60.6,122.48557493000283,-110.27,0.0,0.4387062285104323,8.77,moderate,standard,False,,,,,,,,2026-08-14
2026,00-0039052,WR,NO,Trey Palmer,ACT,True,no,25.415990829467773,6.6081266632460745,0.0,28.51917991336017,phase4_production,0.3149402221658985,0.6850597778341014,0.28125,277,36.2,122.48557493000283,-115.88,0.0,0.4375304954530792,8.75,moderate,standard,False,,,,,,,,2026-08-14
2026,00-0039816,WR,IND,Anthony Gould,ACT,True,no,25.405038833618164,10.03768541003712,0.0,31.948738660151214,phase4_production,0.31607209075040743,0.6839279092495926,0.5494791666666666,174,57.64,122.48557493000283,-112.45,0.0,0.43639862686857034,8.73,moderate,standard,False,,,,,,,,2026-08-14
2026,00-0033303,K,KC,Harrison Butker,ACT,True,no,31.135478973388672,96.36533599946797,28.652741834607824,167.00615789668217,phase2_production_kicker,0.19871474376713089,0.8012852562328692,0.5116279069767442,22,56.96,117.20593632592522,-20.84,0.0,0.43566984515084983,8.71,lower,low (kicker),False,,,,,,,,2026-08-14
2026,00-0039376,QB,NO,Spencer Rattler,ACT,True,no,25.925241470336914,56.84052206188673,0.0,197.41636272548138,phase4_production,0.28564110397138565,0.7143588960286144,0.6470588235294118,43,66.05,219.7920156860182,-162.95,0.0,0.43432792276839904,8.69,moderate,standard,False,,,,,,,,2026-08-14
2026,00-0037197,RB,DET,Isiah Pacheco,ACT,True,no,27.502275466918945,56.58781033785772,0.0,171.5557060761837,phase4_production,0.3697655461698097,0.6302344538301903,0.7333333333333333,57,71.27,156.9957177199209,-100.41,0.0,0.4346438465794733,8.69,higher,standard,True,Knee - MCL,Questionable,"Sep 13, 2026",2026-08-14,MyFantasyLeague,Documented public injury API,https://api.myfantasyleague.com/2026/export?TYPE=injuries&JSON=1,2026-08-14
2026,00-0038046,TE,LAC,Charlie Kolar,ACT,True,no,27.55703353881836,36.86701125834857,0.0,109.74423119469637,phase4_production,0.3472141657796941,0.6527858342203059,0.717948717948718,56,70.49,124.92868260243878,-88.06,0.0,0.43377236916263806,8.68,moderate,standard,False,,,,,,,,2026-08-14
2026,00-0034775,WR,SF,Christian Kirk,ACT,True,no,29.785690307617188,44.69375162979475,0.0,126.97453351259716,phase4_production,0.3204880606771968,0.6795119393228032,0.7239583333333334,107,71.51,122.48557493000283,-77.79,0.0,0.43198265694178095,8.64,moderate,standard,True,Calf,Questionable,"Aug 20, 2026",2026-08-14,MyFantasyLeague,Documented public injury API,https://api.myfantasyleague.com/2026/export?TYPE=injuries&JSON=1,2026-08-14
2026,00-0032392,TE,ATL,Austin Hooper,ACT,True,no,31.84185791015625,42.566743762510114,0.0,115.44396369885791,phase4_production,0.3491179100432076,0.6508820899567924,0.7384615384615385,52,72.09,124.92868260243878,-82.36,0.0,0.4318686248991246,8.64,moderate,standard,False,,,,,,,,2026-08-14
2026,00-0033375,WR,NYJ,Tim Patrick,ACT,True,no,32.77274703979492,32.621650301590044,11.38159178048289,54.53270355170414,phase4_production,0.3206780679115484,0.6793219320884516,0.6796875,124,67.96,122.48557493000283,-89.86,0.0,0.43179264970742937,8.64,moderate,standard,False,,,,,,,,2026-08-14
2026,00-0040277,WR,CHI,Jahdae Walker,ACT,True,no,24.159292221069336,15.593854346057636,0.0,37.50490759617173,phase4_production,0.32054874507614706,0.6794512549238529,0.6171875,148,62.96,122.48557493000283,-106.89,0.0,0.4319219725428307,8.64,moderate,standard,False,,,,,,,,2026-08-14
2026,00-0038824,WR,NYG,Ryan Miller,ACT,True,no,26.530319213867188,12.049657336766334,0.0,33.960710586880424,phase4_production,0.32145235334316224,0.6785476466568378,0.5833333333333334,161,60.24,122.48557493000283,-110.44,0.0,0.4310183642758155,8.62,moderate,standard,False,,,,,,,,2026-08-14
2026,00-0026498,QB,LA,Matthew Stafford,ACT,True,no,38.566158294677734,219.7920156860182,110.13291860537035,360.36785634961285,phase4_production,0.28940128299952145,0.7105987170004786,0.907563025210084,12,86.82,219.7920156860182,0.0,0.0,0.4305677437402633,8.61,moderate,standard,False,,,,,,,,2026-08-14
2026,00-0037085,RB,DEN,Tyler Badie,ACT,True,no,27.565248489379883,42.4144765529883,0.0,157.38237229131428,phase4_production,0.3747394869258384,0.6252605130741615,0.6666666666666666,71,65.84,156.9957177199209,-114.58,0.0,0.42966990582344455,8.59,higher,standard,False,,,,,,,,2026-08-14
2026,00-0034173,K,SF,Eddy Pineiro,ACT,True,no,30.96846580505371,116.28650318733487,23.788478409046817,156.9097413478387,phase2_production_kicker,0.2051803092908506,0.7948196907091494,0.6976744186046512,14,71.71,117.20593632592522,-0.92,0.0,0.42920427962713004,8.58,moderate,low (kicker),False,,,,,,,,2026-08-14
2026,00-0037525,RB,MIN,Jordan Mason,ACT,True,no,27.2750301361084,84.58882560220907,15.429243920066838,199.55672134053503,phase4_production,0.37610075471434123,0.6238992452856588,0.8,43,76.48,156.9957177199209,-72.41,0.0,0.4283086380349418,8.57,higher,standard,False,,,,,,,,2026-08-14
2026,00-0038705,RB,KC,Emari Demercado,ACT,True,no,27.614530563354492,46.52232156841245,0.0,161.49021730673843,phase4_production,0.37652936470080384,0.6234706352991961,0.680952380952381,68,66.95,156.9957177199209,-110.47,0.0,0.42788002804847913,8.56,higher,standard,False,,,,,,,,2026-08-14
2026,00-0038951,RB,TB,Sean Tucker,ACT,True,no,24.85198211669922,48.90288542751345,0.0,163.87078116583945,phase4_production,0.37768616998620747,0.6223138300137925,0.6857142857142857,67,67.3,156.9957177199209,-108.09,0.0,0.4267232227630755,8.53,higher,standard,False,,,,,,,,2026-08-14
2026,00-0038720,TE,NE,Julian Hill,RES,True,no,26.14701271057129,26.818074564825793,0.0,99.69529450117359,phase4_production,0.35451661143170793,0.645483388568292,0.6871794871794872,62,67.88,124.92868260243878,-98.11,0.0,0.4264699235106242,8.53,higher,standard,True,Knee,IR,"Feb 15, 2027",2026-08-14,MyFantasyLeague,Documented public injury API,https://api.myfantasyleague.com/2026/export?TYPE=injuries&JSON=1,2026-08-14
2026,00-0038440,RB,MIN,Zavier Scott,ACT,True,no,27.127182006835938,21.496501275584244,0.0,49.82495739430934,phase4_production,0.3791649225831111,0.6208350774168889,0.5904761904761905,87,59.65,156.9957177199209,-135.5,0.0,0.42524447016617195,8.5,higher,standard,False,,,,,,,,2026-08-14
2026,00-0037157,RB,AZ,Bam Knight,ACT,True,no,25.39134979248047,45.70798714866219,0.0,160.67588288698818,phase4_production,0.3801085720355988,0.6198914279644012,0.6761904761904762,69,66.49,156.9957177199209,-111.29,0.0,0.42430082071368425,8.49,higher,standard,False,,,,,,,,2026-08-14
2026,00-0038589,TE,GB,Josh Whyle,ACT,True,no,26.982072830200195,13.595741760084756,0.0,31.70050490277938,phase4_production,0.3562376658901606,0.6437623341098394,0.6102564102564103,77,61.7,124.92868260243878,-111.33,0.0,0.4247488690521716,8.49,higher,standard,False,,,,,,,,2026-08-14
2026,00-0039384,RB,NYG,Tyrone Tracy Jr.,ACT,True,no,26.77399253845215,162.20418615734843,93.0446044752062,277.1720818956744,phase4_production,0.5452290428369684,0.4547709571630316,0.9095238095238095,20,81.86,156.9957177199209,5.21,0.0409,0.25918034991231464,8.46,higher,standard,False,,,,,,,,2026-08-14
2026,00-0036422,TE,DEN,Adam Trautman,ACT,True,no,29.569395065307617,44.38591454892968,0.6350628978350628,117.26313448527748,phase4_production,0.3582543057429048,0.6417456942570952,0.7487179487179487,50,72.73,124.92868260243878,-80.54,0.0,0.4227322291994273,8.45,higher,standard,False,,,,,,,,2026-08-14
2026,00-0040024,WR,PHI,Darius Cooper,ACT,True,no,24.775320053100586,13.343835168073317,0.0,35.25488841818741,phase4_production,0.32981299449464635,0.6701870055053536,0.6015625,154,61.53,122.48557493000283,-109.14,0.0,0.42265772312433136,8.45,moderate,standard,False,,,,,,,,2026-08-14
2026,00-0038519,WR,KC,Nikko Remigio,ACT,True,no,26.826013565063477,13.83132641238863,0.0,35.74237966250273,phase4_production,0.33108925403709083,0.6689107459629091,0.6067708333333334,152,61.92,122.48557493000283,-108.65,0.0,0.4213814635818869,8.43,moderate,standard,False,,,,,,,,2026-08-14
2026,00-0039521,WR,AZ,Xavier Weaver,ACT,True,no,25.886911392211914,11.089160269702694,0.0,33.00021351981679,phase4_production,0.3321982604935377,0.6678017395064624,0.5572916666666666,171,57.94,122.48557493000283,-111.4,0.0,0.42027245712544015,8.41,moderate,standard,True,Concussion,Questionable,"Aug 22, 2026",2026-08-14,MyFantasyLeague,Documented public injury API,https://api.myfantasyleague.com/2026/export?TYPE=injuries&JSON=1,2026-08-14
2026,00-0039917,QB,ATL,Michael Penix Jr.,ACT,True,no,26.316762924194336,82.42592287592825,0.0,223.0017635395229,phase4_production,0.30115587477550354,0.6988441252244965,0.7142857142857143,35,71.12,219.7920156860182,-137.37,0.0,0.41881315196428115,8.38,moderate,standard,True,Knee - ACL,Questionable,"Aug 28, 2026",2026-08-14,MyFantasyLeague,Documented public injury API,https://api.myfantasyleague.com/2026/export?TYPE=injuries&JSON=1,2026-08-14
2026,00-0036637,TE,KC,Noah Gray,ACT,True,no,27.340740203857422,45.09764319440033,1.346791543305713,117.97486313074813,phase4_production,0.3629138467426928,0.6370861532573072,0.7589743589743589,48,73.46,124.92868260243878,-79.83,0.0,0.4180726881996394,8.36,higher,standard,False,,,,,,,,2026-08-14
2026,00-0036626,WR,WAS,Dyami Brown,ACT,True,no,26.834226608276367,38.029220100665,0.0,120.31000198346742,phase4_production,0.3362354443348217,0.6637645556651783,0.6979166666666666,117,69.11,122.48557493000283,-84.46,0.0,0.4162352732841561,8.32,moderate,standard,False,,,,,,,,2026-08-14
2026,00-0037263,RB,AZ,Tyler Allgeier,ACT,True,no,26.37973403930664,88.84780331463911,19.688221632496877,203.8156990529651,phase4_production,0.3887933368239579,0.6112066631760421,0.8047619047619048,42,76.61,156.9957177199209,-68.15,0.0,0.41561605592532513,8.31,higher,standard,False,,,,,,,,2026-08-14
2026,00-0038797,RB,SEA,Emanuel Wilson,ACT,True,no,27.318836212158203,63.2670273695402,0.0,178.23492310786617,phase4_production,0.38902164702054953,0.6109783529794505,0.7571428571428571,52,72.79,156.9957177199209,-93.73,0.0,0.4153877457287335,8.31,higher,standard,False,,,,,,,,2026-08-14
2026,00-0037267,RB,WAS,Jerome Ford,ACT,True,no,26.97112274169922,50.07757800775639,0.0,165.04547374608237,phase4_production,0.3895710745318835,0.6104289254681166,0.6904761904761905,66,67.45,156.9957177199209,-106.92,0.0,0.4148383182173996,8.3,higher,standard,False,,,,,,,,2026-08-14
2026,00-0039737,TE,AZ,Tip Reiman,ACT,True,no,24.956022262573242,12.538269048002528,0.0,30.64303219069715,phase4_production,0.3659302507677361,0.6340697492322639,0.6051282051282051,78,61.09,124.92868260243878,-112.39,0.0,0.41505628417459606,8.3,higher,standard,True,Ankle,Out,"Aug 22, 2026",2026-08-14,MyFantasyLeague,Documented public injury API,https://api.myfantasyleague.com/2026/export?TYPE=injuries&JSON=1,2026-08-14
2026,00-0040735,WR,CHI,Luther Burden III,ACT,True,no,22.72188949584961,126.7981993309407,59.00637987520946,209.07898121374313,phase4_production,0.4743228628805097,0.5256771371194904,0.9166666666666666,33,83.85,122.48557493000283,4.31,0.0339,0.27814785473846815,8.27,higher,standard,True,Groin,Questionable,"Sep 13, 2026",2026-08-14,MyFantasyLeague,Documented public injury API,https://api.myfantasyleague.com/2026/export?TYPE=injuries&JSON=1,2026-08-14
2026,00-0040582,WR,NYJ,Arian Smith,ACT,True,no,24.89031219482422,29.53562989921201,8.295571378104857,51.446683149326105,phase4_production,0.3387757922515975,0.6612242077484025,0.6692708333333334,128,66.77,122.48557493000283,-92.95,0.0,0.4136949253673803,8.27,moderate,standard,False,,,,,,,,2026-08-14
2026,00-0036212,QB,ATL,Tua Tagovailoa,ACT,True,no,28.501611709594727,114.61954124976191,4.960444169114055,255.19538191335656,phase4_production,0.30748693581384134,0.6925130641861587,0.7563025210084033,30,74.35,219.7920156860182,-105.17,0.0,0.41248209092594335,8.25,moderate,standard,True,Back,Questionable,"Aug 14, 2026",2026-08-14,MyFantasyLeague,Documented public injury API,https://api.myfantasyleague.com/2026/export?TYPE=injuries&JSON=1,2026-08-14
2026,00-0038839,WR,CIN,Mitchell Tinsley,ACT,True,no,26.962907791137695,24.83396949972549,3.593910978618336,46.745022749839585,phase4_production,0.3401760038007688,0.6598239961992312,0.6614583333333334,131,66.11,122.48557493000283,-97.65,0.0,0.4122947138182089,8.25,moderate,standard,False,,,,,,,,2026-08-14
2026,00-0033119,QB,AZ,Jacoby Brissett,ACT,True,no,33.722801208496094,155.02117062664962,45.36207354600177,295.59701129024427,phase4_production,0.3083480114150296,0.6916519885849703,0.8067226890756303,24,78.37,219.7920156860182,-64.77,0.0,0.41162101532475504,8.23,moderate,standard,False,,,,,,,,2026-08-14
2026,00-0033110,TE,LA,Tyler Higbee,ACT,True,no,33.665306091308594,38.81214123047346,0.0,111.68936116682126,phase4_production,0.3700191490046179,0.6299808509953821,0.7282051282051282,54,70.86,124.92868260243878,-86.12,0.0,0.4109673859377143,8.22,higher,standard,False,,,,,,,,2026-08-14
2026,00-0038562,K,WAS,Jake Moody,ACT,True,no,26.77399253845215,80.59151968165149,12.878925516791341,151.23234157886566,phase2_production_kicker,0.22639680606225804,0.7736031939377419,0.4186046511627907,26,48.96,117.20593632592522,-36.61,0.0,0.40798778285572257,8.16,moderate,low (kicker),False,,,,,,,,2026-08-14
2026,00-0036290,TE,CHI,Cole Kmet,ACT,True,no,27.48037338256836,69.90838781617403,26.157536165079414,142.78560775252183,phase4_production,0.3736043762350034,0.6263956237649966,0.8461538461538461,31,80.22,124.92868260243878,-55.02,0.0,0.40738215870732875,8.15,higher,standard,False,,,,,,,,2026-08-14
2026,00-0035250,RB,NYG,Devin Singletary,ACT,True,no,28.994434356689453,70.81485125260366,1.655269570461428,185.78274699092964,phase4_production,0.39721921374122415,0.6027807862587758,0.7714285714285715,49,73.77,156.9957177199209,-86.18,0.0,0.4071901790080589,8.14,higher,standard,False,,,,,,,,2026-08-14
2026,00-0039921,RB,AZ,Trey Benson,ACT,True,no,24.110008239746094,51.444233514185576,0.0,166.41212925251156,phase4_production,0.3975067685503961,0.6024932314496039,0.7047619047619048,63,68.43,156.9957177199209,-105.55,0.0,0.4069026241988869,8.14,higher,standard,False,,,,,,,,2026-08-14
2026,00-0033955,RB,WAS,Jeremy McNichols,ACT,True,no,30.68372344970703,52.560074985852395,0.0,167.52797072417837,phase4_production,0.39828225563959974,0.6017177443604003,0.7095238095238096,62,68.8,156.9957177199209,-104.44,0.0,0.4061271371096833,8.12,higher,standard,True,Quadriceps,Questionable,"Aug 14, 2026",2026-08-14,MyFantasyLeague,Documented public injury API,https://api.myfantasyleague.com/2026/export?TYPE=injuries&JSON=1,2026-08-14
2026,00-0038977,WR,HOU,Tank Dell,ACT,True,no,26.842439651489258,47.60331006108178,0.0,129.8840919438842,phase4_production,0.34634236435011406,0.653657635649886,0.7317708333333334,104,71.61,122.48557493000283,-74.88,0.0,0.40612835326886376,8.12,moderate,standard,True,Knee - ACL + MCL,Questionable,"Aug 20, 2026",2026-08-14,MyFantasyLeague,Documented public injury API,https://api.myfantasyleague.com/2026/export?TYPE=injuries&JSON=1,2026-08-14
2026,00-0037086,TE,PHI,Grant Calcaterra,ACT,True,no,27.74321174621582,20.871519324587766,6.751594182208507,38.97628246728239,phase4_production,0.37588555019715003,0.6241144498028499,0.6512820512820513,69,64.58,124.92868260243878,-104.06,0.0,0.4051009847451821,8.1,higher,standard,False,,,,,,,,2026-08-14
2026,00-0038547,TE,DAL,Luke Schoonmaker,ACT,True,no,27.926651000976562,36.00547261900098,0.0,108.88269255534878,phase4_production,0.37658456890491826,0.6234154310950817,0.7128205128205128,57,69.49,124.92868260243878,-88.92,0.0,0.40440196603741385,8.09,higher,standard,False,,,,,,,,2026-08-14
2026,00-0039623,WR,NO,Mason Tipton,ACT,True,no,25.927978515625,13.38056817974326,0.0,35.29162142985736,phase4_production,0.3486047018914547,0.6513952981085454,0.6041666666666666,153,61.36,122.48557493000283,-109.11,0.0,0.4038660157275231,8.08,moderate,standard,True,Leg,Out,"Aug 15, 2026",2026-08-14,MyFantasyLeague,Documented public injury API,https://api.myfantasyleague.com/2026/export?TYPE=injuries&JSON=1,2026-08-14
2026,00-0036550,WR,BAL,Rashod Bateman,ACT,True,no,26.757564544677734,49.649237711062646,0.0,131.93001959386507,phase4_production,0.3510447628713268,0.6489552371286732,0.7421875,100,72.35,122.48557493000283,-72.84,0.0,0.40142595474765097,8.03,higher,standard,False,,,,,,,,2026-08-14
2026,00-0039686,TE,WAS,Colson Yankoff,ACT,True,no,26.502939224243164,8.877164603596706,0.0,26.981927746291326,phase4_production,0.3808854480594082,0.6191145519405918,0.5076923076923077,97,53.0,124.92868260243878,-116.05,0.0,0.400101086882924,8.0,higher,standard,False,,,,,,,,2026-08-14
2026,00-0039379,WR,CLE,Jamari Thrash,ACT,True,no,25.700733184814453,19.918404037222256,0.0,41.82945728733635,phase4_production,0.35293794677607704,0.647062053223923,0.6380208333333334,140,63.98,122.48557493000283,-102.57,0.0,0.39953277084290073,7.99,higher,standard,True,Undisclosed,IR,"Feb 15, 2027",2026-08-14,MyFantasyLeague,Documented public injury API,https://api.myfantasyleague.com/2026/export?TYPE=injuries&JSON=1,2026-08-14
2026,00-0040198,RB,MIA,Ollie Gordon II,ACT,True,no,22.628801345825195,61.87159059736372,0.0,176.83948633568968,phase4_production,0.40553854831366964,0.5944614516863304,0.7476190476190476,54,71.7,156.9957177199209,-95.12,0.0,0.3988708444356134,7.98,higher,standard,False,,,,,,,,2026-08-14
2026,00-0039359,TE,HOU,Cade Stover,ACT,True,no,26.220935821533203,25.478031810821207,11.358106668441948,43.58279495351583,phase4_production,0.38277553544681014,0.6172244645531899,0.6820512820512821,63,66.91,124.92868260243878,-99.45,0.0,0.3982109994955221,7.96,higher,standard,False,,,,,,,,2026-08-14
2026,00-0039746,RB,PHI,Will Shipley,ACT,True,no,24.00870704650879,23.381166940665555,0.0,51.70962305939065,phase4_production,0.4064692918512745,0.5935307081487255,0.5952380952380952,86,59.49,156.9957177199209,-133.61,0.0,0.3979401008980086,7.96,higher,standard,False,,,,,,,,2026-08-14
2026,00-0039589,WR,TB,Kameron Johnson,ACT,True,no,24.460460662841797,16.50793211725157,0.0,38.418985367365664,phase4_production,0.35435295454621846,0.6456470454537815,0.6302083333333334,143,63.33,122.48557493000283,-105.98,0.0,0.39811776307275926,7.96,higher,standard,False,,,,,,,,2026-08-14
2026,00-0036158,RB,DEN,J.K. Dobbins,ACT,True,no,27.707618713378906,79.68102679007845,10.521445107936216,194.64892252840443,phase4_production,0.40729936223715524,0.5927006377628448,0.7952380952380952,44,75.47,156.9957177199209,-77.31,0.0,0.3971100305121278,7.94,higher,standard,True,Undisclosed,Questionable,"Aug 14, 2026",2026-08-14,MyFantasyLeague,Documented public injury API,https://api.myfantasyleague.com/2026/export?TYPE=injuries&JSON=1,2026-08-14
2026,00-0038611,RB,JAX,Chris Rodriguez Jr.,ACT,True,no,26.932790756225586,52.93443792407048,0.0,167.90233366239647,phase4_production,0.4073849031550988,0.5926150968449012,0.7142857142857143,61,69.0,156.9957177199209,-104.06,0.0,0.39702448959418424,7.94,higher,standard,False,,,,,,,,2026-08-14
2026,00-0030565,QB,NYJ,Geno Smith,ACT,True,no,35.893959045410156,159.78655685860835,50.127459777960496,300.36239752220297,phase4_production,0.32449549522301996,0.6755045047769801,0.8151260504201681,23,78.72,219.7920156860182,-60.01,0.0,0.3954735315167648,7.91,moderate,standard,False,,,,,,,,2026-08-14
2026,00-0037801,WR,DAL,KaVontae Turpin,ACT,True,no,30.081384658813477,71.16447596304776,3.3726565073165204,153.44525784585016,phase4_production,0.3576717013824209,0.6423282986175791,0.8046875,76,77.22,122.48557493000283,-51.32,0.0,0.3947990162365569,7.9,higher,standard,False,,,,,,,,2026-08-14
2026,00-0039164,QB,IND,Anthony Richardson,ACT,True,no,24.27975845336914,61.70699183818116,0.0,202.2828325017758,phase4_production,0.32505167605978724,0.6749483239402128,0.6554621848739496,42,65.94,219.7920156860182,-158.09,0.0,0.39491735067999745,7.9,moderate,standard,False,,,,,,,,2026-08-14
2026,00-0036223,RB,IND,Jonathan Taylor,ACT,True,no,27.617267608642578,163.09199496552836,93.93241328338613,278.0598907038543,phase4_production,0.6022056494079568,0.39779435059204316,0.9142857142857143,19,81.1,156.9957177199209,6.1,0.0479,0.20220374334132618,7.88,higher,standard,False,,,,,,,,2026-08-14
2026,00-0039890,WR,NYJ,Adonai Mitchell,ACT,True,no,23.89919090270996,94.16490897036186,26.37308951463062,176.44569085316428,phase4_production,0.358520632980047,0.641479367019953,0.8697916666666666,51,82.41,122.48557493000283,-28.32,0.0,0.3939500846389308,7.88,higher,standard,False,,,,,,,,2026-08-14
2026,00-0040259,WR,CLE,Gage Larvadain,ACT,True,no,23.660991668701172,16.119528012507093,0.0,38.03058126262118,phase4_production,0.3583556788731792,0.6416443211268208,0.6276041666666666,144,63.04,122.48557493000283,-106.37,0.0,0.39411503874579856,7.88,higher,standard,False,,,,,,,,2026-08-14
2026,00-0038359,WR,LA,Xavier Smith,ACT,True,no,28.945152282714844,47.71203654170093,0.0,129.99281842450335,phase4_production,0.3590350550175801,0.64096494498242,0.734375,103,71.57,122.48557493000283,-74.77,0.0,0.39343566260139773,7.87,higher,standard,False,,,,,,,,2026-08-14
2026,00-0037838,TE,NYG,Isaiah Likely,ACT,True,no,26.37152099609375,60.29791298066479,16.547061329570177,133.1751329170126,phase4_production,0.3883770050154886,0.6116229949845113,0.8205128205128205,36,77.87,124.92868260243878,-64.63,0.0,0.3926095299268435,7.85,higher,standard,False,,,,,,,,2026-08-14
2026,00-0038104,WR,KC,Tyquan Thornton,ACT,True,no,26.067611694335938,52.95636436316071,0.0,135.23714624596312,phase4_production,0.3616279793111676,0.6383720206888324,0.7526041666666666,96,72.98,122.48557493000283,-69.53,0.0,0.39084273830781013,7.82,higher,standard,False,,,,,,,,2026-08-14
2026,00-0039451,WR,NYJ,Isaiah Williams,ACT,True,no,25.588478088378906,55.36712236054963,0.0,137.64790424335206,phase4_production,0.3623657963735115,0.6376342036264885,0.765625,91,74.0,122.48557493000283,-67.12,0.0,0.39010492124546625,7.8,higher,standard,False,,,,,,,,2026-08-14
2026,00-0036427,WR,DAL,Tyler Johnson,ACT,True,no,28.01974105834961,34.970347330835324,13.730288809728169,56.88140058094942,phase4_production,0.36329002329382304,0.636709976706177,0.6822916666666666,123,67.32,122.48557493000283,-87.52,0.0,0.3891806943251548,7.78,higher,standard,False,,,,,,,,2026-08-14
2026,00-0026158,QB,CIN,Joe Flacco,ACT,True,no,41.6244010925293,79.28515310838289,0.0,219.86099377197752,phase4_production,0.3321468038674843,0.6678531961325157,0.6974789915966386,37,69.16,219.7920156860182,-140.51,0.0,0.3878222228723004,7.76,moderate,standard,False,,,,,,,,2026-08-14
2026,00-0038555,RB,PHI,Tank Bigsby,ACT,True,no,24.00596809387207,50.55589241554913,0.0,165.5237881538751,phase4_production,0.41695032697353285,0.5830496730264672,0.6952380952380952,65,67.28,156.9957177199209,-106.44,0.0,0.3874590657757502,7.75,higher,standard,False,,,,,,,,2026-08-14
2026,00-0039144,TE,GB,Luke Musgrave,ACT,True,no,25.996427536010742,49.16288541852098,5.412033767426365,122.04010535486879,phase4_production,0.3943110211002956,0.6056889788997044,0.7794871794871795,44,74.47,124.92868260243878,-75.77,0.0,0.3866755138420366,7.73,higher,standard,True,Neck,Out,"Aug 21, 2026",2026-08-14,MyFantasyLeague,Documented public injury API,https://api.myfantasyleague.com/2026/export?TYPE=injuries&JSON=1,2026-08-14
2026,00-0035644,TE,NO,Noah Fant,ACT,True,no,28.7808780670166,53.91175614067106,10.160904489576446,126.78897607701886,phase4_production,0.394927451976505,0.6050725480234951,0.7948717948717948,41,75.69,124.92868260243878,-71.02,0.0,0.38605908296582725,7.72,higher,standard,False,,,,,,,,2026-08-14
2026,00-0040238,RB,JAX,LeQuint Allen Jr.,ACT,True,no,22.07300567626953,36.50088428929728,8.363044763914594,64.82934040802238,phase4_production,0.4185116418774626,0.5814883581225374,0.638095238095238,77,62.68,156.9957177199209,-120.49,0.0,0.38589775087182043,7.72,higher,standard,False,,,,,,,,2026-08-14
2026,00-0038393,WR,PHI,Dontayvion Wicks,ACT,True,no,25.210647583007812,84.34817962562386,16.556360169892613,166.62896150842627,phase4_production,0.3689793287977937,0.6310206712022063,0.8463541666666666,60,80.33,122.48557493000283,-38.14,0.0,0.38349138882118405,7.67,higher,standard,False,,,,,,,,2026-08-14
2026,00-0034753,TE,BAL,Mark Andrews,ACT,True,no,30.98763084411621,79.06557201838196,35.31472036728734,151.94279195472976,phase4_production,0.3980140929141701,0.6019859070858299,0.8717948717948718,26,81.78,124.92868260243878,-45.86,0.0,0.38297244202816205,7.66,higher,standard,False,,,,,,,,2026-08-14
2026,00-0039648,TE,TEN,David Martin-Robinson,ACT,True,no,26.68364143371582,10.182937508471253,0.0,28.287700651165878,phase4_production,0.3981318177620721,0.6018681822379279,0.5692307692307692,85,57.58,124.92868260243878,-114.75,0.0,0.3828547171802601,7.66,higher,standard,False,,,,,,,,2026-08-14
2026,00-0034975,RB,BAL,Justice Hill,ACT,True,no,28.797306060791016,42.2533868361628,0.0,157.22128257448878,phase4_production,0.42253495637865635,0.5774650436213437,0.6619047619047619,72,64.5,156.9957177199209,-114.74,0.0,0.3818744363706267,7.64,higher,standard,False,,,,,,,,2026-08-14
2026,00-0036415,WR,WAS,Van Jefferson,ACT,True,no,30.100549697875977,51.11525721486566,0.0,133.39603909766808,phase4_production,0.37183574954829846,0.6281642504517015,0.75,97,72.56,122.48557493000283,-71.37,0.0,0.3806349680706793,7.61,higher,standard,False,,,,,,,,2026-08-14
2026,00-0036988,WR,BUF,Josh Palmer,ACT,True,no,26.943742752075195,54.095705335539606,0.0,136.37648721834202,phase4_production,0.3732440880449703,0.6267559119550297,0.7578125,94,73.16,122.48557493000283,-68.39,0.0,0.37922662957400743,7.58,higher,standard,False,,,,,,,,2026-08-14
2026,00-0033881,TE,DEN,Evan Engram,ACT,True,no,31.9979190826416,71.18387489570266,27.433023244608044,144.06109483205046,phase4_production,0.4028154393465291,0.5971845606534709,0.8512820512820513,30,80.05,124.92868260243878,-53.74,0.0,0.3781710955958031,7.56,higher,standard,False,,,,,,,,2026-08-14
2026,00-0036924,RB,TEN,Michael Carter,ACT,True,no,27.32157325744629,59.18846880800129,0.0,174.15636454632727,phase4_production,0.42617828595156587,0.5738217140484341,0.7380952380952381,56,70.52,156.9957177199209,-97.81,0.0,0.3782311067977171,7.56,higher,standard,False,,,,,,,,2026-08-14
2026,00-0033857,WR,NYG,JuJu Smith-Schuster,ACT,True,no,29.774738311767578,37.61005305402263,0.0,119.89083493682504,phase4_production,0.37477218138324225,0.6252278186167577,0.6927083333333334,119,67.92,122.48557493000283,-84.88,0.0,0.37769853623573546,7.55,higher,standard,True,Knee,Questionable,"Aug 15, 2026",2026-08-14,MyFantasyLeague,Documented public injury API,https://api.myfantasyleague.com/2026/export?TYPE=injuries&JSON=1,2026-08-14
2026,00-0036309,WR,NYG,Darnell Mooney,ACT,True,no,28.84111213684082,73.40574204206337,5.613922586332123,155.68652392486578,phase4_production,0.3758443278713786,0.6241556721286214,0.8151041666666666,72,77.69,122.48557493000283,-49.08,0.0,0.3766263897475992,7.53,higher,standard,False,,,,,,,,2026-08-14
2026,00-0039530,TE,DAL,Brevyn Spann-Ford,ACT,True,no,26.680904388427734,19.960059337144646,5.840134194765387,38.064822479839265,phase4_production,0.40577793635116327,0.5942220636488367,0.6461538461538462,70,63.58,124.92868260243878,-104.97,0.0,0.37520859859116884,7.5,higher,standard,False,,,,,,,,2026-08-14
2026,00-0039792,WR,BAL,Devontez Walker,ACT,True,no,25.202434539794922,22.801808933548223,1.561750412441068,44.71286218366232,phase4_production,0.37801903592608227,0.6219809640739178,0.6536458333333334,134,64.73,122.48557493000283,-99.68,0.0,0.37445168169289555,7.49,higher,standard,False,,,,,,,,2026-08-14
2026,00-0039910,QB,WAS,Jayden Daniels,ACT,True,no,25.70347023010254,93.54345532532365,0.0,234.11929598891828,phase4_production,0.3457304737737151,0.654269526226285,0.7394957983193278,32,72.25,219.7920156860182,-126.25,0.0,0.37423855296606967,7.48,moderate,standard,False,,,,,,,,2026-08-14
2026,00-0037837,WR,NYG,Calvin Austin III,ACT,True,no,27.442041397094727,72.6980478459444,4.906228390213158,154.9788297287468,phase4_production,0.37876964074019887,0.6212303592598012,0.8098958333333334,74,77.22,122.48557493000283,-49.79,0.0,0.37370107687877896,7.47,higher,standard,False,,,,,,,,2026-08-14
2026,00-0037834,QB,SF,Brock Purdy,ACT,True,no,26.680904388427734,124.47338163032285,14.814284549674994,265.0492222939175,phase4_production,0.34709015925200987,0.6529098407479901,0.7899159663865546,26,76.25,219.7920156860182,-95.32,0.0,0.37287886748777477,7.46,moderate,standard,False,,,,,,,,2026-08-14
2026,00-0035228,QB,MIN,Kyler Murray,ACT,True,no,29.068359375,122.89316780196359,13.234070721315732,263.4690084655582,phase4_production,0.34746998728915796,0.652530012710842,0.7815126050420168,27,75.57,219.7920156860182,-96.9,0.0,0.3724990394506267,7.45,moderate,standard,False,,,,,,,,2026-08-14
2026,00-0039874,RB,MIA,Jaylen Wright,ACT,True,no,23.42005729675293,39.82935758766563,11.691518062282945,68.15781370639073,phase4_production,0.4324085260821143,0.5675914739178858,0.6476190476190476,75,63.16,156.9957177199209,-117.17,0.0,0.3720008666671688,7.44,higher,standard,False,,,,,,,,2026-08-14
2026,00-0035700,RB,GB,Josh Jacobs,ACT,True,no,28.553632736206055,160.24004575023744,91.08046406809521,275.2079414885634,phase4_production,0.5351735770623682,0.46482642293763177,0.9047619047619048,21,81.68,156.9957177199209,3.24,0.0255,0.2692358156869148,7.42,higher,standard,True,Groin,Questionable,"Aug 21, 2026",2026-08-14,MyFantasyLeague,Documented public injury API,https://api.myfantasyleague.com/2026/export?TYPE=injuries&JSON=1,2026-08-14
2026,00-0039041,TE,AZ,Elijah Higgins,ACT,True,no,25.845842361450195,59.74958868906239,15.998737037967778,132.6268086254102,phase4_production,0.409781833215632,0.590218166784368,0.8102564102564103,38,76.62,124.92868260243878,-65.18,0.0,0.37120470172670017,7.42,higher,standard,False,,,,,,,,2026-08-14
2026,00-0033307,WR,AZ,Kendrick Bourne,ACT,True,no,31.07798194885254,53.24333158553238,0.0,135.5241134683348,phase4_production,0.3815839530737616,0.6184160469262384,0.7552083333333334,95,72.78,122.48557493000283,-69.24,0.0,0.3708867645452162,7.42,higher,standard,False,,,,,,,,2026-08-14
2026,00-0039373,RB,NO,Audric Estimé,ACT,True,no,22.98746681213379,69.00086928831607,0.0,183.96876502664205,phase4_production,0.4348807432412142,0.5651192567587858,0.7619047619047619,51,72.25,156.9957177199209,-87.99,0.0,0.36952864950806885,7.39,higher,standard,False,,,,,,,,2026-08-14
2026,00-0033908,WR,SEA,Cooper Kupp,ACT,True,no,33.21355056762695,86.60304595289197,18.81122649716073,168.88382783569438,phase4_production,0.38341879703771214,0.6165812029622879,0.8515625,58,80.46,122.48557493000283,-35.88,0.0,0.3690519205812657,7.38,higher,standard,False,,,,,,,,2026-08-14
2026,00-0040154,WR,MIN,Tai Felton,ACT,True,no,23.46660041809082,15.907672460544147,0.0,37.81872571065824,phase4_production,0.38369933566619746,0.6163006643338025,0.6223958333333334,146,62.12,122.48557493000283,-106.58,0.0,0.36877138195278025,7.38,higher,standard,False,,,,,,,,2026-08-14
2026,00-0037809,TE,WAS,Chig Okonkwo,ACT,True,no,26.982072830200195,108.57592440694478,64.82507275585016,181.4531443432926,phase4_production,0.41304681491453477,0.5869531850854652,0.9179487179487179,17,85.17,124.92868260243878,-16.35,0.0,0.3679397200277974,7.36,higher,standard,False,,,,,,,,2026-08-14
2026,00-0037005,TE,CAR,Tommy Tremble,ACT,True,no,26.248313903808594,44.98050120148854,1.2296495503939298,117.85772113783634,phase4_production,0.41325491193143904,0.586745088068561,0.7538461538461538,49,72.04,124.92868260243878,-79.95,0.0,0.3677316230108931,7.35,higher,standard,False,,,,,,,,2026-08-14
2026,00-0033906,RB,NO,Alvin Kamara,ACT,True,no,31.105361938476562,100.32773999428983,31.168158312147597,215.2956357326158,phase4_production,0.4383634118513481,0.5616365881486519,0.8142857142857143,40,76.38,156.9957177199209,-56.67,0.0,0.36604598089793494,7.32,higher,standard,False,,,,,,,,2026-08-14
2026,00-0040184,WR,LAC,KeAndre Lambert-Smith,ACT,True,no,24.876623153686523,22.796079574029243,1.5560210529220875,44.707132824143336,phase4_production,0.3867185874981827,0.6132814125018173,0.6510416666666666,135,64.35,122.48557493000283,-99.69,0.0,0.3657521301207951,7.32,higher,standard,False,,,,,,,,2026-08-14
2026,00-0037112,TE,SF,Jake Tonges,ACT,True,no,27.151823043823242,51.7351664094786,7.984314758383988,124.6123863458264,phase4_production,0.4153049717575361,0.5846950282424639,0.7897435897435897,42,74.87,124.92868260243878,-73.19,0.0,0.36568156318479605,7.31,higher,standard,False,,,,,,,,2026-08-14
2026,00-0040719,RB,JAX,Bhayshul Tuten,ACT,True,no,24.54533576965332,60.5143082582939,0.0,175.4822039966199,phase4_production,0.4405662992725001,0.5594337007274999,0.7428571428571429,55,70.62,156.9957177199209,-96.48,0.0,0.3638430934767829,7.28,higher,standard,False,,,,,,,,2026-08-14
2026,00-0039738,RB,LA,Blake Corum,ACT,True,no,25.766443252563477,118.67240603026055,49.512824348118315,233.64030176858654,phase4_production,0.4408239345670962,0.5591760654329039,0.8428571428571429,34,78.61,156.9957177199209,-38.32,0.0,0.3635854581821869,7.27,higher,standard,False,,,,,,,,2026-08-14
2026,00-0040705,WR,TEN,Chimere Dike,ACT,True,no,24.715085983276367,107.45227132620911,39.66045187047787,189.73305320901153,phase4_production,0.38877810202286556,0.6112218979771344,0.890625,43,83.47,122.48557493000283,-15.03,0.0,0.3636926155961122,7.27,higher,standard,False,,,,,,,,2026-08-14
2026,00-0032268,QB,WAS,Marcus Mariota,ACT,True,no,32.83845520019531,80.6410499007427,0.0,221.21689056433735,phase4_production,0.3564119478612315,0.6435880521387685,0.7058823529411765,36,69.34,219.7920156860182,-139.15,0.0,0.36355707887855315,7.27,higher,standard,False,,,,,,,,2026-08-14
2026,00-0037252,TE,MIA,Greg Dulcich,ACT,True,no,26.434492111206055,65.72591508573016,21.97506343463555,138.60313502207796,phase4_production,0.4174748937421236,0.5825251062578765,0.8358974358974359,33,78.52,124.92868260243878,-59.2,0.0,0.3635116412002086,7.27,higher,standard,False,,,,,,,,2026-08-14
2026,00-0038976,WR,DEN,Marvin Mims Jr.,ACT,True,no,24.454984664916992,81.62473287494589,13.832913419214648,163.9055147577483,phase4_production,0.3899035883747172,0.6100964116252827,0.8411458333333334,62,79.49,122.48557493000283,-40.86,0.0,0.3625671292442605,7.25,higher,standard,True,Undisclosed,Questionable,"Aug 14, 2026",2026-08-14,MyFantasyLeague,Documented public injury API,https://api.myfantasyleague.com/2026/export?TYPE=injuries&JSON=1,2026-08-14
2026,00-0039894,WR,KC,Xavier Worthy,ACT,True,no,23.3488712310791,123.66164931992941,55.86982986419817,205.94243120273183,phase4_production,0.4301178829862347,0.5698821170137653,0.9114583333333334,35,84.31,122.48557493000283,1.18,0.0093,0.3223528346327431,7.19,higher,standard,True,Shoulder,Questionable,"Aug 15, 2026",2026-08-14,MyFantasyLeague,Documented public injury API,https://api.myfantasyleague.com/2026/export?TYPE=injuries&JSON=1,2026-08-14
2026,00-0035229,TE,MIN,T.J. Hockenson,ACT,True,no,29.1641845703125,64.83723491161771,21.0863832605231,137.7144548479655,phase4_production,0.42129251890267105,0.578707481097329,0.8256410256410256,35,77.63,124.92868260243878,-60.09,0.0,0.3596940160396611,7.19,higher,standard,False,,,,,,,,2026-08-14
2026,00-0038679,WR,BUF,Tyrell Shavers,ACT,True,no,27.039569854736328,30.15790839762169,8.917849876514534,52.06896164773578,phase4_production,0.3942242304182195,0.6057757695817805,0.671875,127,65.87,122.48557493000283,-92.33,0.0,0.35824648720075825,7.16,higher,standard,True,Knee - ACL,Out,"Aug 15, 2026",2026-08-14,MyFantasyLeague,Documented public injury API,https://api.myfantasyleague.com/2026/export?TYPE=injuries&JSON=1,2026-08-14
2026,00-0039796,RB,BAL,Rasheen Ali,ACT,True,no,25.539196014404297,24.792770129119447,0.0,53.12122624784454,phase4_production,0.4467925820639122,0.5532074179360877,0.6047619047619047,84,59.45,156.9957177199209,-132.2,0.0,0.35761681068537077,7.15,higher,standard,False,,,,,,,,2026-08-14
2026,00-0039074,TE,LA,Davis Allen,ACT,True,no,25.57478904724121,48.36300702231634,4.612155371221725,121.24022695866414,phase4_production,0.4240479043875038,0.5759520956124962,0.7743589743589744,45,73.47,124.92868260243878,-76.57,0.0,0.35693863055482833,7.14,higher,standard,True,Quadriceps,Questionable,"Aug 15, 2026",2026-08-14,MyFantasyLeague,Documented public injury API,https://api.myfantasyleague.com/2026/export?TYPE=injuries&JSON=1,2026-08-14
2026,00-0039491,WR,CAR,Jalen Coker,ACT,True,no,24.838293075561523,84.95668881662719,17.16486936089595,167.2374706994296,phase4_production,0.3958787725382449,0.6041212274617551,0.8489583333333334,59,80.0,122.48557493000283,-37.53,0.0,0.3565919450807329,7.13,higher,standard,False,,,,,,,,2026-08-14
2026,00-0038608,WR,NE,Kayshon Boutte,ACT,True,no,24.32082748413086,80.44475875398427,12.652939298253031,162.7255406367867,phase4_production,0.39618486687617693,0.6038151331238231,0.8385416666666666,63,79.16,122.48557493000283,-42.04,0.0,0.35628585074280084,7.13,higher,standard,False,,,,,,,,2026-08-14
2026,00-0033077,QB,DAL,Dak Prescott,ACT,True,no,33.093082427978516,176.68635413158503,67.02725705093718,317.26219479517965,phase4_production,0.3638448824007084,0.6361551175992917,0.8487394957983193,19,80.62,219.7920156860182,-43.11,0.0,0.35612414433907635,7.12,higher,standard,False,,,,,,,,2026-08-14
2026,00-0034837,WR,TEN,Calvin Ridley,ACT,True,no,31.699487686157227,78.36128780969108,10.569468353959834,160.6420696924935,phase4_production,0.39702489930727036,0.6029751006927296,0.828125,67,78.31,122.48557493000283,-44.12,0.0,0.3554458183117074,7.11,higher,standard,False,,,,,,,,2026-08-14
2026,00-0023459,QB,PIT,Aaron Rodgers,ACT,True,no,42.74967956542969,162.591471957672,52.93237487702416,303.16731262126666,phase4_production,0.36781659577252573,0.6321834042274743,0.8319327731092437,21,79.2,219.7920156860182,-57.2,0.0,0.352152430967259,7.04,higher,standard,False,,,,,,,,2026-08-14
2026,00-0037545,WR,SEA,Rashid Shaheed,ACT,True,no,28.003313064575195,94.65994132876038,26.86812187302914,176.94072321156278,phase4_production,0.4005212094083846,0.5994787905916155,0.8723958333333334,50,81.78,122.48557493000283,-27.83,0.0,0.35194950821059323,7.04,higher,standard,False,,,,,,,,2026-08-14
2026,00-0033293,RB,MIN,Aaron Jones,ACT,True,no,31.748769760131836,111.1789532262475,42.01937154410527,226.14684896457348,phase4_production,0.45282141828773637,0.5471785817122636,0.8333333333333334,36,77.61,156.9957177199209,-45.82,0.0,0.35158797446154666,7.03,higher,standard,False,,,,,,,,2026-08-14
2026,00-0040584,TE,TEN,Gunnar Helm,ACT,True,no,23.98680305480957,73.42517249168259,29.674320840587974,146.30239242803037,phase4_production,0.4304255206950169,0.5695744793049831,0.8615384615384616,28,80.31,124.92868260243878,-51.5,0.0,0.35056101424731523,7.01,higher,standard,False,,,,,,,,2026-08-14
2026,00-0040743,QB,NO,Tyler Shough,ACT,True,no,26.92731475830078,169.78443198853623,60.12533490788837,310.3602726521309,phase4_production,0.37014441904302114,0.6298555809569788,0.8403361344537815,20,79.82,219.7920156860182,-50.01,0.0,0.3498246076967635,7.0,higher,standard,False,,,,,,,,2026-08-14
2026,00-0039880,WR,MIA,Malik Washington,ACT,True,no,25.865007400512695,82.74535281333165,14.953533357600406,165.02613469613408,phase4_production,0.4030743067538201,0.59692569324618,0.84375,61,79.44,122.48557493000283,-39.74,0.0,0.3493964108651577,6.99,higher,standard,False,,,,,,,,2026-08-14
2026,00-0035537,RB,BUF,Ty Johnson,ACT,True,no,28.956104278564453,56.27902239890801,0.0,171.246918137234,phase4_production,0.45511885233846966,0.5448811476615303,0.7285714285714285,58,69.18,156.9957177199209,-100.72,0.0,0.3492905404108133,6.99,higher,standard,True,Knee,Questionable,"Aug 15, 2026",2026-08-14,MyFantasyLeague,Documented public injury API,https://api.myfantasyleague.com/2026/export?TYPE=injuries&JSON=1,2026-08-14
2026,00-0039875,RB,BUF,Ray Davis,ACT,True,no,26.78220558166504,72.77445000988033,3.614868327738094,187.7423457482063,phase4_production,0.4560475968837277,0.5439524031162724,0.7761904761904762,48,72.97,156.9957177199209,-84.22,0.0,0.3483617958655554,6.97,higher,standard,False,,,,,,,,2026-08-14
2026,00-0040563,WR,NE,Efton Chism III,ACT,True,no,24.8492431640625,15.461521519496268,0.0,37.37257476961036,phase4_production,0.4038977040073359,0.5961022959926641,0.6145833333333334,149,61.09,122.48557493000283,-107.02,0.0,0.34857301361164184,6.97,higher,standard,False,,,,,,,,2026-08-14
2026,00-0038618,WR,HOU,Xavier Hutchinson,ACT,True,no,26.251052856445312,74.28134092049537,6.489521464764124,156.56212280329777,phase4_production,0.4046279575711688,0.5953720424288311,0.8203125,70,77.53,122.48557493000283,-48.2,0.0,0.3478427600478089,6.96,higher,standard,False,,,,,,,,2026-08-14
2026,00-0037256,RB,WAS,Rachaad White,ACT,True,no,27.636432647705078,126.17494170779369,57.01536002565146,241.14283744611967,phase4_production,0.45763352642394156,0.5423664735760585,0.861904761904762,30,79.8,156.9957177199209,-30.82,0.0,0.3467758663253415,6.94,higher,standard,False,,,,,,,,2026-08-14
2026,00-0036407,WR,CLE,Jerry Jeudy,ACT,True,no,27.357166290283203,111.60797946949597,43.81616001376473,193.8887613522984,phase4_production,0.4055087308540087,0.5944912691459914,0.8932291666666666,42,83.35,122.48557493000283,-10.88,0.0,0.34696198676496914,6.94,higher,standard,False,,,,,,,,2026-08-14
2026,00-0036555,RB,CAR,Chuba Hubbard,ACT,True,no,27.22574806213379,104.87034084713268,35.71075916499045,219.83823658545867,phase4_production,0.4575383731094198,0.5424616268905802,0.8238095238095238,38,76.75,156.9957177199209,-52.13,0.0,0.3468710196398632,6.94,higher,standard,True,Hamstring,Questionable,"Sep 13, 2026",2026-08-14,MyFantasyLeague,Documented public injury API,https://api.myfantasyleague.com/2026/export?TYPE=injuries&JSON=1,2026-08-14
2026,00-0036244,TE,LA,Colby Parkinson,ACT,True,no,27.650123596191406,80.46998133276232,36.7191296816677,153.34720126911012,phase4_production,0.4358144465073982,0.5641855534926018,0.8769230769230769,25,81.44,124.92868260243878,-44.46,0.0,0.34517208843493397,6.9,higher,standard,False,,,,,,,,2026-08-14
2026,00-0035710,QB,IND,Daniel Jones,ACT,True,no,29.265487670898438,147.755149676109,38.096052595461146,288.33099033970365,phase4_production,0.3754016935835285,0.6245983064164715,0.7983193277310925,25,76.36,219.7920156860182,-72.04,0.0,0.3445673331562562,6.89,higher,standard,False,,,,,,,,2026-08-14
2026,00-0033885,TE,LAC,David Njoku,ACT,True,no,30.14435577392578,65.10778725724698,21.35693560615237,137.98500719359478,phase4_production,0.4362693055952754,0.5637306944047247,0.8307692307692308,34,77.74,124.92868260243878,-59.82,0.0,0.34471722934705684,6.89,higher,standard,False,,,,,,,,2026-08-14
2026,00-0039066,TE,LV,Michael Mayer,ACT,True,no,25.1558895111084,59.89401203517873,16.14316038408412,132.77123197152653,phase4_production,0.4370177712345372,0.5629822287654628,0.8153846153846154,37,76.49,124.92868260243878,-65.03,0.0,0.34396876370779494,6.88,higher,standard,False,,,,,,,,2026-08-14
2026,00-0040581,WR,LV,Dont'e Thornton Jr.,ACT,True,no,23.75408172607422,46.39162713657206,0.0,128.67240901937447,phase4_production,0.4088595980722778,0.5911404019277222,0.7265625,106,69.95,122.48557493000283,-76.09,0.0,0.3436111195467,6.87,higher,standard,True,Undisclosed,Questionable,"Aug 20, 2026",2026-08-14,MyFantasyLeague,Documented public injury API,https://api.myfantasyleague.com/2026/export?TYPE=injuries&JSON=1,2026-08-14
2026,00-0039923,QB,MIN,J.J. McCarthy,ACT,True,no,23.61444854736328,89.64855136891218,0.0,230.22439203250684,phase4_production,0.37920731969237265,0.6207926803076274,0.7310924369747899,33,70.9,219.7920156860182,-130.14,0.0,0.34076170704741204,6.82,higher,standard,False,,,,,,,,2026-08-14
2026,00-0039912,TE,WAS,Ben Sinnott,ACT,True,no,24.216787338256836,26.976194576969554,0.0,99.85341451331735,phase4_production,0.44200282557847254,0.5579971744215275,0.6923076923076923,61,66.54,124.92868260243878,-97.95,0.0,0.3389837093638597,6.78,higher,standard,False,,,,,,,,2026-08-14
2026,00-0040590,WR,LA,Konata Mumpfield,ACT,True,no,23.855382919311523,35.881652920356856,14.641594399249701,57.79270617047095,phase4_production,0.41395900234619754,0.5860409976538025,0.6901041666666666,120,66.93,122.48557493000283,-86.6,0.0,0.33851171527278023,6.77,higher,standard,False,,,,,,,,2026-08-14
2026,00-0037614,WR,CAR,John Metchie III,ACT,True,no,26.122371673583984,55.56504826307445,0.0,137.84583014587687,phase4_production,0.4146324790160087,0.5853675209839913,0.7682291666666666,90,73.17,122.48557493000283,-66.92,0.0,0.337838238602969,6.76,higher,standard,False,,,,,,,,2026-08-14
2026,00-0037291,WR,LV,Jalen Nailor,ACT,True,no,27.502275466918945,65.11418882102605,0.0,147.39497070382845,phase4_production,0.41511531422228015,0.5848846857777199,0.7838541666666666,84,74.41,122.48557493000283,-57.37,0.0,0.3373554033966977,6.75,higher,standard,False,,,,,,,,2026-08-14
2026,00-0040170,WR,TEN,Elic Ayomanor,ACT,True,no,23.247568130493164,88.9596895377956,21.167870082064354,171.240471420598,phase4_production,0.41551876605256455,0.5844812339474355,0.859375,55,80.44,122.48557493000283,-33.53,0.0,0.3369519515664132,6.74,higher,standard,False,,,,,,,,2026-08-14
2026,00-0038115,TE,TEN,Daniel Bellinger,ACT,True,no,25.941669464111328,46.446662404991116,2.6958107538965024,119.32388234133892,phase4_production,0.44426052273331956,0.5557394772666804,0.7692307692307693,46,72.65,124.92868260243878,-78.48,0.0,0.33672601220901255,6.73,higher,standard,False,,,,,,,,2026-08-14
2026,00-0039165,RB,SEA,Zach Charbonnet,ACT,True,no,25.64597511291504,119.8181945978379,50.65861291569567,234.78609033616388,phase4_production,0.46887323679674886,0.5311267632032511,0.8523809523809524,32,78.81,156.9957177199209,-37.18,0.0,0.33553615595253417,6.71,higher,standard,True,Knee - ACL,Out,"Sep 9, 2026",2026-08-14,MyFantasyLeague,Documented public injury API,https://api.myfantasyleague.com/2026/export?TYPE=injuries&JSON=1,2026-08-14
2026,00-0040782,WR,CLE,Isaiah Bond,ACT,True,no,22.464527130126953,69.16212819215323,1.3703087364219897,151.44291007495565,phase4_production,0.417120522310393,0.582879477689607,0.796875,79,75.41,122.48557493000283,-53.32,0.0,0.3353501953085848,6.71,higher,standard,False,,,,,,,,2026-08-14
2026,00-0038840,WR,CAR,Brycen Tremayne,ACT,True,no,26.787681579589844,22.02407572389412,0.7840172027869663,43.935128974008215,phase4_production,0.4177947167427712,0.5822052832572289,0.6458333333333334,137,63.31,122.48557493000283,-100.46,0.0,0.33467600087620664,6.69,higher,standard,False,,,,,,,,2026-08-14
2026,00-0039356,TE,CAR,Ja'Tavion Sanders,ACT,True,no,23.433746337890625,42.926435276381206,0.0,115.80365521272901,phase4_production,0.44782033430498064,0.5521796656950193,0.7435897435897436,51,70.53,124.92868260243878,-82.0,0.0,0.3331662006373515,6.66,higher,standard,False,,,,,,,,2026-08-14
2026,00-0040009,WR,GB,Savion Williams,ACT,True,no,24.775320053100586,31.634931595756836,10.39487307464968,53.54598484587093,phase4_production,0.4199316522986491,0.5800683477013509,0.6770833333333334,125,65.77,122.48557493000283,-90.85,0.0,0.3325390653203286,6.65,higher,standard,False,,,,,,,,2026-08-14
2026,00-0039342,WR,CAR,Xavier Legette,ACT,True,no,25.588478088378906,69.5431160809347,1.7512966252034516,151.82389796373712,phase4_production,0.42040475606531047,0.5795952439346895,0.7994791666666666,78,75.55,122.48557493000283,-52.94,0.0,0.3320659615536673,6.64,higher,standard,False,,,,,,,,2026-08-14
2026,00-0040164,WR,WAS,Jaylin Lane,ACT,True,no,24.337255477905273,60.324568738545075,0.0,142.6053506213475,phase4_production,0.420724611391246,0.579275388608754,0.7760416666666666,87,73.67,122.48557493000283,-62.16,0.0,0.3317461062277318,6.63,higher,standard,False,,,,,,,,2026-08-14
2026,00-0040242,RB,WAS,Jacory Croskey-Merritt,ACT,True,no,25.38861083984375,118.84073891864111,49.681157236498876,233.8086346569671,phase4_production,0.4743355802381665,0.5256644197618334,0.8476190476190476,33,78.32,156.9957177199209,-38.15,0.0,0.33007381251111645,6.6,higher,standard,False,,,,,,,,2026-08-14
2026,00-0038129,TE,TB,Cade Otton,ACT,True,no,27.381807327270508,104.74664451455466,60.995792863460046,177.62386445090246,phase4_production,0.4512087722888394,0.5487912277111606,0.9076923076923077,19,83.59,124.92868260243878,-20.18,0.0,0.3297777626534928,6.6,higher,standard,False,,,,,,,,2026-08-14
2026,00-0037805,TE,NYJ,Jeremy Ruckert,ACT,True,no,26.05666160583496,40.600363939999944,0.0,113.47758387634775,phase4_production,0.455123236981114,0.544876763018886,0.7333333333333333,53,69.56,124.92868260243878,-84.33,0.0,0.32586329796121816,6.52,higher,standard,False,,,,,,,,2026-08-14
2026,00-0033555,WR,NE,Mack Hollins,ACT,True,no,32.95892333984375,67.15082921900373,0.0,149.43161110180614,phase4_production,0.42780037105103264,0.5721996289489674,0.7864583333333334,83,74.36,122.48557493000283,-55.33,0.0,0.32467034656794513,6.49,higher,standard,False,,,,,,,,2026-08-14
2026,00-0039798,RB,NYJ,Isaiah Davis,ACT,True,no,24.52617073059082,62.3826710105638,0.0,177.35056674888978,phase4_production,0.48043466042206495,0.519565339577935,0.7523809523809524,53,70.58,156.9957177199209,-94.61,0.0,0.3239747323272181,6.48,higher,standard,True,Knee,Questionable,"Aug 21, 2026",2026-08-14,MyFantasyLeague,Documented public injury API,https://api.myfantasyleague.com/2026/export?TYPE=injuries&JSON=1,2026-08-14
2026,00-0039146,WR,GB,Jayden Reed,ACT,True,no,26.344141006469727,88.4691445458241,20.67732509009285,170.7499264286265,phase4_production,0.42944481726166517,0.5705551827383348,0.8567708333333334,56,79.95,122.48557493000283,-34.02,0.0,0.3230259003573126,6.46,higher,standard,False,,,,,,,,2026-08-14
2026,00-0039855,WR,TB,Jalen McMillan,ACT,True,no,24.734251022338867,46.67568844498642,0.0,128.95647032778885,phase4_production,0.4301828679896735,0.5698171320103265,0.7291666666666666,105,69.73,122.48557493000283,-75.81,0.0,0.32228784962930423,6.45,higher,standard,True,Knee,Questionable,"Aug 14, 2026",2026-08-14,MyFantasyLeague,Documented public injury API,https://api.myfantasyleague.com/2026/export?TYPE=injuries&JSON=1,2026-08-14
2026,00-0035685,RB,HOU,David Montgomery,ACT,True,no,29.235370635986328,114.74877907102828,45.58919738888605,229.71667480935426,phase4_production,0.4828112965733087,0.5171887034266913,0.8380952380952381,35,77.39,156.9957177199209,-42.25,0.0,0.32159809617597435,6.43,higher,standard,False,,,,,,,,2026-08-14
2026,00-0040078,RB,KC,Brashard Smith,ACT,True,no,23.392677307128906,56.03111448378913,0.0,170.99901022211512,phase4_production,0.48420741219607577,0.5157925878039242,0.7238095238095238,59,68.22,156.9957177199209,-100.96,0.0,0.32020198055320725,6.4,higher,standard,False,,,,,,,,2026-08-14
2026,00-0039032,RB,TEN,Tyjae Spears,ACT,True,no,25.21338653564453,110.98337264497917,41.82379096283694,225.95126838330515,phase4_production,0.4860781462702968,0.5139218537297032,0.8285714285714286,37,76.56,156.9957177199209,-46.01,0.0,0.31833124647898625,6.37,higher,standard,False,,,,,,,,2026-08-14
2026,00-0038979,WR,CLE,Cedric Tillman,ACT,True,no,26.36878204345703,50.74180808082265,0.0,133.02258996362508,phase4_production,0.4342880545181265,0.5657119454818735,0.7473958333333334,98,71.11,122.48557493000283,-71.74,0.0,0.3181826631008513,6.36,higher,standard,True,Undisclosed,Questionable,"Aug 15, 2026",2026-08-14,MyFantasyLeague,Documented public injury API,https://api.myfantasyleague.com/2026/export?TYPE=injuries&JSON=1,2026-08-14
2026,00-0038997,WR,IND,Josh Downs,ACT,True,no,25.05458641052246,116.48920155368103,48.697382097949784,198.76998343648344,phase4_production,0.43521325116387555,0.5647867488361245,0.8958333333333334,41,82.96,122.48557493000283,-6.0,0.0,0.3172574664551022,6.35,higher,standard,True,Groin,Questionable,"Aug 22, 2026",2026-08-14,MyFantasyLeague,Documented public injury API,https://api.myfantasyleague.com/2026/export?TYPE=injuries&JSON=1,2026-08-14
2026,00-0039424,WR,NO,Devaughn Vele,ACT,True,no,28.720643997192383,58.98143464621815,0.0,141.26221652902058,phase4_production,0.4362104495087549,0.5637895504912451,0.7734375,88,73.15,122.48557493000283,-63.5,0.0,0.3162602681102229,6.33,higher,standard,False,,,,,,,,2026-08-14
2026,00-0035689,TE,BUF,Dawson Knox,ACT,True,no,29.796642303466797,56.836982525323826,13.086130874229212,129.71420246167162,phase4_production,0.46425149620950246,0.5357485037904975,0.8,40,74.71,124.92868260243878,-68.09,0.0,0.3167350387328297,6.33,higher,standard,False,,,,,,,,2026-08-14
2026,00-0039391,RB,LAC,Kimani Vidal,ACT,True,no,25.010780334472656,99.84997323361006,30.690391551467826,214.81786897193604,phase4_production,0.49105470017022973,0.5089452998297703,0.8095238095238095,41,74.94,156.9957177199209,-57.15,0.0,0.31335469257905335,6.27,higher,standard,False,,,,,,,,2026-08-14
2026,00-0040237,WR,TB,Tez Johnson,ACT,True,no,24.29071044921875,64.57993287862163,0.0,146.86071476142405,phase4_production,0.43937313478955664,0.5606268652104434,0.78125,85,73.71,122.48557493000283,-57.91,0.0,0.31309758282942113,6.26,higher,standard,True,Groin,Questionable,"Aug 14, 2026",2026-08-14,MyFantasyLeague,Documented public injury API,https://api.myfantasyleague.com/2026/export?TYPE=injuries&JSON=1,2026-08-14
2026,00-0040187,TE,CAR,Mitchell Evans,ACT,True,no,23.29137420654297,50.76456790530842,7.013716254213804,123.64178784165622,phase4_production,0.46973668892041975,0.5302633110795802,0.7846153846153846,43,73.37,124.92868260243878,-74.16,0.0,0.3112498460219124,6.22,higher,standard,False,,,,,,,,2026-08-14
2026,00-0040130,WR,HOU,Jayden Higgins,ACT,True,no,23.7130126953125,99.72651845869197,31.934699002960727,182.00730034149439,phase4_production,0.44306191997829525,0.5569380800217048,0.8776041666666666,48,81.35,122.48557493000283,-22.76,0.0,0.3094087976406825,6.19,higher,standard,False,,,,,,,,2026-08-14
2026,00-0035535,WR,NYG,Darius Slayton,ACT,True,no,29.63510513305664,69.5515798060163,1.7597603502850632,151.8323616888187,phase4_production,0.4429632724053633,0.5570367275946366,0.8020833333333334,77,75.31,122.48557493000283,-52.93,0.0,0.3095074452136144,6.19,higher,standard,False,,,,,,,,2026-08-14
2026,00-0031408,WR,SF,Mike Evans,ACT,True,no,33.03010940551758,78.94715320912852,11.155333753397272,161.22793509193093,phase4_production,0.4441251267425053,0.5558748732574947,0.8359375,64,77.99,122.48557493000283,-43.54,0.0,0.3083455908764725,6.17,higher,standard,True,Quadriceps,Questionable,"Aug 20, 2026",2026-08-14,MyFantasyLeague,Documented public injury API,https://api.myfantasyleague.com/2026/export?TYPE=injuries&JSON=1,2026-08-14
2026,00-0040138,WR,HOU,Jaylin Noel,ACT,True,no,23.992279052734375,69.06333458924894,1.2715151335176955,151.34411647205135,phase4_production,0.4446991860381354,0.5553008139618646,0.7916666666666666,81,74.44,122.48557493000283,-53.42,0.0,0.30777153158084236,6.16,higher,standard,False,,,,,,,,2026-08-14
2026,00-0035662,WR,PHI,Marquise Brown,ACT,True,no,29.24358558654785,54.32147894970573,0.0,136.60226083250814,phase4_production,0.44432228592322326,0.5556777140767768,0.7604166666666666,93,71.95,122.48557493000283,-68.16,0.0,0.30814843169575457,6.16,higher,standard,False,,,,,,,,2026-08-14
2026,00-0038041,TE,DAL,Jake Ferguson,ACT,True,no,27.620006561279297,111.9350726879659,68.18422103687129,184.8122926243137,phase4_production,0.474256335033686,0.525743664966314,0.9282051282051282,15,84.77,124.92868260243878,-12.99,0.0,0.30673019990864614,6.13,higher,standard,False,,,,,,,,2026-08-14
2026,00-0036139,RB,PIT,Rico Dowdle,ACT,True,no,28.216869354248047,159.6836917929293,90.52411011078706,274.65158753125525,phase4_production,0.582626169282218,0.417373830717782,0.9,22,80.35,156.9957177199209,2.69,0.0211,0.22178322346706503,6.12,higher,standard,False,,,,,,,,2026-08-14
2026,00-0040648,WR,SEA,Tory Horton,ACT,True,no,23.756818771362305,43.7840318175479,0.0,126.06481370035031,phase4_production,0.4481752650759589,0.551824734924041,0.71875,109,68.54,122.48557493000283,-78.7,0.0,0.3042954525430188,6.09,higher,standard,False,,,,,,,,2026-08-14
2026,00-0040691,QB,NYG,Jaxson Dart,ACT,True,no,23.305065155029297,207.25922372023444,97.60012663958659,347.8350643838291,phase4_production,0.4200766025585204,0.5799233974414796,0.8991596638655462,13,83.53,219.7920156860182,-12.53,0.0,0.29989242418126427,6.0,higher,standard,False,,,,,,,,2026-08-14
2026,00-0040202,RB,NO,Devin Neal,ACT,True,no,23.05591583251953,70.03872136374659,0.8791396816043573,185.00661710207257,phase4_production,0.504509778026625,0.495490221973375,0.7666666666666667,50,71.24,156.9957177199209,-86.96,0.0,0.299899614722658,6.0,higher,standard,True,Hamstring,Questionable,"Aug 15, 2026",2026-08-14,MyFantasyLeague,Documented public injury API,https://api.myfantasyleague.com/2026/export?TYPE=injuries&JSON=1,2026-08-14
2026,00-0039920,WR,CLE,Malachi Corley,ACT,True,no,24.449508666992188,39.892340556182006,0.0,122.17312243898442,phase4_production,0.4567390967685774,0.5432609032314226,0.7057291666666666,114,67.32,122.48557493000283,-82.59,0.0,0.2957316208504004,5.91,higher,standard,False,,,,,,,,2026-08-14
2026,00-0039355,WR,WAS,Luke McCaffrey,ACT,True,no,25.415990829467773,40.856381072950214,0.0,123.13716295575263,phase4_production,0.4577764630697021,0.5422235369302979,0.7109375,112,67.72,122.48557493000283,-81.63,0.0,0.29469425454927567,5.89,higher,standard,False,,,,,,,,2026-08-14
2026,00-0040737,TE,LA,Terrance Ferguson,ACT,True,no,23.48850440979004,59.540917332558195,15.790065681463581,132.41813726890598,phase4_production,0.48754980145127563,0.5124501985487244,0.8051282051282052,39,74.66,124.92868260243878,-65.39,0.0,0.2934367334910566,5.87,higher,standard,False,,,,,,,,2026-08-14
2026,00-0039793,TE,SEA,AJ Barner,ACT,True,no,24.33177947998047,110.71646115274709,66.96560950165247,183.5936810890949,phase4_production,0.4883541117930374,0.5116458882069626,0.9230769230769231,16,84.08,124.92868260243878,-14.21,0.0,0.2926324231492947,5.85,higher,standard,False,,,,,,,,2026-08-14
2026,00-0040189,TE,LAC,Oronde Gadsden II,ACT,True,no,23.187334060668945,116.52509139517082,72.7742397440762,189.4023113315186,phase4_production,0.4896617133883722,0.5103382866116277,0.9333333333333333,14,84.87,124.92868260243878,-8.4,0.0,0.2913248215539599,5.83,higher,standard,False,,,,,,,,2026-08-14
2026,00-0040727,WR,LAC,Tre Harris,ACT,True,no,24.50700569152832,89.14694598798401,21.35512653225277,171.42772787078644,phase4_production,0.46117750679400715,0.5388224932059928,0.8619791666666666,54,79.73,122.48557493000283,-33.34,0.0,0.2912932108249706,5.83,higher,standard,False,,,,,,,,2026-08-14
2026,00-0040669,WR,DET,Isaac TeSlaa,ACT,True,no,24.52890968322754,69.10447248325984,1.3126530275285972,151.38525436606227,phase4_production,0.4607705493968466,0.5392294506031534,0.7942708333333334,80,74.33,122.48557493000283,-53.38,0.0,0.2917001682221312,5.83,higher,standard,False,,,,,,,,2026-08-14
2026,00-0036945,QB,KC,Justin Fields,ACT,True,no,27.494062423706055,120.25003070837873,10.590933627730877,260.8258713719734,phase4_production,0.4292803117417205,0.5707196882582795,0.773109243697479,28,73.26,219.7920156860182,-99.54,0.0,0.29068871499806415,5.81,higher,standard,False,,,,,,,,2026-08-14
2026,00-0040162,RB,CLE,Dylan Sampson,ACT,True,no,21.963489532470703,78.2466642451493,9.087082563007073,193.21455998347528,phase4_production,0.514447567506642,0.485552432493358,0.780952380952381,47,72.19,156.9957177199209,-78.75,0.0,0.289961825242641,5.8,higher,standard,False,,,,,,,,2026-08-14
2026,00-0039916,WR,SF,Ricky Pearsall,ACT,True,no,25.977262496948242,78.72396922707682,10.932149771345578,161.00475110987924,phase4_production,0.46407663225173496,0.5359233677482651,0.8333333333333334,65,77.39,122.48557493000283,-43.76,0.0,0.28839408536724287,5.77,higher,standard,True,Knee - PCL,IR,"Feb 15, 2027",2026-08-14,MyFantasyLeague,Documented public injury API,https://api.myfantasyleague.com/2026/export?TYPE=injuries&JSON=1,2026-08-14
2026,00-0040218,WR,CAR,Jimmy Horn Jr.,ACT,True,no,23.970375061035156,40.45728992003346,0.0,122.73807180283588,phase4_production,0.4639262955538183,0.5360737044461816,0.7083333333333334,113,67.39,122.48557493000283,-82.03,0.0,0.2885444220651594,5.77,higher,standard,False,,,,,,,,2026-08-14
2026,00-0036894,TE,PIT,Pat Freiermuth,ACT,True,no,27.85272789001465,86.43350382819574,42.682652177101126,159.31072376454352,phase4_production,0.4930830591052971,0.506916940894703,0.8923076923076924,22,81.52,124.92868260243878,-38.5,0.0,0.2879034758370351,5.76,higher,standard,False,,,,,,,,2026-08-14
2026,00-0040676,QB,TEN,Cam Ward,ACT,True,no,24.27154541015625,191.0572734492359,81.39817636858805,331.6331141128305,phase4_production,0.4326789207778164,0.5673210792221837,0.8739495798319328,16,81.26,219.7920156860182,-28.73,0.0,0.28729010596196836,5.75,higher,standard,False,,,,,,,,2026-08-14
2026,00-0038558,TE,PIT,Darnell Washington,ACT,True,no,25.040897369384766,67.18502210723587,23.434170456141253,140.06224204358367,phase4_production,0.49323681714911166,0.5067631828508883,0.841025641025641,32,77.42,124.92868260243878,-57.74,0.0,0.28774971779322045,5.75,higher,standard,False,,,,,,,,2026-08-14
2026,00-0038994,WR,MIN,Jordan Addison,ACT,True,no,24.59461784362793,121.09536304182507,53.303543586093824,203.37614492462748,phase4_production,0.46558806432831096,0.534411935671689,0.9010416666666666,39,82.77,122.48557493000283,-1.39,0.0,0.28688265329066676,5.74,higher,standard,True,Thumb,Questionable,"Aug 15, 2026",2026-08-14,MyFantasyLeague,Documented public injury API,https://api.myfantasyleague.com/2026/export?TYPE=injuries&JSON=1,2026-08-14
2026,00-0039410,WR,DAL,Ryan Flournoy,ACT,True,no,26.847915649414062,95.48104272524367,27.689223269512425,177.76182460804608,phase4_production,0.46595446933725204,0.534045530662748,0.875,49,80.68,122.48557493000283,-27.0,0.0,0.2865162482817257,5.73,higher,standard,False,,,,,,,,2026-08-14
2026,00-0034351,TE,PHI,Dallas Goedert,ACT,True,no,31.661155700683594,96.00105462883197,52.25020297773735,168.87827456517977,phase4_production,0.4969513971054283,0.5030486028945718,0.9025641025641026,20,82.27,124.92868260243878,-28.93,0.0,0.28403513783690393,5.68,higher,standard,False,,,,,,,,2026-08-14
2026,00-0038621,WR,NE,DeMario Douglas,ACT,True,no,25.730850219726562,91.00533876082507,23.213519305093826,173.2861206436275,phase4_production,0.4685063971286434,0.5314936028713566,0.8671875,52,80.0,122.48557493000283,-31.48,0.0,0.2839643204903344,5.68,higher,standard,False,,,,,,,,2026-08-14
2026,00-0039361,RB,TB,Bucky Irving,ACT,True,no,24.03608512878418,157.39499053724052,88.23540885509829,272.3628862755665,phase4_production,0.5331303464598384,0.46686965354016163,0.8952380952380953,23,80.96,156.9957177199209,0.4,0.0031,0.27127904628944466,5.67,higher,standard,False,,,,,,,,2026-08-14
2026,00-0034383,TE,HOU,Dalton Schultz,ACT,True,no,30.141618728637695,119.77900081903432,76.02814916793972,192.65622075538212,phase4_production,0.4976801847443853,0.5023198152556148,0.9384615384615385,13,85.12,124.92868260243878,-5.15,0.0,0.2833063501979469,5.67,higher,standard,False,,,,,,,,2026-08-14
2026,00-0037816,WR,NE,Romeo Doubs,ACT,True,no,26.385210037231445,122.48557493000283,54.69375547427158,204.76635681280524,phase4_production,0.4714143609693178,0.5285856390306822,0.9088541666666666,36,83.28,122.48557493000283,0.0,0.0,0.28105635664966,5.62,higher,standard,False,,,,,,,,2026-08-14
2026,00-0036264,QB,GB,Jordan Love,ACT,True,no,27.83082389831543,196.14107366777125,86.4819765871234,336.7169143313659,phase4_production,0.4413373039087516,0.5586626960912484,0.8823529411764706,15,81.76,219.7920156860182,-23.65,0.0,0.2786317228310331,5.57,higher,standard,False,,,,,,,,2026-08-14
2026,00-0040729,WR,LV,Jack Bech,ACT,True,no,23.70479965209961,68.12268353473101,0.3308640789997668,150.40346541753343,phase4_production,0.47490886626711126,0.5250911337328887,0.7890625,82,73.63,122.48557493000283,-54.36,0.0,0.2775618513518665,5.55,higher,standard,False,,,,,,,,2026-08-14
2026,00-0039739,WR,PIT,Roman Wilson,ACT,True,no,25.202434539794922,35.45981157922084,14.219753058113685,57.370864829334934,phase4_production,0.4782207005657404,0.5217792994342596,0.6875,121,65.44,122.48557493000283,-87.03,0.0,0.27425001705323737,5.49,higher,standard,False,,,,,,,,2026-08-14
2026,00-0036259,WR,MIN,Jauan Jennings,ACT,True,no,29.14501953125,105.23649286925158,37.444673413520334,187.517274752054,phase4_production,0.47868090774375605,0.521319092256244,0.8854166666666666,45,81.26,122.48557493000283,-17.25,0.0,0.2737898098752217,5.48,higher,standard,False,,,,,,,,2026-08-14
2026,00-0036919,RB,TB,Kenneth Gainwell,ACT,True,no,27.46942138671875,141.92958519507286,72.77000351293063,256.8974809333988,phase4_production,0.5317138169801102,0.4682861830198898,0.8714285714285714,28,79.08,156.9957177199209,-15.07,0.0,0.2726955757691728,5.45,higher,standard,False,,,,,,,,2026-08-14
2026,00-0038563,WR,LV,Tre Tucker,ACT,True,no,25.484437942504883,122.39998364811007,54.60816419237882,204.68076553091248,phase4_production,0.48081813127700823,0.5191818687229918,0.90625,37,82.88,122.48557493000283,-0.09,0.0,0.27165258634196954,5.43,higher,standard,False,,,,,,,,2026-08-14
2026,00-0040134,WR,DEN,Pat Bryant,ACT,True,no,23.726701736450195,78.64999867699836,10.858179221267122,160.93078055980078,phase4_production,0.48186443402120577,0.5181355659787943,0.8307291666666666,66,76.82,122.48557493000283,-43.84,0.0,0.27060628359777206,5.41,higher,standard,False,,,,,,,,2026-08-14
2026,00-0039901,WR,BUF,Keon Coleman,ACT,True,no,23.294113159179688,73.16311251189082,5.371293056159573,155.44389439469325,phase4_production,0.4829963808719809,0.5170036191280192,0.8125,73,75.34,122.48557493000283,-49.32,0.0,0.26947433674699695,5.39,higher,standard,False,,,,,,,,2026-08-14
2026,00-0036875,RB,NE,Rhamondre Stevenson,ACT,True,no,28.520776748657227,128.9876187027465,59.828037020604256,243.95551444107247,phase4_production,0.5364452241368552,0.46355477586314475,0.8666666666666667,29,78.6,156.9957177199209,-28.01,0.0,0.2679641686124278,5.36,higher,standard,False,,,,,,,,2026-08-14
2026,00-0038619,WR,CIN,Andrei Iosivas,ACT,True,no,26.88077163696289,75.1680909348021,7.3762714790708515,157.44887281760452,phase4_production,0.4842951803572929,0.5157048196427071,0.8229166666666666,69,76.15,122.48557493000283,-47.32,0.0,0.26817553726168486,5.36,higher,standard,False,,,,,,,,2026-08-14
2026,00-0040715,RB,NYG,Cam Skattebo,ACT,True,no,24.569976806640625,103.04826028138923,33.888678599247,218.0161560197152,phase4_production,0.5389843916113608,0.4610156083886392,0.819047619047619,39,74.74,156.9957177199209,-53.95,0.0,0.2654250011379222,5.31,higher,standard,False,,,,,,,,2026-08-14
2026,00-0033921,WR,TB,Chris Godwin Jr.,ACT,True,no,30.5112361907959,73.68415528676465,5.892335831033407,155.96493716956707,phase4_production,0.48677095650805385,0.5132290434919462,0.8177083333333334,71,75.68,122.48557493000283,-48.8,0.0,0.26569976111092397,5.31,higher,standard,False,,,,,,,,2026-08-14
2026,00-0039847,TE,NYG,Theo Johnson,ACT,True,no,25.511817932128906,82.5575291530172,38.806677501922586,155.434749089365,phase4_production,0.5166216026043974,0.4833783973956026,0.882051282051282,24,80.23,124.92868260243878,-42.37,0.0,0.2643649323379348,5.29,higher,standard,False,,,,,,,,2026-08-14
2026,00-0040667,WR,GB,Matthew Golden,ACT,True,no,23.086030960083008,71.91214861621025,4.120329160479002,154.19293049901268,phase4_production,0.49377324660912614,0.5062267533908739,0.8072916666666666,75,74.71,122.48557493000283,-50.57,0.0,0.25869747100985163,5.17,higher,standard,False,,,,,,,,2026-08-14
2026,00-0039919,WR,CHI,Rome Odunze,ACT,True,no,24.246904373168945,125.12179419030993,57.329974734578684,207.40257607311236,phase4_production,0.5780339051336647,0.4219660948663353,0.9140625,34,81.56,122.48557493000283,2.64,0.0207,0.17443681248531306,5.14,higher,standard,False,,,,,,,,2026-08-14
2026,00-0040583,RB,HOU,Woody Marks,ACT,True,no,25.67335319519043,155.0438469825091,85.88426530036688,270.01174272083506,phase4_production,0.5491481610446975,0.45085183895530245,0.8857142857142857,25,79.87,156.9957177199209,-1.95,0.0,0.2552612317045855,5.11,higher,standard,False,,,,,,,,2026-08-14
2026,00-0035659,WR,WAS,Terry McLaurin,ACT,True,no,30.962989807128906,88.20259754876125,20.410778093030004,170.48337943156366,phase4_production,0.49747188964071853,0.5025281103592815,0.8541666666666666,57,78.38,122.48557493000283,-34.28,0.0,0.25499882797825923,5.1,higher,standard,False,,,,,,,,2026-08-14
2026,00-0040194,TE,BUF,Jackson Hawes,ACT,True,no,25.736326217651367,46.34443071134044,2.5935790602458297,119.22165064768825,phase4_production,0.5266250902871746,0.47337490971282536,0.764102564102564,47,70.6,124.92868260243878,-78.58,0.0,0.25436144465515753,5.09,higher,standard,False,,,,,,,,2026-08-14
2026,00-0039163,QB,HOU,C.J. Stroud,ACT,True,no,24.912216186523438,178.19439880465808,68.53530172401022,318.7702394682527,phase4_production,0.4660887028983693,0.5339112971016307,0.8571428571428571,18,79.25,219.7920156860182,-41.6,0.0,0.25388032384141535,5.08,higher,standard,False,,,,,,,,2026-08-14
2026,00-0040236,RB,CHI,Kyle Monangai,ACT,True,no,24.238691329956055,144.8501323068221,75.69055062467987,259.8180280451481,phase4_production,0.5506534601449312,0.4493465398550688,0.8761904761904762,27,79.08,156.9957177199209,-12.15,0.0,0.2537559326043518,5.08,higher,standard,False,,,,,,,,2026-08-14
2026,00-0040131,WR,NE,Kyle Williams,ACT,True,no,23.80062484741211,54.42325845247182,0.0,136.70404033527424,phase4_production,0.4982967803882346,0.5017032196117654,0.7630208333333334,92,71.08,122.48557493000283,-68.06,0.0,0.2541739372307432,5.08,higher,standard,False,,,,,,,,2026-08-14
2026,00-0036040,TE,NO,Juwan Johnson,ACT,True,no,29.966392517089844,124.92868260243878,81.17783095134416,197.8059025387866,phase4_production,0.527660764003122,0.472339235996878,0.9435897435897436,12,84.93,124.92868260243878,0.0,0.0,0.25332577093921016,5.07,higher,standard,False,,,,,,,,2026-08-14
2026,00-0038933,TE,BUF,Dalton Kincaid,ACT,True,no,26.872556686401367,91.37660268774529,47.625751036650676,164.2538226240931,phase4_production,0.5292430409911708,0.4707569590088292,0.8974358974358975,21,81.21,124.92868260243878,-33.55,0.0,0.25174349395116136,5.03,higher,standard,False,,,,,,,,2026-08-14
2026,00-0034796,QB,BAL,Lamar Jackson,ACT,True,no,29.648794174194336,204.22868741521313,94.56959033456528,344.8045280788078,phase4_production,0.4701837224518447,0.5298162775481553,0.8907563025210085,14,81.86,219.7920156860182,-15.56,0.0,0.24978530428794,5.0,higher,standard,False,,,,,,,,2026-08-14
2026,00-0039751,WR,LA,Jordan Whittington,ACT,True,no,25.917028427124023,41.775353789504514,0.0,124.05613567230694,phase4_production,0.502764169531743,0.49723583046825703,0.7135416666666666,111,67.03,122.48557493000283,-80.71,0.0,0.2497065480872348,4.99,higher,standard,False,,,,,,,,2026-08-14
2026,00-0040736,TE,NYJ,Mason Taylor,ACT,True,no,22.316680908203125,85.82730047731017,42.07644882621556,158.70452041365797,phase4_production,0.5322046884008652,0.4677953115991348,0.8871794871794871,23,80.33,124.92868260243878,-39.1,0.0,0.24878184654146696,4.98,higher,standard,False,,,,,,,,2026-08-14
2026,00-0039067,WR,KC,Rashee Rice,ACT,True,no,26.36056900024414,116.8904632267456,49.09864377101435,199.171245109548,phase4_production,0.5040152189958624,0.49598478100413756,0.8984375,40,81.79,122.48557493000283,-5.6,0.0,0.24845549862311533,4.97,higher,standard,False,,,,,,,,2026-08-14
2026,00-0040666,RB,LAC,Omarion Hampton,ACT,True,no,23.463863372802734,123.61244600063608,54.45286431849385,238.58034173896206,phase4_production,0.5662386603602345,0.4337613396397655,0.8571428571428571,31,77.25,156.9957177199209,-33.38,0.0,0.2381707323890485,4.76,higher,standard,False,,,,,,,,2026-08-14
2026,00-0038124,WR,GB,Christian Watson,ACT,True,no,27.307884216308594,90.0478640623167,22.256044606585462,172.32864594511912,phase4_production,0.5221543464790072,0.47784565352099284,0.8645833333333334,53,78.72,122.48557493000283,-32.44,0.0,0.2303163711399706,4.61,higher,standard,False,,,,,,,,2026-08-14
2026,00-0040739,TE,SEA,Elijah Arroyo,ACT,True,no,23.40910530090332,75.56885809421883,31.81800644312421,148.44607803056664,phase4_production,0.5504154228049306,0.4495845771950694,0.8666666666666667,27,78.33,124.92868260243878,-49.36,0.0,0.23057111213740156,4.61,higher,standard,False,,,,,,,,2026-08-14
2026,00-0040784,RB,CLE,Quinshon Judkins,ACT,True,no,22.842357635498047,144.9621363207886,75.80255463864637,259.9300320591146,phase4_production,0.5916014829323647,0.4083985170676353,0.8809523809523809,26,78.64,156.9957177199209,-12.03,0.0,0.21280790981691833,4.26,higher,standard,False,,,,,,,,2026-08-14
2026,00-0039150,QB,CAR,Bryce Young,ACT,True,no,25.10386848449707,161.5130029796053,51.853905898957436,302.08884364319994,phase4_production,0.5190945069809138,0.48090549301908625,0.8235294117647058,22,75.5,219.7920156860182,-58.28,0.0,0.20087451975887094,4.02,higher,standard,False,,,,,,,,2026-08-14
2026,00-0038544,WR,LAC,Quentin Johnston,ACT,True,no,24.98613929748535,121.5376595268191,53.745840071087855,203.81844140962153,phase4_production,0.5585949611251001,0.4414050388748999,0.9036458333333334,38,81.12,122.48557493000283,-0.95,0.0,0.19387575649387767,3.88,higher,standard,False,,,,,,,,2026-08-14
2026,00-0036997,RB,DAL,Javonte Williams,ACT,True,no,26.352354049682617,156.9957177199209,87.83613603777866,271.96361345824687,phase4_production,0.6115230519171704,0.3884769480828296,0.8904761904761904,24,79.01,156.9957177199209,0.0,0.0,0.19288634083211265,3.86,higher,standard,False,,,,,,,,2026-08-14
2026,00-0038935,TE,JAX,Brenton Strange,ACT,True,no,25.678829193115234,108.33146070860512,64.58060905751051,181.20868064495292,phase4_production,0.5896313538910257,0.4103686461089743,0.9128205128205128,18,81.23,124.92868260243878,-16.6,0.0,0.19135518105130644,3.83,higher,standard,False,,,,,,,,2026-08-14
2026,00-0039337,WR,NYG,Malik Nabers,ACT,True,no,23.096982955932617,106.42415790069136,38.63233844496011,188.70493978349378,phase4_production,0.5607403110112701,0.4392596889887299,0.8880208333333334,44,79.83,122.48557493000283,-16.06,0.0,0.19173040660770768,3.83,higher,standard,True,Knee - ACL,Questionable,"Aug 15, 2026",2026-08-14,MyFantasyLeague,Documented public injury API,https://api.myfantasyleague.com/2026/export?TYPE=injuries&JSON=1,2026-08-14
2026,00-0037740,WR,NYJ,Garrett Wilson,ACT,True,no,26.111419677734375,101.81844803434156,34.026628578610314,184.099229917144,phase4_production,0.5780967716957022,0.42190322830429783,0.8802083333333334,47,78.85,122.48557493000283,-20.67,0.0,0.1743739459232756,3.49,higher,standard,False,,,,,,,,2026-08-14
2026,00-0040718,WR,JAX,Travis Hunter,ACT,True,no,23.29137420654297,76.2550834661422,8.463264010410953,158.5358653489446,phase4_production,0.5819824004986405,0.4180175995013595,0.8255208333333334,68,74.4,122.48557493000283,-46.23,0.0,0.1704883171203373,3.41,higher,standard,False,,,,,,,,2026-08-14
2026,00-0039849,WR,AZ,Marvin Harrison Jr.,ACT,True,no,24.0579891204834,104.15798533984061,36.366165884109364,186.43876722264304,phase4_production,0.6047280678083143,0.39527193219168566,0.8828125,46,78.53,122.48557493000283,-18.33,0.0,0.14774264981066343,2.95,higher,standard,False,,,,,,,,2026-08-14
