consensus_rank,feature,family,permutation_importance,permutation_rank,permutation_positive_share,univariate_auc,discriminative_auc,direction,spearman_rho,q_value,univariate_rank,mutual_information,rf_impurity_importance,panel_rank,featureranker_score,featureranker_rank,consensus_rank_score,track
1,lag1_receiving_yards_after_catch,lag1_production,0.0008030075207152265,14.0,0.8,0.650836535219387,0.650836535219387,higher_risk,0.24161926343240953,1.5912130600161127e-114,1,0.031089593658533587,0.044712715807397,2.5,0.03060362327165308,2.0,4.875,injury
2,lag1_games,lag1_participation,0.0035529771041438395,3.0,1.0,0.638534460723531,0.638534460723531,higher_risk,0.20909055683835528,6.263910437760691e-87,14,0.02429310028720444,0.023132779715398913,19.0,0.03556427034325996,1.0,9.25,injury
3,lag1_catch_rate,lag1_rates,0.0008366049347035443,13.0,0.6,0.6328096788052818,0.6328096788052818,higher_risk,0.21173361783764927,4.353585639370297e-89,17,0.02781418553443249,0.039411968595438183,9.0,0.029233780256283363,3.0,10.5,injury
4,lag1_share_receptions_prior_team,lag1_usage_share,0.00023549968068956595,28.0,0.8,0.6486352895429528,0.6486352895429528,higher_risk,0.23694367377362688,1.389678512152687e-110,5,0.027353228934922313,0.0187566094713482,14.0,0.013232435833959687,8.0,13.75,injury
5,lag1_offense_snaps,lag1_participation,0.0006618211064772783,16.0,0.6,0.6410452220518175,0.6410452220518175,higher_risk,0.2185207855240864,9.156908669450393e-95,12,0.026111089874381488,0.02111382949599263,16.0,0.007897428023217098,13.0,14.25,injury
6,lag1_receiving_yards,lag1_production,0.00024256029389253532,27.0,0.6,0.6462146025038612,0.6462146025038612,higher_risk,0.23313818672156603,2.3685549892788644e-107,6,0.029770579167403,0.030502852919757604,4.5,0.005362526917396586,21.0,14.625,injury
7,lag1_share_targets_prior_team,lag1_usage_share,0.00031346366217526177,22.0,0.8,0.6491433765146077,0.6491433765146077,higher_risk,0.23548498847940558,1.9137393525905404e-109,3,0.029605838090062342,0.0169149690964646,8.5,0.003827328295225942,32.0,16.375,injury
8,lag1_receptions,lag1_production,0.0004858425569393088,18.0,0.8,0.6491276729970197,0.6491276729970197,higher_risk,0.237749374729702,3.6624604361841894e-111,4,0.033962270716469956,0.009822615455017227,12.5,0.0032122659197301004,41.0,18.875,injury
9,missing_draft_number,metadata_missingness,0.001562600374715739,8.0,0.6,0.40373995246796757,0.5962600475320324,lower_risk,-0.1642715957239108,5.454825668251849e-54,30,0.01429391734757468,0.00950965179711818,41.5,0.013348205894394935,7.0,21.625,injury
10,lag1_receiving_yards_after_catch_per_reception,lag1_rates,0.00013555263704534415,42.0,0.6,0.6393240213513457,0.6393240213513457,higher_risk,0.2232978501124738,8.114923614649796e-99,13,0.029382410507794443,0.014962493666735537,10.0,0.0049106014343048374,24.0,22.25,injury
11,lag1_receiving_yards_per_target,lag1_rates,0.00022271311474912902,30.0,0.8,0.6367443616893994,0.6367443616893994,higher_risk,0.21813790381703504,1.8500556140207542e-94,15,0.022578634533751973,0.009880178864387983,30.5,0.0068127016005695065,16.0,22.875,injury
12,lag1_targets_per_game,lag1_per_game,0.00011994779148576385,45.0,0.6,0.6429830089299311,0.6429830089299311,higher_risk,0.2257634149652338,5.717644439128179e-101,8,0.023158439559111343,0.007996454019500996,33.0,0.022518089216191004,6.0,23.0,injury
13,was_drafted,age_experience_draft,0.006947858862120859,2.0,0.6,0.5962600475320324,0.5962600475320324,higher_risk,0.1642715957239108,5.454825668251849e-54,32,0.013512445710955667,0.010990538713907518,41.5,0.006039309706578426,18.0,23.375,injury
14,missing_draft_round,metadata_missingness,0.0020061928525145767,7.0,0.2,0.40373995246796757,0.5962600475320324,lower_risk,-0.1642715957239108,5.454825668251849e-54,31,0.011810433928422626,0.013929891908831067,44.0,0.006486219319568558,17.0,24.75,injury
15,lag1_receiving_first_down_rate,lag1_rates,0.000293280960318465,24.0,0.4,0.6250534667384542,0.6250534667384542,higher_risk,0.20384590732892785,1.0539383282901433e-82,24,0.021920602191977778,0.00697099798817015,37.5,0.003765514287989133,34.0,29.875,injury
16,lag2_offense_snaps,lag2_4_history,0.0014353856088010985,9.0,1.0,0.589996043529335,0.589996043529335,higher_risk,0.14888298943411524,1.3443144098685082e-44,39,0.014385565487185392,0.009440347824419906,41.0,0.003767396446086685,33.0,30.5,injury
17,lag1_receiving_16,lag1_production,9.515822882166791e-05,49.0,0.6,0.6332613078922752,0.6332613078922752,higher_risk,0.22918267285766789,5.809322744089287e-104,16,0.02910754881013089,0.007802842299554949,20.5,0.0027401411741989,44.0,32.375,injury
18,lag1_offense_snaps_per_game,lag1_per_game,3.10037219430237e-05,82.0,0.2,0.6291802967760882,0.6291802967760882,higher_risk,0.20142402153596864,8.830556436278633e-81,22,0.02737477103306274,0.010701807512042744,19.5,0.004785014943537436,25.0,37.125,injury
19,draft_round,age_experience_draft,0.0008639754934595345,12.0,0.6,0.5726303323979203,0.5726303323979203,higher_risk,0.1110721499052582,2.317280592561444e-25,64,0.017995861432958726,0.016799864002751297,29.0,0.0026478252983949497,47.0,38.0,injury
20,lag1_receiving_20,lag1_production,0.0004544867789356699,19.0,0.8,0.6222980432465357,0.6222980432465357,higher_risk,0.21900165072852856,3.9858616959854763e-95,25,0.02836071267977891,0.0009838750558793527,84.5,0.004745741138075415,26.0,38.625,injury
21,lag1_late6_receiving_yards,lag1_trajectory,0.00035403907612974184,21.0,0.8,0.6284905996432381,0.6284905996432381,higher_risk,0.216769553981799,2.6258941863838975e-93,23,0.023389942479992154,0.0030887115379107325,55.5,0.0022042373432414135,58.0,39.375,injury
22,missing_combine_bench,metadata_missingness,0.001064523552802843,11.0,0.8,0.42391992429680875,0.5760800757031912,lower_risk,-0.1309226421392901,7.871192797686748e-35,58,0.010499764726221272,0.002695030655488591,85.0,0.028859241586445955,4.0,39.5,injury
23,lag1_receiving_20_rate,lag1_rates,8.411493189486308e-05,50.0,0.8,0.6155670465422349,0.6155670465422349,higher_risk,0.2068403249968814,4.072819510509142e-85,27,0.025102266146256547,0.0032821547994511557,49.0,0.002385727322627869,52.0,44.5,injury
24,missing_age,metadata_missingness,0.0029782146658482887,5.0,0.8,0.4653266331658291,0.5346733668341709,lower_risk,-0.13054561461220088,1.2174150257816497e-34,124,0.013501775597995369,0.012842866594001875,40.5,0.00955481228778107,10.0,44.875,injury
25,lag1_receiving_air_yards_per_target,lag1_rates,2.8926980241239518e-05,85.0,0.6,0.5888346290434858,0.5888346290434858,higher_risk,0.14070787194929585,5.4879242641681196e-40,40,0.02510002806240852,0.005814021510426948,34.5,0.0038495788287300735,30.0,47.375,injury
26,lag1_rushing_yards_per_game,lag1_per_game,0.00012596119991707954,44.0,0.8,0.5806288612978311,0.5806288612978311,higher_risk,0.14519306403722926,1.7413772368828817e-42,53,0.012675769537929593,0.003326195009326855,68.0,0.0025033654178648872,50.0,53.75,injury
27,lag1_roster_weeks,lag1_participation,0.0011208250430708722,10.0,1.0,0.5510211365267899,0.5510211365267899,higher_risk,0.07967971222194496,1.2902152074472722e-13,92,0.010917153331059914,0.014057938458356798,49.5,0.001985583685455659,64.0,53.875,injury
28,weight,body_combine,0.00015782445285543733,38.0,0.6,0.5334983222389,0.5334983222389,higher_risk,0.04904533773462345,7.607713580009462e-06,133,0.009525472567763593,0.024429289069523553,50.0,0.012065424704703863,9.0,57.5,injury
29,lag1_late6_receiving_first_downs,lag1_trajectory,0.00020843013402886966,32.0,0.8,0.618799217951228,0.618799217951228,higher_risk,0.20853132146464812,1.7370450386413716e-86,26,0.025736429976044306,0.000688721809644981,107.5,0.0017925560896769226,69.0,58.625,injury
30,lag1_receiving_air_yards,lag1_production,2.7960812496585775e-05,88.0,0.4,0.5999205986643172,0.5999205986643172,higher_risk,0.15826741576580164,3.5984948031629754e-50,29,0.02668225779868072,0.0041625116666711365,39.0,0.0015553816984125676,79.0,58.75,injury
31,lag2_receiving_yards,lag2_4_history,0.00018235855402259915,34.0,1.0,0.5926986800887554,0.5926986800887554,higher_risk,0.15370809155136197,1.9927571608596861e-47,36,0.013266696640692022,0.004090215766386667,62.5,0.0011574340185924118,113.0,61.375,injury
32,combine_vertical,body_combine,3.83042417110735e-05,72.0,0.8,0.5678142810916053,0.5678142810916053,higher_risk,0.10476481343329695,1.0776521610866788e-22,73,0.004629498455933412,0.01069531148848023,99.5,0.003835006491882871,31.0,68.875,injury
33,lag1_rushing_10,lag1_production,0.0002220352017903604,31.0,1.0,0.568069480247558,0.568069480247558,higher_risk,0.14344346490585722,1.6427320438091692e-41,72,0.010224049580830563,0.0014383611465620687,111.0,0.0019995364858341877,63.0,69.25,injury
34,lag2_receptions,lag2_4_history,2.312873371468349e-05,94.0,0.6,0.5931842654832604,0.5931842654832604,higher_risk,0.15453146072618318,6.787834691449372e-48,34,0.011263584205464028,0.0024458188689719146,84.5,0.0017417481765595651,73.0,71.375,injury
35,lag2_receiving_yards_per_reception,lag2_4_history,6.699681295081472e-05,56.0,0.8,0.5830335389066544,0.5830335389066544,higher_risk,0.13777814841099773,2.1909121542373796e-38,46,0.010975771656384747,0.0031301326327644674,79.0,0.0011979216015925674,108.0,72.25,injury
36,lag2_targets,lag2_4_history,9.911726373725837e-05,48.0,1.0,0.5940245396354065,0.5940245396354065,higher_risk,0.15443327670149087,7.583873556193214e-48,33,0.011655821342352102,0.0023025600470902964,87.0,0.0010244022979418442,135.0,75.75,injury
37,lag2_receiving_first_downs,lag2_4_history,6.839024683671368e-05,54.0,0.8,0.5912781575627054,0.5912781575627054,higher_risk,0.15470884597529713,5.4370538028063726e-48,37,0.009154621562534437,0.0020014651027578712,102.5,0.0011721346865918405,110.0,75.875,injury
38,lag2_receiving_10,lag2_4_history,3.218154117980987e-05,76.0,0.6,0.5901350978376732,0.5901350978376732,higher_risk,0.1542465472469439,9.603489581596115e-48,38,0.014503463806869288,0.0022210776815938917,77.5,0.0011385351509270814,116.0,76.875,injury
39,years_exp,age_experience_draft,0.0005055742807845931,17.0,0.8,0.5174093206835041,0.5174093206835041,higher_risk,0.02569115162197775,0.0231905917146241,206,0.006198197146293882,0.012668615963484686,80.0,0.00498098748296861,23.0,81.5,injury
40,lag2_receiving_20_rate,lag2_4_history,3.145567207452071e-05,80.0,0.8,0.5721956984598315,0.5721956984598315,higher_risk,0.13382244546598407,2.545705248852895e-36,65,0.01135686597347707,0.0025704020471486676,81.0,0.001139131169945562,115.0,85.25,injury
41,combine_shuttle,body_combine,0.00015894203105932815,36.0,0.4,0.5274136510474451,0.5274136510474451,higher_risk,0.04430393505082488,4.851430841259818e-05,161,0.005650850698184495,0.008996803483140463,91.0,0.0020753118525544843,62.0,87.5,injury
42,lag2_fumbles_total,lag2_4_history,0.00011965066811872038,46.0,0.4,0.5515466605212208,0.5515466605212208,higher_risk,0.10627097421030673,2.6285296829838203e-23,89,0.0075943405246485796,0.002535157585579442,105.0,0.0011068632740299997,122.0,90.5,injury
43,lag1_late6_receiving_20,lag1_trajectory,3.837220244498063e-05,71.0,0.2,0.5886580834366639,0.5886580834366639,higher_risk,0.18261382559608838,1.5639090765530042e-66,41,0.01695683591887409,0.0004692503787054254,138.5,0.0010464295714906276,131.0,95.375,injury
44,injury_lag2_designation_count,injury_report_history,3.662571623799238e-05,74.0,0.6,0.5729921591181013,0.5729921591181013,higher_risk,0.1270662294905235,7.006873132655733e-33,63,0.01169565374581083,0.002921192941437873,76.5,0.0007664003179114029,172.0,96.375,injury
45,lag3_offense_snaps,lag2_4_history,4.9230417012857684e-05,62.0,0.2,0.5491348789401553,0.5491348789401553,higher_risk,0.09014550551647853,3.998287749999407e-17,100,0.004460073048297097,0.003638079997052478,123.5,0.0012589988416708332,101.0,96.625,injury
46,lag1_receiving_40,lag1_production,0.00017385377859324702,35.0,1.0,0.5624556766516566,0.5624556766516566,higher_risk,0.152277416589362,1.4297489769109446e-46,76,0.009509268057604103,0.0004876681199894537,159.5,0.000985371078705369,139.0,102.375,injury
47,lag2_receiving_20,lag2_4_history,5.100670247051298e-05,61.0,0.6,0.5790250630859928,0.5790250630859928,higher_risk,0.14652996247588843,3.064933355163324e-43,56,0.008354537884802227,0.0009489975345554669,135.5,0.0007897074447029602,167.0,104.875,injury
48,lag2_history_available,history_availability,0.0007464769749298217,15.0,0.6,0.5277476397137202,0.5277476397137202,higher_risk,0.048461076342558654,9.587682881578544e-06,158,0.005884738815134849,0.002207285728151123,124.0,0.0010646901535189242,128.0,106.25,injury
49,lag1_receiving_yards_per_reception,lag1_rates,-1.256719621560709e-05,364.0,0.4,0.6324396944136268,0.6324396944136268,higher_risk,0.21127110057527437,1.011987996585492e-88,18,0.024070859504866426,0.004527876570021028,41.0,0.004209395090535587,27.0,112.5,injury
50,position_TE,position,0.003096972747624038,4.0,1.0,0.519732217635798,0.519732217635798,higher_risk,0.0421966623656956,0.00011009953633788302,195,0.00021123165303338354,0.0034764581541279318,218.0,0.0037505560845646057,35.0,113.0,injury
51,lag2_receiving_tds,lag2_4_history,8.702335885613088e-06,135.0,0.4,0.574105851225826,0.574105851225826,higher_risk,0.14645825488072123,3.3029087932799868e-43,59,0.008269351401833713,0.0007142177241989821,150.0,0.0011700148496627519,111.0,113.75,injury
52,age,age_experience_draft,0.0002595693006604449,25.0,0.6,0.5021619189018686,0.5021619189018686,higher_risk,0.0031646665667912004,0.8261047036454559,410,0.01715119599461845,0.06211098388878368,25.5,0.023891062327279184,5.0,116.375,injury
53,lag1_weekly_slope_receiving_yards_after_catch,lag1_trajectory,4.384813441864477e-05,65.0,0.2,0.4931816482303292,0.5068183517696708,lower_risk,-0.01093841189223755,0.3895632040379871,315,0.026317734759832234,0.00485034266618033,34.5,0.0017402303837783064,74.0,122.125,injury
54,lag1_receiving_first_downs,lag1_production,-3.227328080719349e-05,421.0,0.6,0.6428222008309948,0.6428222008309948,higher_risk,0.23283809037794906,3.8343445054004587e-107,9,0.03103643262479938,0.005606061483378391,24.0,0.003381240812518305,39.0,123.25,injury
55,lag3_catch_rate,lag2_4_history,0.00014170041373036125,41.0,0.8,0.5490379046205052,0.5490379046205052,higher_risk,0.08645701564668691,7.42805016892643e-16,101,0.0029667249840876764,0.002291815543123354,174.5,0.0007464966001126311,182.0,124.625,injury
56,injury_lag3_designation_count,injury_report_history,7.063281770671725e-05,53.0,1.0,0.5492443276991016,0.5492443276991016,higher_risk,0.09108598390584018,1.8583060241631465e-17,99,0.003982011700384813,0.0015922216282644335,165.5,0.0006650527434900346,196.0,128.375,injury
57,lag3_receptions,lag2_4_history,3.5114880537889805e-05,75.0,0.6,0.5569151561378319,0.5569151561378319,higher_risk,0.10034501772116038,6.44822121903956e-21,81,0.008821398504156974,0.0007448700968441308,142.5,0.000621899593159194,215.0,128.375,injury
58,lag1_late6_mean_delta_targets,lag1_trajectory,0.00010108141481457444,47.0,0.6,0.5052245806956862,0.5052245806956862,higher_risk,0.008255323487775322,0.5397525851323531,333,0.027575018056409384,0.0034410152726637774,41.5,0.0013742939887800732,93.0,128.625,injury
59,lag1_late6_mean_delta_receiving_first_downs,lag1_trajectory,4.173511524849793e-05,69.0,0.6,0.4965812558463313,0.5034187441536687,lower_risk,-0.005577284352206745,0.6790864729411936,375,0.02913378037567993,0.0027565120114581483,45.0,0.003907187786950497,28.0,129.25,injury
60,lag1_receptions_per_game,lag1_per_game,-0.00010531647148821488,477.0,0.4,0.64467229274076,0.64467229274076,higher_risk,0.2306322837771015,3.1152384385990932e-105,7,0.02802728440272828,0.005800040458955474,27.5,0.009279625816280904,11.0,130.625,injury
61,lag3_receiving_20_rate,lag2_4_history,8.060751534522125e-06,138.0,0.6,0.5497586009049577,0.5497586009049577,higher_risk,0.09822821795477542,4.257888262701984e-20,96,0.008003108877682852,0.001716311553407558,119.0,0.0007840534964186571,170.0,130.75,injury
62,lag3_receiving_yards_per_reception,lag2_4_history,3.4557124111822544e-06,174.0,0.6,0.5478818606017097,0.5478818606017097,higher_risk,0.08449155273521992,3.4345631692758712e-15,106,0.005161763465454605,0.00252865003458065,123.5,0.0010810336439538608,127.0,132.625,injury
63,lag2_rush_first_down_rate,lag2_4_history,1.4416200476441433e-05,115.0,0.8,0.5444818790924316,0.5444818790924316,higher_risk,0.09148442764293666,1.3419359290148959e-17,113,0.004265387249707153,0.0018832588487262946,153.5,0.000871881148735242,153.0,133.625,injury
64,injury_lag4_designation_count,injury_report_history,6.311283333153561e-05,57.0,0.8,0.5313778375100612,0.5313778375100612,higher_risk,0.06308062529417502,6.130672234877903e-09,141,0.005079613309531439,0.0013748405070212605,149.5,0.0006698546273175757,193.0,135.125,injury
65,lag4_receiving_yards_after_catch_per_reception,lag2_4_history,4.318580580811027e-05,67.0,0.6,0.5315261711697015,0.5315261711697015,higher_risk,0.06109895159993484,1.8602536058693423e-08,139,0.004707527025705538,0.001801905443266071,144.5,0.0006710258383874905,192.0,135.625,injury
66,lag3_receiving_first_down_rate,lag2_4_history,0.00013294979671762963,43.0,0.6,0.5462958393156258,0.5462958393156258,higher_risk,0.08348097404941686,7.44880295586164e-15,112,0.0027134766335010774,0.001991846081285659,186.0,0.0006544160553782501,203.0,136.0,injury
67,lag3_receiving_yards_per_target,lag2_4_history,2.9622057869271858e-06,181.0,0.6,0.5483114639757228,0.5483114639757228,higher_risk,0.08524961658870175,1.913994032194112e-15,104,0.012466197048293548,0.002417631877794499,80.0,0.0007512676288562159,179.0,136.0,injury
68,injury_lag3_injury_report_weeks,injury_report_history,3.9492044214894936e-05,70.0,1.0,0.5499379337162,0.5499379337162,higher_risk,0.09239051662345868,6.352661385917279e-18,95,0.0036366013974169498,0.0010910126288876923,185.5,0.0006652936395974062,195.0,136.375,injury
69,lag2_rushing_tds,lag2_4_history,4.331859813850869e-05,66.0,0.6,0.5338845200026104,0.5338845200026104,higher_risk,0.08999975974776388,4.4728661604981524e-17,131,0.0006448444890616578,0.000588532005171622,283.0,0.001764692223092178,71.0,137.75,injury
70,lag1_receiving_yards_per_game,lag1_per_game,-0.0001174741834986781,478.0,0.4,0.6418403570884728,0.6418403570884728,higher_risk,0.22616337140751946,2.7416473065176026e-101,10,0.026672017158865913,0.007386995830681394,26.5,0.0034290582438949537,38.0,138.125,injury
71,lag2_receiving_air_yards,lag2_4_history,-1.90108110285081e-06,296.0,0.6,0.568755336476756,0.568755336476756,higher_risk,0.1134010516124437,2.1978860557818274e-26,69,0.010464414730178007,0.003279582322755592,80.5,0.001173121433608583,109.0,138.625,injury
72,lag4_receiving_yards,lag2_4_history,7.658845687512628e-05,52.0,0.6,0.5329491409971937,0.5329491409971937,higher_risk,0.0634521424906054,5.052425788335793e-09,136,0.007913968641487301,0.0010387776770790268,136.5,0.0005820211913652852,231.0,138.875,injury
73,lag1_receiving_10,lag1_production,-0.00012239262080895318,480.0,0.6,0.641239306652309,0.641239306652309,higher_risk,0.23231335155882965,1.0179376182677646e-106,11,0.022443784637837805,0.0065704824383606706,37.0,0.0038738714429775575,29.0,139.25,injury
74,lag1_receiving_fumbles,lag1_production,5.412702696736549e-05,60.0,0.8,0.5425729159868607,0.5425729159868607,higher_risk,0.12313031105094982,6.140718750347885e-31,116,0.00547193601690088,0.00010928460379142644,270.0,0.0011669371554131154,112.0,139.5,injury
75,lag3_rush_yards_per_carry,lag2_4_history,3.1501409998035965e-05,79.0,0.4,0.5287454249059149,0.5287454249059149,higher_risk,0.05785626705854598,1.0755263803476597e-07,155,0.005258640264091952,0.0016539966508101512,141.0,0.0006922043583837491,187.0,140.5,injury
76,lag1_weekly_slope_receptions,lag1_trajectory,2.9384266724030715e-05,84.0,0.6,0.4955052589788771,0.5044947410211229,lower_risk,-0.007188918522730408,0.5985081633035187,341,0.024754912009815833,0.004140218941505533,44.0,0.001370354451858365,94.0,140.75,injury
77,lag3_roster_weeks,lag2_4_history,0.0003073879414821068,23.0,0.6,0.5231933476908351,0.5231933476908351,higher_risk,0.036924918635073356,0.0007704330743567207,175,0.0,0.0044977544719044475,251.5,0.0011274303458613873,118.0,141.875,injury
78,position_QB,position,0.00022729566245398568,29.0,0.6,0.4766744640409841,0.5233255359590159,lower_risk,-0.05897680807749404,5.969086204343182e-08,174,0.00793289144774123,0.0010437602416290056,135.5,0.0005794738455942791,232.0,142.625,injury
79,injury_lag2_injury_report_weeks,injury_report_history,-7.691294746092758e-06,347.0,0.2,0.5733518784398182,0.5733518784398182,higher_risk,0.12774553640298916,3.221119229174089e-33,62,0.011570904979246954,0.0023917048521012525,85.0,0.0016135610875414113,77.0,142.75,injury
80,lag1_targets,lag1_production,-0.00018816728115358394,505.0,0.6,0.6492056467401945,0.6492056467401945,higher_risk,0.23559704107780496,1.8817198118418686e-109,2,0.02774148244679031,0.006406113034646518,26.0,0.002867444616341784,43.0,144.0,injury
81,lag4_receiving_10,lag2_4_history,3.199378937628339e-05,77.0,0.6,0.5342906360808372,0.5342906360808372,higher_risk,0.06844212751754779,2.5349925704217766e-10,127,0.010598411727108736,0.0007280627262613818,134.5,0.0005555380613273702,241.0,144.875,injury
82,lag1_kickoff_return_yards,lag1_production,9.65471291032305e-06,133.0,0.6,0.5308462972329178,0.5308462972329178,higher_risk,0.07766218085458423,5.500310446432778e-13,143,0.006888368805032741,0.0017881500819871554,125.0,0.0007206631243158708,184.0,146.25,injury
83,injury_lag4_injury_report_weeks,injury_report_history,2.1848844308491876e-05,96.0,0.8,0.5314996927277078,0.5314996927277078,higher_risk,0.0633325510750608,5.387281929545583e-09,140,0.003451483517892928,0.0008328137204822627,200.0,0.0008811911133916821,152.0,147.0,injury
84,missing_combine_vertical,metadata_missingness,1.111619004803277e-05,128.0,0.4,0.4485437196806543,0.5514562803193457,lower_risk,-0.08715626672857305,4.317368303277781e-16,90,0.0062859210581378555,0.0006150477427993843,173.5,0.0006594603036859882,200.0,147.875,injury
85,draft_number,age_experience_draft,-0.00016398367441279317,500.0,0.4,0.5737457920011313,0.5737457920011313,higher_risk,0.11253775361746725,5.299307330794192e-26,61,0.018705846618274347,0.026719973577938927,25.0,0.00924695329689883,12.0,149.5,injury
86,lag1_late6_mean_delta_receiving_yards,lag1_trajectory,1.0466386254326388e-05,130.0,0.4,0.4965873061193412,0.5034126938806588,lower_risk,-0.005442447789895926,0.6807707664319748,376,0.026495167109744422,0.0042382360899942675,39.5,0.0022181690666149925,57.0,150.625,injury
87,is_rookie,age_experience_draft,0.009904777290565514,1.0,1.0,0.5008374869477257,0.5008374869477257,higher_risk,0.0020614712268377075,0.8952302094417207,481,0.0044487618507411675,0.007107394943745851,109.0,0.0060345169477078785,19.0,152.5,injury
88,lag3_games,lag2_4_history,4.3027595343958505e-05,68.0,0.4,0.5425798839979117,0.5425798839979117,higher_risk,0.06908423297283513,1.6945590195938293e-10,115,0.005095085896732687,0.002336478184288919,131.0,0.00045942757941308353,297.0,152.75,injury
89,lag2_receiving_yards_after_catch,lag2_4_history,-4.0848797505455005e-05,439.0,0.4,0.5931544220017838,0.5931544220017838,higher_risk,0.15531928347405824,2.3619605861569182e-48,35,0.014301514761785317,0.00605688690893317,48.0,0.0013847122954412754,91.0,153.25,injury
90,lag1_rushing_40,lag1_production,5.115416091094893e-06,158.0,0.8,0.5263109717962103,0.5263109717962103,higher_risk,0.10779559816590473,5.963874806831688e-24,164,0.017618635135362215,6.819439311394604e-05,234.0,0.0021435692613118998,59.0,153.75,injury
91,lag2_receiving_air_yards_per_target,lag2_4_history,-1.5465726901142673e-05,378.0,0.2,0.5620672355282909,0.5620672355282909,higher_risk,0.10237003740773608,1.0024278091592049e-21,77,0.011721854839398915,0.0034146682541523177,70.5,0.0013750818341950384,92.0,154.375,injury
92,lag1_rushing_tds,lag1_production,1.1645592740539002e-05,123.0,0.4,0.5484846785333595,0.5484846785333595,higher_risk,0.12357363495320366,3.7746609162552224e-31,102,0.010923241892450974,0.00028536123648152255,185.0,0.0006304093788432254,209.0,154.75,injury
93,lag1_late6_receiving_air_yards,lag1_trajectory,-6.260638990445156e-05,455.0,0.2,0.5824869749178795,0.5824869749178795,higher_risk,0.13756643749813183,2.760144406063605e-38,49,0.023433013220263366,0.0037635406312043073,48.5,0.001807249925454529,68.0,155.125,injury
94,lag1_late6_receiving_yards_after_catch,lag1_trajectory,-0.00012519174803740096,482.0,0.4,0.6297143523352695,0.6297143523352695,higher_risk,0.22078633931375172,1.2025454030571476e-96,21,0.020029222669921687,0.0039051417616782582,52.5,0.0018442849663570663,66.0,155.375,injury
95,lag4_targets,lag2_4_history,2.3967661886703516e-05,92.0,0.6,0.5332049859688051,0.5332049859688051,higher_risk,0.06330227126118716,5.4493966736962236e-09,135,0.0014344611412897557,0.0011960042932964757,232.0,0.0008123241501327974,163.0,155.5,injury
96,combine_bench,body_combine,-0.00018109094917855283,504.0,0.2,0.5828542060954122,0.5828542060954122,higher_risk,0.13643079055805774,1.0860239352114419e-37,48,0.009267653287039046,0.013646194261827655,57.0,0.007054754548175954,15.0,156.0,injury
97,lag3_receiving_yards,lag2_4_history,1.610305743060536e-06,190.0,0.8,0.5540966806434771,0.5540966806434771,higher_risk,0.09535300657898438,5.073633506565252e-19,85,0.008480355037698395,0.001757601402342814,113.5,0.0005653082486728508,237.0,156.375,injury
98,lag1_rush_first_down_rate,lag1_rates,-3.0205913502445724e-06,313.0,0.6,0.5683962629706975,0.5683962629706975,higher_risk,0.13413005426338914,1.7746537452649818e-36,70,0.008075108922807939,0.002454770914938483,103.0,0.0009641012377641223,142.0,157.0,injury
99,lag1_late6_receptions,lag1_trajectory,-0.0005270888216039494,519.0,0.2,0.6298225774434945,0.6298225774434945,higher_risk,0.2188804321121681,4.757077841890269e-95,20,0.027930666884695032,0.0015650336970430823,69.5,0.005944011939334644,20.0,157.125,injury
100,injury_lag3_injury_reported,injury_report_history,0.00038412969729297866,20.0,0.8,0.5475145274532838,0.5475145274532838,higher_risk,0.08944536211225343,7.007459567680285e-17,109,0.00023003964052659143,0.0002199067447994751,343.0,0.0007950227348337711,166.0,159.5,injury
101,lag3_receiving_20,lag2_4_history,1.1383335141124108e-05,127.0,0.4,0.5528385297700624,0.5528385297700624,higher_risk,0.10432680028761367,1.6216919437779127e-22,87,0.006827646412780108,0.0005069971714404952,177.0,0.0005397678162049885,247.0,159.5,injury
102,lag1_late6_targets,lag1_trajectory,-0.0001370943404316538,490.0,0.2,0.6301260768126347,0.6301260768126347,higher_risk,0.2158885106443239,1.4126071384277004e-92,19,0.023028018412393436,0.0014448997272085385,83.5,0.0026180368802200186,48.0,160.125,injury
103,lag3_receiving_yards_after_catch_per_reception,lag2_4_history,4.893696256689228e-05,63.0,0.6,0.5502837510061128,0.5502837510061128,higher_risk,0.08922817690085966,8.30617845418408e-17,94,0.0,0.002144305824197194,277.5,0.0006385953545181609,207.0,160.375,injury
104,lag3_receiving_40,lag2_4_history,2.8762927531156278e-05,87.0,0.6,0.5341482847136113,0.5341482847136113,higher_risk,0.08910721677377252,9.09629542008338e-17,130,0.0029404903518686076,0.000178322330214143,291.0,0.0010235076980815022,136.0,161.0,injury
105,lag2_receiving_first_down_rate,lag2_4_history,-3.489309044850675e-05,429.0,0.2,0.578737029302356,0.578737029302356,higher_risk,0.13344415968473966,3.977830060556852e-36,57,0.015451139585954898,0.0029649179380060262,65.0,0.0012834558659628526,98.0,162.25,injury
106,lag2_catch_rate,lag2_4_history,-6.633466638130691e-05,458.0,0.6,0.5797508239248188,0.5797508239248188,higher_risk,0.13225417343705262,1.6391934063449599e-35,55,0.011914466867025908,0.0044950357335730795,62.0,0.0015903584279382643,78.0,163.25,injury
107,lag1_late6_rushing_yards,lag1_trajectory,-2.6948041817087543e-05,406.0,0.4,0.5689277692575432,0.5689277692575432,higher_risk,0.13762354256421433,2.61421794873682e-38,68,0.012672935375658945,0.002465004369175101,77.5,0.0012576745963055794,102.0,163.375,injury
108,lag1_carries,lag1_production,-0.00015791337260213646,499.0,0.4,0.5839924052078573,0.5839924052078573,higher_risk,0.15004271065792796,2.9641598449187823e-45,44,0.017496011570890424,0.002345531523518381,72.0,0.002964194779135066,42.0,164.25,injury
109,lag4_receiving_yards_per_reception,lag2_4_history,1.997139299860784e-05,101.0,0.6,0.5298675466074965,0.5298675466074965,higher_risk,0.05760137293880582,1.227228469432871e-07,150,0.0044047013048031936,0.0019625365762916333,148.0,0.0005164319979397245,259.0,164.5,injury
110,lag1_rush_yards_per_carry,lag1_rates,-5.1624710918929396e-05,450.0,0.6,0.5813751182862364,0.5813751182862364,higher_risk,0.14657286000894335,2.9570194732855624e-43,52,0.006317637244031449,0.004494097339074074,96.0,0.0019722909746451253,65.0,165.75,injury
111,injury_lag5_injury_report_weeks,injury_report_history,7.982497190139881e-06,139.0,0.6,0.5225770356109553,0.5225770356109553,higher_risk,0.05225871306547165,1.7665194990803822e-06,178,0.002765022878381096,0.0003900396373164456,254.0,0.0012433578316096972,103.0,168.5,injury
112,lag1_late6_mean_delta_rushing_yards,lag1_trajectory,2.662068756764668e-07,209.0,0.6,0.5091437979943005,0.5091437979943005,higher_risk,0.016449784153093974,0.1704217230331511,274,0.017403097010218804,0.0027694647797487262,64.5,0.0010551991489752366,129.0,169.125,injury
113,lag2_receiving_yards_after_catch_per_reception,lag2_4_history,-9.720742119276871e-05,476.0,0.4,0.5819327291217996,0.5819327291217996,higher_risk,0.13671913589371387,7.707023003470977e-38,51,0.015620972035947478,0.003900900713310819,57.0,0.001273420580446766,99.0,170.75,injury
114,lag4_receptions,lag2_4_history,2.024208341542266e-05,100.0,0.6,0.5341493724031412,0.5341493724031412,higher_risk,0.06579586533946821,1.2588359715401425e-09,129,0.0031817086672778494,0.0012073843707693151,194.0,0.0004991729879998499,266.0,172.25,injury
115,lag1_receiving_tds,lag1_production,-4.541888981517417e-05,447.0,0.2,0.6041664627248797,0.6041664627248797,higher_risk,0.1984466402635775,1.918840054297312e-78,28,0.01496576824188578,0.0008712510636294877,110.5,0.0011998542368654688,107.0,173.125,injury
116,combine_broad_jump,body_combine,-0.0001923878117255251,507.0,0.6,0.5704504326285106,0.5704504326285106,higher_risk,0.1092794237018145,1.3803636010246148e-24,66,0.007269741256969109,0.009426955157545516,79.0,0.0027234655763871147,45.0,174.25,injury
117,lag1_weekly_slope_receiving_first_downs,lag1_trajectory,-2.7477733617997656e-06,311.0,0.6,0.49423466765646407,0.5057653323435359,lower_risk,-0.009448189015389368,0.471554242969418,323,0.025240698493615543,0.0031544439630831426,50.0,0.007719817862072804,14.0,174.5,injury
118,injury_lag5_injury_reported,injury_report_history,0.00019846313153570883,33.0,1.0,0.5217104529683048,0.5217104529683048,higher_risk,0.05049035175330084,4.012394618008233e-06,183,0.0030232904766882562,0.00011856326164926569,313.0,0.0007591479539604358,175.0,176.0,injury
119,lag4_offense_snaps,lag2_4_history,0.0001442040027731295,39.0,0.6,0.5202030172507559,0.5202030172507559,higher_risk,0.042969604941542464,8.092162687527812e-05,191,0.0,0.0018939629681207996,281.5,0.0006256611106761495,213.0,181.125,injury
120,lag1_history_available,history_availability,0.002487710491943984,6.0,1.0,0.49953518267745656,0.5004648173225434,lower_risk,-0.0011488483582566477,0.9360763559661054,495,0.003243692027286471,0.004756522201517472,144.0,0.0015395875437691948,80.0,181.25,injury
121,combine_forty,body_combine,-0.0002584294655500807,515.0,0.2,0.5294508595466509,0.5294508595466509,higher_risk,0.04431326139351267,4.851430841259818e-05,152,0.012061056159303973,0.018421709657662703,40.5,0.00530590122039516,22.0,182.375,injury
122,lag2_receiving_yards_per_target,lag2_4_history,-0.00014316029786791694,492.0,0.4,0.5852892710304771,0.5852892710304771,higher_risk,0.1415210700898516,1.9621440285915082e-40,42,0.011198170140301222,0.004454972528228273,67.5,0.0010421129826812022,132.0,183.375,injury
123,lag1_rush_20_rate,lag1_rates,-1.3645714553311983e-05,371.0,0.4,0.5493248847049097,0.5493248847049097,higher_risk,0.13195705428267443,2.306809640453725e-35,98,0.011098614826518194,0.001580582643041759,103.0,0.0008129009073215632,162.0,183.5,injury
124,lag1_weekly_slope_rushing_first_downs,lag1_trajectory,1.5041047616315417e-05,113.0,0.4,0.506212542691814,0.506212542691814,higher_risk,0.012332166869181387,0.3225324017665607,321,0.009136297381029834,0.0011217371907307522,124.0,0.000749501337961969,180.0,184.5,injury
125,missing_years_exp,metadata_missingness,1.9274635821808773e-05,104.0,0.4,0.4805455850681981,0.5194544149318019,lower_risk,-0.09660101762374278,1.721180666256953e-19,196,0.013760172507003343,0.00017423991068704,198.0,0.000560739092305036,240.0,184.5,injury
126,injury_lag1_reserve_weeks,reserve_history_roster,-3.452181135721322e-05,426.0,0.6,0.5215344851965454,0.5215344851965454,higher_risk,0.05419938586654477,6.979701915597147e-07,185,0.009134734117857146,0.0050695280561816125,73.0,0.0022868279663015036,55.0,184.75,injury
127,lag3_receiving_yards_after_catch,lag2_4_history,-3.724037114538614e-05,435.0,0.2,0.5563620660118775,0.5563620660118775,higher_risk,0.09990090954918121,9.4022028830877e-21,82,0.005099161647627248,0.0018631734761758712,138.5,0.0013997942479471264,87.0,185.625,injury
128,lag4_receiving_40,lag2_4_history,3.15865428875739e-05,78.0,0.6,0.5239727112293067,0.5239727112293067,higher_risk,0.06798319001016617,3.3666043429315284e-10,172,0.0037371952123770313,0.00010045209600435826,309.5,0.0006762382937044895,190.0,187.375,injury
129,lag4_receiving_yards_after_catch,lag2_4_history,3.587860721743219e-06,171.0,0.6,0.5346365553416432,0.5346365553416432,higher_risk,0.06703869132106569,5.923704182865979e-10,125,0.0010436800160160686,0.001226387399793015,236.0,0.0006058735357372753,219.0,187.75,injury
130,lag1_rushing_yards,lag1_production,-0.00014770023964958413,495.0,0.2,0.5829011806869847,0.5829011806869847,higher_risk,0.14928523518467593,7.956613096478022e-45,47,0.014049914940621466,0.003330526927958238,64.5,0.0009334341095510643,146.0,188.125,injury
131,lag1_rushing_12,lag1_production,-0.0001361375262482145,488.0,0.2,0.5629070338162675,0.5629070338162675,higher_risk,0.1374907587380206,2.983859558081863e-38,75,0.007484993527008932,0.0007409390583755843,154.0,0.003676371154533043,36.0,188.25,injury
132,lag1_rushing_20,lag1_production,-3.113685599014371e-05,419.0,0.6,0.5508207297309056,0.5508207297309056,higher_risk,0.13598422895089723,1.8618949381179086e-37,93,0.006658477505414151,0.0006504758995871023,167.5,0.0016537244265008885,76.0,188.875,injury
133,lag2_receiving_16,lag2_4_history,-5.39670510814938e-05,452.0,0.2,0.5849839361852552,0.5849839361852552,higher_risk,0.15171090956668362,3.0586188701141478e-46,43,0.007594481044220114,0.0010241018903301717,139.0,0.0011003665550948845,123.0,189.25,injury
134,lag1_carries_per_game,lag1_per_game,-0.00015447004274977695,496.0,0.4,0.5805109829450281,0.5805109829450281,higher_risk,0.14380898707665782,1.0374535998175141e-41,54,0.013896859587971377,0.0024332773387047354,76.0,0.0010331597013246408,134.0,190.0,injury
135,lag2_rush_yards_per_carry,lag2_4_history,-4.711419503684588e-05,448.0,0.4,0.5480910708847269,0.5480910708847269,higher_risk,0.09088888091372026,2.1723571547857582e-17,105,0.008652640194283467,0.0032156652183822415,89.5,0.0011211414261556528,119.0,190.375,injury
136,lag2_games,lag2_4_history,-0.00017586349988181206,502.0,0.4,0.5824699117883791,0.5824699117883791,higher_risk,0.128027559072387,2.349012684388824e-33,50,0.007815835182183317,0.005848412726117275,81.5,0.001047166543985829,130.0,190.875,injury
137,lag1_fg_made_30_39,lag1_production,1.3562933662858434e-05,118.0,0.6,0.4891665443015945,0.5108334556984055,lower_risk,-0.048688564094736375,8.71758210753988e-06,240,0.0008546505603819199,0.0009772560276752082,250.0,0.0008424904620100678,156.0,191.0,injury
138,lag2_carries,lag2_4_history,5.469152586234927e-06,154.0,0.8,0.5510287843437967,0.5510287843437967,higher_risk,0.09572502161071697,3.694995740383995e-19,91,0.0,0.0012416639690267634,296.5,0.0005854749727481698,230.0,192.875,injury
139,missing_height,metadata_missingness,5.6653703284670344e-06,150.0,0.4,0.48018664752333096,0.519813352476669,lower_risk,-0.09751578632857515,7.840226299755787e-20,193,0.014193319218427813,0.0003717814471668675,154.0,0.00048284692900980413,278.0,193.75,injury
140,lag1_fumbles_total,lag1_production,-2.6558347765770485e-05,404.0,0.4,0.5700118218255781,0.5700118218255781,higher_risk,0.13857960803656652,8.117976417299655e-39,67,0.008405586098353623,0.0007171233288530526,147.5,0.0008271641197942312,158.0,194.125,injury
141,lag1_share_carries_prior_team,lag1_usage_share,-0.0002229365585975085,511.0,0.6,0.5838788436228763,0.5838788436228763,higher_risk,0.14982405255597064,3.904213493335586e-45,45,0.009823220928785847,0.004436306735053889,73.5,0.0009070491254952826,148.0,194.375,injury
142,lag4_receiving_tds,lag2_4_history,8.050500069738398e-05,51.0,1.0,0.5304008543801259,0.5304008543801259,higher_risk,0.06990451650662224,1.012809249443945e-10,148,0.0,0.00035398730368325785,352.5,0.0005903658036384223,226.0,194.375,injury
143,lag1_weekly_slope_rushing_yards,lag1_trajectory,-3.915729634185184e-06,324.0,0.4,0.5097039581021993,0.5097039581021993,higher_risk,0.017543266436553608,0.14011980982956046,263,0.008203080553093045,0.002481555787888557,101.5,0.0013412427180251483,96.0,196.125,injury
144,lag2_rushing_fumbles_lost,lag2_4_history,0.00014347567350854186,40.0,1.0,0.5181814102982445,0.5181814102982445,higher_risk,0.06351320611690403,4.9050940447213115e-09,200,0.005558141101762004,0.0007823406700239612,165.0,0.0003523574080206762,380.0,196.25,injury
145,lag1_rushing_first_downs,lag1_production,-0.0001285852987226166,484.0,0.6,0.5739016035262894,0.5739016035262894,higher_risk,0.14494646849216164,2.3651560302235295e-42,60,0.012404420119402904,0.0016854393803405476,95.0,0.0008207934105508212,159.0,199.5,injury
146,lag2_rush_20_rate,lag2_4_history,-1.3880071493654888e-05,372.0,0.4,0.5366213168113294,0.5366213168113294,higher_risk,0.10117848072758015,3.0161860829497837e-21,121,0.007821299278623517,0.0006696761012709026,158.0,0.000869076462408539,154.0,201.25,injury
147,lag2_rushing_yards,lag2_4_history,-2.4832525437790132e-05,400.0,0.4,0.5484460995453458,0.5484460995453458,higher_risk,0.09153248347619523,1.3002720059829162e-17,103,0.003993611708618339,0.0014978430020757617,167.5,0.0009533006362450482,143.0,203.375,injury
148,lag4_receiving_20,lag2_4_history,1.9152444878867136e-05,105.0,0.6,0.5336626653288086,0.5336626653288086,higher_risk,0.07286964597802727,1.4880056697604448e-11,132,0.00021091438492426562,0.0005088737217589164,295.5,0.0004765131693139618,282.0,203.625,injury
149,lag1_fg_made_20_29,lag1_production,1.513628303584369e-07,212.0,0.6,0.48893490042202364,0.5110650995779764,lower_risk,-0.04980171186503283,5.395522856683201e-06,235,0.0,0.0007190354689866335,318.0,0.0022548803452949098,56.0,205.25,injury
150,lag2_completion_rate,lag2_4_history,2.1492078293317007e-05,98.0,0.8,0.5042395418651701,0.5042395418651701,higher_risk,0.014013069866937117,0.25279954517774117,349,0.0028962819737108347,0.0007746986542237854,217.0,0.0008347752637463068,157.0,205.25,injury
151,lag2_receiving_40,lag2_4_history,-2.715837647593311e-05,407.0,0.4,0.5478398146033197,0.5478398146033197,higher_risk,0.11919061753857918,4.7026177721245423e-29,108,0.0035754799432354822,0.00046940263208450887,225.0,0.00153536477270032,81.0,205.25,injury
152,lag1_late6_mean_delta_receiving_20,lag1_trajectory,-4.015412322710965e-05,438.0,0.4,0.4889466610650656,0.5110533389349343,lower_risk,-0.01980197291910444,0.09128239492103236,236,0.03206369752660976,0.0013096102862757615,69.5,0.0014133719485692625,85.0,207.125,injury
153,lag4_carries,lag2_4_history,5.353532540564032e-06,156.0,0.8,0.5203026088233376,0.5203026088233376,higher_risk,0.04415997418598065,5.097218376267891e-05,189,0.0033242367638495196,0.0004266480082994104,234.0,0.0005214487239316732,254.0,208.25,injury
154,lag4_rushing_20,lag2_4_history,4.406682358593094e-06,166.0,0.6,0.5159898858469839,0.5159898858469839,higher_risk,0.05173974551726137,2.2309161802516284e-06,211,0.0013593155906859167,1.732930827488044e-05,398.5,0.0020946704152899343,61.0,209.125,injury
155,lag1_weekly_slope_receiving_yards,lag1_trajectory,-4.794482893313301e-05,449.0,0.2,0.48942286513737515,0.5105771348626249,lower_risk,-0.016880651048589188,0.15777881670275162,244,0.0204821234087027,0.004817187203597449,45.0,0.0012247050147308552,105.0,210.75,injury
156,lag2_passing_air_yards_per_attempt,lag2_4_history,3.097740372577373e-05,83.0,0.6,0.5033100431812744,0.5033100431812744,higher_risk,0.010399109084569452,0.4163997788928416,381,0.0060292102263335146,0.0006698609572963615,169.0,0.0006297432640137574,210.0,210.75,injury
157,lag3_receiving_air_yards,lag2_4_history,-7.519112622444979e-05,465.0,0.6,0.5352838665731254,0.5352838665731254,higher_risk,0.06183024668473029,1.2535855597607209e-08,123,0.009352331128986258,0.002364565378899525,95.5,0.0008205436569590143,160.0,210.875,injury
158,lag3_fumbles_lost_total,lag2_4_history,2.6493407245786747e-05,90.0,0.8,0.5202316370815115,0.5202316370815115,higher_risk,0.04983259558997029,5.370387044085797e-06,190,0.008912522250655641,0.0003315965677809766,181.0,0.00034948769128202684,384.0,211.25,injury
159,lag2_passing_16,lag2_4_history,1.4830494858486532e-05,114.0,0.8,0.5035100081032869,0.5035100081032869,higher_risk,0.012289357172795686,0.32390244996478035,372,0.002469407475387264,0.00012490358700352076,324.0,0.0035182429891635904,37.0,211.75,injury
160,lag2_kickoff_returns,lag2_4_history,3.74333951941086e-05,73.0,1.0,0.5134902053557833,0.5134902053557833,higher_risk,0.03570772423423033,0.001153911479029302,218,0.0018234422221961033,0.0008908182607972524,234.0,0.00041174557094287076,325.0,212.5,injury
161,lag2_passing_yards_after_catch_per_completion,lag2_4_history,4.637616218916563e-06,165.0,0.6,0.5035848887293611,0.5035848887293611,higher_risk,0.012080978604007827,0.3338695884678264,369,0.0038908179914556307,0.0007739753451565582,197.0,0.0011111858060610475,121.0,213.0,injury
162,lag3_rushing_tds,lag2_4_history,1.35471045249691e-05,119.0,0.8,0.525926915421262,0.525926915421262,higher_risk,0.07381469648998663,8.01137888628026e-12,167,0.0,0.0003211929961737978,358.5,0.000626918847427649,212.0,214.125,injury
163,height,body_combine,-0.0005586581288964832,521.0,0.4,0.5139044111248885,0.5139044111248885,higher_risk,0.02044668725107617,0.07996146614307972,217,0.005812235911459407,0.011721206426534346,83.5,0.003323438227768361,40.0,215.375,injury
164,lag1_weekly_slope_rushing_20,lag1_trajectory,1.1549994318094114e-05,124.0,0.6,0.5021950934325307,0.5021950934325307,higher_risk,0.005972614059333341,0.6674407523644968,408,0.011230513735003278,0.00045017656769118686,154.0,0.0007574431849729432,177.0,215.75,injury
165,lag3_receiving_fumbles,lag2_4_history,6.759717777942154e-05,55.0,1.0,0.5172339647371054,0.5172339647371054,higher_risk,0.054995563614914235,4.718301893590147e-07,207,0.0,0.000150886256576595,404.0,0.0006517829692344802,204.0,217.5,injury
166,lag1_late6_mean_delta_rushing_20,lag1_trajectory,-6.42763634317589e-08,273.0,0.4,0.4914768308534012,0.5085231691465988,lower_risk,-0.022802789399398338,0.04707774202704387,303,0.00835744705657504,0.00038590785839892286,179.0,0.0011141565918956855,120.0,218.75,injury
167,lag3_fumbles_total,lag2_4_history,5.343574955674058e-06,157.0,0.6,0.5292868563597206,0.5292868563597206,higher_risk,0.06322456797893772,5.668614175056304e-09,153,0.002867092870978194,0.00030209677624324537,266.5,0.00045747105918826446,300.0,219.125,injury
168,lag3_receiving_10,lag2_4_history,-9.711495587283458e-06,354.0,0.6,0.5536905645652506,0.5536905645652506,higher_risk,0.09774359777648345,6.518464275591456e-20,86,0.005748469005910639,0.000797258341889942,162.5,0.0004882300236184563,274.0,219.125,injury
169,lag1_late6_mean_delta_receiving_yards_after_catch,lag1_trajectory,-7.10075553474132e-05,463.0,0.2,0.49278063069677397,0.5072193693032261,lower_risk,-0.01156716751208337,0.3597140422990883,310,0.028643964320459236,0.004312027128248057,33.5,0.0017457408385606664,72.0,219.625,injury
170,injury_lag2_injury_reported,injury_report_history,-2.1694486209833387e-05,394.0,0.4,0.5669835582131436,0.5669835582131436,higher_risk,0.11983124164340422,2.3651546784629378e-29,74,0.010298598836825157,0.000494371105122503,156.0,0.0005095616944899679,262.0,221.5,injury
171,lag1_fg_made,lag1_production,6.027677673838827e-05,58.0,0.6,0.48829955377537027,0.5117004462246297,lower_risk,-0.05169696064845655,2.2662886856351897e-06,231,0.002489809398964926,0.0006605905477907247,234.5,0.00036304788184008015,365.0,222.125,injury
172,lag1_late6_rushing_20,lag1_trajectory,-3.4342968562972585e-06,319.0,0.4,0.5332174943983989,0.5332174943983989,higher_risk,0.11037724563825614,4.631299341338756e-25,134,0.005135852762584658,0.00014874777977207066,261.5,0.0007618710274799212,174.0,222.125,injury
173,lag1_late6_carries,lag1_trajectory,-0.00019925159139155824,509.0,0.4,0.5681819541430094,0.5681819541430094,higher_risk,0.13496707624842802,6.447242356050286e-37,71,0.007414010724386522,0.0017511813728323584,123.5,0.0007132048779041162,186.0,222.375,injury
174,lag4_receiving_first_downs,lag2_4_history,-2.754729779210763e-05,410.0,0.4,0.5341648719789422,0.5341648719789422,higher_risk,0.06755335342565874,4.352399393279268e-10,128,0.007312769237571626,0.0007781475537924915,153.5,0.000659029759270881,201.0,223.125,injury
175,lag1_late6_mean_delta_rushing_first_downs,lag1_trajectory,6.554324699559188e-06,147.0,0.4,0.49844657540951515,0.5015534245904849,lower_risk,-0.00304751695515685,0.8318962575209694,442,0.006607804960283126,0.0012138948998085687,140.0,0.0008065139427807211,164.0,223.25,injury
176,missing_combine_forty,metadata_missingness,-5.258779377048661e-05,451.0,0.4,0.4397696341556266,0.5602303658443735,lower_risk,-0.10502597134738396,8.574364179985256e-23,78,0.008322462403021369,0.0011597032701340887,129.5,0.0005667821647973312,236.0,223.625,injury
177,lag1_late6_rushing_first_downs,lag1_trajectory,-2.1312775659865224e-05,391.0,0.2,0.5595544007918379,0.5595544007918379,higher_risk,0.13225233283830282,1.6391934063449599e-35,79,0.004094732041153293,0.00042088645902435746,220.5,0.0006508129501117139,205.0,223.875,injury
178,lag1_weekly_slope_punt_return_yards,lag1_trajectory,3.5795336583932525e-06,172.0,0.2,0.4948591374078184,0.5051408625921816,lower_risk,-0.01783703681428502,0.13288292546031327,336,0.00863283213942978,0.0008644886164396235,137.5,0.00052553260612107,251.0,224.125,injury
179,lag1_fumbles_lost_total,lag1_production,-2.8332057752411542e-05,411.0,0.4,0.5494022126324262,0.5494022126324262,higher_risk,0.11225702424389884,6.98673038505009e-26,97,0.00868242032520472,0.0002942957859629242,192.5,0.0006611769540819084,199.0,224.875,injury
180,lag4_receiving_air_yards,lag2_4_history,-8.903081048421413e-05,469.0,0.2,0.5238915084078402,0.5238915084078402,higher_risk,0.04578240781823674,2.7391875235428013e-05,173,0.005156178630019159,0.001331400581132488,148.0,0.0011415346885971828,114.0,226.0,injury
181,lag3_receiving_tds,lag2_4_history,-3.279292253017818e-05,424.0,0.2,0.5442393923078597,0.5442393923078597,higher_risk,0.0927973134694636,4.534791519640032e-18,114,0.0060478779058978915,0.000809596325344644,158.5,0.000636395660147805,208.0,226.125,injury
182,lag1_weekly_slope_targets,lag1_trajectory,-1.9677749229174424e-05,388.0,0.4,0.5034775133785812,0.5034775133785812,higher_risk,0.0055040375207770055,0.6790864729411936,374,0.022268250456220162,0.004536663358045662,44.5,0.0012729968792641925,100.0,226.625,injury
183,lag3_receiving_16,lag2_4_history,-5.924452407612968e-06,338.0,0.2,0.5544223416867889,0.5544223416867889,higher_risk,0.1033969774602716,3.845883602244445e-22,83,0.0053022720100441845,0.0005739249072637331,187.0,0.0004479854110119819,305.0,228.25,injury
184,lag1_weekly_slope_kickoff_return_yards,lag1_trajectory,-2.3723718055368436e-06,303.0,0.4,0.5042600380147491,0.5042600380147491,higher_risk,0.010818639700063911,0.39554703110018263,347,0.007829677176670824,0.0015101058361587283,124.0,0.0009798924739295267,140.0,228.5,injury
185,combine_cone,body_combine,-0.00037595062221378316,518.0,0.0,0.5216780602144924,0.5216780602144924,higher_risk,0.03531577715266278,0.0013176226426313683,184,0.0018741657050411753,0.009274380492258372,164.5,0.0024670225785386577,51.0,229.375,injury
186,injury_lag4_injury_reported,injury_report_history,0.00024808077858846645,26.0,0.4,0.5283112668319955,0.5283112668319955,higher_risk,0.05750880895153953,1.282611025255466e-07,156,0.0018117330867353232,0.00018995263918524617,316.0,0.0003216387845160145,423.0,230.25,injury
187,lag2_roster_weeks,lag2_4_history,-0.0005513542590240839,520.0,0.0,0.542225841055929,0.542225841055929,higher_risk,0.06489913785296753,2.156651741562319e-09,117,0.005417499874935228,0.006335211481777277,96.5,0.0006867666198085791,188.0,230.375,injury
188,lag1_weekly_slope_passing_20,lag1_trajectory,1.420140517520707e-05,116.0,0.2,0.5049666963062063,0.5049666963062063,higher_risk,0.01717687318078682,0.14977680160072068,337,0.0,0.0006065034703817728,331.0,0.0009966676899223373,138.0,230.5,injury
189,lag3_history_available,history_availability,0.00015785658510503175,37.0,0.4,0.5199163430790315,0.5199163430790315,higher_risk,0.0336796348987719,0.002254700132833193,192,0.0,0.000634161823370226,328.0,0.0003546709122564275,374.0,232.75,injury
190,lag3_receiving_air_yards_per_target,lag2_4_history,-0.00012152250258681274,479.0,0.2,0.5316668910026322,0.5316668910026322,higher_risk,0.055491965074978604,3.668210315130773e-07,138,0.0019792353307019894,0.0028185083775599043,188.5,0.0010405688566167831,133.0,234.625,injury
191,lag4_catch_rate,lag2_4_history,-0.0002646151912808037,516.0,0.4,0.530101569807914,0.530101569807914,higher_risk,0.05799694497618304,1.0023579652396058e-07,149,0.003430069345449205,0.0026014750427639267,157.0,0.0010950170269396764,124.0,236.5,injury
192,lag4_rush_20_rate,lag2_4_history,-1.5592948592324518e-06,291.0,0.2,0.5155438991494268,0.5155438991494268,higher_risk,0.05029388307499928,4.383349170543625e-06,213,0.0009029913136555656,0.0004759854856983924,282.5,0.0008022145568772288,165.0,237.875,injury
193,lag1_weekly_slope_receiving_20,lag1_trajectory,-8.238238385793739e-05,466.0,0.6,0.49310805923557177,0.5068919407644282,lower_risk,-0.012497130565359319,0.3149683505732194,313,0.02364609228472636,0.0015529706854853025,79.5,0.0012119991051983494,106.0,241.125,injury
194,lag4_pat_make_rate,lag2_4_history,7.877427232294565e-07,202.0,0.2,0.4911570501316104,0.5088429498683896,lower_risk,-0.04666784819584585,2.028979003555056e-05,282,0.003846465828081236,6.66324098666696e-05,319.5,0.0008185372116044304,161.0,241.125,injury
195,lag3_kickoff_return_yards,lag2_4_history,3.0233903795862104e-06,179.0,0.4,0.5064114879048923,0.5064114879048923,higher_risk,0.01873849740548881,0.11242323627103049,319,0.0011547856612881269,0.001088917850559602,239.0,0.0005897324715576676,228.0,241.25,injury
196,lag1_weekly_slope_carries,lag1_trajectory,-3.082831930645291e-05,418.0,0.0,0.5085705516217452,0.5085705516217452,higher_risk,0.015439173689062217,0.20069710859201145,302,0.009748572594819205,0.002015893570470384,99.0,0.0008975652660862664,149.0,242.0,injury
197,lag4_fg_missed_distance,lag2_4_history,-7.0896845090206995e-06,341.0,0.0,0.4913677559877308,0.5086322440122693,lower_risk,-0.046218920059306175,2.3487368722178245e-05,300,0.003953455094397373,0.00017398304490907687,272.0,0.00213423341894908,60.0,243.25,injury
198,lag2_receiving_fumbles,lag2_4_history,-4.1511549360606637e-05,441.0,0.4,0.5243506493506492,0.5243506493506492,higher_risk,0.0737592558340743,8.258377337048947e-12,171,0.004108468384152797,0.00029436260060778844,241.0,0.001090651787231022,126.0,244.75,injury
199,injury_lag5_designation_count,injury_report_history,-1.0467408345804507e-05,356.0,0.2,0.5224432837890753,0.5224432837890753,higher_risk,0.0519473471275388,2.0473991436275617e-06,180,0.004555168539780663,0.000405373253023369,210.0,0.0005755148650222629,234.0,245.0,injury
200,lag1_weekly_slope_receiving_air_yards,lag1_trajectory,-1.8541601436883326e-05,383.0,0.4,0.49974925357306027,0.5002507464269397,lower_risk,-0.0003972073125101834,0.9867666971770007,509,0.021653395351375337,0.006331195733684708,40.0,0.0026059504276308557,49.0,245.25,injury
201,lag3_targets,lag2_4_history,-3.701622303291519e-05,433.0,0.2,0.5573958469294525,0.5573958469294525,higher_risk,0.100145693393907,7.587346692996225e-21,80,0.0,0.0013029262425473067,295.0,0.0007575747436758525,176.0,246.0,injury
202,lag4_receiving_20_rate,lag2_4_history,-1.760043708323167e-05,381.0,0.6,0.5320541764558724,0.5320541764558724,higher_risk,0.06938213364498497,1.4092950937895206e-10,137,0.0021548166363851706,0.0010692141379654355,220.0,0.000547439878801114,246.0,246.0,injury
203,lag1_late6_mean_delta_carries,lag1_trajectory,-2.030115051061543e-05,390.0,0.2,0.5059355897452631,0.5059355897452631,higher_risk,0.010604893463313043,0.40714381074158773,322,0.01231646469297809,0.0021641778737505287,86.0,0.0006747279266330626,191.0,247.25,injury
204,injury_lag3_reserve_weeks,reserve_history_roster,1.9562441479248348e-05,102.0,0.4,0.5030717372033328,0.5030717372033328,higher_risk,0.011034793625287122,0.38515546414233437,387,0.004931886169427191,0.00023508072800009522,238.5,0.0005048243190972997,264.0,247.875,injury
205,lag2_rushing_20,lag2_4_history,-3.3105194503302295e-05,425.0,0.4,0.5374950374165198,0.5374950374165198,higher_risk,0.10360706308198576,3.1851555630678695e-22,118,0.008864145869459161,0.00015633787069997102,226.0,0.0005950016347512863,223.0,248.0,injury
206,lag1_gwfg_made,lag1_production,4.6800470717789365e-05,64.0,0.8,0.49676667292088145,0.5032333270791185,lower_risk,-0.021574660138265023,0.06269875763537827,384,0.0073398741613601715,0.00014160568604629564,247.0,0.0004587977587235827,298.0,248.25,injury
207,lag1_late6_mean_delta_receiving_air_yards,lag1_trajectory,-3.175047653467544e-05,420.0,0.4,0.4995535034479758,0.5004464965520242,lower_risk,-0.0007068783802144589,0.9666040978756302,496,0.02918375996555067,0.005608706860283806,25.5,0.0023439967501973913,53.0,248.625,injury
208,lag2_rushing_40,lag2_4_history,3.417285273887849e-06,176.0,0.2,0.5167679917444364,0.5167679917444364,higher_risk,0.07047213934352789,7.050299728029734e-11,208,0.002374950054047531,3.5927249841426576e-05,367.0,0.0005241397519041972,252.0,250.75,injury
209,lag1_late6_mean_delta_receptions,lag1_trajectory,-5.982354311140359e-05,453.0,0.6,0.4987366146207226,0.5012633853792774,lower_risk,-0.0020161193972362736,0.8955435220981213,459,0.0244320577985091,0.0033618222526133733,49.0,0.0026777013809313258,46.0,251.75,injury
210,lag3_fg_missed_40_49,lag2_4_history,8.467113730370457e-07,200.0,0.4,0.49344469914507605,0.506555300854924,lower_risk,-0.03634334649322872,0.000932227577687594,317,0.0,9.970313347184251e-05,426.0,0.0018433842169439446,67.0,252.5,injury
211,lag1_fg_made_40_49,lag1_production,5.498579759399824e-06,153.0,0.6,0.48919509615175444,0.5108049038482456,lower_risk,-0.04870131705185709,8.707760742669915e-06,241,0.0032858278219807247,0.00012533736572771983,304.5,0.00043604704546812027,312.0,252.625,injury
212,lag2_fg_made_30_39,lag2_4_history,1.5811831621648232e-05,112.0,0.2,0.4902682378341926,0.5097317621658074,lower_risk,-0.04637062187641718,2.2539295256826216e-05,262,0.000965529409674204,0.00030546454251606433,305.0,0.0003941465003642527,334.0,253.25,injury
213,lag1_kickoff_returns,lag1_production,-2.4116954567388048e-06,305.0,0.2,0.5296618373251539,0.5296618373251539,higher_risk,0.07360960170081426,9.07768222281203e-12,151,0.0004378738108794522,0.0008392879029140075,265.5,0.00046318546935986875,292.0,253.375,injury
214,lag3_receiving_first_downs,lag2_4_history,-3.453298802698068e-05,427.0,0.2,0.55412859753312,0.55412859753312,higher_risk,0.0976077869755517,7.290286389459568e-20,84,0.002375661700352527,0.0006368303401454043,240.0,0.0005035725505629886,265.0,254.0,injury
215,lag4_receiving_fumbles,lag2_4_history,6.934355747389987e-08,215.0,0.4,0.5124299459962148,0.5124299459962148,higher_risk,0.04300155107761307,8.01585091434212e-05,222,0.0,0.00023012669585337862,381.5,0.0006624444729290864,198.0,254.125,injury
216,missing_combine_shuttle,metadata_missingness,-0.00019134913773490858,506.0,0.2,0.4633569973786682,0.5366430026213318,lower_risk,-0.06245044475475892,8.807126958137261e-09,120,0.004106349049747493,0.0007139224786760133,195.5,0.0006627010391391291,197.0,254.625,injury
217,injury_lag2_reserve_weeks,reserve_history_roster,2.274100850683247e-05,95.0,0.4,0.5019589968239465,0.5019589968239465,higher_risk,0.005824889724510347,0.6734347818802455,420,0.0006634367399311891,0.0008942535395127293,256.0,0.0005380425027351594,248.0,254.75,injury
218,lag1_fg_missed_40_49,lag1_production,1.1500147323628696e-05,125.0,0.6,0.4908498118297113,0.5091501881702887,lower_risk,-0.04559260301633874,2.9392050354218858e-05,273,0.003622468926431921,3.627704166641401e-05,338.0,0.00047333770125580776,283.0,254.75,injury
219,injury_lag4_absence_report_weeks,injury_report_history,-4.488128556290327e-06,329.0,0.2,0.517810202255868,0.517810202255868,higher_risk,0.05460754354896386,5.728794884250028e-07,202,0.0,0.00015497954442198313,402.0,0.001398109021752936,88.0,255.25,injury
220,lag4_receiving_air_yards_per_target,lag2_4_history,-0.00015551362295349592,497.0,0.2,0.5218197657660597,0.5218197657660597,higher_risk,0.04181239891595868,0.0001276047279569106,182,0.002371504415487724,0.002033143508037508,192.5,0.0008897247919168079,150.0,255.375,injury
221,lag3_kickoff_returns,lag2_4_history,1.5909500203248328e-05,110.0,0.8,0.5068396976766952,0.5068396976766952,higher_risk,0.019562382122119124,0.09584034064989663,314,0.0,0.000821940583867825,312.0,0.00047011666718315223,287.0,255.75,injury
222,lag1_late6_mean_delta_kickoff_return_yards,lag1_trajectory,4.962330938607096e-06,161.0,0.6,0.4980108537818965,0.5019891462181034,lower_risk,-0.00500810202079249,0.704549840074341,416,0.0,0.0011565732021213047,299.5,0.0009218429875752076,147.0,255.875,injury
223,lag2_rushing_fumbles,lag2_4_history,-3.5514572080064255e-05,430.0,0.4,0.5250456149796602,0.5250456149796602,higher_risk,0.07270303584840919,1.6526731194084844e-11,169,0.00251080355773059,0.0006635053341442856,232.0,0.0006696003866839068,194.0,256.25,injury
224,lag2_missed_field_goal_mean_distance,lag2_4_history,1.3662187941188009e-05,117.0,0.6,0.49051473547390634,0.5094852645260937,lower_risk,-0.045420016514049186,3.1421787526495855e-05,268,0.0038266609385657624,0.0005346834199205713,217.5,0.0003208404848475975,424.0,256.625,injury
225,lag2_passing_tds,lag2_4_history,4.6878543141115616e-06,164.0,0.4,0.5041091210924753,0.5041091210924753,higher_risk,0.015299532046477759,0.20530342577565333,354,0.0032763908046162804,0.00032503035747500085,250.0,0.0004955378045716646,267.0,258.75,injury
226,lag3_rushing_yards,lag2_4_history,-0.00015651755269765477,498.0,0.0,0.5292418192151233,0.5292418192151233,higher_risk,0.05884423334350541,6.346029478049477e-08,154,0.004122636426171056,0.00124723947114762,170.5,0.0005865588520443288,229.0,262.875,injury
227,lag1_fg_att,lag1_production,2.408407264102852e-05,91.0,0.4,0.48807413012029843,0.5119258698797016,lower_risk,-0.05247412989725593,1.6054606068630185e-06,227,0.004201182699333117,0.000166674963580118,269.0,0.0002917519067742273,467.0,263.5,injury
228,lag4_completion_rate,lag2_4_history,5.933922264154123e-05,59.0,0.6,0.49850782592616755,0.5014921740738325,lower_risk,-0.0055934022521913485,0.6790864729411936,444,0.0,0.0006152165067178331,329.0,0.0005980532254208498,222.0,263.5,injury
229,lag4_punt_returns,lag2_4_history,2.5401341190667282e-06,184.0,0.2,0.5070527488633644,0.5070527488633644,higher_risk,0.031161702854371708,0.005022712647577486,311,0.0020368113857207604,0.00010967047895419575,339.5,0.0006052653213075379,220.0,263.625,injury
230,missing_weight,metadata_missingness,-1.5171883598030788e-05,377.0,0.0,0.48025843503230436,0.5197415649676956,lower_risk,-0.09733343746407895,9.14012359972798e-20,194,0.008569226412518116,0.0001590628785319687,228.0,0.0005187042810918857,256.0,263.75,injury
231,lag1_punt_returns,lag1_production,-2.715986255548142e-05,408.0,0.2,0.5142870738976267,0.5142870738976267,higher_risk,0.04818396986281966,1.0783101166668111e-05,216,0.006181492385992193,0.00024884092399275255,222.0,0.0006273745566339286,211.0,264.25,injury
232,lag2_rushing_12,lag2_4_history,-0.00014347377005161644,493.0,0.0,0.5464777893797994,0.5464777893797994,higher_risk,0.10554416865149109,5.260479572797741e-23,111,0.004884389903449193,0.00038817431495939805,209.0,0.0005484405386196785,245.0,264.5,injury
233,lag1_late6_mean_delta_punt_return_yards,lag1_trajectory,0.0,244.0,0.0,0.4946959499880354,0.5053040500119645,lower_risk,-0.018328762003109584,0.12129722185612353,331,0.00023497110579828728,0.0004464008256699206,300.0,0.0007172055441631619,185.0,265.0,injury
234,injury_lag5_absence_reported,injury_report_history,3.138807310310021e-05,81.0,0.4,0.5102192170266918,0.5102192170266918,higher_risk,0.03647785558370788,0.0008947330836060112,251,0.004153774334314075,4.211293388928799e-05,322.0,0.00032552149143921674,410.0,266.0,injury
235,lag1_pass_td_rate,lag1_rates,7.312691766503399e-06,143.0,0.6,0.5051570759642368,0.5051570759642368,higher_risk,0.018493426803868142,0.1175981748224315,335,0.0021507352412806213,0.00031791184565779643,278.5,0.00043834086412018335,311.0,266.875,injury
236,lag1_fg_missed_distance,lag1_production,-1.2669919451369084e-07,276.0,0.4,0.4889475448128087,0.5110524551871913,lower_risk,-0.04988965390362076,5.271845967174974e-06,237,0.0,0.00043853731967645075,342.5,0.000624833442307036,214.0,267.375,injury
237,position_K,position,-0.0007993292518183148,522.0,0.4,0.48119150269747,0.51880849730253,lower_risk,-0.07216978279655861,2.3462091116158554e-11,198,0.003943324783396651,0.00021174760970129214,265.5,0.0014419795857029205,84.0,267.375,injury
238,lag2_pat_missed,lag2_4_history,2.87670739082202e-05,86.0,0.4,0.497380911592595,0.502619088407405,lower_risk,-0.01771299302640052,0.13584645278219581,397,0.0,0.0001381270493961647,409.5,0.0007560140500073047,178.0,267.625,injury
239,lag2_kickoff_return_yards,lag2_4_history,-1.2041684500929684e-05,362.0,0.2,0.5129024111357653,0.5129024111357653,higher_risk,0.03468412432818925,0.0016305766674599162,219,0.0,0.0017947658034919115,284.0,0.0006443519671308512,206.0,267.75,injury
240,lag1_fg_made_distance,lag1_production,5.391799568799094e-06,155.0,0.6,0.48827698421762483,0.5117230157823751,lower_risk,-0.05179666333299539,2.1811095739510978e-06,230,0.001803686721562059,0.00029447958427659347,293.0,0.0003412059464349135,394.0,268.0,injury
241,lag3_carries,lag2_4_history,-8.98958171180464e-05,471.0,0.2,0.5307071069633884,0.5307071069633884,higher_risk,0.06130214445589983,1.6665903193145516e-08,144,0.004576432377448647,0.0008755850195781711,172.0,0.00047192546954866584,285.0,268.0,injury
242,lag2_fg_made_0_19,lag2_4_history,-2.7328222853117977e-06,310.0,0.2,0.4953040364158455,0.5046959635841546,lower_risk,-0.044131725381154424,5.1394531712497995e-05,339,0.003913708491659396,1.8523487706794612e-05,343.0,0.0014128627110963857,86.0,269.5,injury
243,lag3_rush_first_down_rate,lag2_4_history,-0.0002115337583355803,510.0,0.0,0.5247754261023734,0.5247754261023734,higher_risk,0.05432914613320968,6.569017134743095e-07,170,0.005748447910582488,0.0009200798381474984,156.5,0.0005367221110980688,249.0,271.375,injury
244,lag1_pat_missed,lag1_production,5.011347121719467e-06,159.0,0.2,0.49658761203202156,0.5034123879679784,lower_risk,-0.02019458349137703,0.08428914643756479,377,0.003951309387451474,0.0004486725992079404,219.5,0.0003999546086813273,331.0,271.625,injury
245,lag1_late6_mean_delta_passing_20,lag1_trajectory,1.7825370609036996e-05,107.0,0.6,0.5014837784702735,0.5014837784702735,higher_risk,0.0050784812455703454,0.70073699151795,446,0.004373745699699061,0.00042569441991422205,212.5,0.00041068568691880633,326.0,272.875,injury
246,lag1_late6_kickoff_return_yards,lag1_trajectory,-5.114716206611192e-06,331.0,0.4,0.518160098381518,0.518160098381518,higher_risk,0.057090230304660906,1.5964513310504506e-07,201,0.0,0.0013941331785379105,292.0,0.0004921651684560474,269.0,273.25,injury
247,injury_lag3_absence_reported,injury_report_history,-7.086670051763555e-05,462.0,0.4,0.5227020859165961,0.5227020859165961,higher_risk,0.06165434919895624,1.3701949104855168e-08,177,0.001310906968137182,0.0003015314492806855,300.0,0.0008690627123248125,155.0,273.5,injury
248,lag1_receiving_fumbles_lost,lag1_production,-3.537602669689832e-07,279.0,0.4,0.5258323884030544,0.5258323884030544,higher_risk,0.09349830213615153,2.5117718691202992e-18,168,0.0024858986635618585,0.00010296378871469274,334.5,0.0004283083699375497,314.0,273.875,injury
249,lag2_fumbles_lost_total,lag2_4_history,-8.449296802572892e-05,467.0,0.4,0.5368706356457612,0.5368706356457612,higher_risk,0.08676595808034464,5.853192907051128e-16,119,0.0028926007884129135,0.0007104943328251208,222.5,0.0004626950280324168,293.0,275.375,injury
250,lag4_kickoff_return_yards,lag2_4_history,-1.6336232848690457e-06,294.0,0.0,0.5057399076007745,0.5057399076007745,higher_risk,0.018520802707215282,0.11727268138945246,324,0.0008382331962621947,0.0006828540443610804,267.0,0.0006102750928829788,218.0,275.75,injury
251,lag2_pass_td_rate,lag2_4_history,9.1082836659373e-06,134.0,0.4,0.5042248580565163,0.5042248580565163,higher_risk,0.015730410473021404,0.19217115617906538,350,0.00019933392585613774,0.0003554891494984536,312.5,0.00044300331578249583,308.0,276.125,injury
252,lag4_punt_return_yards,lag2_4_history,0.0,244.0,0.0,0.5052077215079729,0.5052077215079729,higher_risk,0.023680655305069177,0.038106272135212914,334,0.0,0.0001025497216779488,424.5,0.0012258352343265794,104.0,276.625,injury
253,missing_combine_cone,metadata_missingness,-0.0001438346438539906,494.0,0.4,0.4688630857208118,0.5311369142791882,lower_risk,-0.05327176681879997,1.085295708604134e-06,142,0.004626655712389294,0.0006770189790729088,185.0,0.0004668426591013204,289.0,277.5,injury
254,lag2_fg_missed_50_59,lag2_4_history,-8.980802270031064e-06,352.0,0.0,0.4934991176118688,0.5065008823881312,lower_risk,-0.036798458152288736,0.0008034848913583675,318,0.004172212461428515,8.203640973726714e-05,305.5,0.0009970828988775115,137.0,278.125,injury
255,injury_lag4_absence_reported,injury_report_history,-9.691369292408325e-06,353.0,0.2,0.5174297828427853,0.5174297828427853,higher_risk,0.053500097714108893,9.782388925187118e-07,204,0.0020285285207459758,0.00017253175900465537,317.0,0.0005630553436720758,239.0,278.25,injury
256,lag1_late6_fg_made,lag1_trajectory,1.5905194919074717e-05,111.0,0.8,0.4901609304640084,0.5098390695359916,lower_risk,-0.0454895241465935,3.061231002498839e-05,261,0.0024998822208557314,0.0002809035495228012,279.5,0.00029303696990933914,464.0,278.875,injury
257,lag1_pat_att,lag1_production,4.842205100641373e-06,162.0,0.6,0.4877737918488546,0.5122262081511454,lower_risk,-0.053574197135281075,9.475669278044285e-07,224,0.000647861037875952,0.0001662694486858354,346.5,0.0003503739354609552,383.0,278.875,injury
258,lag1_gwfg_distance,lag1_production,1.2170414438417155e-05,121.0,0.2,0.4959415924318562,0.5040584075681438,lower_risk,-0.025444786174139686,0.02467026457267365,357,0.0,0.0006152466840290801,328.5,0.00044103968770711495,310.0,279.125,injury
259,lag1_pat_make_rate,lag1_rates,-0.00017095376620761548,501.0,0.6,0.4877395296286627,0.5122604703713374,lower_risk,-0.05379888126388084,8.506108683751934e-07,223,0.0,0.0012667653113442182,295.5,0.0013334378982225027,97.0,279.125,injury
260,lag4_receiving_16,lag2_4_history,-1.3621795849871887e-05,370.0,0.4,0.5346277858448085,0.5346277858448085,higher_risk,0.07203942371967784,2.5410789002632844e-11,126,0.0,0.0005947995547868431,332.5,0.000469132493099448,288.0,279.125,injury
261,lag4_pat_made,lag2_4_history,1.5617872933137988e-06,192.0,0.4,0.4912070838499858,0.5087929161500142,lower_risk,-0.04640267446315349,2.231947671202988e-05,286,0.004797732495592566,9.762627131248754e-05,289.0,0.0003833180381429474,351.0,279.5,injury
262,lag2_pass_yards_per_attempt,lag2_4_history,6.953973499945753e-06,145.0,0.2,0.5042458300702647,0.5042458300702647,higher_risk,0.014044064742061504,0.2521276796314638,348,0.004477415257185591,0.0006148383125713395,195.0,0.00031570447088614685,432.0,280.0,injury
263,lag3_rushing_10,lag2_4_history,-0.000135884466262004,487.0,0.4,0.5305019755161087,0.5305019755161087,higher_risk,0.07125506392019293,4.2460658128352174e-11,147,0.004382959871947367,0.00032158232747091394,226.0,0.0005090753783823707,263.0,280.75,injury
264,lag1_pat_made,lag1_production,-2.6103179356407046e-05,402.0,0.4,0.4878379655311187,0.5121620344688813,lower_risk,-0.05336609196798218,1.0407703927266393e-06,225,0.004633088114400774,0.00039901394620682034,209.0,0.0004664393405182851,290.0,281.5,injury
265,lag2_rushing_10,lag2_4_history,-0.00017636797440219177,503.0,0.2,0.5478423978659532,0.5478423978659532,higher_risk,0.10492332539457219,9.358144344359638e-23,107,0.0015510816536123961,0.0004472140249180287,273.0,0.0005515506856680799,244.0,281.75,injury
266,lag4_made_field_goal_mean_distance,lag2_4_history,-3.5408923828805784e-06,322.0,0.2,0.4912982798190084,0.5087017201809916,lower_risk,-0.046015218333435456,2.5050388895711562e-05,296,0.0053980639464179525,0.0009999365576852074,156.5,0.0003792254501594486,353.0,281.875,injury
267,lag4_fg_made_40_49,lag2_4_history,3.253548416681795e-06,178.0,0.4,0.491265547162218,0.508734452837782,lower_risk,-0.04657110838224879,2.0992064712884538e-05,292,0.005035340556465151,9.012212408503503e-05,287.5,0.0003553956747554763,373.0,282.625,injury
268,lag3_fg_missed_50_59,lag2_4_history,1.6462939953321153e-05,109.0,0.4,0.49247465003589375,0.5075253499641063,lower_risk,-0.04430638651111532,4.851430841259818e-05,309,0.0030004722303740294,0.0002586659459928324,274.0,0.00030981186532774214,439.0,282.75,injury
269,lag4_receiving_first_down_rate,lag2_4_history,-0.00024966470793290617,513.0,0.2,0.5306244425591158,0.5306244425591158,higher_risk,0.060552304276752976,2.506685119530512e-08,145,9.737270861975844e-05,0.0019900423947533737,242.5,0.0005687701607673037,235.0,283.875,injury
270,lag4_passing_yards_after_catch_per_completion,lag2_4_history,1.2104998887174645e-05,122.0,0.6,0.4980372642432944,0.5019627357567056,lower_risk,-0.007482038824560369,0.584103736314782,419,0.002731062349170088,0.0003670214562093099,257.5,0.0003916044631396451,340.0,284.625,injury
271,lag1_pass_yards_per_attempt,lag1_rates,4.163871047180301e-06,168.0,0.4,0.5019817023428833,0.5019817023428833,higher_risk,0.006213842341617333,0.659373883384129,418,0.0014006190793618423,0.0006626255777004987,258.5,0.0004596544214089015,296.0,285.125,injury
272,lag1_gwfg_att,lag1_production,1.9459455585102424e-05,103.0,0.4,0.49595359100698294,0.504046408993017,lower_risk,-0.025370178617268074,0.025080366600540683,358,0.002896282316732446,5.3788273740732624e-05,345.0,0.00039384614981238423,335.0,285.25,injury
273,lag2_interception_rate,lag2_4_history,7.695153223963302e-06,141.0,0.6,0.5016468299288651,0.5016468299288651,higher_risk,0.006197245080830754,0.659373883384129,437,0.0,0.0004463465927658372,342.0,0.0005993869770434437,221.0,285.25,injury
274,lag3_fg_made_distance,lag2_4_history,-2.409329477748301e-06,304.0,0.0,0.49097224488242075,0.5090277551175793,lower_risk,-0.04474053354952887,4.1249012602699555e-05,279,0.008225332078446002,0.00021737540590338278,216.0,0.0003896894667132036,343.0,285.5,injury
275,lag1_weekly_slope_passing_yards,lag1_trajectory,1.436719831549027e-07,213.0,0.4,0.5022167112619375,0.5022167112619375,higher_risk,0.006995975269037761,0.6070499718265344,407,0.0023484656997614373,0.00032740701854421325,271.5,0.0005223819852373713,253.0,286.125,injury
276,lag4_rushing_fumbles,lag2_4_history,3.518007111069643e-06,173.0,0.4,0.512865735604429,0.512865735604429,higher_risk,0.04166200023594247,0.0001340858915135365,220,0.004145245597733993,0.00014815701842620666,281.0,0.000282492899011618,482.0,289.0,injury
277,lag4_history_available,history_availability,-0.0001984811771163164,508.0,0.4,0.5107483779829884,0.5107483779829884,higher_risk,0.018819750189445893,0.11091644125555655,243,0.0014089016617688799,0.0006352591540617345,261.5,0.0009464126020875476,144.0,289.125,injury
278,lag3_rushing_12,lag2_4_history,-3.4871075032305576e-05,428.0,0.2,0.5278085843176924,0.5278085843176924,higher_risk,0.06726920021308559,5.164903328330613e-10,157,0.0,0.0005992783565472428,331.5,0.0005519234540139447,243.0,289.875,injury
279,lag1_late6_punt_return_yards,lag1_trajectory,1.0484029283897023e-05,129.0,0.4,0.5083709605930083,0.5083709605930083,higher_risk,0.034372930521615774,0.001805854195775723,305,0.0,0.00030582060684625965,361.5,0.00036100950849800203,366.0,290.375,injury
280,lag4_completions,lag2_4_history,1.4436194712530437e-06,193.0,0.4,0.49842805069720897,0.501571949302791,lower_risk,-0.0058924409761922005,0.6705327140483744,441,0.0006493822803883553,0.0003374176701085388,303.5,0.0005933871147429443,225.0,290.625,injury
281,lag1_fg_missed_50_59,lag1_production,-0.00014219647105411236,491.0,0.2,0.4913141872783832,0.5086858127216167,lower_risk,-0.04640912974470092,2.231947671202988e-05,297,0.003373283720736975,7.76067747979682e-05,323.5,0.0023203932817771355,54.0,291.375,injury
282,lag4_pat_att,lag2_4_history,0.0,244.0,0.0,0.4912066759664121,0.5087933240335879,lower_risk,-0.04640482737311261,2.231947671202988e-05,285,0.002049103372091743,0.00016566558648865726,319.0,0.00041833482211290604,319.0,291.75,injury
283,lag1_rushing_fumbles_lost,lag1_production,-3.062328070786435e-05,416.0,0.2,0.5262784770715047,0.5262784770715047,higher_risk,0.08899034666847765,9.927646347201907e-17,165,0.0,0.00011921857259811162,415.5,0.0007712870003501279,171.0,291.875,injury
284,missing_combine_broad_jump,metadata_missingness,-0.0008292525493833302,523.0,0.2,0.4476791424655746,0.5523208575344254,lower_risk,-0.08851563986333219,1.4507139396778177e-16,88,0.00037452444924390704,0.0006068684781509292,287.0,0.0004920183875552261,270.0,292.0,injury
285,lag1_passing_10,lag1_production,-2.7210357510298877e-05,409.0,0.4,0.5027030784332919,0.5027030784332919,higher_risk,0.008746121594681503,0.5117013851580053,393,0.00403032512136825,0.00016395960389660398,275.0,0.0013512377567158026,95.0,293.0,injury
286,lag3_rush_20_rate,lag2_4_history,-8.612612395064722e-06,350.0,0.4,0.5261541405621181,0.5261541405621181,higher_risk,0.07681630731869477,9.981830100975812e-13,166,0.0,0.0003535353023379086,353.0,0.00044929148306962455,304.0,293.25,injury
287,injury_lag2_absence_reported,injury_report_history,-9.434671625108138e-05,473.0,0.2,0.5268838442754901,0.5268838442754901,higher_risk,0.06660711024336781,7.692525961694196e-10,162,0.004458654627180092,0.0003061627404481371,227.0,0.0004292809404741797,313.0,293.75,injury
288,lag1_interception_rate,lag1_rates,-2.7082096882402594e-06,309.0,0.2,0.5015783054884814,0.5015783054884814,higher_risk,0.005689938756267574,0.6762549843057553,440,0.0033088643304650667,0.0008313645557017083,203.0,0.0005935872986920696,224.0,294.0,injury
289,lag1_punt_return_yards,lag1_production,-1.4724207460403704e-05,374.0,0.0,0.5115585707215734,0.5115585707215734,higher_risk,0.039941987236863916,0.00025692127877108425,232,0.004328645948985521,0.00026774980081962466,243.0,0.00040916384606001755,328.0,294.25,injury
290,lag1_late6_fg_att,lag1_trajectory,1.0156330548571901e-05,131.0,0.2,0.4900668113293742,0.5099331886706258,lower_risk,-0.045854269757473365,2.665626406848956e-05,260,0.002383079302310964,0.000108140907379222,332.0,0.000295943373592718,460.0,295.75,injury
291,position_RB,position,-0.0013446646680928653,524.0,0.2,0.5212331612064652,0.5212331612064652,higher_risk,0.04117774445966625,0.00016198330838983758,186,0.0,0.0010240248050875428,303.5,0.0007655876514401981,173.0,296.625,injury
292,lag1_attempts,lag1_production,-2.6525411212996452e-05,403.0,0.2,0.5017878216841785,0.5017878216841785,higher_risk,0.005321923557828768,0.6883460752371736,427,0.006327471775997573,0.0005210695644858949,178.0,0.0007316080246727598,183.0,297.75,injury
293,lag2_passing_first_downs,lag2_4_history,2.0977493478735454e-05,99.0,0.8,0.5043518458091322,0.5043518458091322,higher_risk,0.014577147712060859,0.23105911832563197,344,0.0019511989757043935,0.00018248171369513225,314.0,0.00031366473781007135,434.0,297.75,injury
294,lag3_sack_fumbles_lost,lag2_4_history,4.542974489707419e-07,207.0,0.2,0.4988238337249016,0.5011761662750984,lower_risk,-0.005446293680273261,0.6807707664319748,461,0.0,6.873792836954589e-05,436.0,0.0013948794817221295,89.0,298.25,injury
295,lag4_rushing_yards,lag2_4_history,-1.1418728224588116e-05,359.0,0.4,0.5225433512258262,0.5225433512258262,higher_risk,0.04933568103213292,6.67908905449067e-06,179,0.00010512395723871748,0.0005991298505544667,294.0,0.00036431878504053646,362.0,298.5,injury
296,lag1_rushing_fumbles,lag1_production,-0.0002753347732563638,517.0,0.4,0.535783591931519,0.535783591931519,higher_risk,0.10032853844684572,6.479490361872309e-21,122,0.005000662714283344,0.0001049193021372155,281.5,0.0004867559104824879,276.0,299.125,injury
297,lag4_fg_made_20_29,lag2_4_history,8.665169955479612e-06,136.0,0.2,0.4912950507407165,0.5087049492592834,lower_risk,-0.04612678835531713,2.3953779809011675e-05,295,0.0038217363673997973,3.064443164681318e-05,338.5,0.0003191548896133142,428.0,299.375,injury
298,lag1_late6_mean_delta_passing_first_downs,lag1_trajectory,1.3080464134063163e-07,214.0,0.2,0.5000337523657247,0.5000337523657247,higher_risk,0.00010736996187600842,1.0,517,0.0015587099255141013,0.0001255408935671315,343.0,0.0010917861457621484,125.0,299.75,injury
299,lag2_rushing_first_downs,lag2_4_history,-6.52794885862784e-05,457.0,0.2,0.5470798595248971,0.5470798595248971,higher_risk,0.09683579785968176,1.410486112310768e-19,110,0.0,0.00039427756865507367,348.0,0.0004721717032725936,284.0,299.75,injury
300,lag2_receiving_fumbles_lost,lag2_4_history,-4.867675138564565e-06,330.0,0.2,0.5161289401553221,0.5161289401553221,higher_risk,0.06059687171634929,2.4591170917962004e-08,210,0.004381467691573437,7.478144182900643e-05,302.0,0.00036923864581195516,359.0,300.25,injury
301,lag3_pat_missed,lag2_4_history,0.0,244.0,0.0,0.498012723248276,0.5019872767517239,lower_risk,-0.015705370976514543,0.19218522782911698,417,0.0,2.3714184316141323e-05,459.5,0.0014693325465615758,83.0,300.875,injury
302,lag3_punt_return_yards,lag2_4_history,-1.717827540099748e-05,380.0,0.2,0.5095011379951707,0.5095011379951707,higher_risk,0.03901367643909356,0.00036091134041602984,267,0.0006360849509152722,0.00026546114741365906,325.5,0.0005756091898884203,233.0,301.375,injury
303,lag4_receiving_yards_per_target,lag2_4_history,-0.00013666071904880895,489.0,0.4,0.5305214179664558,0.5305214179664558,higher_risk,0.0588624020339778,6.319855992149315e-08,146,0.0,0.0014611965728235797,290.5,0.0004796603974505189,280.0,301.375,injury
304,lag4_rushing_fumbles_lost,lag2_4_history,-7.5895075102527795e-06,346.0,0.2,0.511234065348387,0.511234065348387,higher_risk,0.044578616000486224,4.385093850943973e-05,234,0.0019316363013714977,5.647046592862202e-05,366.5,0.0005139077315088896,260.0,301.625,injury
305,lag3_rushing_40,lag2_4_history,-7.159067316520052e-07,281.0,0.0,0.5127773268398269,0.5127773268398269,higher_risk,0.05701857316683698,1.6494301194690929e-07,221,0.0029888172620200493,3.837506270315335e-05,349.0,0.00037403886195843533,356.0,301.75,injury
306,lag1_late6_passing_yards_after_catch,lag1_trajectory,-5.733204750502097e-06,335.0,0.6,0.5041820302812766,0.5041820302812766,higher_risk,0.015076610008682436,0.21315200471729687,352,0.0,0.0004584076371027375,339.5,0.000748824233168466,181.0,301.875,injury
307,lag2_special_teams_tds,lag2_4_history,0.0,244.0,0.0,0.502694172975266,0.502694172975266,higher_risk,0.01916221691441489,0.10406764439666051,395,0.006947801303430978,0.0,319.25,0.0005276346486887047,250.0,302.0625,injury
308,lag4_rush_yards_per_carry,lag2_4_history,-0.00012464713136057793,481.0,0.2,0.5223047053449063,0.5223047053449063,higher_risk,0.04882556332453187,8.261530744904925e-06,181,0.0006330718884064446,0.0013182079465811263,245.0,0.0004528549269971174,302.0,302.25,injury
309,lag4_passing_air_yards_per_attempt,lag2_4_history,9.93405051334939e-06,132.0,0.6,0.4994263797341687,0.5005736202658313,lower_risk,-0.002046269915735093,0.8952302094417207,490,0.0,0.00027064235866124407,372.5,0.0006146703566852462,216.0,302.625,injury
310,lag3_field_goal_make_rate,lag2_4_history,7.278853154524257e-06,144.0,0.4,0.4909308446996889,0.509069155300311,lower_risk,-0.04494571044324916,3.8232621148511155e-05,276,0.0,0.0002614209008912622,375.5,0.00032309736054291735,416.0,302.875,injury
311,lag2_fg_blocked,lag2_4_history,0.0,244.0,0.0,0.49626144113424264,0.5037385588657574,lower_risk,-0.02710924022569749,0.016006165109513932,366,0.0009359862548441455,3.2584735854605365e-06,413.5,0.0006860283899052411,189.0,303.125,injury
312,lag2_fg_made_40_49,lag2_4_history,-4.164635748660217e-06,326.5,0.2,0.49000025832626337,0.5099997416737366,lower_risk,-0.04772583425005697,1.2918726307272843e-05,259,0.009513140518255803,3.7476846757115974e-05,272.5,0.0003753291758384013,355.0,303.25,injury
313,injury_lag2_absence_report_weeks,injury_report_history,-1.93028708493026e-05,386.0,0.6,0.5274508704235464,0.5274508704235464,higher_risk,0.06780081179323504,3.7509941120807685e-10,159,0.0,0.00031024991273150265,360.5,0.00041506855775869496,322.0,306.875,injury
314,lag1_made_field_goal_mean_distance,lag1_rates,-0.00012534327050968131,483.0,0.2,0.4881538033783636,0.5118461966216363,lower_risk,-0.05234092244160683,1.7054616196538394e-06,228,0.004239412494762895,0.0006362191466100679,199.0,0.0004153713547541496,321.0,307.75,injury
315,lag1_late6_pat_att,lag1_trajectory,2.2217644606303822e-07,210.0,0.6,0.48995460935630536,0.5100453906436946,lower_risk,-0.04630132451682292,2.29389272212594e-05,257,0.004443213156609005,0.0001418606640641918,275.0,0.0002758950572312127,490.0,308.0,injury
316,lag2_gwfg_att,lag2_4_history,5.498773823275904e-06,152.0,0.6,0.49449703876525486,0.5055029612347451,lower_risk,-0.036008523240877825,0.0010455751151510115,327,0.0032744929863475214,0.0,372.25,0.00035110446563298,382.0,308.3125,injury
317,lag3_fg_made_30_39,lag2_4_history,-3.486886859738192e-06,321.0,0.4,0.49075684836520256,0.5092431516347975,lower_risk,-0.04630636518619761,2.29389272212594e-05,271,0.0032495105233962818,4.3885321908655396e-05,340.5,0.00045023248825877814,303.0,308.875,injury
318,injury_lag5_absence_report_weeks,injury_report_history,7.159067316742096e-07,203.5,0.2,0.5102658857055842,0.5102658857055842,higher_risk,0.03662371745970547,0.0008523358596539501,249,0.0010003386037649165,2.8729527416522737e-05,397.0,0.00034794344628922956,387.0,309.125,injury
319,injury_lag3_absence_report_weeks,injury_report_history,-3.5989948682679794e-05,431.0,0.2,0.522755586645348,0.522755586645348,higher_risk,0.061677765940573816,1.360211897453132e-08,176,0.0,0.0005006543904264923,336.5,0.0004624635249046796,295.0,309.625,injury
320,lag4_games,lag2_4_history,-0.0002518650292679281,514.0,0.4,0.5209495461615437,0.5209495461615437,higher_risk,0.03640348323066714,0.0009155771805591904,187,0.0,0.0019162984449949416,281.0,0.0005166312310230807,258.0,310.0,injury
321,lag1_weekly_slope_pat_att,lag1_trajectory,-3.448729016963803e-06,320.0,0.4,0.5003672311775327,0.5003672311775327,higher_risk,0.0016203085214711085,0.915783213904181,501,0.005946863224173704,0.0003273692743975749,204.0,0.0006121069805465208,217.0,310.5,injury
322,lag4_pass_yards_per_attempt,lag2_4_history,-2.030361442906248e-06,299.0,0.6,0.4987074849355,0.5012925150645,lower_risk,-0.004849690294823981,0.7120157660655869,457,0.0,0.00028001855453508814,371.0,0.0011323520145516664,117.0,311.0,injury
323,lag3_receiving_fumbles_lost,lag2_4_history,2.5326523449997753e-06,185.0,0.4,0.5107974259827275,0.5107974259827275,higher_risk,0.04271095674073528,8.964979155504052e-05,242,4.486176772289241e-05,2.489343092184799e-05,422.0,0.0003370084532266493,397.0,311.5,injury
324,lag1_passing_16,lag1_production,-1.4705402694881187e-05,373.0,0.4,0.5031184398725229,0.5031184398725229,higher_risk,0.010422212358490238,0.41603800365644694,386,0.0,0.00014899067214622184,405.5,0.0015278990752084036,82.0,311.625,injury
325,lag3_rushing_first_downs,lag2_4_history,-8.97771491746413e-05,470.0,0.2,0.527426329428528,0.527426329428528,higher_risk,0.06014549839292077,3.1336462403234136e-08,160,0.0006732164465845791,0.00040284892426472143,294.5,0.00040993930669102474,327.0,312.875,injury
326,lag1_field_goal_make_rate,lag1_rates,-4.107625433640294e-05,440.0,0.4,0.48827157976027313,0.5117284202397269,lower_risk,-0.051820546279123074,2.167055370325282e-06,229,0.0,0.0006449210349992107,326.0,0.0005173723140351373,257.0,313.0,injury
327,lag1_weekly_slope_passing_air_yards,lag1_trajectory,3.386845492103774e-06,177.0,0.2,0.5004978558920141,0.5004978558920141,higher_risk,0.0015009204105809186,0.9214768587739522,493,0.006269760231258914,0.00034288462808816764,198.5,0.000348027622613923,385.0,313.375,injury
328,lag1_completions,lag1_production,-3.0080839584822882e-05,414.0,0.4,0.5017652181361353,0.5017652181361353,higher_risk,0.005531491976743825,0.6790864729411936,429,0.0023874455765975355,0.00031923020538135937,271.5,0.000979741829374695,141.0,313.875,injury
329,lag3_fg_made,lag2_4_history,6.319393535236806e-06,148.0,0.2,0.4909591586177641,0.5090408413822358,lower_risk,-0.04480540085212263,4.043755823746709e-05,277,0.0,2.707785526221632e-05,457.5,0.0003544473657083672,376.0,314.625,injury
330,lag4_roster_weeks,lag2_4_history,-6.515865308673874e-05,456.0,0.4,0.514315353825404,0.514315353825404,higher_risk,0.02437590481166035,0.03210700058309714,215,0.0,0.0023544058770753147,273.5,0.00042731818336817323,315.0,314.875,injury
331,lag1_passing_yards_after_catch_per_completion,lag1_rates,1.0360762938033119e-06,197.0,0.4,0.500867568361287,0.500867568361287,higher_risk,0.0027672120583912595,0.8522536191565584,478,0.0,0.000796534498727541,313.5,0.0004870279307678517,275.0,315.875,injury
332,lag2_attempts,lag2_4_history,6.251303230131455e-06,149.0,0.4,0.5036732974939632,0.5036732974939632,higher_risk,0.011481260037993157,0.3635477294879059,368,0.003942702684795574,0.00012426391285222138,294.0,0.00029973473142950373,453.0,316.0,injury
333,lag1_late6_mean_delta_pat_att,lag1_trajectory,2.1454319460545433e-06,189.0,0.4,0.49834072962213655,0.5016592703778635,lower_risk,-0.007300829545110159,0.5931676953406599,436,0.001850255283111224,0.0003982810464215584,273.0,0.00035925220252821843,367.0,316.25,injury
334,lag2_pat_att,lag2_4_history,2.3479948489946167e-06,187.0,0.2,0.4896010762687899,0.5103989237312101,lower_risk,-0.04883499616899244,8.261530744904925e-06,247,0.002495370326286217,8.255261695079022e-05,341.5,0.00026754197750003647,492.0,316.875,injury
335,lag3_rushing_fumbles,lag2_4_history,-1.9539971472859462e-06,297.0,0.6,0.5161923660510345,0.5161923660510345,higher_risk,0.04885325134691246,8.235396320059278e-06,209,0.0030061500544174002,6.611931792600728e-05,336.5,0.0003194619965387649,427.0,317.375,injury
336,lag1_late6_mean_delta_attempts,lag1_trajectory,2.863626926719043e-06,182.0,0.2,0.5013562468728926,0.5013562468728926,higher_risk,0.00403949506242415,0.7629777372180355,449,0.0,0.0003154973087592271,360.0,0.0004771853578108656,281.0,318.0,injury
337,lag1_passing_yards,lag1_production,2.1782142897097678e-05,97.0,0.6,0.5018544086775871,0.5018544086775871,higher_risk,0.0058146992882702215,0.6734347818802455,425,0.0022135974181951568,0.00041074865757645515,262.0,0.00027672973209108814,489.0,318.25,injury
338,lag4_rushing_10,lag2_4_history,-6.557502929549486e-07,280.0,0.4,0.5174120738976267,0.5174120738976267,higher_risk,0.04422135924123637,5.0046285720800374e-05,205,0.0,0.00010680308032308475,420.0,0.0003591234294811929,368.0,318.25,injury
339,lag1_completion_rate,lag1_rates,-4.31673093610474e-05,443.0,0.2,0.5018950270834693,0.5018950270834693,higher_risk,0.0059382538400608005,0.6685527431463688,422,0.00353100771245618,0.0006968070340782977,208.0,0.0006561227344388126,202.0,318.75,injury
340,lag4_rushing_first_downs,lag2_4_history,-7.2238998398699295e-06,342.0,0.4,0.5185723327133503,0.5185723327133503,higher_risk,0.04436913851161482,4.7739796328094616e-05,199,0.0,0.00023255245958970236,380.0,0.0003713622684451441,358.0,319.75,injury
341,lag4_rush_first_down_rate,lag2_4_history,-6.784981230669728e-05,460.0,0.6,0.5174550716243557,0.5174550716243557,higher_risk,0.041698644607930616,0.0001326039484557783,203,0.0,0.0007712831016453288,316.0,0.00045399809404517844,301.0,320.0,injury
342,lag4_fumbles_total,lag2_4_history,-2.4587671219067354e-05,399.0,0.4,0.5203400661315234,0.5203400661315234,higher_risk,0.04727530000801957,1.561319758980484e-05,188,0.0,0.0003855067638183704,350.0,0.0003868579906640392,345.0,320.5,injury
343,lag2_fg_made_50_59,lag2_4_history,-4.164635748660217e-06,326.5,0.2,0.49059532647001236,0.5094046735299876,lower_risk,-0.04764038687152729,1.3367103091706356e-05,269,0.0018020944050771703,0.00011493327296685265,345.5,0.00038983590328645155,342.0,320.75,injury
344,lag2_made_field_goal_mean_distance,lag2_4_history,-1.3823234463750111e-06,290.0,0.2,0.4898451945876569,0.510154805412343,lower_risk,-0.0479176220761783,1.195121214108024e-05,255,0.003624075998608589,0.00018766234600057225,274.5,0.0002923227878349183,465.0,321.125,injury
345,lag4_special_teams_tds,lag2_4_history,0.0,244.0,0.0,0.5027323780700037,0.5027323780700037,higher_risk,0.020133580159533756,0.08517401080826932,391,0.0028441159155119244,1.8571297341383624e-05,365.5,0.00047064945566256385,286.0,321.625,injury
346,lag2_punt_returns,lag2_4_history,-1.046824706707472e-05,357.0,0.4,0.5120236259762013,0.5120236259762013,higher_risk,0.04354048621821803,6.437422687841527e-05,226,0.0,0.00019731912344457715,387.5,0.0004251152813723759,317.0,321.875,injury
347,lag3_punt_returns,lag2_4_history,1.5920193607854571e-07,211.0,0.4,0.5101055534708173,0.5101055534708173,higher_risk,0.040184717879894784,0.00023475925513326528,256,0.0,0.0001484403207755335,406.5,0.00032312654712573813,415.0,322.125,injury
348,lag2_punt_return_yards,lag2_4_history,-7.581800331957211e-06,345.0,0.2,0.5104363810393963,0.5104363810393963,higher_risk,0.03889497255573703,0.00037611711218205236,245,0.0018144983963712669,0.00022965419751061217,309.0,0.0003433776574838233,392.0,322.75,injury
349,lag3_fg_missed_distance,lag2_4_history,3.9241392411071276e-07,208.0,0.2,0.4912323046509604,0.5087676953490397,lower_risk,-0.044085529976006455,5.211557719840073e-05,288,0.0,0.0002736859688438261,371.5,0.00031988358448428516,426.0,323.375,injury
350,lag4_rushing_tds,lag2_4_history,-7.842720605433228e-06,348.0,0.4,0.5152462121212121,0.5152462121212121,higher_risk,0.04753473342088189,1.3956537632591277e-05,214,0.0,0.00010667740199650775,420.5,0.00042544045879882046,316.0,324.625,injury
351,lag4_fumbles_lost_total,lag2_4_history,-2.2930270790322283e-05,396.0,0.2,0.5190346007635581,0.5190346007635581,higher_risk,0.050572526371061355,3.877871220390966e-06,197,0.0003324007308087573,0.00030155703394352707,321.0,0.0003479733780605988,386.0,325.0,injury
352,lag3_fg_made_20_29,lag2_4_history,3.919965131382597e-06,169.0,0.6,0.49077282380517306,0.5092271761948269,lower_risk,-0.045892852083820386,2.631842352840116e-05,272,0.0,3.084905566149455e-05,454.5,0.0003281191886970565,407.0,325.625,injury
353,lag4_fg_made,lag2_4_history,1.4318134633484192e-06,194.5,0.2,0.49126663485174793,0.5087333651482521,lower_risk,-0.046182570620874566,2.3568614815114596e-05,293,0.0007032389621666191,5.453140383639299e-05,390.5,0.0003201804161931176,425.0,325.75,injury
354,lag4_rushing_40,lag2_4_history,-2.475884615260604e-06,307.0,0.4,0.509649437664513,0.509649437664513,higher_risk,0.04691374045790861,1.8270678550203425e-05,264,0.001631813308097474,3.6053370748659726e-06,400.0,0.0003999326982278357,332.0,325.75,injury
355,lag1_special_teams_tds,lag1_production,0.0,244.0,0.0,0.5055468766995148,0.5055468766995148,higher_risk,0.039602475400948016,0.0002906454737832978,326,0.0,0.0,479.25,0.0005192303127090307,255.0,326.0625,injury
356,lag2_fg_made_20_29,lag2_4_history,-1.1566979461363757e-06,288.0,0.4,0.4899896533533469,0.5100103466466531,lower_risk,-0.04777644325949658,1.2683522876637001e-05,258,0.0,0.000132445403770339,410.0,0.00038458821890033953,350.0,326.5,injury
357,lag3_pat_made,lag2_4_history,1.3337703743987462e-05,120.0,0.4,0.49117649258195745,0.5088235074180425,lower_risk,-0.043650578282498714,6.194404181413374e-05,283,0.0,5.714109127632362e-05,442.0,0.0002947710825695538,461.0,326.5,injury
358,lag3_pat_make_rate,lag2_4_history,3.0072989097851277e-06,180.0,0.4,0.49115531662642214,0.5088446833735778,lower_risk,-0.0437563708075214,5.948750714898057e-05,281,0.0,0.0001550551311909536,401.5,0.000305359030057467,444.0,326.625,injury
359,lag2_gwfg_distance,lag2_4_history,8.71549781722436e-07,198.0,0.4,0.49451501963279604,0.5054849803672039,lower_risk,-0.03589017723865002,0.0010862788048588013,328,0.0,7.384401627898495e-05,434.0,0.00038532424015668776,347.0,326.75,injury
360,lag4_fg_made_30_39,lag2_4_history,0.0,244.0,0.0,0.49132472427070417,0.5086752757292958,lower_risk,-0.04635216002688033,2.2626034745967188e-05,298,0.0,2.3787643709848416e-05,459.0,0.00044361095469252636,307.0,327.0,injury
361,lag1_passing_interceptions,lag1_production,-8.203012013430211e-06,349.0,0.0,0.5021612051056146,0.5021612051056146,higher_risk,0.007791378560765899,0.564602241533516,411,0.0018187861901108882,0.0003349104079635622,282.0,0.0004945531291863047,268.0,327.5,injury
362,lag1_weekly_slope_attempts,lag1_trajectory,1.4318134633484192e-06,194.5,0.2,0.502705219822054,0.502705219822054,higher_risk,0.00811298259013535,0.5471289284843943,392,0.0009227534648053037,0.00021570892503197585,329.5,0.00033759068547651504,396.0,328.0,injury
363,lag2_fg_made_distance,lag2_4_history,4.826245443156907e-06,163.0,0.4,0.48980957275555265,0.5101904272444473,lower_risk,-0.04808571118636994,1.112872026236617e-05,253,0.0,0.00011768431293796583,416.5,0.0002833858643195605,480.0,328.125,injury
364,lag1_fg_made_50_59,lag1_production,7.355878199466481e-06,142.0,0.2,0.49148855750614545,0.5085114424938546,lower_risk,-0.04116871178586604,0.00016199696575960786,304,0.0028210077699277747,6.148518409197595e-06,373.0,0.0002646133189861606,495.0,328.5,injury
365,lag3_rushing_20,lag2_4_history,-2.8485425783442154e-05,412.0,0.4,0.5267480190454437,0.5267480190454437,higher_risk,0.07856823270267072,2.883191821086258e-13,163,0.0029143019683681715,7.002835943288363e-05,336.5,0.0003314635065078862,405.0,329.125,injury
366,lag3_passing_air_yards_per_attempt,lag2_4_history,-7.501551463318101e-05,464.0,0.4,0.49744634291587814,0.5025536570841218,lower_risk,-0.00844065439830401,0.5281759350781153,399,0.0,0.00029590985850267836,364.5,0.001385413679593104,90.0,329.375,injury
367,lag3_made_field_goal_mean_distance,lag2_4_history,-1.340328434531468e-05,369.0,0.2,0.4909959361199939,0.5090040638800061,lower_risk,-0.04462312258017679,4.319623030073981e-05,280,0.002837626231202428,0.0001720221179500531,299.5,0.0003564017282545495,372.0,330.125,injury
368,lag1_late6_passing_air_yards,lag1_trajectory,2.746609025687796e-05,89.0,0.6,0.5033889006721922,0.5033889006721922,higher_risk,0.011446710859018733,0.364544207884896,378,0.0,0.00021676669856215549,385.0,0.00029087445515765624,469.0,330.25,injury
369,lag3_passing_10,lag2_4_history,-6.159816474375912e-05,454.0,0.0,0.49820572015923775,0.5017942798407622,lower_risk,-0.006417466929837106,0.6456969431381236,426,0.0012870475226653966,7.21226017284841e-05,372.0,0.0017752517440322337,70.0,330.5,injury
370,lag4_kickoff_returns,lag2_4_history,-3.383522246669379e-06,317.0,0.0,0.5066410923665949,0.5066410923665949,higher_risk,0.020892193095973146,0.07303461183615632,316,0.0,0.00023021550991100055,381.0,0.0004424334933175425,309.0,330.75,injury
371,lag1_passing_yards_after_catch,lag1_production,-5.7122552878263734e-06,333.0,0.2,0.5012711691574757,0.5012711691574757,higher_risk,0.004054544551037191,0.7629777372180355,458,0.004641677996841231,0.0002452081968762614,238.5,0.00046264607306276465,294.0,330.875,injury
372,lag3_attempts,lag2_4_history,-9.247893331945089e-05,472.0,0.2,0.49701755530901265,0.5029824446909874,lower_risk,-0.009801089378911835,0.4511915069693283,388,0.0041118792516821046,6.651221887661052e-05,313.0,0.0008851045490174062,151.0,331.0,injury
373,lag4_missed_field_goal_mean_distance,lag2_4_history,-9.17716553239245e-07,286.0,0.2,0.49135412587830923,0.5086458741216908,lower_risk,-0.046291899320827175,2.29389272212594e-05,299,0.002516434482117358,9.867910804214228e-05,335.0,0.00033195561734122175,404.0,331.0,injury
374,lag3_passing_yards_after_catch_per_completion,lag2_4_history,-2.144977151183891e-05,392.0,0.2,0.49771496823946576,0.5022850317605343,lower_risk,-0.00808849231391396,0.5475499255917201,405,0.0,0.0002236276421450741,383.5,0.0009338048261295959,145.0,331.375,injury
375,lag1_late6_passing_yards,lag1_trajectory,-1.0795518400397164e-05,358.0,0.4,0.5041696918031716,0.5041696918031716,higher_risk,0.014747188824082885,0.22543799925674762,353,0.0008379403712077682,0.0008977782766929857,253.0,0.00036359317367162455,364.0,332.0,injury
376,lag4_passing_yards_after_catch,lag2_4_history,5.64417289259378e-06,151.0,0.4,0.49812329368705005,0.5018767063129499,lower_risk,-0.007154090617749819,0.5996682853936453,423,0.0018696752230864533,0.00033631610212646714,280.0,0.0002867595138150805,476.0,332.5,injury
377,lag4_fg_made_50_59,lag2_4_history,-7.159067316742096e-07,282.0,0.0,0.49296910689812706,0.507030893101873,lower_risk,-0.04077320213239373,0.00018797664008483677,312,0.00384005898154971,4.213675862909752e-05,330.5,0.00032283675699193697,417.0,335.375,injury
378,lag2_sack_yards_lost,lag2_4_history,-1.7082732916229304e-05,379.0,0.2,0.4976787685722988,0.5023212314277012,lower_risk,-0.008569294212773783,0.5205942897055723,403,0.01056404445064052,0.00022826126947743348,200.0,0.0003684670045431841,360.0,335.5,injury
379,lag3_fg_made_0_19,lag2_4_history,0.0,244.0,0.0,0.4988364441253888,0.5011635558746113,lower_risk,-0.011084461671685315,0.3840703625066271,463,0.001751115532667491,1.6264844401858886e-05,393.0,0.0005542203419904124,242.0,335.5,injury
380,lag3_fg_made_50_59,lag2_4_history,-7.18359915552469e-08,274.5,0.2,0.4923889265048184,0.5076110734951815,lower_risk,-0.04083735061046281,0.00018394665253108195,308,0.0,0.00010527725822669888,422.5,0.0003919344086778839,339.0,336.0,injury
381,lag3_rushing_fumbles_lost,lag2_4_history,-1.7721605535458983e-05,382.0,0.4,0.5114389248732842,0.5114389248732842,higher_risk,0.04200065293523567,0.00011873551080495983,233,0.0,0.00014004243668025158,409.0,0.00041184116380267783,324.0,337.0,injury
382,lag1_fg_missed,lag1_production,-3.467743072471663e-07,278.0,0.4,0.48894917634710355,0.5110508236528964,lower_risk,-0.04988256465827649,5.271845967174974e-06,238,0.0010313883074810626,0.00012800952883771068,351.0,0.0002817826358473264,484.0,337.75,injury
383,lag4_fg_made_60_,lag2_4_history,0.0,244.0,0.0,0.49928212491026563,0.5007178750897343,lower_risk,-0.018287510508293345,0.12199498749175341,485,0.004318356439398929,0.0,349.25,0.0004898013363065501,273.0,337.8125,injury
384,lag1_passing_air_yards_per_attempt,lag1_rates,-0.00012976769795287614,485.0,0.2,0.5004143077399986,0.5004143077399986,higher_risk,0.001240362524822579,0.9308121153329287,498,0.0,0.0013192384727304695,293.5,0.001680337532519481,75.0,337.875,injury
385,lag4_receiving_fumbles_lost,lag2_4_history,3.4467758802003702e-06,175.0,0.6,0.5091063066958167,0.5091063066958167,higher_risk,0.039532517877111005,0.0002974775112567793,275,0.0,5.8222731530592055e-05,441.5,0.00029428468113810633,462.0,338.375,injury
386,lag3_fg_att,lag2_4_history,-2.0870899224867402e-06,302.0,0.2,0.4909648689877961,0.5090351310122039,lower_risk,-0.04477709915973418,4.076919367770738e-05,278,0.0022265939769732235,2.835076790810548e-05,372.0,0.0003338322271727744,402.0,338.5,injury
387,lag1_share_attempts_prior_team,lag1_usage_share,-2.1680173951921233e-05,393.0,0.4,0.5017783044007919,0.5017783044007919,higher_risk,0.005293542884986161,0.6890022212286315,428,0.007482102388068235,0.0008726735565873358,146.5,0.0003475904521039821,389.0,339.125,injury
388,lag3_special_teams_tds,lag2_4_history,0.0,244.0,0.0,0.5008368411320673,0.5008368411320673,higher_risk,0.006044384290528452,0.6649994751240458,482,0.0,1.595735170064647e-05,465.0,0.0007849463654282869,169.0,340.0,injury
389,lag1_late6_mean_delta_fg_made,lag1_trajectory,-7.877427232294565e-07,283.0,0.0,0.5011042767952316,0.5011042767952316,higher_risk,0.004899640483443456,0.7097465541062933,468,0.002924677208540505,0.00029377866876858133,267.0,0.0003864315215496599,346.0,341.0,injury
390,lag2_passing_interceptions,lag2_4_history,1.575485446458913e-06,191.0,0.2,0.5019249385455415,0.5019249385455415,higher_risk,0.007243826252966308,0.5958958725679006,421,0.0,0.00010598037568449405,422.0,0.0003938022289115909,336.0,342.5,injury
391,lag4_sacks_suffered,lag2_4_history,1.7699150375372064e-05,108.0,0.4,0.4988807334834344,0.5011192665165656,lower_risk,-0.004542366233540727,0.7307564641468823,466,0.0011472693967604641,0.00010940367957158535,356.5,0.0003045926482836463,445.0,343.875,injury
392,lag2_fg_missed_30_39,lag2_4_history,-5.727253853349268e-06,334.0,0.0,0.4945385749091779,0.505461425090822,lower_risk,-0.038552829255337984,0.00042609073213034936,329,0.00102527473622116,2.0379309494258905e-05,400.5,0.00042168979372696604,318.0,345.375,injury
393,lag2_pat_made,lag2_4_history,-1.0196106770221647e-05,355.0,0.0,0.489658111988514,0.5103418880114861,lower_risk,-0.04864451362171692,8.854357780385842e-06,248,0.0,3.01386847756965e-05,455.5,0.0004130796473127769,323.0,345.375,injury
394,lag4_fg_made_distance,lag2_4_history,0.0,244.0,0.0,0.4912725491635668,0.5087274508364332,lower_risk,-0.04615128351291967,2.3795720329959196e-05,294,0.00037718977600231796,3.595040251642738e-05,408.5,0.0003136057313938899,435.0,345.375,injury
395,lag3_fg_blocked,lag2_4_history,0.0,244.0,0.0,0.4967373732841698,0.5032626267158302,lower_risk,-0.025198672830164914,0.0261489948161559,382,0.0,3.925250935397181e-05,450.0,0.0004436768509024958,306.0,345.5,injury
396,lag4_passing_first_downs,lag2_4_history,1.8123519833768142e-05,106.0,0.8,0.499034369629533,0.500965630370467,lower_risk,-0.003666287111558548,0.7902271609077532,472,0.0021864982064729865,0.00023585533774880417,297.0,0.0002471487630329195,510.0,346.25,injury
397,lag2_fg_made,lag2_4_history,8.475421843456843e-07,199.0,0.2,0.48980984467793515,0.5101901553220649,lower_risk,-0.04808444497751414,1.112872026236617e-05,254,0.0,6.164105159117556e-05,440.5,0.00026508458106711105,494.0,346.875,injury
398,lag4_fg_missed,lag2_4_history,5.851020903557824e-07,206.0,0.2,0.4913695574735147,0.5086304425264854,lower_risk,-0.046209414720339556,2.3487368722178245e-05,301,0.0016527394235055226,4.324730108152471e-05,377.5,0.00025273556165748487,506.0,347.625,injury
399,lag1_fg_made_0_19,lag1_production,0.0,244.0,0.0,0.4971537884226327,0.5028462115773673,lower_risk,-0.026748153443686213,0.01756553297586278,390,0.0034809598259686325,0.0,367.25,0.0003449786708491038,391.0,348.0625,injury
400,lag2_passing_yards,lag2_4_history,-1.2031335806583777e-05,361.0,0.6,0.5040767963192586,0.5040767963192586,higher_risk,0.01348494656883509,0.2732368704567579,356,0.0049676261467657135,0.00016674143991523638,254.5,0.0003222919763775798,421.0,348.125,injury
401,lag3_gwfg_distance,lag2_4_history,0.0,244.0,0.0,0.49562531271073984,0.5043746872892602,lower_risk,-0.0292874019197921,0.008764372693015221,343,0.0,0.00014269893986042283,407.5,0.0003349403473293423,399.0,348.375,injury
402,position_WR,position,-8.475614109213492e-05,468.0,0.4,0.5011686544192825,0.5011686544192825,higher_risk,0.00204299968811971,0.8952302094417207,462,0.006772237926654157,0.0018500798049668912,124.5,0.00039149918583878784,341.0,348.875,injury
403,lag3_fg_missed,lag2_4_history,1.1801566473401692e-06,196.0,0.4,0.4912332903695969,0.5087667096304032,lower_risk,-0.044080749920726144,5.211557719840073e-05,289,0.0,6.388172553830197e-05,440.0,0.00028920542726011667,472.0,349.25,injury
404,lag3_pat_att,lag2_4_history,-1.168542557872243e-06,289.0,0.2,0.4911811832430551,0.508818816756945,lower_risk,-0.04362737366459042,6.231621807537634e-05,284,0.0,4.460577786419245e-05,446.5,0.00035236662607764714,379.0,349.625,injury
405,lag3_gwfg_blocked,lag2_4_history,0.0,244.0,0.0,0.5002582242924579,0.5002582242924579,higher_risk,0.009300323936896173,0.48012155206748264,508,0.0,0.0,479.25,0.0007892534760339728,168.0,349.8125,injury
406,lag2_field_goal_make_rate,lag2_4_history,-7.456528808558183e-06,344.0,0.2,0.4897914899171181,0.5102085100828819,lower_risk,-0.048171041340230154,1.0796923521503293e-05,252,0.0,0.00018609137446541966,390.0,0.00032410610284484094,414.0,350.0,injury
407,lag3_fg_made_40_49,lag2_4_history,-4.229402808331173e-06,328.0,0.0,0.4906672159498792,0.5093327840501207,lower_risk,-0.04658581207161403,2.094771216289197e-05,270,0.0022157151450050705,8.313872602546836e-05,347.5,0.0002992439352918737,455.0,350.125,injury
408,lag4_fg_blocked,lag2_4_history,0.0,244.0,0.0,0.4961386341882573,0.5038613658117427,lower_risk,-0.031107866619738234,0.0050910580986616065,365,0.0031861047776233775,5.743386555193982e-06,364.0,0.0003154493458519649,433.0,351.5,injury
409,lag1_late6_mean_delta_passing_yards_after_catch,lag1_trajectory,0.0,244.0,0.0,0.501297137745002,0.501297137745002,higher_risk,0.004140150660256126,0.7584058969007543,456,0.0,0.00023902488331762158,378.5,0.00040428496858840564,329.0,351.875,injury
410,lag3_missed_field_goal_mean_distance,lag2_4_history,-5.853073626571614e-06,336.0,0.2,0.49121575137592727,0.5087842486240728,lower_risk,-0.0441687637916833,5.097218376267891e-05,287,0.002194924910243312,0.00019397864129739274,305.5,0.00028448081645676096,479.0,351.875,injury
411,lag2_passing_40,lag2_4_history,-4.124906279834306e-06,325.0,0.4,0.5040210182405533,0.5040210182405533,higher_risk,0.016133237267642445,0.1794316219286619,360,0.00018353612912935802,0.00015945416456790974,360.5,0.0003578362273178308,370.0,353.875,injury
412,lag3_fg_missed_30_39,lag2_4_history,0.0,244.0,0.0,0.495708384998586,0.5042916150014141,lower_risk,-0.03175246420359896,0.004189587807977166,345,0.0021428583492038022,1.8879314799259824e-05,380.5,0.00030445432291900746,446.0,353.875,injury
413,lag4_fg_missed_40_49,lag2_4_history,-3.1970722009333484e-06,314.0,0.0,0.4923680564619635,0.5076319435380365,lower_risk,-0.045283441096114464,3.319920349993898e-05,307,0.0,2.3519761155282327e-05,460.0,0.0003935593284430761,337.0,354.5,injury
414,lag4_pat_blocked,lag2_4_history,0.0,244.0,0.0,0.49880799424612243,0.5011920057538776,lower_risk,-0.013476652094411649,0.2732368704567579,460,0.0,3.149633821893396e-05,453.5,0.0005103905971084138,261.0,354.625,injury
415,lag4_passing_tds,lag2_4_history,3.7103382997560887e-06,170.0,0.6,0.49969262573690976,0.5003073742630902,lower_risk,-0.0012852942760784585,0.9291532675255425,506,0.0,0.00013034277118027928,411.0,0.0003967476508387614,333.0,355.0,injury
416,lag4_sack_fumbles,lag2_4_history,2.186322220265602e-06,188.0,0.4,0.4995938499314755,0.5004061500685245,lower_risk,-0.0018174950383438493,0.9039303878585534,499,0.0,0.0001735755803944383,394.0,0.0003886501046540071,344.0,356.25,injury
417,lag2_pat_make_rate,lag2_4_history,-3.266909641279625e-05,423.0,0.2,0.4895981191128804,0.5104018808871196,lower_risk,-0.048927559056799436,7.995940272590588e-06,246,0.00045451400879015225,0.000657846129504156,279.5,0.00027837538584796066,486.0,358.625,injury
418,lag2_fg_att,lag2_4_history,-1.3309728890242845e-05,368.0,0.2,0.48974033451891497,0.510259665481085,lower_risk,-0.04833491482878213,1.0111407689552035e-05,250,0.0005404399787010128,7.228568448358262e-05,386.5,0.0003177763028899889,431.0,358.875,injury
419,lag2_passing_20,lag2_4_history,-3.3340976931750533e-06,315.0,0.4,0.5036871655354695,0.5036871655354695,higher_risk,0.013176126099624664,0.2857263249481858,367,0.00152995646451215,0.00026660033777748326,307.0,0.00030161431558269096,451.0,360.0,injury
420,lag1_passing_40,lag1_production,-2.9307286596313985e-05,413.0,0.4,0.50335076355805,0.50335076355805,higher_risk,0.013108854334413689,0.28816295949547654,379,0.003792573826092216,0.0001059948375101649,305.5,0.0003846882861902421,349.0,361.625,injury
421,lag1_fg_blocked,lag1_production,-3.613290457429308e-05,432.0,0.0,0.49444469370662836,0.5055553062933716,lower_risk,-0.03966236063328847,0.0002850476122876555,325,0.0,0.00010724563474402619,419.5,0.0004919914183869192,271.0,361.875,injury
422,lag4_fg_missed_30_39,lag2_4_history,-1.6917611233235875e-06,295.0,0.0,0.49608676499380017,0.5039132350061999,lower_risk,-0.029072712622087247,0.00928664966142602,364,0.0005911327868930449,1.750906946895584e-05,414.5,0.0003546467135988311,375.0,362.125,injury
423,lag2_fg_missed_distance,lag2_4_history,-3.03271995788279e-05,415.0,0.2,0.49046143868694125,0.5095385613130587,lower_risk,-0.04567522583754002,2.8470064665141433e-05,266,0.001681026155108345,0.0002836853345920545,299.5,0.0002899501125733784,470.0,362.625,injury
424,lag1_passing_20,lag1_production,-2.193587437946398e-05,395.0,0.0,0.5042731582697034,0.5042731582697034,higher_risk,0.014614107637874754,0.2301776188065282,346,0.0035384342515896172,0.0002658417838696425,261.5,0.0003003044212984456,452.0,363.625,injury
425,lag3_pat_blocked,lag2_4_history,0.0,244.0,0.0,0.49956784735365134,0.5004321526463487,lower_risk,-0.004984021575673545,0.7048947214504883,497,0.0,0.0,479.25,0.000564268979773665,238.0,364.5625,injury
426,lag3_passing_yards_after_catch,lag2_4_history,-2.0045388486811255e-05,389.0,0.0,0.4976915149339773,0.5023084850660227,lower_risk,-0.008171511665405093,0.5443243819963471,404,0.0,6.434663553080766e-05,439.5,0.0005898175690510239,227.0,364.875,injury
427,lag4_fg_made_0_19,lag2_4_history,0.0,244.0,0.0,0.4973011023733386,0.5026988976266614,lower_risk,-0.02571069994410799,0.023143897845585622,394,0.00047982471630092505,9.788453193696378e-06,420.5,0.0003339134141096512,401.0,364.875,injury
428,lag2_fg_missed_60_,lag2_4_history,0.0,244.0,0.0,0.49900948873153644,0.5009905112684636,lower_risk,-0.014347876888928841,0.2398846716849174,471,0.003209710382007902,0.0,374.25,0.000357124651735035,371.0,365.0625,injury
429,lag4_rushing_12,lag2_4_history,-8.675396666535384e-06,351.0,0.4,0.5157986904218059,0.5157986904218059,higher_risk,0.041746067850498,0.00013057567348822606,212,0.0,5.353212904515535e-05,444.0,0.000297688947658166,458.0,366.25,injury
430,lag4_sack_yards_lost,lag2_4_history,7.826705943458911e-06,140.0,0.4,0.5011286818290587,0.5011286818290587,higher_risk,0.004601944763375322,0.7277574805048067,465,0.0007215158804871891,9.064821801035734e-05,376.5,0.00028106254578642013,485.0,366.625,injury
431,lag3_passing_first_downs,lag2_4_history,7.910659687526689e-07,201.0,0.6,0.4980078286453914,0.5019921713546086,lower_risk,-0.007004263236050241,0.6070499718265344,415,0.0,9.98772226616375e-05,425.5,0.0003184777693772646,429.0,367.625,injury
432,lag2_gwfg_made,lag2_4_history,-3.3835222466915837e-06,318.0,0.0,0.4951002305901804,0.5048997694098196,lower_risk,-0.03396052721636865,0.0020604221448553488,338,0.00576788397871697,1.0360615177870874e-05,315.0,0.00025693848743689343,500.0,367.75,injury
433,lag4_passing_16,lag2_4_history,1.148695434463054e-05,126.0,0.6,0.4992009560790968,0.5007990439209031,lower_risk,-0.003122675493630686,0.8277052124827051,483,0.0,9.937926846735739e-05,426.5,0.0003098153343474429,438.0,368.375,injury
434,lag4_attempts,lag2_4_history,2.362412033873884e-05,93.0,1.0,0.4992319212404011,0.500768078759599,lower_risk,-0.0027234836071915367,0.8539572847740353,484,0.0,0.00017586242128512836,392.0,0.000252781959387128,505.0,368.5,injury
435,lag1_gwfg_blocked,lag1_production,0.0,244.0,0.0,0.49994972834953993,0.50005027165046,lower_risk,-0.0018106067003645437,0.9039303878585534,516,0.0003312858002928465,0.0,437.25,0.0004836269314611904,277.0,368.5625,injury
436,lag4_gwfg_missed,lag2_4_history,0.0,244.0,0.0,0.49915992978964085,0.5008400702103591,lower_risk,-0.016924078884884387,0.15691476524554196,480,0.0,0.0,479.25,0.000491833167396345,272.0,368.8125,injury
437,lag1_weekly_slope_passing_yards_after_catch,lag1_trajectory,7.159067316742096e-07,203.5,0.2,0.499440757630142,0.5005592423698579,lower_risk,-0.0017946403265330555,0.9039303878585534,492,0.002095502580855335,0.0001542471993077785,323.5,0.0002984244967945385,457.0,369.0,injury
438,lag1_fg_made_60_,lag1_production,0.0,244.0,0.0,0.4993752583262634,0.5006247416737366,lower_risk,-0.01396067231618857,0.2538163016611599,486,0.004484249448995392,0.0,343.75,0.00033293566887464634,403.0,369.1875,injury
439,lag3_gwfg_made,lag2_4_history,0.0,244.0,0.0,0.4959130065913986,0.5040869934086014,lower_risk,-0.029068519618212066,0.00928664966142602,355,0.0015481203423397538,0.0,411.75,0.0002923191735924024,466.0,369.1875,injury
440,lag2_completions,lag2_4_history,-2.4170859035388403e-06,306.0,0.6,0.5039901550501424,0.5039901550501424,higher_risk,0.013188778314057143,0.2857263249481858,363,0.002206525581398111,0.00015054613498671976,322.0,0.0002776689875900783,487.0,369.5,injury
441,injury_lag4_reserve_weeks,reserve_history_roster,0.0,244.0,0.0,0.5010400691226696,0.5010400691226696,higher_risk,0.004608286020300359,0.7277574805048067,469,0.0,4.569792789297576e-05,446.0,0.0004176105263434648,320.0,369.75,injury
442,lag4_fg_missed_60_,lag2_4_history,0.0,244.0,0.0,0.49867866116295767,0.5013213388370423,lower_risk,-0.02050432180042613,0.07918853863163833,454,0.00046373029816715317,0.0,433.25,0.00038508182656998326,348.0,369.8125,injury
443,lag4_gwfg_blocked,lag2_4_history,0.0,244.0,0.0,0.5000931334159977,0.5000931334159977,higher_risk,0.004329951436043198,0.7455258363484537,513,0.00576465915264146,0.0,328.25,0.00033845103221309913,395.0,370.0625,injury
444,lag4_pass_td_rate,lag2_4_history,2.452508000794218e-06,186.0,0.4,0.49966305417781554,0.5003369458221845,lower_risk,-0.0014089475745504452,0.9250083427561211,503,0.0,0.00016379574413220594,398.5,0.000343128643149607,393.0,370.125,injury
445,lag1_late6_mean_delta_passing_air_yards,lag1_trajectory,0.0,244.0,0.0,0.5020454341512757,0.5020454341512757,higher_risk,0.006123660227366513,0.663462127662022,414,0.0,0.0002893534144827679,368.0,0.0002991998955332799,456.0,370.5,injury
446,lag2_sacks_suffered,lag2_4_history,4.985612438201948e-06,160.0,0.4,0.5021334010420064,0.5021334010420064,higher_risk,0.00785382556220073,0.562817509474841,412,0.0,0.00013095277530102918,410.5,0.00025383028432337184,504.0,371.625,injury
447,lag1_pat_blocked,lag1_production,0.0,244.0,0.0,0.4990536421283908,0.5009463578716091,lower_risk,-0.009207720329567582,0.4849796121594607,474,0.0,8.433194066989666e-05,431.0,0.0003920196792882173,338.0,371.75,injury
448,lag1_late6_passing_20,lag1_trajectory,-4.0118086927520837e-05,437.0,0.2,0.5064040780199699,0.5064040780199699,higher_risk,0.02471383103980878,0.029546824679280246,320,0.0029259026789456577,0.00028552966669479065,268.5,0.00029425817682365044,463.0,372.125,injury
449,lag4_field_goal_make_rate,lag2_4_history,-2.9354629182076764e-06,312.0,0.0,0.4912556559855555,0.5087443440144446,lower_risk,-0.0462406177166628,2.3363050345096337e-05,290,0.0,0.00012388853655462896,414.5,0.00028837112733889165,473.0,372.375,injury
450,lag2_fg_missed_40_49,lag2_4_history,-1.9579469038522036e-06,298.0,0.2,0.4922657456655572,0.5077342543344427,lower_risk,-0.04065114610009015,0.00019648986645118052,306,0.0,4.807462015002994e-05,445.5,0.00030409536591011167,447.0,374.125,injury
451,lag2_gwfg_missed,lag2_4_history,0.0,244.0,0.0,0.4990377346690161,0.500962265330984,lower_risk,-0.016537763780009082,0.16807294422881863,473,0.0009938051741924525,0.0,420.75,0.00036780398775153637,361.0,374.6875,injury
452,lag2_fg_made_60_,lag2_4_history,0.0,244.0,0.0,0.49968375426918143,0.5003162457308186,lower_risk,-0.00706692574699774,0.6046922517593348,505,0.004295231974829061,0.0,350.25,0.00033399071722268976,400.0,374.8125,injury
453,lag2_passing_air_yards,lag2_4_history,-2.0733917693416258e-06,300.0,0.4,0.5033444413626574,0.5033444413626574,higher_risk,0.010507177296176073,0.4119609836397424,380,0.0,0.00028518242212093964,369.5,0.00030237691602039276,450.0,374.875,injury
454,lag4_gwfg_distance,lag2_4_history,-6.767044493338758e-06,339.0,0.0,0.4959920000435076,0.5040079999564924,lower_risk,-0.02861492153282339,0.010495471268841008,362,0.0,3.628544331563235e-05,451.5,0.0003813705721048735,352.0,376.125,injury
455,lag1_weekly_slope_fg_att,lag1_trajectory,-5.226855096340799e-06,332.0,0.0,0.5003211743240009,0.5003211743240009,higher_risk,0.0014270484977044686,0.9250083427561211,504,0.0025689682304337325,0.00023162618318394557,288.0,0.00035231037552101656,381.0,376.25,injury
456,lag1_fg_missed_30_39,lag1_production,0.0,244.0,0.0,0.4958084524353369,0.5041915475646631,lower_risk,-0.028743567343375794,0.010175771799450856,351,0.0,1.6218246389286604e-05,464.5,0.0003028548269505697,449.0,377.125,injury
457,lag4_passing_yards,lag2_4_history,4.367276381622709e-06,167.0,0.4,0.49864426298157455,0.5013557370184254,lower_risk,-0.0050869075752451,0.70073699151795,450,0.0,0.00023981396076899568,378.0,0.0002356342195167711,515.0,377.5,injury
458,lag1_late6_passing_first_downs,lag1_trajectory,-1.857033765400029e-05,384.0,0.4,0.5045253322891514,0.5045253322891514,higher_risk,0.016256609627051166,0.17579786283952567,340,0.0009848772289440255,0.00034922212199304793,295.5,0.00027091015799003487,491.0,377.625,injury
459,lag4_passing_20,lag2_4_history,2.752253384796788e-06,183.0,0.6,0.4985717956666449,0.5014282043333551,lower_risk,-0.005685544702482797,0.6762549843057553,448,0.0,6.791696750885933e-05,437.0,0.000306258175269187,443.0,377.75,injury
460,lag3_fg_missed_60_,lag2_4_history,0.0,244.0,0.0,0.49884453381626753,0.5011554661837325,lower_risk,-0.017302916623644256,0.14653915890643557,464,0.0049009118710938715,0.0,338.75,0.00029146745088614066,468.0,378.6875,injury
461,lag3_interception_rate,lag2_4_history,-1.9343556938289375e-05,387.0,0.0,0.49812387152211274,0.5018761284778872,lower_risk,-0.00736338395566941,0.5913388618543803,424,0.0034662481802585354,0.00022728184913035345,271.5,0.0003117427459428507,436.0,379.625,injury
462,lag1_attempts_per_game,lag1_per_game,-6.826349531490195e-05,461.0,0.0,0.5017267411190149,0.5017267411190149,higher_risk,0.005140054879608989,0.6990754285347756,433,0.0,0.0005592239743308752,334.0,0.000466036745043739,291.0,379.75,injury
463,lag3_gwfg_att,lag2_4_history,0.0,244.0,0.0,0.4956219476712567,0.5043780523287433,lower_risk,-0.029310482231170786,0.008732753712997166,342,0.0,0.0,479.25,0.00029970698285003026,454.0,379.8125,injury
464,lag4_passing_air_yards,lag2_4_history,6.740457017939683e-06,146.0,0.4,0.4993950406795884,0.5006049593204116,lower_risk,-0.0021580654185098867,0.8933789831241538,487,0.0,6.0618378520586025e-05,441.0,0.0003028758041802785,448.0,380.5,injury
465,lag1_missed_field_goal_mean_distance,lag1_rates,-9.594603790106238e-05,474.0,0.4,0.48896637543779514,0.5110336245622049,lower_risk,-0.049804656834758806,5.395522856683201e-06,239,0.0,0.0002713878982239673,372.0,0.0003097811097773553,440.0,381.25,injury
466,lag3_fg_missed_20_29,lag2_4_history,0.0,244.0,0.0,0.49898691917379107,0.501013080826209,lower_risk,-0.015720819957616962,0.19217115617906538,470,0.002063379774584817,0.0,400.25,0.0003248974357619223,412.0,381.5625,injury
467,lag3_sack_yards_lost,lag2_4_history,-2.3572529395710084e-05,397.0,0.0,0.5025689187278383,0.5025689187278383,higher_risk,0.009893163791940473,0.4464865757915307,398,0.0005321391091239747,0.00017961775566616048,343.5,0.00034788634949930075,388.0,381.625,injury
468,lag4_fg_missed_50_59,lag2_4_history,-1.0596614501423574e-06,287.0,0.2,0.4945634218168766,0.5054365781831234,lower_risk,-0.034286639871024475,0.0018531229129939736,330,0.0,0.0,479.25,0.0003082691217763847,441.0,384.3125,injury
469,lag4_fg_att,lag2_4_history,-1.2997383000978857e-07,277.0,0.2,0.49126449346298595,0.508735506537014,lower_risk,-0.046193892993879715,2.354946123995972e-05,291,0.0,9.496521050476273e-06,467.5,0.000254837089545617,502.0,384.375,injury
470,lag2_fg_missed_20_29,lag2_4_history,0.0,244.0,0.0,0.49867866116295767,0.5013213388370423,lower_risk,-0.02050432180042613,0.07918853863163833,453,0.0,0.0,479.25,0.000364070828169115,363.0,384.8125,injury
471,lag1_passing_yards_per_game,lag1_per_game,-3.071788128958808e-05,417.0,0.0,0.5017590998825295,0.5017590998825295,higher_risk,0.005515848184297634,0.6790864729411936,430,0.0,0.00030397173142490425,362.5,0.00040316881558126396,330.0,384.875,injury
472,lag2_passing_10,lag2_4_history,-6.979929107031602e-06,340.0,0.2,0.5032383576431944,0.5032383576431944,higher_risk,0.011031731152308748,0.38515546414233437,383,0.0021138883101676775,0.000124461248877185,333.5,0.00028222516799091327,483.0,384.875,injury
473,missing_is_rookie,metadata_missingness,0.0,244.0,0.0,0.5,0.5,higher_risk,0.0,1.0,522,0.002415477865981508,0.0,391.25,,,385.75,injury
474,lag4_passing_10,lag2_4_history,5.859329016422166e-07,205.0,0.2,0.4990799166285976,0.5009200833714025,lower_risk,-0.003525221995597822,0.7995612140244687,475,0.0,0.000186895194746443,389.5,0.00028795848686190024,474.0,385.875,injury
475,lag1_late6_attempts,lag1_trajectory,-4.301207881260982e-05,442.0,0.6,0.5040353961365268,0.5040353961365268,higher_risk,0.013578567351009721,0.270006396933954,359,0.0,0.00041790028759951264,345.0,0.00033630140558320846,398.0,386.0,injury
476,lag3_passing_yards,lag2_4_history,-1.2921860123671359e-05,365.0,0.0,0.4977773064456481,0.5022226935543519,lower_risk,-0.007724589022165159,0.5680288707558999,406,0.005338489960930559,0.00015337451277838628,256.5,0.0002335706231538968,517.0,386.125,injury
477,lag1_fg_missed_60_,lag1_production,0.0,244.0,0.0,0.49870092480802286,0.5012990751919771,lower_risk,-0.0188175223911235,0.11091644125555655,455,0.0043023965390500685,0.0,349.75,0.00026316639258566835,496.0,386.1875,injury
478,lag1_sack_yards_lost,lag1_production,-3.849945940757049e-05,436.0,0.4,0.4982605465096043,0.5017394534903957,lower_risk,-0.00610037591269741,0.6637328782915533,431,0.0034292042928298905,0.0003704349639439942,241.0,0.00031149342367843287,437.0,386.25,injury
479,lag4_gwfg_made,lag2_4_history,-8.458805616839982e-07,284.0,0.0,0.4964453286453914,0.5035546713546086,lower_risk,-0.026974390906352994,0.016560550598627558,370,0.0015512639870145506,2.7707426374522366e-05,388.5,0.00025429651308990964,503.0,386.375,injury
480,lag3_fg_made_60_,lag2_4_history,0.0,244.0,0.0,0.4997556097587505,0.5002443902412494,lower_risk,-0.00568390546139401,0.6762549843057553,510,0.0011703753634035863,0.0,416.75,0.0003531130879319457,377.0,386.9375,injury
481,lag3_completion_rate,lag2_4_history,-0.00013312803185598908,486.0,0.0,0.49746143460810544,0.5025385653918946,lower_risk,-0.008807964936846087,0.5092945492953473,400,0.00011375657654166815,0.0004183761651861621,306.0,0.0003739544747970528,357.0,387.25,injury
482,lag1_weekly_slope_fg_made,lag1_trajectory,-1.575485446458913e-06,292.0,0.0,0.49952396587917947,0.5004760341208205,lower_risk,-0.002124135307809852,0.8942559095287839,494,0.0,0.0002414123380002969,377.5,0.00034517318012948424,390.0,388.375,injury
483,lag1_weekly_slope_passing_first_downs,lag1_trajectory,0.0,244.0,0.0,0.5005968016489374,0.5005968016489374,higher_risk,0.0019138697124223435,0.9017981144240566,489,0.0,0.00015517958603408332,401.0,0.000322182308453559,422.0,389.0,injury
484,lag1_passing_tds,lag1_production,-1.4974185384009075e-05,375.0,0.2,0.505280970599752,0.505280970599752,higher_risk,0.018937800295296178,0.10878258942033117,332,0.0,0.0002702869427662751,373.0,0.0002863537132077709,477.0,389.25,injury
485,lag1_sack_fumbles,lag1_production,-7.3284739833034965e-06,343.0,0.2,0.5035102800256694,0.5035102800256694,higher_risk,0.013958751048314672,0.2538163016611599,371,0.0,8.584828258772933e-05,430.5,0.0003245692630970432,413.0,389.375,injury
486,lag1_sacks_suffered,lag1_production,-9.64594120643758e-05,475.0,0.2,0.5016273874785181,0.5016273874785181,higher_risk,0.005678998611723477,0.6762549843057553,439,0.0,0.0002924320691228182,367.0,0.0004812342045117301,279.0,390.0,injury
487,lag3_sacks_suffered,lag2_4_history,-1.3011296061216094e-05,367.0,0.2,0.4975141535600078,0.5024858464399922,lower_risk,-0.00954378710276286,0.4665162603897462,402,0.002619485608080563,0.00020746807038463707,294.0,0.0002592944695158605,497.0,390.0,injury
488,lag2_fg_missed,lag2_4_history,-1.2494738057400312e-05,363.0,0.4,0.4904537228893385,0.5095462771106616,lower_risk,-0.04571238292328162,2.8126824187000425e-05,265,0.0,2.5243537812650292e-05,458.0,0.00028330512706316503,481.0,391.75,injury
489,lag4_pat_missed,lag2_4_history,0.0,244.0,0.0,0.49829236142835387,0.5017076385716461,lower_risk,-0.016380778912151277,0.17219977725755034,434,7.456863301813499e-05,0.00012279422180818688,378.0,0.00023698814856792921,514.0,392.5,injury
490,missing_team_changed,metadata_missingness,0.0,244.0,0.0,0.5,0.5,higher_risk,0.0,1.0,523,0.001344619720908824,0.0,414.75,,,393.9166666666667,injury
491,lag3_passing_16,lag2_4_history,-4.4609970771225524e-05,446.0,0.0,0.49836928147229653,0.5016307185277035,lower_risk,-0.005981027232380498,0.6674407523644968,438,0.003926844272014396,0.0001748482896939662,273.0,0.000322554124239838,419.0,394.0,injury
492,lag4_interception_rate,lag2_4_history,-3.383522246647175e-06,316.0,0.0,0.4985438556418456,0.5014561443581544,lower_risk,-0.006044271804511181,0.6649994751240458,447,0.0004804158855793439,0.00010620229088479448,374.0,0.00030716531128794635,442.0,394.75,injury
493,lag4_passing_40,lag2_4_history,8.52982806651692e-06,137.0,0.4,0.5001153970610629,0.5001153970610629,higher_risk,0.000505660946670247,0.9802973797784921,512,0.0,3.1275638036132745e-05,454.0,0.00028502154720079395,478.0,395.25,injury
494,lag1_fg_missed_0_19,lag1_production,0.0,244.0,0.0,0.5,0.5,higher_risk,0.0,1.0,518,0.0007375078150855252,0.0,425.75,,,395.9166666666667,injury
495,lag1_passing_first_downs,lag1_production,-2.665222516748944e-05,405.0,0.2,0.5021772485261806,0.5021772485261806,higher_risk,0.006926089673666012,0.610773352122541,409,0.0,0.00015496133126992345,402.5,0.00035890188327719266,369.0,396.375,injury
496,lag1_gwfg_missed,lag1_production,0.0,244.0,0.0,0.498894907437621,0.501105092562379,lower_risk,-0.01818587606716171,0.12418981861292205,467,0.002874041429575147,0.0,382.25,0.0002445347354968022,511.0,401.0625,injury
497,lag1_fg_missed_20_29,lag1_production,0.0,244.0,0.0,0.4991518740890601,0.5008481259109399,lower_risk,-0.012700544581703296,0.3056410639923808,479,0.0024347091123848585,0.0,390.75,0.00025871060409019084,498.0,402.9375,injury
498,lag3_completions,lag2_4_history,-3.71764268300101e-05,434.0,0.2,0.49748213469947133,0.5025178653005287,lower_risk,-0.008736147746254572,0.5117013851580053,401,0.0,9.806192419386336e-05,428.0,0.0003789086448612449,354.0,404.25,injury
499,lag4_gwfg_att,lag2_4_history,-7.18359915552469e-08,274.5,0.2,0.4959839783332246,0.5040160216667754,lower_risk,-0.028672651270523236,0.010354247987098912,361,0.0,0.0,479.25,0.0002524659834839475,507.0,405.4375,injury
500,lag4_passing_interceptions,lag2_4_history,-1.6215867545188444e-06,293.0,0.2,0.4986674783549784,0.5013325216450216,lower_risk,-0.005531137027076659,0.6790864729411936,452,0.0012999736007626161,4.0601269008719915e-05,385.5,0.0002664366133742603,493.0,405.875,injury
501,lag1_late6_mean_delta_passing_yards,lag1_trajectory,-2.5401341190889328e-06,308.0,0.0,0.49976352949813996,0.50023647050186,lower_risk,-0.0007414788684639893,0.9658107639181195,511,0.0,0.00015067907964020475,404.5,0.00032510127953937977,411.0,408.625,injury
502,lag1_late6_mean_delta_fg_att,lag1_trajectory,-5.857227683359057e-06,337.0,0.0,0.4993979298549022,0.5006020701450977,lower_risk,-0.0026713657774499844,0.8563206446650968,488,0.00040877011295448185,9.830852455523732e-05,383.0,0.00031844437883705903,430.0,409.5,injury
503,lag3_pass_td_rate,lag2_4_history,-4.323421108258785e-05,444.0,0.2,0.49966230639126374,0.5003376936087363,lower_risk,-0.0013141263750695415,0.9287381640917952,502,0.0,0.0001623127788956249,399.0,0.0004574750514159747,299.0,411.0,injury
504,lag2_pat_blocked,lag2_4_history,0.0,244.0,0.0,0.49847043659857726,0.5015295634014227,lower_risk,-0.01595132991945096,0.185137488530378,443,0.0,1.7694198340337278e-05,462.5,0.0002556831072453128,501.0,412.625,injury
505,lag3_passing_20,lag2_4_history,-1.497628055668887e-05,376.0,0.4,0.4985092535186756,0.5014907464813244,lower_risk,-0.005566497896842399,0.6790864729411936,445,0.0,0.00010504377398545363,423.0,0.00032721749781306603,408.0,413.0,injury
506,lag3_sack_fumbles,lag2_4_history,-2.0758842034451775e-06,301.0,0.2,0.4986467782636124,0.5013532217363876,lower_risk,-0.005766693767048817,0.6755809656091863,451,0.0003734316391725834,5.135590839521605e-05,401.5,0.0002584690068938402,499.0,413.125,injury
507,lag2_fg_missed_0_19,lag2_4_history,0.0,244.0,0.0,0.5,0.5,higher_risk,0.0,1.0,519,0.0,0.0,479.25,,,414.0833333333333,injury
508,lag2_passing_yards_after_catch,lag2_4_history,-2.5508883114033765e-05,401.0,0.2,0.503478601068111,0.503478601068111,higher_risk,0.01172279197460757,0.3521084402517154,373,0.0,0.0001680101501597142,395.5,0.00027681624390104177,488.0,414.375,injury
509,lag3_fg_missed_0_19,lag2_4_history,0.0,244.0,0.0,0.5,0.5,higher_risk,0.0,1.0,520,0.0,0.0,479.25,,,414.4166666666667,injury
510,lag4_fg_missed_0_19,lag2_4_history,0.0,244.0,0.0,0.5,0.5,higher_risk,0.0,1.0,521,0.0,0.0,479.25,,,414.75,injury
511,lag3_passing_interceptions,lag2_4_history,-1.1912927872193002e-05,360.0,0.2,0.4983270995127151,0.5016729004872849,lower_risk,-0.006565771923082259,0.636032970436569,435,0.0009800360969611788,1.4462178956306798e-05,408.5,0.00029718558281606824,459.0,415.625,injury
512,missing_was_drafted,metadata_missingness,0.0,244.0,0.0,0.5,0.5,higher_risk,0.0,1.0,524,0.0,0.0,479.25,,,415.75,injury
513,lag3_pass_yards_per_attempt,lag2_4_history,-6.671746849695737e-05,459.0,0.0,0.4978993995953795,0.5021006004046205,lower_risk,-0.007300275280101551,0.5931676953406599,413,0.0,0.00021165307078708362,386.5,0.00032925782430288594,406.0,416.125,injury
514,lag4_fg_missed_20_29,lag2_4_history,0.0,244.0,0.0,0.4994388881637626,0.5005611118362374,lower_risk,-0.009047830247935599,0.49440833067613504,491,0.001004190809973604,0.0,419.75,0.00024255723177101852,513.0,416.9375,injury
515,lag3_passing_air_yards,lag2_4_history,-2.3661817136710895e-05,398.0,0.2,0.49736704355108885,0.5026329564489112,lower_risk,-0.008702764167886321,0.5127346718575653,396,0.0,0.00029189674031463445,367.5,0.0002476706299309483,509.0,417.625,injury
516,lag1_passing_air_yards,lag1_production,-0.00022827987091498248,512.0,0.2,0.5008704915268986,0.5008704915268986,higher_risk,0.002606094363284215,0.8597099030492015,477,0.0,0.0009355127532656254,306.0,0.00035281118682805186,378.0,418.25,injury
517,lag3_gwfg_missed,lag2_4_history,0.0,244.0,0.0,0.49910952217798954,0.5008904778220105,lower_risk,-0.01566328197162292,0.19316657998375278,476,0.0,0.0,479.25,0.0002876559165668277,475.0,418.5625,injury
518,lag3_passing_tds,lag2_4_history,-3.258282465641304e-05,422.0,0.2,0.49959996818508134,0.5004000318149187,lower_risk,-0.001556716424431181,0.9189394832687693,500,0.003220755690467758,6.635391173839831e-05,333.0,0.0003223423847426175,420.0,418.75,injury
519,lag2_sack_fumbles_lost,lag2_4_history,-1.8613526413435723e-05,385.0,0.4,0.5017310578868368,0.5017310578868368,higher_risk,0.007825378265909878,0.5635140951917132,432,0.0,3.943943869445067e-05,449.5,0.0003269234506713022,409.0,418.875,injury
520,lag4_sack_fumbles_lost,lag2_4_history,-8.467113730148412e-07,285.0,0.2,0.5002819495203289,0.5002819495203289,higher_risk,0.0013684041607523202,0.9263430567913756,507,0.0,1.528160905922278e-05,465.5,0.0003228325199922562,418.0,418.875,injury
521,lag1_sack_fumbles_lost,lag1_production,-3.579533658326639e-06,323.0,0.0,0.5029561022101852,0.5029561022101852,higher_risk,0.013025188123762105,0.29139532619009456,389,0.0,4.420069664472501e-06,469.0,0.0002509304382698192,508.0,422.25,injury
522,lag2_sack_fumbles,lag2_4_history,-1.296132708341613e-05,366.0,0.2,0.5031446803824317,0.5031446803824317,higher_risk,0.012943616782550772,0.2945483418590028,385,0.0,4.8198391691181376e-05,445.0,0.0002441651019388141,512.0,427.0,injury
523,lag2_gwfg_blocked,lag2_4_history,0.0,244.0,0.0,0.4999495583980509,0.5000504416019491,lower_risk,-0.001816727750737649,0.9039303878585534,515,0.0,0.0,479.25,0.0002896223472814694,471.0,427.3125,injury
524,lag3_passing_40,lag2_4_history,-4.350343713963589e-05,445.0,0.2,0.5000733510626727,0.5000733510626727,higher_risk,0.0003033673948434813,0.9921006300017259,514,0.003114935558246046,9.559610842888897e-05,325.5,0.0002356019416946393,516.0,450.125,injury
