feature,importance,learner,target_season
age,0.00023970170454534756,extra_trees_all_leaf50,2017
missing_age,0.00348011363636358,extra_trees_all_leaf50,2017
years_exp,0.00122736150568159,extra_trees_all_leaf50,2017
missing_years_exp,0.0,extra_trees_all_leaf50,2017
height,-0.0005704012784092383,extra_trees_all_leaf50,2017
missing_height,0.0,extra_trees_all_leaf50,2017
weight,-0.00020419034090912724,extra_trees_all_leaf50,2017
missing_weight,0.0,extra_trees_all_leaf50,2017
draft_number,-0.0013183593750000222,extra_trees_all_leaf50,2017
missing_draft_number,0.0022460937500000666,extra_trees_all_leaf50,2017
draft_round,-0.0021928267045454586,extra_trees_all_leaf50,2017
missing_draft_round,-0.0003551136363637575,extra_trees_all_leaf50,2017
was_drafted,0.01867453835227262,extra_trees_all_leaf50,2017
missing_was_drafted,0.0,extra_trees_all_leaf50,2017
is_rookie,0.006676136363636287,extra_trees_all_leaf50,2017
missing_is_rookie,0.0,extra_trees_all_leaf50,2017
missing_team_changed,0.0,extra_trees_all_leaf50,2017
combine_forty,-0.0009366122159091272,extra_trees_all_leaf50,2017
missing_combine_forty,-0.0002707741477273595,extra_trees_all_leaf50,2017
combine_bench,0.002121803977272574,extra_trees_all_leaf50,2017
missing_combine_bench,0.0011985085227271819,extra_trees_all_leaf50,2017
combine_vertical,0.0004927201704545414,extra_trees_all_leaf50,2017
missing_combine_vertical,-0.00011985085227272929,extra_trees_all_leaf50,2017
combine_broad_jump,-0.001411576704545503,extra_trees_all_leaf50,2017
missing_combine_broad_jump,-0.0027654474431818565,extra_trees_all_leaf50,2017
combine_cone,-0.00010653409090921606,extra_trees_all_leaf50,2017
missing_combine_cone,6.214488636357984e-05,extra_trees_all_leaf50,2017
combine_shuttle,0.00023082386363626473,extra_trees_all_leaf50,2017
missing_combine_shuttle,-7.10227272727737e-05,extra_trees_all_leaf50,2017
position_QB,-7.990056818185653e-05,extra_trees_all_leaf50,2017
position_RB,-0.002792080965909105,extra_trees_all_leaf50,2017
position_WR,-0.0015625000000001332,extra_trees_all_leaf50,2017
position_TE,0.0005637428977273151,extra_trees_all_leaf50,2017
lag1_history_available,0.0016912286931817233,extra_trees_all_leaf50,2017
lag1_completions,-4.4389204545525196e-05,extra_trees_all_leaf50,2017
lag1_attempts,-4.438920454541417e-06,extra_trees_all_leaf50,2017
lag1_passing_yards,-4.4389204545414174e-05,extra_trees_all_leaf50,2017
lag1_passing_tds,0.0,extra_trees_all_leaf50,2017
lag1_passing_interceptions,0.0,extra_trees_all_leaf50,2017
lag1_sacks_suffered,-0.0001953125000000444,extra_trees_all_leaf50,2017
lag1_sack_yards_lost,-8.877840909093937e-05,extra_trees_all_leaf50,2017
lag1_sack_fumbles,0.0,extra_trees_all_leaf50,2017
lag1_sack_fumbles_lost,0.0,extra_trees_all_leaf50,2017
lag1_passing_first_downs,-3.1072443181900944e-05,extra_trees_all_leaf50,2017
lag1_passing_10,-4.882812500006661e-05,extra_trees_all_leaf50,2017
lag1_passing_16,-1.3316761363735274e-05,extra_trees_all_leaf50,2017
lag1_passing_20,-1.775568181816567e-05,extra_trees_all_leaf50,2017
lag1_passing_40,-4.4389204545525196e-05,extra_trees_all_leaf50,2017
lag1_carries,2.2194602272707087e-05,extra_trees_all_leaf50,2017
lag1_rushing_yards,-0.00010209517045467464,extra_trees_all_leaf50,2017
lag1_rushing_tds,-0.00011097301136375748,extra_trees_all_leaf50,2017
lag1_rushing_fumbles,-9.321732954548079e-05,extra_trees_all_leaf50,2017
lag1_rushing_fumbles_lost,-3.1072443181900944e-05,extra_trees_all_leaf50,2017
lag1_rushing_first_downs,8.877840909082835e-06,extra_trees_all_leaf50,2017
lag1_rushing_10,3.9950284090872756e-05,extra_trees_all_leaf50,2017
lag1_rushing_12,-8.433948863639795e-05,extra_trees_all_leaf50,2017
lag1_rushing_20,0.00019087357954539197,extra_trees_all_leaf50,2017
lag1_rushing_40,1.7755681818276692e-05,extra_trees_all_leaf50,2017
lag1_receptions,-0.0009898792613637353,extra_trees_all_leaf50,2017
lag1_receiving_yards,-0.0001642400568183655,extra_trees_all_leaf50,2017
lag1_receiving_tds,-4.4389204545414174e-05,extra_trees_all_leaf50,2017
lag1_receiving_fumbles,2.6633522727248504e-05,extra_trees_all_leaf50,2017
lag1_receiving_fumbles_lost,-4.43892045465244e-06,extra_trees_all_leaf50,2017
lag1_receiving_first_downs,0.00016867897727268488,extra_trees_all_leaf50,2017
lag1_receiving_10,-0.0010165127840909838,extra_trees_all_leaf50,2017
lag1_receiving_16,0.0003950639204544082,extra_trees_all_leaf50,2017
lag1_receiving_20,0.00030184659090914945,extra_trees_all_leaf50,2017
lag1_receiving_40,3.107244318178992e-05,extra_trees_all_leaf50,2017
lag1_special_teams_tds,0.0,extra_trees_all_leaf50,2017
lag1_fumbles_total,-0.0002219460227272929,extra_trees_all_leaf50,2017
lag1_fumbles_lost_total,-1.1102230246251565e-16,extra_trees_all_leaf50,2017
lag1_punt_returns,-4.438920454541417e-06,extra_trees_all_leaf50,2017
lag1_punt_return_yards,0.0,extra_trees_all_leaf50,2017
lag1_kickoff_returns,-1.3316761363735274e-05,extra_trees_all_leaf50,2017
lag1_kickoff_return_yards,5.326704545449701e-05,extra_trees_all_leaf50,2017
lag1_fg_made,0.0,extra_trees_all_leaf50,2017
lag1_fg_att,0.0,extra_trees_all_leaf50,2017
lag1_fg_missed,0.0,extra_trees_all_leaf50,2017
lag1_fg_blocked,0.0,extra_trees_all_leaf50,2017
lag1_fg_made_0_19,0.0,extra_trees_all_leaf50,2017
lag1_fg_made_20_29,0.0,extra_trees_all_leaf50,2017
lag1_fg_made_30_39,-2.219460227281811e-05,extra_trees_all_leaf50,2017
lag1_fg_made_40_49,-6.214488636369087e-05,extra_trees_all_leaf50,2017
lag1_fg_made_50_59,0.0,extra_trees_all_leaf50,2017
lag1_fg_made_60_,0.0,extra_trees_all_leaf50,2017
lag1_fg_missed_0_19,0.0,extra_trees_all_leaf50,2017
lag1_fg_missed_20_29,0.0,extra_trees_all_leaf50,2017
lag1_fg_missed_30_39,0.0,extra_trees_all_leaf50,2017
lag1_fg_missed_40_49,0.0,extra_trees_all_leaf50,2017
lag1_fg_missed_50_59,0.0,extra_trees_all_leaf50,2017
lag1_fg_missed_60_,0.0,extra_trees_all_leaf50,2017
lag1_fg_made_distance,-6.214488636357984e-05,extra_trees_all_leaf50,2017
lag1_fg_missed_distance,0.0,extra_trees_all_leaf50,2017
lag1_pat_made,-8.877840909093937e-05,extra_trees_all_leaf50,2017
lag1_pat_att,1.3316761363624252e-05,extra_trees_all_leaf50,2017
lag1_pat_missed,0.0,extra_trees_all_leaf50,2017
lag1_pat_blocked,0.0,extra_trees_all_leaf50,2017
lag1_gwfg_made,4.438920454430395e-06,extra_trees_all_leaf50,2017
lag1_gwfg_att,0.0,extra_trees_all_leaf50,2017
lag1_gwfg_missed,0.0,extra_trees_all_leaf50,2017
lag1_gwfg_blocked,0.0,extra_trees_all_leaf50,2017
lag1_gwfg_distance,0.0,extra_trees_all_leaf50,2017
lag1_targets,-0.0015047940340909838,extra_trees_all_leaf50,2017
lag1_passing_air_yards,-7.546164772731512e-05,extra_trees_all_leaf50,2017
lag1_passing_yards_after_catch,0.0,extra_trees_all_leaf50,2017
lag1_receiving_air_yards,-3.995028409098378e-05,extra_trees_all_leaf50,2017
lag1_receiving_yards_after_catch,-0.000244140625000111,extra_trees_all_leaf50,2017
lag1_games,0.00020419034090901622,extra_trees_all_leaf50,2017
lag1_roster_weeks,0.0011851917613635576,extra_trees_all_leaf50,2017
lag1_offense_snaps,0.00047496448863637575,extra_trees_all_leaf50,2017
lag2_history_available,-0.0015980113636363535,extra_trees_all_leaf50,2017
lag2_completions,3.551136363622032e-05,extra_trees_all_leaf50,2017
lag2_attempts,0.0,extra_trees_all_leaf50,2017
lag2_passing_yards,8.877840909193857e-06,extra_trees_all_leaf50,2017
lag2_passing_tds,0.0,extra_trees_all_leaf50,2017
lag2_passing_interceptions,0.0,extra_trees_all_leaf50,2017
lag2_sacks_suffered,0.0,extra_trees_all_leaf50,2017
lag2_sack_yards_lost,-1.775568181816567e-05,extra_trees_all_leaf50,2017
lag2_sack_fumbles,-8.877840909082835e-06,extra_trees_all_leaf50,2017
lag2_sack_fumbles_lost,0.0,extra_trees_all_leaf50,2017
lag2_passing_first_downs,1.3316761363735274e-05,extra_trees_all_leaf50,2017
lag2_passing_10,-1.7755681818276692e-05,extra_trees_all_leaf50,2017
lag2_passing_16,4.438920454430395e-06,extra_trees_all_leaf50,2017
lag2_passing_20,0.0,extra_trees_all_leaf50,2017
lag2_passing_40,-3.1072443181900944e-05,extra_trees_all_leaf50,2017
lag2_carries,-9.321732954548079e-05,extra_trees_all_leaf50,2017
lag2_rushing_yards,-8.433948863639795e-05,extra_trees_all_leaf50,2017
lag2_rushing_tds,-8.877840909082835e-06,extra_trees_all_leaf50,2017
lag2_rushing_fumbles,-0.0003151633522728847,extra_trees_all_leaf50,2017
lag2_rushing_fumbles_lost,3.551136363622032e-05,extra_trees_all_leaf50,2017
lag2_rushing_first_downs,-0.00013316761363646457,extra_trees_all_leaf50,2017
lag2_rushing_10,-0.00023082386363648677,extra_trees_all_leaf50,2017
lag2_rushing_12,-0.0002840909090909838,extra_trees_all_leaf50,2017
lag2_rushing_20,-0.00010209517045456362,extra_trees_all_leaf50,2017
lag2_rushing_40,7.990056818174551e-05,extra_trees_all_leaf50,2017
lag2_receptions,0.00013760653409089496,extra_trees_all_leaf50,2017
lag2_receiving_yards,0.00020419034090901622,extra_trees_all_leaf50,2017
lag2_receiving_tds,0.0002929687499999556,extra_trees_all_leaf50,2017
lag2_receiving_fumbles,-2.2194602272707087e-05,extra_trees_all_leaf50,2017
lag2_receiving_fumbles_lost,0.0,extra_trees_all_leaf50,2017
lag2_receiving_first_downs,8.877840909082835e-05,extra_trees_all_leaf50,2017
lag2_receiving_10,0.0001242897727272707,extra_trees_all_leaf50,2017
lag2_receiving_16,6.214488636357984e-05,extra_trees_all_leaf50,2017
lag2_receiving_20,-0.00010209517045456362,extra_trees_all_leaf50,2017
lag2_receiving_40,0.0,extra_trees_all_leaf50,2017
lag2_special_teams_tds,0.0,extra_trees_all_leaf50,2017
lag2_fumbles_total,-4.438920454541417e-06,extra_trees_all_leaf50,2017
lag2_fumbles_lost_total,8.877840909082835e-06,extra_trees_all_leaf50,2017
lag2_punt_returns,0.0,extra_trees_all_leaf50,2017
lag2_punt_return_yards,0.0,extra_trees_all_leaf50,2017
lag2_kickoff_returns,5.7705965909038426e-05,extra_trees_all_leaf50,2017
lag2_kickoff_return_yards,0.0,extra_trees_all_leaf50,2017
lag2_fg_made,0.0,extra_trees_all_leaf50,2017
lag2_fg_att,-1.775568181816567e-05,extra_trees_all_leaf50,2017
lag2_fg_missed,0.0,extra_trees_all_leaf50,2017
lag2_fg_blocked,0.0,extra_trees_all_leaf50,2017
lag2_fg_made_0_19,0.0,extra_trees_all_leaf50,2017
lag2_fg_made_20_29,2.2194602272707087e-05,extra_trees_all_leaf50,2017
lag2_fg_made_30_39,0.0,extra_trees_all_leaf50,2017
lag2_fg_made_40_49,0.0,extra_trees_all_leaf50,2017
lag2_fg_made_50_59,0.0,extra_trees_all_leaf50,2017
lag2_fg_made_60_,0.0,extra_trees_all_leaf50,2017
lag2_fg_missed_0_19,0.0,extra_trees_all_leaf50,2017
lag2_fg_missed_20_29,0.0,extra_trees_all_leaf50,2017
lag2_fg_missed_30_39,0.0,extra_trees_all_leaf50,2017
lag2_fg_missed_40_49,0.0,extra_trees_all_leaf50,2017
lag2_fg_missed_50_59,0.0,extra_trees_all_leaf50,2017
lag2_fg_missed_60_,0.0,extra_trees_all_leaf50,2017
lag2_fg_made_distance,-1.3316761363624252e-05,extra_trees_all_leaf50,2017
lag2_fg_missed_distance,0.0,extra_trees_all_leaf50,2017
lag2_pat_made,-1.775568181816567e-05,extra_trees_all_leaf50,2017
lag2_pat_att,-1.3316761363624252e-05,extra_trees_all_leaf50,2017
lag2_pat_missed,0.0,extra_trees_all_leaf50,2017
lag2_pat_blocked,0.0,extra_trees_all_leaf50,2017
lag2_gwfg_made,0.0,extra_trees_all_leaf50,2017
lag2_gwfg_att,8.877840909082835e-06,extra_trees_all_leaf50,2017
lag2_gwfg_missed,0.0,extra_trees_all_leaf50,2017
lag2_gwfg_blocked,0.0,extra_trees_all_leaf50,2017
lag2_gwfg_distance,8.877840909082835e-06,extra_trees_all_leaf50,2017
lag2_targets,0.00011541193181818787,extra_trees_all_leaf50,2017
lag2_passing_air_yards,0.0,extra_trees_all_leaf50,2017
lag2_passing_yards_after_catch,0.0,extra_trees_all_leaf50,2017
lag2_receiving_air_yards,-2.6633522727248504e-05,extra_trees_all_leaf50,2017
lag2_receiving_yards_after_catch,-0.00011097301136375748,extra_trees_all_leaf50,2017
lag2_games,-0.0007901278409091494,extra_trees_all_leaf50,2017
lag2_roster_weeks,-0.0007412997159091939,extra_trees_all_leaf50,2017
lag2_offense_snaps,0.00024414062499988898,extra_trees_all_leaf50,2017
lag3_history_available,0.0013627485795453254,extra_trees_all_leaf50,2017
lag3_completions,0.0,extra_trees_all_leaf50,2017
lag3_attempts,0.0,extra_trees_all_leaf50,2017
lag3_passing_yards,-1.7755681818276692e-05,extra_trees_all_leaf50,2017
lag3_passing_tds,0.0,extra_trees_all_leaf50,2017
lag3_passing_interceptions,0.0,extra_trees_all_leaf50,2017
lag3_sacks_suffered,0.0,extra_trees_all_leaf50,2017
lag3_sack_yards_lost,0.0,extra_trees_all_leaf50,2017
lag3_sack_fumbles,0.0,extra_trees_all_leaf50,2017
lag3_sack_fumbles_lost,0.0,extra_trees_all_leaf50,2017
lag3_passing_first_downs,0.0,extra_trees_all_leaf50,2017
lag3_passing_10,0.0,extra_trees_all_leaf50,2017
lag3_passing_16,0.0,extra_trees_all_leaf50,2017
lag3_passing_20,0.0,extra_trees_all_leaf50,2017
lag3_passing_40,-7.990056818185653e-05,extra_trees_all_leaf50,2017
lag3_carries,-0.0003373579545455918,extra_trees_all_leaf50,2017
lag3_rushing_yards,-0.000594815340909105,extra_trees_all_leaf50,2017
lag3_rushing_tds,-1.7755681818276692e-05,extra_trees_all_leaf50,2017
lag3_rushing_fumbles,2.6633522727248504e-05,extra_trees_all_leaf50,2017
lag3_rushing_fumbles_lost,4.438920454430395e-06,extra_trees_all_leaf50,2017
lag3_rushing_first_downs,-0.0002485795454545414,extra_trees_all_leaf50,2017
lag3_rushing_10,-0.00048828125,extra_trees_all_leaf50,2017
lag3_rushing_12,-7.10227272727737e-05,extra_trees_all_leaf50,2017
lag3_rushing_20,-0.00010209517045456362,extra_trees_all_leaf50,2017
lag3_rushing_40,0.0,extra_trees_all_leaf50,2017
lag3_receptions,6.658380681812126e-05,extra_trees_all_leaf50,2017
lag3_receiving_yards,5.7705965909038426e-05,extra_trees_all_leaf50,2017
lag3_receiving_tds,4.882812499995559e-05,extra_trees_all_leaf50,2017
lag3_receiving_fumbles,2.2194602272596065e-05,extra_trees_all_leaf50,2017
lag3_receiving_fumbles_lost,4.438920454430395e-06,extra_trees_all_leaf50,2017
lag3_receiving_first_downs,-2.6633522727359527e-05,extra_trees_all_leaf50,2017
lag3_receiving_10,2.6633522727248504e-05,extra_trees_all_leaf50,2017
lag3_receiving_16,-5.326704545460803e-05,extra_trees_all_leaf50,2017
lag3_receiving_20,6.658380681823228e-05,extra_trees_all_leaf50,2017
lag3_receiving_40,5.326704545460803e-05,extra_trees_all_leaf50,2017
lag3_special_teams_tds,0.0,extra_trees_all_leaf50,2017
lag3_fumbles_total,-4.43892045465244e-06,extra_trees_all_leaf50,2017
lag3_fumbles_lost_total,8.877840908971812e-06,extra_trees_all_leaf50,2017
lag3_punt_returns,-1.7755681818276692e-05,extra_trees_all_leaf50,2017
lag3_punt_return_yards,-6.214488636369087e-05,extra_trees_all_leaf50,2017
lag3_kickoff_returns,3.551136363633134e-05,extra_trees_all_leaf50,2017
lag3_kickoff_return_yards,-3.1072443181900944e-05,extra_trees_all_leaf50,2017
lag3_fg_made,0.0,extra_trees_all_leaf50,2017
lag3_fg_att,0.0,extra_trees_all_leaf50,2017
lag3_fg_missed,0.0,extra_trees_all_leaf50,2017
lag3_fg_blocked,0.0,extra_trees_all_leaf50,2017
lag3_fg_made_0_19,0.0,extra_trees_all_leaf50,2017
lag3_fg_made_20_29,8.877840909082835e-06,extra_trees_all_leaf50,2017
lag3_fg_made_30_39,-4.438920454541417e-06,extra_trees_all_leaf50,2017
lag3_fg_made_40_49,0.0,extra_trees_all_leaf50,2017
lag3_fg_made_50_59,0.0,extra_trees_all_leaf50,2017
lag3_fg_made_60_,0.0,extra_trees_all_leaf50,2017
lag3_fg_missed_0_19,0.0,extra_trees_all_leaf50,2017
lag3_fg_missed_20_29,0.0,extra_trees_all_leaf50,2017
lag3_fg_missed_30_39,0.0,extra_trees_all_leaf50,2017
lag3_fg_missed_40_49,0.0,extra_trees_all_leaf50,2017
lag3_fg_missed_50_59,0.0,extra_trees_all_leaf50,2017
lag3_fg_missed_60_,0.0,extra_trees_all_leaf50,2017
lag3_fg_made_distance,0.0,extra_trees_all_leaf50,2017
lag3_fg_missed_distance,0.0,extra_trees_all_leaf50,2017
lag3_pat_made,0.0,extra_trees_all_leaf50,2017
lag3_pat_att,0.0,extra_trees_all_leaf50,2017
lag3_pat_missed,0.0,extra_trees_all_leaf50,2017
lag3_pat_blocked,0.0,extra_trees_all_leaf50,2017
lag3_gwfg_made,0.0,extra_trees_all_leaf50,2017
lag3_gwfg_att,0.0,extra_trees_all_leaf50,2017
lag3_gwfg_missed,0.0,extra_trees_all_leaf50,2017
lag3_gwfg_blocked,0.0,extra_trees_all_leaf50,2017
lag3_gwfg_distance,0.0,extra_trees_all_leaf50,2017
lag3_targets,6.214488636357984e-05,extra_trees_all_leaf50,2017
lag3_passing_air_yards,0.0,extra_trees_all_leaf50,2017
lag3_passing_yards_after_catch,0.0,extra_trees_all_leaf50,2017
lag3_receiving_air_yards,3.1072443181900944e-05,extra_trees_all_leaf50,2017
lag3_receiving_yards_after_catch,-8.877840909093937e-05,extra_trees_all_leaf50,2017
lag3_games,-0.00019975142045458583,extra_trees_all_leaf50,2017
lag3_roster_weeks,0.0016290838068180324,extra_trees_all_leaf50,2017
lag3_offense_snaps,0.0,extra_trees_all_leaf50,2017
lag4_history_available,0.0005060369318181657,extra_trees_all_leaf50,2017
lag4_completions,-2.219460227281811e-05,extra_trees_all_leaf50,2017
lag4_attempts,3.995028409098378e-05,extra_trees_all_leaf50,2017
lag4_passing_yards,0.0,extra_trees_all_leaf50,2017
lag4_passing_tds,0.0,extra_trees_all_leaf50,2017
lag4_passing_interceptions,0.0,extra_trees_all_leaf50,2017
lag4_sacks_suffered,0.0,extra_trees_all_leaf50,2017
lag4_sack_yards_lost,8.877840909193857e-06,extra_trees_all_leaf50,2017
lag4_sack_fumbles,0.0,extra_trees_all_leaf50,2017
lag4_sack_fumbles_lost,0.0,extra_trees_all_leaf50,2017
lag4_passing_first_downs,0.0,extra_trees_all_leaf50,2017
lag4_passing_10,0.0,extra_trees_all_leaf50,2017
lag4_passing_16,-8.877840909082835e-06,extra_trees_all_leaf50,2017
lag4_passing_20,8.877840909193857e-06,extra_trees_all_leaf50,2017
lag4_passing_40,0.0,extra_trees_all_leaf50,2017
lag4_carries,-5.326704545460803e-05,extra_trees_all_leaf50,2017
lag4_rushing_yards,-4.43892045465244e-06,extra_trees_all_leaf50,2017
lag4_rushing_tds,-8.877840909193857e-06,extra_trees_all_leaf50,2017
lag4_rushing_fumbles,8.877840909082835e-06,extra_trees_all_leaf50,2017
lag4_rushing_fumbles_lost,-6.658380681823228e-05,extra_trees_all_leaf50,2017
lag4_rushing_first_downs,8.877840909082835e-06,extra_trees_all_leaf50,2017
lag4_rushing_10,8.877840909082835e-06,extra_trees_all_leaf50,2017
lag4_rushing_12,-1.7755681818276692e-05,extra_trees_all_leaf50,2017
lag4_rushing_20,5.326704545449701e-05,extra_trees_all_leaf50,2017
lag4_rushing_40,1.331676136351323e-05,extra_trees_all_leaf50,2017
lag4_receptions,0.0001464843749999778,extra_trees_all_leaf50,2017
lag4_receiving_yards,0.00015980113636360205,extra_trees_all_leaf50,2017
lag4_receiving_tds,4.4389204545414174e-05,extra_trees_all_leaf50,2017
lag4_receiving_fumbles,0.0,extra_trees_all_leaf50,2017
lag4_receiving_fumbles_lost,-1.7755681818276692e-05,extra_trees_all_leaf50,2017
lag4_receiving_first_downs,7.990056818185653e-05,extra_trees_all_leaf50,2017
lag4_receiving_10,4.882812500006661e-05,extra_trees_all_leaf50,2017
lag4_receiving_16,1.331676136351323e-05,extra_trees_all_leaf50,2017
lag4_receiving_20,1.7755681818276692e-05,extra_trees_all_leaf50,2017
lag4_receiving_40,8.877840909082835e-06,extra_trees_all_leaf50,2017
lag4_special_teams_tds,0.0,extra_trees_all_leaf50,2017
lag4_fumbles_total,-6.658380681812126e-05,extra_trees_all_leaf50,2017
lag4_fumbles_lost_total,-2.6633522727359527e-05,extra_trees_all_leaf50,2017
lag4_punt_returns,0.0,extra_trees_all_leaf50,2017
lag4_punt_return_yards,0.0,extra_trees_all_leaf50,2017
lag4_kickoff_returns,0.0,extra_trees_all_leaf50,2017
lag4_kickoff_return_yards,0.0,extra_trees_all_leaf50,2017
lag4_fg_made,0.0,extra_trees_all_leaf50,2017
lag4_fg_att,0.0,extra_trees_all_leaf50,2017
lag4_fg_missed,0.0,extra_trees_all_leaf50,2017
lag4_fg_blocked,0.0,extra_trees_all_leaf50,2017
lag4_fg_made_0_19,0.0,extra_trees_all_leaf50,2017
lag4_fg_made_20_29,0.0,extra_trees_all_leaf50,2017
lag4_fg_made_30_39,0.0,extra_trees_all_leaf50,2017
lag4_fg_made_40_49,0.0,extra_trees_all_leaf50,2017
lag4_fg_made_50_59,0.0,extra_trees_all_leaf50,2017
lag4_fg_made_60_,0.0,extra_trees_all_leaf50,2017
lag4_fg_missed_0_19,0.0,extra_trees_all_leaf50,2017
lag4_fg_missed_20_29,0.0,extra_trees_all_leaf50,2017
lag4_fg_missed_30_39,0.0,extra_trees_all_leaf50,2017
lag4_fg_missed_40_49,0.0,extra_trees_all_leaf50,2017
lag4_fg_missed_50_59,-8.877840909082835e-06,extra_trees_all_leaf50,2017
lag4_fg_missed_60_,0.0,extra_trees_all_leaf50,2017
lag4_fg_made_distance,0.0,extra_trees_all_leaf50,2017
lag4_fg_missed_distance,0.0,extra_trees_all_leaf50,2017
lag4_pat_made,0.0,extra_trees_all_leaf50,2017
lag4_pat_att,0.0,extra_trees_all_leaf50,2017
lag4_pat_missed,0.0,extra_trees_all_leaf50,2017
lag4_pat_blocked,0.0,extra_trees_all_leaf50,2017
lag4_gwfg_made,0.0,extra_trees_all_leaf50,2017
lag4_gwfg_att,0.0,extra_trees_all_leaf50,2017
lag4_gwfg_missed,0.0,extra_trees_all_leaf50,2017
lag4_gwfg_blocked,0.0,extra_trees_all_leaf50,2017
lag4_gwfg_distance,0.0,extra_trees_all_leaf50,2017
lag4_targets,0.0002219460227271819,extra_trees_all_leaf50,2017
lag4_passing_air_yards,0.0,extra_trees_all_leaf50,2017
lag4_passing_yards_after_catch,0.0,extra_trees_all_leaf50,2017
lag4_receiving_air_yards,0.0,extra_trees_all_leaf50,2017
lag4_receiving_yards_after_catch,-5.326704545460803e-05,extra_trees_all_leaf50,2017
lag4_games,1.775568181816567e-05,extra_trees_all_leaf50,2017
lag4_roster_weeks,7.546164772731512e-05,extra_trees_all_leaf50,2017
lag4_offense_snaps,0.0,extra_trees_all_leaf50,2017
lag1_completion_rate,4.438920454541417e-06,extra_trees_all_leaf50,2017
lag1_pass_yards_per_attempt,-5.326704545460803e-05,extra_trees_all_leaf50,2017
lag1_pass_td_rate,0.0,extra_trees_all_leaf50,2017
lag1_interception_rate,-1.3316761363624252e-05,extra_trees_all_leaf50,2017
lag1_rush_yards_per_carry,-0.00019087357954561401,extra_trees_all_leaf50,2017
lag1_rush_first_down_rate,-0.00010653409090921606,extra_trees_all_leaf50,2017
lag1_rush_20_rate,-4.43892045465244e-06,extra_trees_all_leaf50,2017
lag1_receiving_yards_per_reception,-5.770596590914945e-05,extra_trees_all_leaf50,2017
lag1_receiving_first_down_rate,-0.0014914772727273595,extra_trees_all_leaf50,2017
lag1_receiving_20_rate,0.00012872869318181213,extra_trees_all_leaf50,2017
lag1_field_goal_make_rate,-0.00017311789772733732,extra_trees_all_leaf50,2017
lag1_made_field_goal_mean_distance,-0.00025301846590919386,extra_trees_all_leaf50,2017
lag1_missed_field_goal_mean_distance,-0.00014648437500008882,extra_trees_all_leaf50,2017
lag1_pat_make_rate,-0.0009099786931817677,extra_trees_all_leaf50,2017
lag1_catch_rate,-0.0017356178977273595,extra_trees_all_leaf50,2017
lag1_receiving_yards_per_target,0.0005193536931816789,extra_trees_all_leaf50,2017
lag1_receiving_air_yards_per_target,-0.0001154119318182989,extra_trees_all_leaf50,2017
lag1_receiving_yards_after_catch_per_reception,0.0002752130681817899,extra_trees_all_leaf50,2017
lag1_passing_air_yards_per_attempt,-1.1102230246251565e-16,extra_trees_all_leaf50,2017
lag1_passing_yards_after_catch_per_completion,0.0,extra_trees_all_leaf50,2017
lag2_completion_rate,4.438920454541417e-06,extra_trees_all_leaf50,2017
lag2_pass_yards_per_attempt,0.0,extra_trees_all_leaf50,2017
lag2_pass_td_rate,0.0,extra_trees_all_leaf50,2017
lag2_interception_rate,0.0,extra_trees_all_leaf50,2017
lag2_rush_yards_per_carry,-4.438920454541417e-06,extra_trees_all_leaf50,2017
lag2_rush_first_down_rate,3.551136363633134e-05,extra_trees_all_leaf50,2017
lag2_rush_20_rate,4.438920454430395e-06,extra_trees_all_leaf50,2017
lag2_receiving_yards_per_reception,-1.3316761363735274e-05,extra_trees_all_leaf50,2017
lag2_receiving_first_down_rate,-8.877840909193857e-06,extra_trees_all_leaf50,2017
lag2_receiving_20_rate,6.214488636346882e-05,extra_trees_all_leaf50,2017
lag2_field_goal_make_rate,-3.1072443181900944e-05,extra_trees_all_leaf50,2017
lag2_made_field_goal_mean_distance,-8.877840909082835e-06,extra_trees_all_leaf50,2017
lag2_missed_field_goal_mean_distance,-2.2194602272707087e-05,extra_trees_all_leaf50,2017
lag2_pat_make_rate,-0.00015980113636371307,extra_trees_all_leaf50,2017
lag2_catch_rate,-0.00039506392045463024,extra_trees_all_leaf50,2017
lag2_receiving_yards_per_target,-0.0006569602272729069,extra_trees_all_leaf50,2017
lag2_receiving_air_yards_per_target,-6.658380681823228e-05,extra_trees_all_leaf50,2017
lag2_receiving_yards_after_catch_per_reception,3.9950284090872756e-05,extra_trees_all_leaf50,2017
lag2_passing_air_yards_per_attempt,8.877840909082835e-06,extra_trees_all_leaf50,2017
lag2_passing_yards_after_catch_per_completion,0.0,extra_trees_all_leaf50,2017
lag3_completion_rate,0.0,extra_trees_all_leaf50,2017
lag3_pass_yards_per_attempt,-4.438920454541417e-06,extra_trees_all_leaf50,2017
lag3_pass_td_rate,0.0,extra_trees_all_leaf50,2017
lag3_interception_rate,0.0,extra_trees_all_leaf50,2017
lag3_rush_yards_per_carry,-4.43892045465244e-06,extra_trees_all_leaf50,2017
lag3_rush_first_down_rate,-1.3316761363624252e-05,extra_trees_all_leaf50,2017
lag3_rush_20_rate,-3.1072443181900944e-05,extra_trees_all_leaf50,2017
lag3_receiving_yards_per_reception,9.765624999991118e-05,extra_trees_all_leaf50,2017
lag3_receiving_first_down_rate,-9.76562500000222e-05,extra_trees_all_leaf50,2017
lag3_receiving_20_rate,7.54616477272041e-05,extra_trees_all_leaf50,2017
lag3_field_goal_make_rate,0.0,extra_trees_all_leaf50,2017
lag3_made_field_goal_mean_distance,0.0,extra_trees_all_leaf50,2017
lag3_missed_field_goal_mean_distance,0.0,extra_trees_all_leaf50,2017
lag3_pat_make_rate,0.0,extra_trees_all_leaf50,2017
lag3_catch_rate,0.00031072443181801024,extra_trees_all_leaf50,2017
lag3_receiving_yards_per_target,-0.00022638494318194535,extra_trees_all_leaf50,2017
lag3_receiving_air_yards_per_target,0.0002707741477272485,extra_trees_all_leaf50,2017
lag3_receiving_yards_after_catch_per_reception,4.882812499995559e-05,extra_trees_all_leaf50,2017
lag3_passing_air_yards_per_attempt,8.433948863628693e-05,extra_trees_all_leaf50,2017
lag3_passing_yards_after_catch_per_completion,4.882812499995559e-05,extra_trees_all_leaf50,2017
lag4_completion_rate,-4.43892045465244e-06,extra_trees_all_leaf50,2017
lag4_pass_yards_per_attempt,1.7755681818054647e-05,extra_trees_all_leaf50,2017
lag4_pass_td_rate,0.0,extra_trees_all_leaf50,2017
lag4_interception_rate,0.0,extra_trees_all_leaf50,2017
lag4_rush_yards_per_carry,-0.0005459872159091494,extra_trees_all_leaf50,2017
lag4_rush_first_down_rate,-0.0002885298295454142,extra_trees_all_leaf50,2017
lag4_rush_20_rate,0.0,extra_trees_all_leaf50,2017
lag4_receiving_yards_per_reception,0.00013760653409078394,extra_trees_all_leaf50,2017
lag4_receiving_first_down_rate,0.00013760653409078394,extra_trees_all_leaf50,2017
lag4_receiving_20_rate,1.3316761363624252e-05,extra_trees_all_leaf50,2017
lag4_field_goal_make_rate,0.0,extra_trees_all_leaf50,2017
lag4_made_field_goal_mean_distance,0.0,extra_trees_all_leaf50,2017
lag4_missed_field_goal_mean_distance,0.0,extra_trees_all_leaf50,2017
lag4_pat_make_rate,0.0,extra_trees_all_leaf50,2017
lag4_catch_rate,5.326704545460803e-05,extra_trees_all_leaf50,2017
lag4_receiving_yards_per_target,-7.10227272727737e-05,extra_trees_all_leaf50,2017
lag4_receiving_air_yards_per_target,0.00011097301136353543,extra_trees_all_leaf50,2017
lag4_receiving_yards_after_catch_per_reception,0.00011097301136353543,extra_trees_all_leaf50,2017
lag4_passing_air_yards_per_attempt,-2.6633522727359527e-05,extra_trees_all_leaf50,2017
lag4_passing_yards_after_catch_per_completion,-2.6633522727137482e-05,extra_trees_all_leaf50,2017
lag1_late6_attempts,-0.00028409090909087276,extra_trees_all_leaf50,2017
lag1_weekly_slope_attempts,0.0,extra_trees_all_leaf50,2017
lag1_late6_mean_delta_attempts,0.0,extra_trees_all_leaf50,2017
lag1_late6_passing_yards,-0.00013760653409089496,extra_trees_all_leaf50,2017
lag1_weekly_slope_passing_yards,1.1102230246251565e-16,extra_trees_all_leaf50,2017
lag1_late6_mean_delta_passing_yards,0.0,extra_trees_all_leaf50,2017
lag1_late6_passing_first_downs,-9.76562500000222e-05,extra_trees_all_leaf50,2017
lag1_weekly_slope_passing_first_downs,0.0,extra_trees_all_leaf50,2017
lag1_late6_mean_delta_passing_first_downs,0.0,extra_trees_all_leaf50,2017
lag1_late6_passing_20,-0.00019531250000015543,extra_trees_all_leaf50,2017
lag1_weekly_slope_passing_20,0.0,extra_trees_all_leaf50,2017
lag1_late6_mean_delta_passing_20,0.0,extra_trees_all_leaf50,2017
lag1_late6_carries,-0.0007945667613636909,extra_trees_all_leaf50,2017
lag1_weekly_slope_carries,-1.1102230246251565e-16,extra_trees_all_leaf50,2017
lag1_late6_mean_delta_carries,4.438920454430395e-06,extra_trees_all_leaf50,2017
lag1_late6_rushing_yards,-0.0001953125000000444,extra_trees_all_leaf50,2017
lag1_weekly_slope_rushing_yards,7.102272727266268e-05,extra_trees_all_leaf50,2017
lag1_late6_mean_delta_rushing_yards,3.995028409098378e-05,extra_trees_all_leaf50,2017
lag1_late6_rushing_first_downs,-8.877840909105039e-05,extra_trees_all_leaf50,2017
lag1_weekly_slope_rushing_first_downs,-1.1102230246251565e-16,extra_trees_all_leaf50,2017
lag1_late6_mean_delta_rushing_first_downs,8.877840908971812e-06,extra_trees_all_leaf50,2017
lag1_late6_rushing_20,8.877840908971812e-06,extra_trees_all_leaf50,2017
lag1_weekly_slope_rushing_20,0.0,extra_trees_all_leaf50,2017
lag1_late6_mean_delta_rushing_20,3.995028409098378e-05,extra_trees_all_leaf50,2017
lag1_late6_receptions,-0.0014515269886364868,extra_trees_all_leaf50,2017
lag1_weekly_slope_receptions,2.6633522727248504e-05,extra_trees_all_leaf50,2017
lag1_late6_mean_delta_receptions,1.331676136351323e-05,extra_trees_all_leaf50,2017
lag1_late6_receiving_yards,0.001273970170454608,extra_trees_all_leaf50,2017
lag1_weekly_slope_receiving_yards,-6.214488636369087e-05,extra_trees_all_leaf50,2017
lag1_late6_mean_delta_receiving_yards,8.877840909082835e-06,extra_trees_all_leaf50,2017
lag1_late6_receiving_first_downs,0.0010431463068181213,extra_trees_all_leaf50,2017
lag1_weekly_slope_receiving_first_downs,6.214488636357984e-05,extra_trees_all_leaf50,2017
lag1_late6_mean_delta_receiving_first_downs,0.00018199573863630913,extra_trees_all_leaf50,2017
lag1_late6_receiving_20,0.0006170099431817011,extra_trees_all_leaf50,2017
lag1_weekly_slope_receiving_20,4.882812499984457e-05,extra_trees_all_leaf50,2017
lag1_late6_mean_delta_receiving_20,-0.00011985085227272929,extra_trees_all_leaf50,2017
lag1_late6_punt_return_yards,0.0,extra_trees_all_leaf50,2017
lag1_weekly_slope_punt_return_yards,0.0,extra_trees_all_leaf50,2017
lag1_late6_mean_delta_punt_return_yards,0.0,extra_trees_all_leaf50,2017
lag1_late6_kickoff_return_yards,-1.1102230246251565e-16,extra_trees_all_leaf50,2017
lag1_weekly_slope_kickoff_return_yards,0.0,extra_trees_all_leaf50,2017
lag1_late6_mean_delta_kickoff_return_yards,0.0,extra_trees_all_leaf50,2017
lag1_late6_fg_made,0.0,extra_trees_all_leaf50,2017
lag1_weekly_slope_fg_made,0.0,extra_trees_all_leaf50,2017
lag1_late6_mean_delta_fg_made,0.0,extra_trees_all_leaf50,2017
lag1_late6_fg_att,0.0,extra_trees_all_leaf50,2017
lag1_weekly_slope_fg_att,0.0,extra_trees_all_leaf50,2017
lag1_late6_mean_delta_fg_att,0.0,extra_trees_all_leaf50,2017
lag1_late6_pat_att,0.0,extra_trees_all_leaf50,2017
lag1_weekly_slope_pat_att,0.0,extra_trees_all_leaf50,2017
lag1_late6_mean_delta_pat_att,0.0,extra_trees_all_leaf50,2017
lag1_late6_targets,-0.0008212002840909394,extra_trees_all_leaf50,2017
lag1_weekly_slope_targets,8.877840909082835e-06,extra_trees_all_leaf50,2017
lag1_late6_mean_delta_targets,0.0001819957386361981,extra_trees_all_leaf50,2017
lag1_late6_passing_air_yards,-5.770596590914945e-05,extra_trees_all_leaf50,2017
lag1_weekly_slope_passing_air_yards,0.0,extra_trees_all_leaf50,2017
lag1_late6_mean_delta_passing_air_yards,0.0,extra_trees_all_leaf50,2017
lag1_late6_passing_yards_after_catch,-0.0001686789772727959,extra_trees_all_leaf50,2017
lag1_weekly_slope_passing_yards_after_catch,0.0,extra_trees_all_leaf50,2017
lag1_late6_mean_delta_passing_yards_after_catch,0.0,extra_trees_all_leaf50,2017
lag1_late6_receiving_air_yards,0.0002663352272727071,extra_trees_all_leaf50,2017
lag1_weekly_slope_receiving_air_yards,0.00024414062499988898,extra_trees_all_leaf50,2017
lag1_late6_mean_delta_receiving_air_yards,9.765624999991118e-05,extra_trees_all_leaf50,2017
lag1_late6_receiving_yards_after_catch,-0.00040838068181814347,extra_trees_all_leaf50,2017
lag1_weekly_slope_receiving_yards_after_catch,-2.219460227281811e-05,extra_trees_all_leaf50,2017
lag1_late6_mean_delta_receiving_yards_after_catch,-0.0002618963068182767,extra_trees_all_leaf50,2017
position_K,-0.002432528409091028,extra_trees_all_leaf50,2017
injury_lag2_injury_reported,-0.0016290838068182545,extra_trees_all_leaf50,2017
injury_lag2_injury_report_weeks,-0.00019975142045469685,extra_trees_all_leaf50,2017
injury_lag2_designation_count,-5.326704545460803e-05,extra_trees_all_leaf50,2017
injury_lag3_injury_reported,0.0003196022727272041,extra_trees_all_leaf50,2017
injury_lag3_injury_report_weeks,5.3267045454385986e-05,extra_trees_all_leaf50,2017
injury_lag3_designation_count,3.551136363633134e-05,extra_trees_all_leaf50,2017
injury_lag4_injury_reported,0.00019975142045458583,extra_trees_all_leaf50,2017
injury_lag4_injury_report_weeks,-5.326704545460803e-05,extra_trees_all_leaf50,2017
injury_lag4_designation_count,-0.0001598011363638241,extra_trees_all_leaf50,2017
injury_lag5_injury_reported,7.546164772731512e-05,extra_trees_all_leaf50,2017
injury_lag5_injury_report_weeks,0.0,extra_trees_all_leaf50,2017
injury_lag5_designation_count,0.0,extra_trees_all_leaf50,2017
injury_lag1_reserve_weeks,-5.326704545460803e-05,extra_trees_all_leaf50,2017
injury_lag2_reserve_weeks,-2.219460227281811e-05,extra_trees_all_leaf50,2017
injury_lag3_reserve_weeks,0.0,extra_trees_all_leaf50,2017
injury_lag4_reserve_weeks,0.0,extra_trees_all_leaf50,2017
injury_lag2_absence_report_weeks,0.0,extra_trees_all_leaf50,2017
injury_lag2_absence_reported,5.7705965909038426e-05,extra_trees_all_leaf50,2017
injury_lag3_absence_report_weeks,-5.326704545460803e-05,extra_trees_all_leaf50,2017
injury_lag3_absence_reported,-6.214488636369087e-05,extra_trees_all_leaf50,2017
injury_lag4_absence_report_weeks,0.0,extra_trees_all_leaf50,2017
injury_lag4_absence_reported,-2.6633522727359527e-05,extra_trees_all_leaf50,2017
injury_lag5_absence_report_weeks,0.0,extra_trees_all_leaf50,2017
injury_lag5_absence_reported,0.0,extra_trees_all_leaf50,2017
lag1_targets_per_game,-0.00012872869318181213,extra_trees_all_leaf50,2017
lag1_carries_per_game,-0.0004172585227273373,extra_trees_all_leaf50,2017
lag1_receptions_per_game,-0.00013316761363635354,extra_trees_all_leaf50,2017
lag1_attempts_per_game,0.0,extra_trees_all_leaf50,2017
lag1_receiving_yards_per_game,-0.0005237926136364424,extra_trees_all_leaf50,2017
lag1_rushing_yards_per_game,0.00013760653409089496,extra_trees_all_leaf50,2017
lag1_passing_yards_per_game,0.0,extra_trees_all_leaf50,2017
lag1_offense_snaps_per_game,-5.770596590914945e-05,extra_trees_all_leaf50,2017
lag1_share_targets_prior_team,-0.0007945667613636909,extra_trees_all_leaf50,2017
lag1_share_carries_prior_team,4.438920454430395e-06,extra_trees_all_leaf50,2017
lag1_share_receptions_prior_team,-0.001686789772727293,extra_trees_all_leaf50,2017
lag1_share_attempts_prior_team,-0.00013760653409089496,extra_trees_all_leaf50,2017
age,-0.00019455252918287869,extra_trees_all_leaf50,2018
missing_age,0.0042167145998983635,extra_trees_all_leaf50,2018
years_exp,0.0008014718321772696,extra_trees_all_leaf50,2018
missing_years_exp,0.0,extra_trees_all_leaf50,2018
height,-0.0024509389274234294,extra_trees_all_leaf50,2018
missing_height,0.0,extra_trees_all_leaf50,2018
weight,2.114701404098973e-06,extra_trees_all_leaf50,2018
missing_weight,0.0,extra_trees_all_leaf50,2018
draft_number,-0.0004356284892574891,extra_trees_all_leaf50,2018
missing_draft_number,-0.00039333446117417736,extra_trees_all_leaf50,2018
draft_round,0.0015373879208255836,extra_trees_all_leaf50,2018
missing_draft_round,-0.0002791405853493911,extra_trees_all_leaf50,2018
was_drafted,0.007889950938927304,extra_trees_all_leaf50,2018
missing_was_drafted,0.0,extra_trees_all_leaf50,2018
is_rookie,0.004982236508204951,extra_trees_all_leaf50,2018
missing_is_rookie,0.0,extra_trees_all_leaf50,2018
missing_team_changed,0.0,extra_trees_all_leaf50,2018
combine_forty,0.0021675689392657294,extra_trees_all_leaf50,2018
missing_combine_forty,0.0004969548299778026,extra_trees_all_leaf50,2018
combine_bench,-0.0007168837760109792,extra_trees_all_leaf50,2018
missing_combine_bench,0.0016008289629504402,extra_trees_all_leaf50,2018
combine_vertical,-0.0006957367619691013,extra_trees_all_leaf50,2018
missing_combine_vertical,-8.88174589748214e-05,extra_trees_all_leaf50,2018
combine_broad_jump,0.00016706141092870386,extra_trees_all_leaf50,2018
missing_combine_broad_jump,-0.0012413297242429566,extra_trees_all_leaf50,2018
combine_cone,-0.0002812552867534901,extra_trees_all_leaf50,2018
missing_combine_cone,-0.0002601082727120563,extra_trees_all_leaf50,2018
combine_shuttle,-2.749111825417483e-05,extra_trees_all_leaf50,2018
missing_combine_shuttle,-0.00010362036880395831,extra_trees_all_leaf50,2018
position_QB,0.0006428692268650726,extra_trees_all_leaf50,2018
position_RB,-0.004303417357469197,extra_trees_all_leaf50,2018
position_WR,-0.0005455929622738553,extra_trees_all_leaf50,2018
position_TE,0.004861698528167757,extra_trees_all_leaf50,2018
lag1_history_available,0.0019074606665538951,extra_trees_all_leaf50,2018
lag1_completions,-7.189984774147451e-05,extra_trees_all_leaf50,2018
lag1_attempts,-8.458805616651244e-05,extra_trees_all_leaf50,2018
lag1_passing_yards,1.9032312637334847e-05,extra_trees_all_leaf50,2018
lag1_passing_tds,-6.767044493316554e-05,extra_trees_all_leaf50,2018
lag1_passing_interceptions,-1.2688208424926906e-05,extra_trees_all_leaf50,2018
lag1_sacks_suffered,-0.0002368465572660794,extra_trees_all_leaf50,2018
lag1_sack_yards_lost,-0.0001226526814415152,extra_trees_all_leaf50,2018
lag1_sack_fumbles,0.0,extra_trees_all_leaf50,2018
lag1_sack_fumbles_lost,0.0,extra_trees_all_leaf50,2018
lag1_passing_first_downs,-0.00012265268144129315,extra_trees_all_leaf50,2018
lag1_passing_10,-7.61292505498945e-05,extra_trees_all_leaf50,2018
lag1_passing_16,-0.0001395702926748621,extra_trees_all_leaf50,2018
lag1_passing_20,-1.1102230246251565e-16,extra_trees_all_leaf50,2018
lag1_passing_40,-0.00011419387582467522,extra_trees_all_leaf50,2018
lag1_carries,-0.0005794281847403271,extra_trees_all_leaf50,2018
lag1_rushing_yards,-0.00038064625274913944,extra_trees_all_leaf50,2018
lag1_rushing_tds,0.00010150566739974831,extra_trees_all_leaf50,2018
lag1_rushing_fumbles,-0.0006767044493317664,extra_trees_all_leaf50,2018
lag1_rushing_fumbles_lost,-0.00010150566739985933,extra_trees_all_leaf50,2018
lag1_rushing_first_downs,-0.0004271696836406491,extra_trees_all_leaf50,2018
lag1_rushing_10,0.00015225850109956696,extra_trees_all_leaf50,2018
lag1_rushing_12,-0.000596345795973785,extra_trees_all_leaf50,2018
lag1_rushing_20,-0.00023261715445777043,extra_trees_all_leaf50,2018
lag1_rushing_40,-8.458805616617937e-06,extra_trees_all_leaf50,2018
lag1_receptions,0.0013724412113008677,extra_trees_all_leaf50,2018
lag1_receiving_yards,0.0009156657080020558,extra_trees_all_leaf50,2018
lag1_receiving_tds,-0.00015225850109956696,extra_trees_all_leaf50,2018
lag1_receiving_fumbles,-0.00011842327863309521,extra_trees_all_leaf50,2018
lag1_receiving_fumbles_lost,3.383522246647175e-05,extra_trees_all_leaf50,2018
lag1_receiving_first_downs,-0.00034892573168665564,extra_trees_all_leaf50,2018
lag1_receiving_10,0.00023050245305356043,extra_trees_all_leaf50,2018
lag1_receiving_16,-0.00013111148705802211,extra_trees_all_leaf50,2018
lag1_receiving_20,0.0009473862290643176,extra_trees_all_leaf50,2018
lag1_receiving_40,0.0001607173067161849,extra_trees_all_leaf50,2018
lag1_special_teams_tds,0.0,extra_trees_all_leaf50,2018
lag1_fumbles_total,0.0002537641684994263,extra_trees_all_leaf50,2018
lag1_fumbles_lost_total,-0.00014379969548306004,extra_trees_all_leaf50,2018
lag1_punt_returns,-1.2688208425037928e-05,extra_trees_all_leaf50,2018
lag1_punt_return_yards,-8.45880561672896e-06,extra_trees_all_leaf50,2018
lag1_kickoff_returns,-1.1102230246251565e-16,extra_trees_all_leaf50,2018
lag1_kickoff_return_yards,-4.6523430891509676e-05,extra_trees_all_leaf50,2018
lag1_fg_made,0.00021569954322442353,extra_trees_all_leaf50,2018
lag1_fg_att,-1.691761123345792e-05,extra_trees_all_leaf50,2018
lag1_fg_missed,0.0,extra_trees_all_leaf50,2018
lag1_fg_blocked,0.0,extra_trees_all_leaf50,2018
lag1_fg_made_0_19,0.0,extra_trees_all_leaf50,2018
lag1_fg_made_20_29,-0.00010573507020827932,extra_trees_all_leaf50,2018
lag1_fg_made_30_39,-1.2688208425037928e-05,extra_trees_all_leaf50,2018
lag1_fg_made_40_49,-2.1147014041655865e-05,extra_trees_all_leaf50,2018
lag1_fg_made_50_59,0.0,extra_trees_all_leaf50,2018
lag1_fg_made_60_,0.0,extra_trees_all_leaf50,2018
lag1_fg_missed_0_19,0.0,extra_trees_all_leaf50,2018
lag1_fg_missed_20_29,0.0,extra_trees_all_leaf50,2018
lag1_fg_missed_30_39,0.0,extra_trees_all_leaf50,2018
lag1_fg_missed_40_49,0.0,extra_trees_all_leaf50,2018
lag1_fg_missed_50_59,8.881745897459936e-05,extra_trees_all_leaf50,2018
lag1_fg_missed_60_,0.0,extra_trees_all_leaf50,2018
lag1_fg_made_distance,5.9211639316547604e-05,extra_trees_all_leaf50,2018
lag1_fg_missed_distance,5.075283369992967e-05,extra_trees_all_leaf50,2018
lag1_pat_made,-5.9211639316547604e-05,extra_trees_all_leaf50,2018
lag1_pat_att,4.6523430891509676e-05,extra_trees_all_leaf50,2018
lag1_pat_missed,0.0,extra_trees_all_leaf50,2018
lag1_pat_blocked,0.0,extra_trees_all_leaf50,2018
lag1_gwfg_made,0.0,extra_trees_all_leaf50,2018
lag1_gwfg_att,4.229402808197946e-06,extra_trees_all_leaf50,2018
lag1_gwfg_missed,0.0,extra_trees_all_leaf50,2018
lag1_gwfg_blocked,0.0,extra_trees_all_leaf50,2018
lag1_gwfg_distance,0.0,extra_trees_all_leaf50,2018
lag1_targets,-0.000740145491456623,extra_trees_all_leaf50,2018
lag1_passing_air_yards,-0.00021569954322464557,extra_trees_all_leaf50,2018
lag1_passing_yards_after_catch,0.0,extra_trees_all_leaf50,2018
lag1_receiving_air_yards,-6.344104212485657e-05,extra_trees_all_leaf50,2018
lag1_receiving_yards_after_catch,0.0012941972593469853,extra_trees_all_leaf50,2018
lag1_games,0.0038043478260868513,extra_trees_all_leaf50,2018
lag1_roster_weeks,0.00035949923870748357,extra_trees_all_leaf50,2018
lag1_offense_snaps,-0.000602689900186193,extra_trees_all_leaf50,2018
lag2_history_available,-0.00021781424462874455,extra_trees_all_leaf50,2018
lag2_completions,3.806462527478072e-05,extra_trees_all_leaf50,2018
lag2_attempts,-4.229402808419991e-06,extra_trees_all_leaf50,2018
lag2_passing_yards,-7.612925055000552e-05,extra_trees_all_leaf50,2018
lag2_passing_tds,0.0,extra_trees_all_leaf50,2018
lag2_passing_interceptions,0.0,extra_trees_all_leaf50,2018
lag2_sacks_suffered,0.0,extra_trees_all_leaf50,2018
lag2_sack_yards_lost,-8.035865335820347e-05,extra_trees_all_leaf50,2018
lag2_sack_fumbles,-5.4982236508238636e-05,extra_trees_all_leaf50,2018
lag2_sack_fumbles_lost,-7.189984774158553e-05,extra_trees_all_leaf50,2018
lag2_passing_first_downs,-2.1147014041655865e-05,extra_trees_all_leaf50,2018
lag2_passing_10,-2.1147014041766887e-05,extra_trees_all_leaf50,2018
lag2_passing_16,-2.220446049250313e-16,extra_trees_all_leaf50,2018
lag2_passing_20,-3.383522246669379e-05,extra_trees_all_leaf50,2018
lag2_passing_40,-4.229402808419991e-06,extra_trees_all_leaf50,2018
lag2_carries,4.229402808197946e-06,extra_trees_all_leaf50,2018
lag2_rushing_yards,-7.61292505498945e-05,extra_trees_all_leaf50,2018
lag2_rushing_tds,-8.035865335820347e-05,extra_trees_all_leaf50,2018
lag2_rushing_fumbles,-1.1102230246251565e-16,extra_trees_all_leaf50,2018
lag2_rushing_fumbles_lost,0.00014379969548306004,extra_trees_all_leaf50,2018
lag2_rushing_first_downs,-0.0001776349179496428,extra_trees_all_leaf50,2018
lag2_rushing_10,-0.00013957029267464005,extra_trees_all_leaf50,2018
lag2_rushing_12,-0.000152258501099789,extra_trees_all_leaf50,2018
lag2_rushing_20,-0.00012688208424982417,extra_trees_all_leaf50,2018
lag2_rushing_40,0.0,extra_trees_all_leaf50,2018
lag2_receptions,-2.5376416849964833e-05,extra_trees_all_leaf50,2018
lag2_receiving_yards,8.88174589748214e-05,extra_trees_all_leaf50,2018
lag2_receiving_tds,0.00015437320250366593,extra_trees_all_leaf50,2018
lag2_receiving_fumbles,-0.00012688208424971315,extra_trees_all_leaf50,2018
lag2_receiving_fumbles_lost,0.0,extra_trees_all_leaf50,2018
lag2_receiving_first_downs,7.612925054978348e-05,extra_trees_all_leaf50,2018
lag2_receiving_10,-6.34410421249676e-05,extra_trees_all_leaf50,2018
lag2_receiving_16,-0.0001332261884622321,extra_trees_all_leaf50,2018
lag2_receiving_20,0.00015014379969535696,extra_trees_all_leaf50,2018
lag2_receiving_40,-3.806462527489174e-05,extra_trees_all_leaf50,2018
lag2_special_teams_tds,0.0,extra_trees_all_leaf50,2018
lag2_fumbles_total,-0.00019032312637468074,extra_trees_all_leaf50,2018
lag2_fumbles_lost_total,-0.00013111148705813314,extra_trees_all_leaf50,2018
lag2_punt_returns,0.0,extra_trees_all_leaf50,2018
lag2_punt_return_yards,0.0,extra_trees_all_leaf50,2018
lag2_kickoff_returns,4.2294028083089685e-06,extra_trees_all_leaf50,2018
lag2_kickoff_return_yards,-6.344104212485657e-05,extra_trees_all_leaf50,2018
lag2_fg_made,-4.229402808419991e-06,extra_trees_all_leaf50,2018
lag2_fg_att,-1.2688208425037928e-05,extra_trees_all_leaf50,2018
lag2_fg_missed,4.229402808197946e-06,extra_trees_all_leaf50,2018
lag2_fg_blocked,0.0,extra_trees_all_leaf50,2018
lag2_fg_made_0_19,0.0,extra_trees_all_leaf50,2018
lag2_fg_made_20_29,-4.229402808419991e-06,extra_trees_all_leaf50,2018
lag2_fg_made_30_39,0.0,extra_trees_all_leaf50,2018
lag2_fg_made_40_49,0.0,extra_trees_all_leaf50,2018
lag2_fg_made_50_59,0.0,extra_trees_all_leaf50,2018
lag2_fg_made_60_,0.0,extra_trees_all_leaf50,2018
lag2_fg_missed_0_19,0.0,extra_trees_all_leaf50,2018
lag2_fg_missed_20_29,0.0,extra_trees_all_leaf50,2018
lag2_fg_missed_30_39,0.0,extra_trees_all_leaf50,2018
lag2_fg_missed_40_49,0.0,extra_trees_all_leaf50,2018
lag2_fg_missed_50_59,-1.2688208425037928e-05,extra_trees_all_leaf50,2018
lag2_fg_missed_60_,0.0,extra_trees_all_leaf50,2018
lag2_fg_made_distance,0.0,extra_trees_all_leaf50,2018
lag2_fg_missed_distance,-1.2688208425037928e-05,extra_trees_all_leaf50,2018
lag2_pat_made,-4.229402808419991e-06,extra_trees_all_leaf50,2018
lag2_pat_att,0.0,extra_trees_all_leaf50,2018
lag2_pat_missed,0.0,extra_trees_all_leaf50,2018
lag2_pat_blocked,0.0,extra_trees_all_leaf50,2018
lag2_gwfg_made,-1.691761123345792e-05,extra_trees_all_leaf50,2018
lag2_gwfg_att,0.0,extra_trees_all_leaf50,2018
lag2_gwfg_missed,0.0,extra_trees_all_leaf50,2018
lag2_gwfg_blocked,0.0,extra_trees_all_leaf50,2018
lag2_gwfg_distance,-8.458805616617937e-06,extra_trees_all_leaf50,2018
lag2_targets,0.00010996447301636625,extra_trees_all_leaf50,2018
lag2_passing_air_yards,-1.2688208425037928e-05,extra_trees_all_leaf50,2018
lag2_passing_yards_after_catch,-0.00011842327863309521,extra_trees_all_leaf50,2018
lag2_receiving_air_yards,2.3261715445643816e-05,extra_trees_all_leaf50,2018
lag2_receiving_yards_after_catch,-0.00012688208424971315,extra_trees_all_leaf50,2018
lag2_games,0.00031297580781586287,extra_trees_all_leaf50,2018
lag2_roster_weeks,-8.035865335820347e-05,extra_trees_all_leaf50,2018
lag2_offense_snaps,0.0007972424293689606,extra_trees_all_leaf50,2018
lag3_history_available,0.0003404669260699267,extra_trees_all_leaf50,2018
lag3_completions,0.0,extra_trees_all_leaf50,2018
lag3_attempts,-6.767044493316554e-05,extra_trees_all_leaf50,2018
lag3_passing_yards,-2.537641684985381e-05,extra_trees_all_leaf50,2018
lag3_passing_tds,-0.00010573507020805728,extra_trees_all_leaf50,2018
lag3_passing_interceptions,0.0,extra_trees_all_leaf50,2018
lag3_sacks_suffered,0.0,extra_trees_all_leaf50,2018
lag3_sack_yards_lost,0.0,extra_trees_all_leaf50,2018
lag3_sack_fumbles,0.0,extra_trees_all_leaf50,2018
lag3_sack_fumbles_lost,0.0,extra_trees_all_leaf50,2018
lag3_passing_first_downs,-1.6917611233235874e-05,extra_trees_all_leaf50,2018
lag3_passing_10,-7.61292505498945e-05,extra_trees_all_leaf50,2018
lag3_passing_16,0.0,extra_trees_all_leaf50,2018
lag3_passing_20,0.0,extra_trees_all_leaf50,2018
lag3_passing_40,-8.035865335820347e-05,extra_trees_all_leaf50,2018
lag3_carries,-0.0001332261884622321,extra_trees_all_leaf50,2018
lag3_rushing_yards,-0.00011207917442068727,extra_trees_all_leaf50,2018
lag3_rushing_tds,4.2294028083089685e-05,extra_trees_all_leaf50,2018
lag3_rushing_fumbles,-6.767044493327656e-05,extra_trees_all_leaf50,2018
lag3_rushing_fumbles_lost,-4.229402808331173e-05,extra_trees_all_leaf50,2018
lag3_rushing_first_downs,-6.767044493316554e-05,extra_trees_all_leaf50,2018
lag3_rushing_10,-0.00021992894603284352,extra_trees_all_leaf50,2018
lag3_rushing_12,-4.65234308916207e-05,extra_trees_all_leaf50,2018
lag3_rushing_20,-4.229402808320071e-05,extra_trees_all_leaf50,2018
lag3_rushing_40,0.0,extra_trees_all_leaf50,2018
lag3_receptions,0.00018609372356626075,extra_trees_all_leaf50,2018
lag3_receiving_yards,-0.00012265268144129315,extra_trees_all_leaf50,2018
lag3_receiving_tds,-0.0001226526814415152,extra_trees_all_leaf50,2018
lag3_receiving_fumbles,0.00012265268144129315,extra_trees_all_leaf50,2018
lag3_receiving_fumbles_lost,0.0,extra_trees_all_leaf50,2018
lag3_receiving_first_downs,-0.000152258501099789,extra_trees_all_leaf50,2018
lag3_receiving_10,-6.767044493327656e-05,extra_trees_all_leaf50,2018
lag3_receiving_16,-4.229402808419991e-06,extra_trees_all_leaf50,2018
lag3_receiving_20,-2.1147014041766887e-05,extra_trees_all_leaf50,2018
lag3_receiving_40,-8.035865335820347e-05,extra_trees_all_leaf50,2018
lag3_special_teams_tds,0.0,extra_trees_all_leaf50,2018
lag3_fumbles_total,8.458805616617937e-06,extra_trees_all_leaf50,2018
lag3_fumbles_lost_total,-6.34410421249676e-05,extra_trees_all_leaf50,2018
lag3_punt_returns,0.0,extra_trees_all_leaf50,2018
lag3_punt_return_yards,-3.806462527489174e-05,extra_trees_all_leaf50,2018
lag3_kickoff_returns,4.2294028083089685e-06,extra_trees_all_leaf50,2018
lag3_kickoff_return_yards,9.727626459143934e-05,extra_trees_all_leaf50,2018
lag3_fg_made,0.0,extra_trees_all_leaf50,2018
lag3_fg_att,-8.458805616617937e-06,extra_trees_all_leaf50,2018
lag3_fg_missed,0.0,extra_trees_all_leaf50,2018
lag3_fg_blocked,0.0,extra_trees_all_leaf50,2018
lag3_fg_made_0_19,0.0,extra_trees_all_leaf50,2018
lag3_fg_made_20_29,1.6917611233235874e-05,extra_trees_all_leaf50,2018
lag3_fg_made_30_39,0.0,extra_trees_all_leaf50,2018
lag3_fg_made_40_49,-2.1147014041655865e-05,extra_trees_all_leaf50,2018
lag3_fg_made_50_59,0.0,extra_trees_all_leaf50,2018
lag3_fg_made_60_,0.0,extra_trees_all_leaf50,2018
lag3_fg_missed_0_19,0.0,extra_trees_all_leaf50,2018
lag3_fg_missed_20_29,0.0,extra_trees_all_leaf50,2018
lag3_fg_missed_30_39,0.0,extra_trees_all_leaf50,2018
lag3_fg_missed_40_49,0.0,extra_trees_all_leaf50,2018
lag3_fg_missed_50_59,0.0,extra_trees_all_leaf50,2018
lag3_fg_missed_60_,0.0,extra_trees_all_leaf50,2018
lag3_fg_made_distance,0.0,extra_trees_all_leaf50,2018
lag3_fg_missed_distance,0.0,extra_trees_all_leaf50,2018
lag3_pat_made,0.0,extra_trees_all_leaf50,2018
lag3_pat_att,-8.458805616617937e-06,extra_trees_all_leaf50,2018
lag3_pat_missed,0.0,extra_trees_all_leaf50,2018
lag3_pat_blocked,0.0,extra_trees_all_leaf50,2018
lag3_gwfg_made,0.0,extra_trees_all_leaf50,2018
lag3_gwfg_att,0.0,extra_trees_all_leaf50,2018
lag3_gwfg_missed,0.0,extra_trees_all_leaf50,2018
lag3_gwfg_blocked,0.0,extra_trees_all_leaf50,2018
lag3_gwfg_distance,0.0,extra_trees_all_leaf50,2018
lag3_targets,-8.881745897493243e-05,extra_trees_all_leaf50,2018
lag3_passing_air_yards,0.0,extra_trees_all_leaf50,2018
lag3_passing_yards_after_catch,0.0,extra_trees_all_leaf50,2018
lag3_receiving_air_yards,-0.00035949923870748357,extra_trees_all_leaf50,2018
lag3_receiving_yards_after_catch,-1.6917611233346896e-05,extra_trees_all_leaf50,2018
lag3_games,0.00033200812045330874,extra_trees_all_leaf50,2018
lag3_roster_weeks,1.0573507020605888e-05,extra_trees_all_leaf50,2018
lag3_offense_snaps,-0.0001226526814415152,extra_trees_all_leaf50,2018
lag4_history_available,-0.00035315513449507563,extra_trees_all_leaf50,2018
lag4_completions,-8.45880561672896e-06,extra_trees_all_leaf50,2018
lag4_attempts,2.5376416849964833e-05,extra_trees_all_leaf50,2018
lag4_passing_yards,0.0,extra_trees_all_leaf50,2018
lag4_passing_tds,0.0,extra_trees_all_leaf50,2018
lag4_passing_interceptions,0.0,extra_trees_all_leaf50,2018
lag4_sacks_suffered,0.0,extra_trees_all_leaf50,2018
lag4_sack_yards_lost,3.383522246647175e-05,extra_trees_all_leaf50,2018
lag4_sack_fumbles,0.0,extra_trees_all_leaf50,2018
lag4_sack_fumbles_lost,0.0,extra_trees_all_leaf50,2018
lag4_passing_first_downs,3.383522246647175e-05,extra_trees_all_leaf50,2018
lag4_passing_10,-4.229402808419991e-06,extra_trees_all_leaf50,2018
lag4_passing_16,-2.1147014041655865e-05,extra_trees_all_leaf50,2018
lag4_passing_20,4.229402808197946e-06,extra_trees_all_leaf50,2018
lag4_passing_40,-4.2294028083089685e-06,extra_trees_all_leaf50,2018
lag4_carries,2.1147014041544843e-05,extra_trees_all_leaf50,2018
lag4_rushing_yards,-4.652343089173172e-05,extra_trees_all_leaf50,2018
lag4_rushing_tds,6.344104212296919e-06,extra_trees_all_leaf50,2018
lag4_rushing_fumbles,0.0,extra_trees_all_leaf50,2018
lag4_rushing_fumbles_lost,0.0,extra_trees_all_leaf50,2018
lag4_rushing_first_downs,-3.383522246669379e-05,extra_trees_all_leaf50,2018
lag4_rushing_10,-4.229402808419991e-06,extra_trees_all_leaf50,2018
lag4_rushing_12,-3.806462527489174e-05,extra_trees_all_leaf50,2018
lag4_rushing_20,-4.2294028083089685e-06,extra_trees_all_leaf50,2018
lag4_rushing_40,0.0,extra_trees_all_leaf50,2018
lag4_receptions,4.017932667899071e-05,extra_trees_all_leaf50,2018
lag4_receiving_yards,-2.9605819658384824e-05,extra_trees_all_leaf50,2018
lag4_receiving_tds,1.6917611233235874e-05,extra_trees_all_leaf50,2018
lag4_receiving_fumbles,1.2688208424815883e-05,extra_trees_all_leaf50,2018
lag4_receiving_fumbles_lost,2.1147014041655865e-05,extra_trees_all_leaf50,2018
lag4_receiving_first_downs,0.00010996447301636625,extra_trees_all_leaf50,2018
lag4_receiving_10,-2.1147014043210177e-06,extra_trees_all_leaf50,2018
lag4_receiving_16,0.0,extra_trees_all_leaf50,2018
lag4_receiving_20,-2.5376416849964833e-05,extra_trees_all_leaf50,2018
lag4_receiving_40,0.00017340551514122282,extra_trees_all_leaf50,2018
lag4_special_teams_tds,0.0,extra_trees_all_leaf50,2018
lag4_fumbles_total,-2.5376416849964833e-05,extra_trees_all_leaf50,2018
lag4_fumbles_lost_total,-9.30468617832414e-05,extra_trees_all_leaf50,2018
lag4_punt_returns,0.0,extra_trees_all_leaf50,2018
lag4_punt_return_yards,0.0,extra_trees_all_leaf50,2018
lag4_kickoff_returns,-1.6917611233346896e-05,extra_trees_all_leaf50,2018
lag4_kickoff_return_yards,-4.2294028083089685e-06,extra_trees_all_leaf50,2018
lag4_fg_made,0.0,extra_trees_all_leaf50,2018
lag4_fg_att,-4.229402808419991e-06,extra_trees_all_leaf50,2018
lag4_fg_missed,0.0,extra_trees_all_leaf50,2018
lag4_fg_blocked,0.0,extra_trees_all_leaf50,2018
lag4_fg_made_0_19,0.0,extra_trees_all_leaf50,2018
lag4_fg_made_20_29,0.0,extra_trees_all_leaf50,2018
lag4_fg_made_30_39,0.0,extra_trees_all_leaf50,2018
lag4_fg_made_40_49,1.2688208425037928e-05,extra_trees_all_leaf50,2018
lag4_fg_made_50_59,0.0,extra_trees_all_leaf50,2018
lag4_fg_made_60_,0.0,extra_trees_all_leaf50,2018
lag4_fg_missed_0_19,0.0,extra_trees_all_leaf50,2018
lag4_fg_missed_20_29,0.0,extra_trees_all_leaf50,2018
lag4_fg_missed_30_39,-8.458805616617937e-06,extra_trees_all_leaf50,2018
lag4_fg_missed_40_49,0.0,extra_trees_all_leaf50,2018
lag4_fg_missed_50_59,0.0,extra_trees_all_leaf50,2018
lag4_fg_missed_60_,0.0,extra_trees_all_leaf50,2018
lag4_fg_made_distance,0.0,extra_trees_all_leaf50,2018
lag4_fg_missed_distance,0.0,extra_trees_all_leaf50,2018
lag4_pat_made,4.229402808197946e-06,extra_trees_all_leaf50,2018
lag4_pat_att,0.0,extra_trees_all_leaf50,2018
lag4_pat_missed,0.0,extra_trees_all_leaf50,2018
lag4_pat_blocked,0.0,extra_trees_all_leaf50,2018
lag4_gwfg_made,-4.229402808419991e-06,extra_trees_all_leaf50,2018
lag4_gwfg_att,0.0,extra_trees_all_leaf50,2018
lag4_gwfg_missed,0.0,extra_trees_all_leaf50,2018
lag4_gwfg_blocked,0.0,extra_trees_all_leaf50,2018
lag4_gwfg_distance,-3.383522246669379e-05,extra_trees_all_leaf50,2018
lag4_targets,6.34410421249676e-05,extra_trees_all_leaf50,2018
lag4_passing_air_yards,0.0,extra_trees_all_leaf50,2018
lag4_passing_yards_after_catch,4.2294028083089685e-06,extra_trees_all_leaf50,2018
lag4_receiving_air_yards,-0.00024953476569122834,extra_trees_all_leaf50,2018
lag4_receiving_yards_after_catch,-5.0752833699818645e-05,extra_trees_all_leaf50,2018
lag4_games,0.00020724073760769457,extra_trees_all_leaf50,2018
lag4_roster_weeks,-6.555574352906657e-05,extra_trees_all_leaf50,2018
lag4_offense_snaps,0.0,extra_trees_all_leaf50,2018
lag1_completion_rate,-8.45880561672896e-06,extra_trees_all_leaf50,2018
lag1_pass_yards_per_attempt,-8.458805616617937e-06,extra_trees_all_leaf50,2018
lag1_pass_td_rate,0.0,extra_trees_all_leaf50,2018
lag1_interception_rate,6.767044493305452e-05,extra_trees_all_leaf50,2018
lag1_rush_yards_per_carry,-0.00012265268144140418,extra_trees_all_leaf50,2018
lag1_rush_first_down_rate,6.344104212518964e-06,extra_trees_all_leaf50,2018
lag1_rush_20_rate,-1.268820842514895e-05,extra_trees_all_leaf50,2018
lag1_receiving_yards_per_reception,-0.00023473185586209144,extra_trees_all_leaf50,2018
lag1_receiving_first_down_rate,-0.0016684994078836057,extra_trees_all_leaf50,2018
lag1_receiving_20_rate,0.0005350194552528054,extra_trees_all_leaf50,2018
lag1_field_goal_make_rate,2.9605819658273802e-05,extra_trees_all_leaf50,2018
lag1_made_field_goal_mean_distance,-0.00018186432075795178,extra_trees_all_leaf50,2018
lag1_missed_field_goal_mean_distance,-0.00042082557942824117,extra_trees_all_leaf50,2018
lag1_pat_make_rate,0.0002495347656910063,extra_trees_all_leaf50,2018
lag1_catch_rate,0.0015627643376754374,extra_trees_all_leaf50,2018
lag1_receiving_yards_per_target,0.0005075283369987416,extra_trees_all_leaf50,2018
lag1_receiving_air_yards_per_target,3.1720521062372775e-05,extra_trees_all_leaf50,2018
lag1_receiving_yards_after_catch_per_reception,-8.035865335831449e-05,extra_trees_all_leaf50,2018
lag1_passing_air_yards_per_attempt,-2.9605819658273802e-05,extra_trees_all_leaf50,2018
lag1_passing_yards_after_catch_per_completion,1.6917611233235874e-05,extra_trees_all_leaf50,2018
lag2_completion_rate,0.0,extra_trees_all_leaf50,2018
lag2_pass_yards_per_attempt,0.0,extra_trees_all_leaf50,2018
lag2_pass_td_rate,2.9605819658273802e-05,extra_trees_all_leaf50,2018
lag2_interception_rate,0.0,extra_trees_all_leaf50,2018
lag2_rush_yards_per_carry,1.2688208424926906e-05,extra_trees_all_leaf50,2018
lag2_rush_first_down_rate,5.921163931643658e-05,extra_trees_all_leaf50,2018
lag2_rush_20_rate,-8.45880561672896e-06,extra_trees_all_leaf50,2018
lag2_receiving_yards_per_reception,9.093216037892038e-05,extra_trees_all_leaf50,2018
lag2_receiving_first_down_rate,-0.00013957029267475107,extra_trees_all_leaf50,2018
lag2_receiving_20_rate,-5.075283370004069e-05,extra_trees_all_leaf50,2018
lag2_field_goal_make_rate,0.0,extra_trees_all_leaf50,2018
lag2_made_field_goal_mean_distance,-4.229402808419991e-06,extra_trees_all_leaf50,2018
lag2_missed_field_goal_mean_distance,1.6917611233235874e-05,extra_trees_all_leaf50,2018
lag2_pat_make_rate,0.0,extra_trees_all_leaf50,2018
lag2_catch_rate,-0.00037853155134492944,extra_trees_all_leaf50,2018
lag2_receiving_yards_per_target,-0.00013745559127054108,extra_trees_all_leaf50,2018
lag2_receiving_air_yards_per_target,-1.1102230246251565e-16,extra_trees_all_leaf50,2018
lag2_receiving_yards_after_catch_per_reception,-0.00021781424462863352,extra_trees_all_leaf50,2018
lag2_passing_air_yards_per_attempt,-4.2294028083089685e-06,extra_trees_all_leaf50,2018
lag2_passing_yards_after_catch_per_completion,-2.9605819658273802e-05,extra_trees_all_leaf50,2018
lag3_completion_rate,-1.691761123345792e-05,extra_trees_all_leaf50,2018
lag3_pass_yards_per_attempt,-1.2688208425037928e-05,extra_trees_all_leaf50,2018
lag3_pass_td_rate,0.0,extra_trees_all_leaf50,2018
lag3_interception_rate,0.0,extra_trees_all_leaf50,2018
lag3_rush_yards_per_carry,0.00016917611233291385,extra_trees_all_leaf50,2018
lag3_rush_first_down_rate,-1.691761123345792e-05,extra_trees_all_leaf50,2018
lag3_rush_20_rate,8.458805616617937e-06,extra_trees_all_leaf50,2018
lag3_receiving_yards_per_reception,-0.00010150566739985933,extra_trees_all_leaf50,2018
lag3_receiving_first_down_rate,-0.00013111148705802211,extra_trees_all_leaf50,2018
lag3_receiving_20_rate,2.537641684985381e-05,extra_trees_all_leaf50,2018
lag3_field_goal_make_rate,3.383522246658277e-05,extra_trees_all_leaf50,2018
lag3_made_field_goal_mean_distance,-6.767044493327656e-05,extra_trees_all_leaf50,2018
lag3_missed_field_goal_mean_distance,-2.5376416850075856e-05,extra_trees_all_leaf50,2018
lag3_pat_make_rate,0.0,extra_trees_all_leaf50,2018
lag3_catch_rate,0.00020724073760769457,extra_trees_all_leaf50,2018
lag3_receiving_yards_per_target,4.6523430891509676e-05,extra_trees_all_leaf50,2018
lag3_receiving_air_yards_per_target,-0.0004017932667907953,extra_trees_all_leaf50,2018
lag3_receiving_yards_after_catch_per_reception,-2.1147014041766887e-05,extra_trees_all_leaf50,2018
lag3_passing_air_yards_per_attempt,2.1147014041544843e-05,extra_trees_all_leaf50,2018
lag3_passing_yards_after_catch_per_completion,-3.383522246658277e-05,extra_trees_all_leaf50,2018
lag4_completion_rate,2.5376416849964833e-05,extra_trees_all_leaf50,2018
lag4_pass_yards_per_attempt,4.2294028083089685e-06,extra_trees_all_leaf50,2018
lag4_pass_td_rate,-8.45880561672896e-06,extra_trees_all_leaf50,2018
lag4_interception_rate,-1.6917611233235874e-05,extra_trees_all_leaf50,2018
lag4_rush_yards_per_carry,-7.189984774147451e-05,extra_trees_all_leaf50,2018
lag4_rush_first_down_rate,3.806462527478072e-05,extra_trees_all_leaf50,2018
lag4_rush_20_rate,-1.6917611233235874e-05,extra_trees_all_leaf50,2018
lag4_receiving_yards_per_reception,-9.09321603790314e-05,extra_trees_all_leaf50,2018
lag4_receiving_first_down_rate,-0.00030451700219935596,extra_trees_all_leaf50,2018
lag4_receiving_20_rate,3.806462527489174e-05,extra_trees_all_leaf50,2018
lag4_field_goal_make_rate,0.0,extra_trees_all_leaf50,2018
lag4_made_field_goal_mean_distance,-1.2688208425037928e-05,extra_trees_all_leaf50,2018
lag4_missed_field_goal_mean_distance,-4.229402808419991e-06,extra_trees_all_leaf50,2018
lag4_pat_make_rate,0.0,extra_trees_all_leaf50,2018
lag4_catch_rate,-9.727626459143934e-05,extra_trees_all_leaf50,2018
lag4_receiving_yards_per_target,-0.0005392488580613364,extra_trees_all_leaf50,2018
lag4_receiving_air_yards_per_target,-1.691761123345792e-05,extra_trees_all_leaf50,2018
lag4_receiving_yards_after_catch_per_reception,-8.035865335820347e-05,extra_trees_all_leaf50,2018
lag4_passing_air_yards_per_attempt,8.458805616617937e-06,extra_trees_all_leaf50,2018
lag4_passing_yards_after_catch_per_completion,-8.45880561672896e-06,extra_trees_all_leaf50,2018
lag1_late6_attempts,-0.00010996447301647727,extra_trees_all_leaf50,2018
lag1_weekly_slope_attempts,0.0,extra_trees_all_leaf50,2018
lag1_late6_mean_delta_attempts,0.0,extra_trees_all_leaf50,2018
lag1_late6_passing_yards,-2.1147014041655865e-05,extra_trees_all_leaf50,2018
lag1_weekly_slope_passing_yards,0.0,extra_trees_all_leaf50,2018
lag1_late6_mean_delta_passing_yards,0.0,extra_trees_all_leaf50,2018
lag1_late6_passing_first_downs,-5.4982236508238636e-05,extra_trees_all_leaf50,2018
lag1_weekly_slope_passing_first_downs,0.0,extra_trees_all_leaf50,2018
lag1_late6_mean_delta_passing_first_downs,0.0,extra_trees_all_leaf50,2018
lag1_late6_passing_20,-6.34410421249676e-05,extra_trees_all_leaf50,2018
lag1_weekly_slope_passing_20,0.0,extra_trees_all_leaf50,2018
lag1_late6_mean_delta_passing_20,0.0,extra_trees_all_leaf50,2018
lag1_late6_carries,-0.0003848756555575594,extra_trees_all_leaf50,2018
lag1_weekly_slope_carries,-5.498223650834966e-05,extra_trees_all_leaf50,2018
lag1_late6_mean_delta_carries,0.0,extra_trees_all_leaf50,2018
lag1_late6_rushing_yards,-8.881745897493243e-05,extra_trees_all_leaf50,2018
lag1_weekly_slope_rushing_yards,-2.5376416849964833e-05,extra_trees_all_leaf50,2018
lag1_late6_mean_delta_rushing_yards,4.2294028083089685e-06,extra_trees_all_leaf50,2018
lag1_late6_rushing_first_downs,-0.0001057350702081683,extra_trees_all_leaf50,2018
lag1_weekly_slope_rushing_first_downs,2.1147014041544843e-05,extra_trees_all_leaf50,2018
lag1_late6_mean_delta_rushing_first_downs,-4.229402808419991e-06,extra_trees_all_leaf50,2018
lag1_late6_rushing_20,0.0,extra_trees_all_leaf50,2018
lag1_weekly_slope_rushing_20,-4.229402808419991e-06,extra_trees_all_leaf50,2018
lag1_late6_mean_delta_rushing_20,0.0,extra_trees_all_leaf50,2018
lag1_late6_receptions,-0.0008205041448148265,extra_trees_all_leaf50,2018
lag1_weekly_slope_receptions,-0.00019878193199129868,extra_trees_all_leaf50,2018
lag1_late6_mean_delta_receptions,5.0752833699818645e-05,extra_trees_all_leaf50,2018
lag1_late6_receiving_yards,0.00024319066147859836,extra_trees_all_leaf50,2018
lag1_weekly_slope_receiving_yards,-5.4982236508238636e-05,extra_trees_all_leaf50,2018
lag1_late6_mean_delta_receiving_yards,-8.247335476241346e-05,extra_trees_all_leaf50,2018
lag1_late6_receiving_first_downs,-0.00029182879377442905,extra_trees_all_leaf50,2018
lag1_weekly_slope_receiving_first_downs,-0.000293943495178528,extra_trees_all_leaf50,2018
lag1_late6_mean_delta_receiving_first_downs,3.806462527489174e-05,extra_trees_all_leaf50,2018
lag1_late6_receiving_20,-0.000148029098291369,extra_trees_all_leaf50,2018
lag1_weekly_slope_receiving_20,6.767044493316554e-05,extra_trees_all_leaf50,2018
lag1_late6_mean_delta_receiving_20,-0.00012265268144140418,extra_trees_all_leaf50,2018
lag1_late6_punt_return_yards,0.0,extra_trees_all_leaf50,2018
lag1_weekly_slope_punt_return_yards,0.0,extra_trees_all_leaf50,2018
lag1_late6_mean_delta_punt_return_yards,0.0,extra_trees_all_leaf50,2018
lag1_late6_kickoff_return_yards,-2.1147014041655865e-05,extra_trees_all_leaf50,2018
lag1_weekly_slope_kickoff_return_yards,-4.229402808342275e-05,extra_trees_all_leaf50,2018
lag1_late6_mean_delta_kickoff_return_yards,0.0,extra_trees_all_leaf50,2018
lag1_late6_fg_made,4.2294028083089685e-06,extra_trees_all_leaf50,2018
lag1_weekly_slope_fg_made,0.0,extra_trees_all_leaf50,2018
lag1_late6_mean_delta_fg_made,0.0,extra_trees_all_leaf50,2018
lag1_late6_fg_att,-6.344104212507862e-05,extra_trees_all_leaf50,2018
lag1_weekly_slope_fg_att,0.0,extra_trees_all_leaf50,2018
lag1_late6_mean_delta_fg_att,-4.229402808419991e-06,extra_trees_all_leaf50,2018
lag1_late6_pat_att,4.229402808197946e-06,extra_trees_all_leaf50,2018
lag1_weekly_slope_pat_att,0.0,extra_trees_all_leaf50,2018
lag1_late6_mean_delta_pat_att,4.229402808197946e-06,extra_trees_all_leaf50,2018
lag1_late6_targets,-0.00010362036880395831,extra_trees_all_leaf50,2018
lag1_weekly_slope_targets,-6.555574352895555e-05,extra_trees_all_leaf50,2018
lag1_late6_mean_delta_targets,2.114701403987951e-06,extra_trees_all_leaf50,2018
lag1_late6_passing_air_yards,1.6917611233235874e-05,extra_trees_all_leaf50,2018
lag1_weekly_slope_passing_air_yards,0.0,extra_trees_all_leaf50,2018
lag1_late6_mean_delta_passing_air_yards,0.0,extra_trees_all_leaf50,2018
lag1_late6_passing_yards_after_catch,-3.806462527500276e-05,extra_trees_all_leaf50,2018
lag1_weekly_slope_passing_yards_after_catch,0.0,extra_trees_all_leaf50,2018
lag1_late6_mean_delta_passing_yards_after_catch,0.0,extra_trees_all_leaf50,2018
lag1_late6_receiving_air_yards,-9.727626459155037e-05,extra_trees_all_leaf50,2018
lag1_weekly_slope_receiving_air_yards,-4.65234308916207e-05,extra_trees_all_leaf50,2018
lag1_late6_mean_delta_receiving_air_yards,-5.286753510413966e-05,extra_trees_all_leaf50,2018
lag1_late6_receiving_yards_after_catch,-0.00016071730671629592,extra_trees_all_leaf50,2018
lag1_weekly_slope_receiving_yards_after_catch,-5.075283369992967e-05,extra_trees_all_leaf50,2018
lag1_late6_mean_delta_receiving_yards_after_catch,-4.44087294874107e-05,extra_trees_all_leaf50,2018
position_K,-0.0018271020131956917,extra_trees_all_leaf50,2018
injury_lag2_injury_reported,5.709693791233761e-05,extra_trees_all_leaf50,2018
injury_lag2_injury_report_weeks,-0.00014379969548306004,extra_trees_all_leaf50,2018
injury_lag2_designation_count,4.863813229571967e-05,extra_trees_all_leaf50,2018
injury_lag3_injury_reported,7.612925054967246e-05,extra_trees_all_leaf50,2018
injury_lag3_injury_report_weeks,4.2294028083089685e-05,extra_trees_all_leaf50,2018
injury_lag3_designation_count,9.093216037880936e-05,extra_trees_all_leaf50,2018
injury_lag4_injury_reported,-1.6917611233346896e-05,extra_trees_all_leaf50,2018
injury_lag4_injury_report_weeks,4.6523430891509676e-05,extra_trees_all_leaf50,2018
injury_lag4_designation_count,8.035865335809245e-05,extra_trees_all_leaf50,2018
injury_lag5_injury_reported,0.0001903231263744587,extra_trees_all_leaf50,2018
injury_lag5_injury_report_weeks,0.0,extra_trees_all_leaf50,2018
injury_lag5_designation_count,4.2294028083089685e-06,extra_trees_all_leaf50,2018
injury_lag1_reserve_weeks,-0.002336745051598643,extra_trees_all_leaf50,2018
injury_lag2_reserve_weeks,0.0,extra_trees_all_leaf50,2018
injury_lag3_reserve_weeks,0.0,extra_trees_all_leaf50,2018
injury_lag4_reserve_weeks,0.0,extra_trees_all_leaf50,2018
injury_lag2_absence_report_weeks,4.229402808197946e-06,extra_trees_all_leaf50,2018
injury_lag2_absence_reported,-0.00012265268144140418,extra_trees_all_leaf50,2018
injury_lag3_absence_report_weeks,-8.035865335809245e-05,extra_trees_all_leaf50,2018
injury_lag3_absence_reported,0.00010996447301647727,extra_trees_all_leaf50,2018
injury_lag4_absence_report_weeks,0.0,extra_trees_all_leaf50,2018
injury_lag4_absence_reported,-0.00011842327863298419,extra_trees_all_leaf50,2018
injury_lag5_absence_report_weeks,0.0,extra_trees_all_leaf50,2018
injury_lag5_absence_reported,0.0,extra_trees_all_leaf50,2018
lag1_targets_per_game,-0.0001776349179496428,extra_trees_all_leaf50,2018
lag1_carries_per_game,-0.0004165961766200432,extra_trees_all_leaf50,2018
lag1_receptions_per_game,-0.000293943495178528,extra_trees_all_leaf50,2018
lag1_attempts_per_game,-4.229402808419991e-06,extra_trees_all_leaf50,2018
lag1_receiving_yards_per_game,0.00020935543901190456,extra_trees_all_leaf50,2018
lag1_rushing_yards_per_game,-0.0008247335476231354,extra_trees_all_leaf50,2018
lag1_passing_yards_per_game,-5.498223650834966e-05,extra_trees_all_leaf50,2018
lag1_offense_snaps_per_game,-4.863813229571967e-05,extra_trees_all_leaf50,2018
lag1_share_targets_prior_team,0.0003404669260699267,extra_trees_all_leaf50,2018
lag1_share_carries_prior_team,-0.0009410421248519096,extra_trees_all_leaf50,2018
lag1_share_receptions_prior_team,0.00024530536288269733,extra_trees_all_leaf50,2018
lag1_share_attempts_prior_team,-5.4982236508238636e-05,extra_trees_all_leaf50,2018
age,0.00038402457757291675,extra_trees_all_leaf50,2019
missing_age,0.002552286423254113,extra_trees_all_leaf50,2019
years_exp,-0.0003269132301390032,extra_trees_all_leaf50,2019
missing_years_exp,0.0,extra_trees_all_leaf50,2019
height,-0.00021072117846299143,extra_trees_all_leaf50,2019
missing_height,0.0,extra_trees_all_leaf50,2019
weight,0.0005908070424199829,extra_trees_all_leaf50,2019
missing_weight,0.0,extra_trees_all_leaf50,2019
draft_number,0.001963448737642315,extra_trees_all_leaf50,2019
missing_draft_number,0.004314860766473694,extra_trees_all_leaf50,2019
draft_round,0.0043109220528576575,extra_trees_all_leaf50,2019
missing_draft_round,-0.0006183780377329029,extra_trees_all_leaf50,2019
was_drafted,-0.0008251605025798581,extra_trees_all_leaf50,2019
missing_was_drafted,0.0,extra_trees_all_leaf50,2019
is_rookie,0.007800622316751382,extra_trees_all_leaf50,2019
missing_is_rookie,0.0,extra_trees_all_leaf50,2019
missing_team_changed,0.0,extra_trees_all_leaf50,2019
combine_forty,-0.0010851156012445795,extra_trees_all_leaf50,2019
missing_combine_forty,-0.0007247233053684354,extra_trees_all_leaf50,2019
combine_bench,-0.000584898971995651,extra_trees_all_leaf50,2019
missing_combine_bench,0.0026212139115364685,extra_trees_all_leaf50,2019
combine_vertical,0.00011619205167590074,extra_trees_all_leaf50,2019
missing_combine_vertical,0.00024026153058420707,extra_trees_all_leaf50,2019
combine_broad_jump,-0.0005533892630666948,extra_trees_all_leaf50,2019
missing_combine_broad_jump,-7.680491551464996e-05,extra_trees_all_leaf50,2019
combine_cone,-0.0005908070424198719,extra_trees_all_leaf50,2019
missing_combine_cone,0.00017921146953403522,extra_trees_all_leaf50,2019
combine_shuttle,-0.0004687069203198613,extra_trees_all_leaf50,2019
missing_combine_shuttle,7.877427232294565e-06,extra_trees_all_leaf50,2019
position_QB,-0.0002382921737760224,extra_trees_all_leaf50,2019
position_RB,-0.00019693568080658697,extra_trees_all_leaf50,2019
position_WR,0.0013588561975659275,extra_trees_all_leaf50,2019
position_TE,0.0006144393241168666,extra_trees_all_leaf50,2019
lag1_history_available,0.004624049785340145,extra_trees_all_leaf50,2019
lag1_completions,-0.0001102839812515688,extra_trees_all_leaf50,2019
lag1_attempts,-4.332584977739806e-05,extra_trees_all_leaf50,2019
lag1_passing_yards,-2.7570995312808932e-05,extra_trees_all_leaf50,2019
lag1_passing_tds,-4.726456339343432e-05,extra_trees_all_leaf50,2019
lag1_passing_interceptions,0.0,extra_trees_all_leaf50,2019
lag1_sacks_suffered,-7.877427232261258e-05,extra_trees_all_leaf50,2019
lag1_sack_yards_lost,-3.544842254521452e-05,extra_trees_all_leaf50,2019
lag1_sack_fumbles,-2.363228169666165e-05,extra_trees_all_leaf50,2019
lag1_sack_fumbles_lost,0.0,extra_trees_all_leaf50,2019
lag1_passing_first_downs,-3.93871361603626e-06,extra_trees_all_leaf50,2019
lag1_passing_10,-8.46823427468335e-05,extra_trees_all_leaf50,2019
lag1_passing_16,-1.1816140848330825e-05,extra_trees_all_leaf50,2019
lag1_passing_20,-1.5754854464478107e-05,extra_trees_all_leaf50,2019
lag1_passing_40,0.0,extra_trees_all_leaf50,2019
lag1_carries,-0.0002737405963211259,extra_trees_all_leaf50,2019
lag1_rushing_yards,-0.00044310528181490394,extra_trees_all_leaf50,2019
lag1_rushing_tds,-0.00010240655401927423,extra_trees_all_leaf50,2019
lag1_rushing_fumbles,-0.0008743944227814771,extra_trees_all_leaf50,2019
lag1_rushing_fumbles_lost,-7.877427232261258e-05,extra_trees_all_leaf50,2019
lag1_rushing_first_downs,-0.00039387136161328495,extra_trees_all_leaf50,2019
lag1_rushing_10,2.1662924888810053e-05,extra_trees_all_leaf50,2019
lag1_rushing_12,-0.0003367600141792604,extra_trees_all_leaf50,2019
lag1_rushing_20,-0.0006932135964393682,extra_trees_all_leaf50,2019
lag1_rushing_40,1.1102230246251565e-16,extra_trees_all_leaf50,2019
lag1_receptions,0.0002717712395132743,extra_trees_all_leaf50,2019
lag1_receiving_yards,0.0005494505494505475,extra_trees_all_leaf50,2019
lag1_receiving_tds,-2.363228169666165e-05,extra_trees_all_leaf50,2019
lag1_receiving_fumbles,4.3325849777509085e-05,extra_trees_all_leaf50,2019
lag1_receiving_fumbles_lost,-3.1509708928956215e-05,extra_trees_all_leaf50,2019
lag1_receiving_first_downs,0.0006735200283587428,extra_trees_all_leaf50,2019
lag1_receiving_10,0.000901965418094508,extra_trees_all_leaf50,2019
lag1_receiving_16,0.00020678246484695517,extra_trees_all_leaf50,2019
lag1_receiving_20,0.0008684863523573672,extra_trees_all_leaf50,2019
lag1_receiving_40,0.00024813895781650164,extra_trees_all_leaf50,2019
lag1_special_teams_tds,0.0,extra_trees_all_leaf50,2019
lag1_fumbles_total,-0.0003229745165228559,extra_trees_all_leaf50,2019
lag1_fumbles_lost_total,-0.0003072196620583778,extra_trees_all_leaf50,2019
lag1_punt_returns,-9.8467840403349e-05,extra_trees_all_leaf50,2019
lag1_punt_return_yards,-4.7264563393545345e-05,extra_trees_all_leaf50,2019
lag1_kickoff_returns,-3.9387136161472824e-06,extra_trees_all_leaf50,2019
lag1_kickoff_return_yards,2.3632281696772672e-05,extra_trees_all_leaf50,2019
lag1_fg_made,3.938713616258305e-06,extra_trees_all_leaf50,2019
lag1_fg_att,0.00011028398125179084,extra_trees_all_leaf50,2019
lag1_fg_missed,2.3632281696772672e-05,extra_trees_all_leaf50,2019
lag1_fg_blocked,0.0,extra_trees_all_leaf50,2019
lag1_fg_made_0_19,0.0,extra_trees_all_leaf50,2019
lag1_fg_made_20_29,4.5295206585582726e-05,extra_trees_all_leaf50,2019
lag1_fg_made_30_39,1.575485446458913e-05,extra_trees_all_leaf50,2019
lag1_fg_made_40_49,1.575485446458913e-05,extra_trees_all_leaf50,2019
lag1_fg_made_50_59,-3.9387136161472824e-06,extra_trees_all_leaf50,2019
lag1_fg_made_60_,0.0,extra_trees_all_leaf50,2019
lag1_fg_missed_0_19,0.0,extra_trees_all_leaf50,2019
lag1_fg_missed_20_29,0.0,extra_trees_all_leaf50,2019
lag1_fg_missed_30_39,0.0,extra_trees_all_leaf50,2019
lag1_fg_missed_40_49,2.3632281696772672e-05,extra_trees_all_leaf50,2019
lag1_fg_missed_50_59,-0.00028358738036160513,extra_trees_all_leaf50,2019
lag1_fg_missed_60_,0.0,extra_trees_all_leaf50,2019
lag1_fg_made_distance,3.150970892906724e-05,extra_trees_all_leaf50,2019
lag1_fg_missed_distance,0.0,extra_trees_all_leaf50,2019
lag1_pat_made,-1.1816140848330825e-05,extra_trees_all_leaf50,2019
lag1_pat_att,-1.9693568080514368e-05,extra_trees_all_leaf50,2019
lag1_pat_missed,0.0,extra_trees_all_leaf50,2019
lag1_pat_blocked,0.0,extra_trees_all_leaf50,2019
lag1_gwfg_made,1.5754854464478107e-05,extra_trees_all_leaf50,2019
lag1_gwfg_att,0.0,extra_trees_all_leaf50,2019
lag1_gwfg_missed,0.0,extra_trees_all_leaf50,2019
lag1_gwfg_blocked,0.0,extra_trees_all_leaf50,2019
lag1_gwfg_distance,0.0,extra_trees_all_leaf50,2019
lag1_targets,4.5295206585582726e-05,extra_trees_all_leaf50,2019
lag1_passing_air_yards,-0.0001890582535742924,extra_trees_all_leaf50,2019
lag1_passing_yards_after_catch,-7.089684509031802e-05,extra_trees_all_leaf50,2019
lag1_receiving_air_yards,0.000196935680806698,extra_trees_all_leaf50,2019
lag1_receiving_yards_after_catch,0.0003249438733310406,extra_trees_all_leaf50,2019
lag1_games,0.005975028555673667,extra_trees_all_leaf50,2019
lag1_roster_weeks,0.0015616999487967353,extra_trees_all_leaf50,2019
lag1_offense_snaps,0.003068257906967631,extra_trees_all_leaf50,2019
lag2_history_available,0.0007542636574896511,extra_trees_all_leaf50,2019
lag2_completions,-4.332584977728704e-05,extra_trees_all_leaf50,2019
lag2_attempts,0.0,extra_trees_all_leaf50,2019
lag2_passing_yards,-7.877427232183543e-06,extra_trees_all_leaf50,2019
lag2_passing_tds,0.0,extra_trees_all_leaf50,2019
lag2_passing_interceptions,7.877427232294565e-06,extra_trees_all_leaf50,2019
lag2_sacks_suffered,-1.5754854464478107e-05,extra_trees_all_leaf50,2019
lag2_sack_yards_lost,0.0,extra_trees_all_leaf50,2019
lag2_sack_fumbles,-3.150970892906724e-05,extra_trees_all_leaf50,2019
lag2_sack_fumbles_lost,1.1102230246251565e-16,extra_trees_all_leaf50,2019
lag2_passing_first_downs,7.877427232294565e-06,extra_trees_all_leaf50,2019
lag2_passing_10,1.1816140848441847e-05,extra_trees_all_leaf50,2019
lag2_passing_16,3.938713616258305e-06,extra_trees_all_leaf50,2019
lag2_passing_20,-1.1816140848330825e-05,extra_trees_all_leaf50,2019
lag2_passing_40,3.9387136161472824e-06,extra_trees_all_leaf50,2019
lag2_carries,1.772421127255175e-05,extra_trees_all_leaf50,2019
lag2_rushing_yards,-1.969356808062539e-05,extra_trees_all_leaf50,2019
lag2_rushing_tds,5.908070424198719e-05,extra_trees_all_leaf50,2019
lag2_rushing_fumbles,-0.00021269053527106507,extra_trees_all_leaf50,2019
lag2_rushing_fumbles_lost,9.059041317116545e-05,extra_trees_all_leaf50,2019
lag2_rushing_first_downs,-8.271298593875986e-05,extra_trees_all_leaf50,2019
lag2_rushing_10,-0.00022056796250335964,extra_trees_all_leaf50,2019
lag2_rushing_12,-0.000169364685493667,extra_trees_all_leaf50,2019
lag2_rushing_20,3.150970892917826e-05,extra_trees_all_leaf50,2019
lag2_rushing_40,0.0,extra_trees_all_leaf50,2019
lag2_receptions,7.483555870668734e-05,extra_trees_all_leaf50,2019
lag2_receiving_yards,2.7570995313030977e-05,extra_trees_all_leaf50,2019
lag2_receiving_tds,-0.0001890582535742924,extra_trees_all_leaf50,2019
lag2_receiving_fumbles,7.877427232183543e-06,extra_trees_all_leaf50,2019
lag2_receiving_fumbles_lost,7.877427232294565e-06,extra_trees_all_leaf50,2019
lag2_receiving_first_downs,-4.7264563393545345e-05,extra_trees_all_leaf50,2019
lag2_receiving_10,-0.00015360983102907788,extra_trees_all_leaf50,2019
lag2_receiving_16,-1.3785497656404466e-05,extra_trees_all_leaf50,2019
lag2_receiving_20,0.00014179369018085808,extra_trees_all_leaf50,2019
lag2_receiving_40,2.3632281696883695e-05,extra_trees_all_leaf50,2019
lag2_special_teams_tds,0.0,extra_trees_all_leaf50,2019
lag2_fumbles_total,0.0001929969671905507,extra_trees_all_leaf50,2019
lag2_fumbles_lost_total,-0.00016148725826148347,extra_trees_all_leaf50,2019
lag2_punt_returns,1.1816140848441847e-05,extra_trees_all_leaf50,2019
lag2_punt_return_yards,2.3632281696883695e-05,extra_trees_all_leaf50,2019
lag2_kickoff_returns,3.150970892917826e-05,extra_trees_all_leaf50,2019
lag2_kickoff_return_yards,3.544842254521452e-05,extra_trees_all_leaf50,2019
lag2_fg_made,0.0,extra_trees_all_leaf50,2019
lag2_fg_att,0.0,extra_trees_all_leaf50,2019
lag2_fg_missed,0.0,extra_trees_all_leaf50,2019
lag2_fg_blocked,0.0,extra_trees_all_leaf50,2019
lag2_fg_made_0_19,0.0,extra_trees_all_leaf50,2019
lag2_fg_made_20_29,0.0,extra_trees_all_leaf50,2019
lag2_fg_made_30_39,0.0,extra_trees_all_leaf50,2019
lag2_fg_made_40_49,0.0,extra_trees_all_leaf50,2019
lag2_fg_made_50_59,0.0,extra_trees_all_leaf50,2019
lag2_fg_made_60_,0.0,extra_trees_all_leaf50,2019
lag2_fg_missed_0_19,0.0,extra_trees_all_leaf50,2019
lag2_fg_missed_20_29,0.0,extra_trees_all_leaf50,2019
lag2_fg_missed_30_39,0.0,extra_trees_all_leaf50,2019
lag2_fg_missed_40_49,-3.9387136161472824e-06,extra_trees_all_leaf50,2019
lag2_fg_missed_50_59,0.0,extra_trees_all_leaf50,2019
lag2_fg_missed_60_,0.0,extra_trees_all_leaf50,2019
lag2_fg_made_distance,0.0,extra_trees_all_leaf50,2019
lag2_fg_missed_distance,0.0,extra_trees_all_leaf50,2019
lag2_pat_made,-3.9387136161472824e-06,extra_trees_all_leaf50,2019
lag2_pat_att,0.0,extra_trees_all_leaf50,2019
lag2_pat_missed,0.0,extra_trees_all_leaf50,2019
lag2_pat_blocked,0.0,extra_trees_all_leaf50,2019
lag2_gwfg_made,0.0,extra_trees_all_leaf50,2019
lag2_gwfg_att,7.877427232183543e-06,extra_trees_all_leaf50,2019
lag2_gwfg_missed,0.0,extra_trees_all_leaf50,2019
lag2_gwfg_blocked,0.0,extra_trees_all_leaf50,2019
lag2_gwfg_distance,3.9387136161472824e-06,extra_trees_all_leaf50,2019
lag2_targets,5.908070424331946e-06,extra_trees_all_leaf50,2019
lag2_passing_air_yards,3.9387136161472824e-06,extra_trees_all_leaf50,2019
lag2_passing_yards_after_catch,0.0,extra_trees_all_leaf50,2019
lag2_receiving_air_yards,4.3325849777509085e-05,extra_trees_all_leaf50,2019
lag2_receiving_yards_after_catch,-3.150970892884519e-05,extra_trees_all_leaf50,2019
lag2_games,0.0005396037654102903,extra_trees_all_leaf50,2019
lag2_roster_weeks,-0.0011008704557090576,extra_trees_all_leaf50,2019
lag2_offense_snaps,0.001776359840876096,extra_trees_all_leaf50,2019
lag3_history_available,-0.0003564535822601078,extra_trees_all_leaf50,2019
lag3_completions,3.938713616258305e-06,extra_trees_all_leaf50,2019
lag3_attempts,1.5754854464700152e-05,extra_trees_all_leaf50,2019
lag3_passing_yards,0.0,extra_trees_all_leaf50,2019
lag3_passing_tds,1.575485446458913e-05,extra_trees_all_leaf50,2019
lag3_passing_interceptions,3.9387136161472824e-06,extra_trees_all_leaf50,2019
lag3_sacks_suffered,7.877427232294565e-06,extra_trees_all_leaf50,2019
lag3_sack_yards_lost,-3.93871361613618e-05,extra_trees_all_leaf50,2019
lag3_sack_fumbles,3.938713616258305e-06,extra_trees_all_leaf50,2019
lag3_sack_fumbles_lost,0.0,extra_trees_all_leaf50,2019
lag3_passing_first_downs,3.938713616258305e-06,extra_trees_all_leaf50,2019
lag3_passing_10,-3.93871361603626e-06,extra_trees_all_leaf50,2019
lag3_passing_16,-3.9387136161472824e-06,extra_trees_all_leaf50,2019
lag3_passing_20,3.938713616258305e-06,extra_trees_all_leaf50,2019
lag3_passing_40,3.9387136161472824e-06,extra_trees_all_leaf50,2019
lag3_carries,0.00011028398125179084,extra_trees_all_leaf50,2019
lag3_rushing_yards,-1.969356808062539e-05,extra_trees_all_leaf50,2019
lag3_rushing_tds,2.7570995313030977e-05,extra_trees_all_leaf50,2019
lag3_rushing_fumbles,3.938713616258305e-06,extra_trees_all_leaf50,2019
lag3_rushing_fumbles_lost,3.9387136161472824e-06,extra_trees_all_leaf50,2019
lag3_rushing_first_downs,-2.3632281696772672e-05,extra_trees_all_leaf50,2019
lag3_rushing_10,-2.3632281696772672e-05,extra_trees_all_leaf50,2019
lag3_rushing_12,-5.908070424198719e-05,extra_trees_all_leaf50,2019
lag3_rushing_20,1.1102230246251565e-16,extra_trees_all_leaf50,2019
lag3_rushing_40,0.0,extra_trees_all_leaf50,2019
lag3_receptions,7.877427232294565e-06,extra_trees_all_leaf50,2019
lag3_receiving_yards,7.877427232294565e-06,extra_trees_all_leaf50,2019
lag3_receiving_tds,-3.5448422544992475e-05,extra_trees_all_leaf50,2019
lag3_receiving_fumbles,9.452912678731273e-05,extra_trees_all_leaf50,2019
lag3_receiving_fumbles_lost,-2.7570995312919955e-05,extra_trees_all_leaf50,2019
lag3_receiving_first_downs,-2.7570995312808932e-05,extra_trees_all_leaf50,2019
lag3_receiving_10,3.150970892917826e-05,extra_trees_all_leaf50,2019
lag3_receiving_16,-1.969356808062539e-05,extra_trees_all_leaf50,2019
lag3_receiving_20,-3.150970892906724e-05,extra_trees_all_leaf50,2019
lag3_receiving_40,-3.1509708928956215e-05,extra_trees_all_leaf50,2019
lag3_special_teams_tds,0.0,extra_trees_all_leaf50,2019
lag3_fumbles_total,3.150970892906724e-05,extra_trees_all_leaf50,2019
lag3_fumbles_lost_total,6.30194178582455e-05,extra_trees_all_leaf50,2019
lag3_punt_returns,0.0,extra_trees_all_leaf50,2019
lag3_punt_return_yards,0.0,extra_trees_all_leaf50,2019
lag3_kickoff_returns,-3.1509708928956215e-05,extra_trees_all_leaf50,2019
lag3_kickoff_return_yards,-7.48355587064653e-05,extra_trees_all_leaf50,2019
lag3_fg_made,0.0,extra_trees_all_leaf50,2019
lag3_fg_att,-3.9387136161472824e-06,extra_trees_all_leaf50,2019
lag3_fg_missed,3.9387136161472824e-06,extra_trees_all_leaf50,2019
lag3_fg_blocked,0.0,extra_trees_all_leaf50,2019
lag3_fg_made_0_19,0.0,extra_trees_all_leaf50,2019
lag3_fg_made_20_29,0.0,extra_trees_all_leaf50,2019
lag3_fg_made_30_39,3.9387136161472824e-06,extra_trees_all_leaf50,2019
lag3_fg_made_40_49,0.0,extra_trees_all_leaf50,2019
lag3_fg_made_50_59,-3.9387136161472824e-06,extra_trees_all_leaf50,2019
lag3_fg_made_60_,0.0,extra_trees_all_leaf50,2019
lag3_fg_missed_0_19,0.0,extra_trees_all_leaf50,2019
lag3_fg_missed_20_29,0.0,extra_trees_all_leaf50,2019
lag3_fg_missed_30_39,0.0,extra_trees_all_leaf50,2019
lag3_fg_missed_40_49,0.0,extra_trees_all_leaf50,2019
lag3_fg_missed_50_59,-3.9387136161472824e-06,extra_trees_all_leaf50,2019
lag3_fg_missed_60_,0.0,extra_trees_all_leaf50,2019
lag3_fg_made_distance,0.0,extra_trees_all_leaf50,2019
lag3_fg_missed_distance,0.0,extra_trees_all_leaf50,2019
lag3_pat_made,-3.9387136161472824e-06,extra_trees_all_leaf50,2019
lag3_pat_att,0.0,extra_trees_all_leaf50,2019
lag3_pat_missed,0.0,extra_trees_all_leaf50,2019
lag3_pat_blocked,0.0,extra_trees_all_leaf50,2019
lag3_gwfg_made,0.0,extra_trees_all_leaf50,2019
lag3_gwfg_att,0.0,extra_trees_all_leaf50,2019
lag3_gwfg_missed,0.0,extra_trees_all_leaf50,2019
lag3_gwfg_blocked,0.0,extra_trees_all_leaf50,2019
lag3_gwfg_distance,0.0,extra_trees_all_leaf50,2019
lag3_targets,-6.695813147417073e-05,extra_trees_all_leaf50,2019
lag3_passing_air_yards,-1.1816140848330825e-05,extra_trees_all_leaf50,2019
lag3_passing_yards_after_catch,0.0,extra_trees_all_leaf50,2019
lag3_receiving_air_yards,2.7570995312919955e-05,extra_trees_all_leaf50,2019
lag3_receiving_yards_after_catch,-9.059041317094341e-05,extra_trees_all_leaf50,2019
lag3_games,-2.7570995312808932e-05,extra_trees_all_leaf50,2019
lag3_roster_weeks,-0.0005908070424199829,extra_trees_all_leaf50,2019
lag3_offense_snaps,-0.0003722084367244749,extra_trees_all_leaf50,2019
lag4_history_available,-0.0009413525542557588,extra_trees_all_leaf50,2019
lag4_completions,1.1816140848441847e-05,extra_trees_all_leaf50,2019
lag4_attempts,7.877427232294565e-06,extra_trees_all_leaf50,2019
lag4_passing_yards,3.938713616258305e-06,extra_trees_all_leaf50,2019
lag4_passing_tds,1.1102230246251565e-16,extra_trees_all_leaf50,2019
lag4_passing_interceptions,3.9387136161472824e-06,extra_trees_all_leaf50,2019
lag4_sacks_suffered,-7.877427232183543e-06,extra_trees_all_leaf50,2019
lag4_sack_yards_lost,0.0,extra_trees_all_leaf50,2019
lag4_sack_fumbles,2.3632281696772672e-05,extra_trees_all_leaf50,2019
lag4_sack_fumbles_lost,0.0,extra_trees_all_leaf50,2019
lag4_passing_first_downs,1.575485446458913e-05,extra_trees_all_leaf50,2019
lag4_passing_10,0.0,extra_trees_all_leaf50,2019
lag4_passing_16,2.7570995313142e-05,extra_trees_all_leaf50,2019
lag4_passing_20,0.0,extra_trees_all_leaf50,2019
lag4_passing_40,0.0,extra_trees_all_leaf50,2019
lag4_carries,3.544842254532554e-05,extra_trees_all_leaf50,2019
lag4_rushing_yards,7.877427232405587e-06,extra_trees_all_leaf50,2019
lag4_rushing_tds,1.1816140848441847e-05,extra_trees_all_leaf50,2019
lag4_rushing_fumbles,-7.877427232183543e-06,extra_trees_all_leaf50,2019
lag4_rushing_fumbles_lost,0.0,extra_trees_all_leaf50,2019
lag4_rushing_first_downs,-1.1816140848330825e-05,extra_trees_all_leaf50,2019
lag4_rushing_10,-1.1816140848330825e-05,extra_trees_all_leaf50,2019
lag4_rushing_12,-3.1509708928956215e-05,extra_trees_all_leaf50,2019
lag4_rushing_20,3.938713616258305e-06,extra_trees_all_leaf50,2019
lag4_rushing_40,3.9387136161472824e-06,extra_trees_all_leaf50,2019
lag4_receptions,0.00014770176060496798,extra_trees_all_leaf50,2019
lag4_receiving_yards,0.00010240655401949628,extra_trees_all_leaf50,2019
lag4_receiving_tds,1.5754854464478107e-05,extra_trees_all_leaf50,2019
lag4_receiving_fumbles,3.938713616258305e-06,extra_trees_all_leaf50,2019
lag4_receiving_fumbles_lost,1.9693568080736412e-05,extra_trees_all_leaf50,2019
lag4_receiving_first_downs,-5.514199062583991e-05,extra_trees_all_leaf50,2019
lag4_receiving_10,8.665169955490715e-05,extra_trees_all_leaf50,2019
lag4_receiving_16,-0.0001339162629484525,extra_trees_all_leaf50,2019
lag4_receiving_20,-1.1816140848219803e-05,extra_trees_all_leaf50,2019
lag4_receiving_40,-3.150970892906724e-05,extra_trees_all_leaf50,2019
lag4_special_teams_tds,0.0,extra_trees_all_leaf50,2019
lag4_fumbles_total,1.1102230246251565e-16,extra_trees_all_leaf50,2019
lag4_fumbles_lost_total,-0.0001536098310291889,extra_trees_all_leaf50,2019
lag4_punt_returns,0.0,extra_trees_all_leaf50,2019
lag4_punt_return_yards,0.0,extra_trees_all_leaf50,2019
lag4_kickoff_returns,0.0,extra_trees_all_leaf50,2019
lag4_kickoff_return_yards,-3.93871361603626e-06,extra_trees_all_leaf50,2019
lag4_fg_made,0.0,extra_trees_all_leaf50,2019
lag4_fg_att,0.0,extra_trees_all_leaf50,2019
lag4_fg_missed,0.0,extra_trees_all_leaf50,2019
lag4_fg_blocked,0.0,extra_trees_all_leaf50,2019
lag4_fg_made_0_19,0.0,extra_trees_all_leaf50,2019
lag4_fg_made_20_29,4.332584977739806e-05,extra_trees_all_leaf50,2019
lag4_fg_made_30_39,0.0,extra_trees_all_leaf50,2019
lag4_fg_made_40_49,0.0,extra_trees_all_leaf50,2019
lag4_fg_made_50_59,0.0,extra_trees_all_leaf50,2019
lag4_fg_made_60_,0.0,extra_trees_all_leaf50,2019
lag4_fg_missed_0_19,0.0,extra_trees_all_leaf50,2019
lag4_fg_missed_20_29,0.0,extra_trees_all_leaf50,2019
lag4_fg_missed_30_39,0.0,extra_trees_all_leaf50,2019
lag4_fg_missed_40_49,-3.9387136161472824e-06,extra_trees_all_leaf50,2019
lag4_fg_missed_50_59,0.0,extra_trees_all_leaf50,2019
lag4_fg_missed_60_,0.0,extra_trees_all_leaf50,2019
lag4_fg_made_distance,0.0,extra_trees_all_leaf50,2019
lag4_fg_missed_distance,-3.54484225451035e-05,extra_trees_all_leaf50,2019
lag4_pat_made,0.0,extra_trees_all_leaf50,2019
lag4_pat_att,0.0,extra_trees_all_leaf50,2019
lag4_pat_missed,0.0,extra_trees_all_leaf50,2019
lag4_pat_blocked,0.0,extra_trees_all_leaf50,2019
lag4_gwfg_made,0.0,extra_trees_all_leaf50,2019
lag4_gwfg_att,-3.9387136161472824e-06,extra_trees_all_leaf50,2019
lag4_gwfg_missed,0.0,extra_trees_all_leaf50,2019
lag4_gwfg_blocked,0.0,extra_trees_all_leaf50,2019
lag4_gwfg_distance,0.0,extra_trees_all_leaf50,2019
lag4_targets,0.0001280081925243426,extra_trees_all_leaf50,2019
lag4_passing_air_yards,1.9693568080736412e-05,extra_trees_all_leaf50,2019
lag4_passing_yards_after_catch,2.7570995313030977e-05,extra_trees_all_leaf50,2019
lag4_receiving_air_yards,-0.00024026153058409605,extra_trees_all_leaf50,2019
lag4_receiving_yards_after_catch,6.695813147428176e-05,extra_trees_all_leaf50,2019
lag4_games,-0.00018118082634210886,extra_trees_all_leaf50,2019
lag4_roster_weeks,-0.0002382921737760224,extra_trees_all_leaf50,2019
lag4_offense_snaps,3.938713616258305e-06,extra_trees_all_leaf50,2019
lag1_completion_rate,-0.00014573240379689434,extra_trees_all_leaf50,2019
lag1_pass_yards_per_attempt,-1.5754854464478107e-05,extra_trees_all_leaf50,2019
lag1_pass_td_rate,1.181614084855287e-05,extra_trees_all_leaf50,2019
lag1_interception_rate,-2.3632281696772672e-05,extra_trees_all_leaf50,2019
lag1_rush_yards_per_carry,5.908070424220924e-06,extra_trees_all_leaf50,2019
lag1_rush_first_down_rate,0.0002717712395131633,extra_trees_all_leaf50,2019
lag1_rush_20_rate,-7.877427232261258e-05,extra_trees_all_leaf50,2019
lag1_receiving_yards_per_reception,0.0002520776714325379,extra_trees_all_leaf50,2019
lag1_receiving_first_down_rate,0.001246602859506174,extra_trees_all_leaf50,2019
lag1_receiving_20_rate,0.00018118082634221988,extra_trees_all_leaf50,2019
lag1_field_goal_make_rate,-8.665169955490715e-05,extra_trees_all_leaf50,2019
lag1_made_field_goal_mean_distance,9.452912678720171e-05,extra_trees_all_leaf50,2019
lag1_missed_field_goal_mean_distance,3.150970892906724e-05,extra_trees_all_leaf50,2019
lag1_pat_make_rate,2.7570995312919955e-05,extra_trees_all_leaf50,2019
lag1_catch_rate,0.00024813895781650164,extra_trees_all_leaf50,2019
lag1_receiving_yards_per_target,0.0005376344086022167,extra_trees_all_leaf50,2019
lag1_receiving_air_yards_per_target,0.00017921146953414624,extra_trees_all_leaf50,2019
lag1_receiving_yards_after_catch_per_reception,0.00017133404230185167,extra_trees_all_leaf50,2019
lag1_passing_air_yards_per_attempt,-1.1816140848441847e-05,extra_trees_all_leaf50,2019
lag1_passing_yards_after_catch_per_completion,0.0,extra_trees_all_leaf50,2019
lag2_completion_rate,1.9693568080847434e-05,extra_trees_all_leaf50,2019
lag2_pass_yards_per_attempt,-4.332584977739806e-05,extra_trees_all_leaf50,2019
lag2_pass_td_rate,0.0,extra_trees_all_leaf50,2019
lag2_interception_rate,7.877427232405587e-06,extra_trees_all_leaf50,2019
lag2_rush_yards_per_carry,-0.00018905825357440342,extra_trees_all_leaf50,2019
lag2_rush_first_down_rate,1.9693568080736412e-05,extra_trees_all_leaf50,2019
lag2_rush_20_rate,3.938713616258305e-06,extra_trees_all_leaf50,2019
lag2_receiving_yards_per_reception,5.9080704242098214e-05,extra_trees_all_leaf50,2019
lag2_receiving_first_down_rate,0.0001280081925243426,extra_trees_all_leaf50,2019
lag2_receiving_20_rate,8.665169955501817e-05,extra_trees_all_leaf50,2019
lag2_field_goal_make_rate,-3.9387136161472824e-06,extra_trees_all_leaf50,2019
lag2_made_field_goal_mean_distance,0.0,extra_trees_all_leaf50,2019
lag2_missed_field_goal_mean_distance,0.0,extra_trees_all_leaf50,2019
lag2_pat_make_rate,0.0,extra_trees_all_leaf50,2019
lag2_catch_rate,5.9080704242098214e-05,extra_trees_all_leaf50,2019
lag2_receiving_yards_per_target,0.00014573240379689434,extra_trees_all_leaf50,2019
lag2_receiving_air_yards_per_target,-4.7264563393545345e-05,extra_trees_all_leaf50,2019
lag2_receiving_yards_after_catch_per_reception,-0.00023238410335180149,extra_trees_all_leaf50,2019
lag2_passing_air_yards_per_attempt,2.7570995312919955e-05,extra_trees_all_leaf50,2019
lag2_passing_yards_after_catch_per_completion,7.877427232183543e-06,extra_trees_all_leaf50,2019
lag3_completion_rate,-0.0001890582535742924,extra_trees_all_leaf50,2019
lag3_pass_yards_per_attempt,-9.452912678709069e-05,extra_trees_all_leaf50,2019
lag3_pass_td_rate,3.9387136161472824e-06,extra_trees_all_leaf50,2019
lag3_interception_rate,0.0,extra_trees_all_leaf50,2019
lag3_rush_yards_per_carry,0.00015360983102929993,extra_trees_all_leaf50,2019
lag3_rush_first_down_rate,-0.00044310528181490394,extra_trees_all_leaf50,2019
lag3_rush_20_rate,7.877427232294565e-06,extra_trees_all_leaf50,2019
lag3_receiving_yards_per_reception,7.089684509042904e-05,extra_trees_all_leaf50,2019
lag3_receiving_first_down_rate,0.00024420024420024333,extra_trees_all_leaf50,2019
lag3_receiving_20_rate,-4.332584977739806e-05,extra_trees_all_leaf50,2019
lag3_field_goal_make_rate,-5.908070424109901e-06,extra_trees_all_leaf50,2019
lag3_made_field_goal_mean_distance,0.0,extra_trees_all_leaf50,2019
lag3_missed_field_goal_mean_distance,0.0,extra_trees_all_leaf50,2019
lag3_pat_make_rate,7.877427232183543e-06,extra_trees_all_leaf50,2019
lag3_catch_rate,4.3325849777509085e-05,extra_trees_all_leaf50,2019
lag3_receiving_yards_per_target,0.00015360983102929993,extra_trees_all_leaf50,2019
lag3_receiving_air_yards_per_target,-0.00027964866674534683,extra_trees_all_leaf50,2019
lag3_receiving_yards_after_catch_per_reception,7.089684509042904e-05,extra_trees_all_leaf50,2019
lag3_passing_air_yards_per_attempt,-4.7264563393545345e-05,extra_trees_all_leaf50,2019
lag3_passing_yards_after_catch_per_completion,-2.363228169666165e-05,extra_trees_all_leaf50,2019
lag4_completion_rate,-4.726456339365637e-05,extra_trees_all_leaf50,2019
lag4_pass_yards_per_attempt,1.1816140848441847e-05,extra_trees_all_leaf50,2019
lag4_pass_td_rate,2.7570995312919955e-05,extra_trees_all_leaf50,2019
lag4_interception_rate,0.0,extra_trees_all_leaf50,2019
lag4_rush_yards_per_carry,2.3632281696772672e-05,extra_trees_all_leaf50,2019
lag4_rush_first_down_rate,-0.00014967111741304162,extra_trees_all_leaf50,2019
lag4_rush_20_rate,0.0,extra_trees_all_leaf50,2019
lag4_receiving_yards_per_reception,0.0001280081925243426,extra_trees_all_leaf50,2019
lag4_receiving_first_down_rate,-0.0009531686951042007,extra_trees_all_leaf50,2019
lag4_receiving_20_rate,-5.1203277009581605e-05,extra_trees_all_leaf50,2019
lag4_field_goal_make_rate,-3.9387136161472824e-06,extra_trees_all_leaf50,2019
lag4_made_field_goal_mean_distance,-1.5754854464478107e-05,extra_trees_all_leaf50,2019
lag4_missed_field_goal_mean_distance,-3.9387136161472824e-06,extra_trees_all_leaf50,2019
lag4_pat_make_rate,3.9387136161472824e-06,extra_trees_all_leaf50,2019
lag4_catch_rate,-0.0010476978218912913,extra_trees_all_leaf50,2019
lag4_receiving_yards_per_target,5.5141990626061954e-05,extra_trees_all_leaf50,2019
lag4_receiving_air_yards_per_target,-0.000661703887510301,extra_trees_all_leaf50,2019
lag4_receiving_yards_after_catch_per_reception,0.00011816140848397438,extra_trees_all_leaf50,2019
lag4_passing_air_yards_per_attempt,1.9693568080736412e-05,extra_trees_all_leaf50,2019
lag4_passing_yards_after_catch_per_completion,2.7570995313030977e-05,extra_trees_all_leaf50,2019
lag1_late6_attempts,3.150970892917826e-05,extra_trees_all_leaf50,2019
lag1_weekly_slope_attempts,0.0,extra_trees_all_leaf50,2019
lag1_late6_mean_delta_attempts,0.0,extra_trees_all_leaf50,2019
lag1_late6_passing_yards,-7.877427232183543e-06,extra_trees_all_leaf50,2019
lag1_weekly_slope_passing_yards,7.877427232294565e-06,extra_trees_all_leaf50,2019
lag1_late6_mean_delta_passing_yards,0.0,extra_trees_all_leaf50,2019
lag1_late6_passing_first_downs,2.7570995312919955e-05,extra_trees_all_leaf50,2019
lag1_weekly_slope_passing_first_downs,0.0,extra_trees_all_leaf50,2019
lag1_late6_mean_delta_passing_first_downs,0.0,extra_trees_all_leaf50,2019
lag1_late6_passing_20,-1.969356808062539e-05,extra_trees_all_leaf50,2019
lag1_weekly_slope_passing_20,0.0,extra_trees_all_leaf50,2019
lag1_late6_mean_delta_passing_20,3.150970892906724e-05,extra_trees_all_leaf50,2019
lag1_late6_carries,-8.862105636298079e-05,extra_trees_all_leaf50,2019
lag1_weekly_slope_carries,-6.301941785802345e-05,extra_trees_all_leaf50,2019
lag1_late6_mean_delta_carries,-5.514199062583991e-05,extra_trees_all_leaf50,2019
lag1_late6_rushing_yards,-0.000169364685493667,extra_trees_all_leaf50,2019
lag1_weekly_slope_rushing_yards,6.30194178582455e-05,extra_trees_all_leaf50,2019
lag1_late6_mean_delta_rushing_yards,5.514199062595093e-05,extra_trees_all_leaf50,2019
lag1_late6_rushing_first_downs,-4.332584977728704e-05,extra_trees_all_leaf50,2019
lag1_weekly_slope_rushing_first_downs,-3.93871361603626e-06,extra_trees_all_leaf50,2019
lag1_late6_mean_delta_rushing_first_downs,5.514199062595093e-05,extra_trees_all_leaf50,2019
lag1_late6_rushing_20,-7.877427232183543e-06,extra_trees_all_leaf50,2019
lag1_weekly_slope_rushing_20,1.575485446458913e-05,extra_trees_all_leaf50,2019
lag1_late6_mean_delta_rushing_20,-2.7570995312808932e-05,extra_trees_all_leaf50,2019
lag1_late6_receptions,0.0005671747607230992,extra_trees_all_leaf50,2019
lag1_weekly_slope_receptions,0.00030918901886656247,extra_trees_all_leaf50,2019
lag1_late6_mean_delta_receptions,0.00019890503761477163,extra_trees_all_leaf50,2019
lag1_late6_receiving_yards,0.00046673756351178763,extra_trees_all_leaf50,2019
lag1_weekly_slope_receiving_yards,5.514199062595093e-05,extra_trees_all_leaf50,2019
lag1_late6_mean_delta_receiving_yards,0.0005592973334909157,extra_trees_all_leaf50,2019
lag1_late6_receiving_first_downs,8.862105636309181e-05,extra_trees_all_leaf50,2019
lag1_weekly_slope_receiving_first_downs,0.00018511953995825614,extra_trees_all_leaf50,2019
lag1_late6_mean_delta_receiving_first_downs,0.00016542597187774177,extra_trees_all_leaf50,2019
lag1_late6_receiving_20,-0.0002481389578162796,extra_trees_all_leaf50,2019
lag1_weekly_slope_receiving_20,7.87742723227236e-05,extra_trees_all_leaf50,2019
lag1_late6_mean_delta_receiving_20,0.0001221001221002327,extra_trees_all_leaf50,2019
lag1_late6_punt_return_yards,0.0,extra_trees_all_leaf50,2019
lag1_weekly_slope_punt_return_yards,0.0,extra_trees_all_leaf50,2019
lag1_late6_mean_delta_punt_return_yards,0.0,extra_trees_all_leaf50,2019
lag1_late6_kickoff_return_yards,-2.363228169666165e-05,extra_trees_all_leaf50,2019
lag1_weekly_slope_kickoff_return_yards,1.9693568080736412e-05,extra_trees_all_leaf50,2019
lag1_late6_mean_delta_kickoff_return_yards,7.877427232405587e-06,extra_trees_all_leaf50,2019
lag1_late6_fg_made,5.120327700980365e-05,extra_trees_all_leaf50,2019
lag1_weekly_slope_fg_made,-7.877427232294565e-06,extra_trees_all_leaf50,2019
lag1_late6_mean_delta_fg_made,-3.9387136161472824e-06,extra_trees_all_leaf50,2019
lag1_late6_fg_att,0.00011422269486793812,extra_trees_all_leaf50,2019
lag1_weekly_slope_fg_att,-1.1816140848441847e-05,extra_trees_all_leaf50,2019
lag1_late6_mean_delta_fg_att,0.0,extra_trees_all_leaf50,2019
lag1_late6_pat_att,-2.3632281696772672e-05,extra_trees_all_leaf50,2019
lag1_weekly_slope_pat_att,1.1102230246251565e-16,extra_trees_all_leaf50,2019
lag1_late6_mean_delta_pat_att,-1.9693568080736412e-06,extra_trees_all_leaf50,2019
lag1_late6_targets,0.0005711134743393576,extra_trees_all_leaf50,2019
lag1_weekly_slope_targets,0.00030918901886645145,extra_trees_all_leaf50,2019
lag1_late6_mean_delta_targets,0.00039781007522943224,extra_trees_all_leaf50,2019
lag1_late6_passing_air_yards,0.0,extra_trees_all_leaf50,2019
lag1_weekly_slope_passing_air_yards,0.0,extra_trees_all_leaf50,2019
lag1_late6_mean_delta_passing_air_yards,0.0,extra_trees_all_leaf50,2019
lag1_late6_passing_yards_after_catch,7.877427232294565e-06,extra_trees_all_leaf50,2019
lag1_weekly_slope_passing_yards_after_catch,0.0,extra_trees_all_leaf50,2019
lag1_late6_mean_delta_passing_yards_after_catch,0.0,extra_trees_all_leaf50,2019
lag1_late6_receiving_air_yards,-0.00015951790145340983,extra_trees_all_leaf50,2019
lag1_weekly_slope_receiving_air_yards,0.00013588561975663715,extra_trees_all_leaf50,2019
lag1_late6_mean_delta_receiving_air_yards,0.0002658631690890534,extra_trees_all_leaf50,2019
lag1_late6_receiving_yards_after_catch,0.00013391626294856351,extra_trees_all_leaf50,2019
lag1_weekly_slope_receiving_yards_after_catch,-3.544842254521452e-05,extra_trees_all_leaf50,2019
lag1_late6_mean_delta_receiving_yards_after_catch,-3.54484225451035e-05,extra_trees_all_leaf50,2019
position_K,-0.00033872937098744504,extra_trees_all_leaf50,2019
injury_lag2_injury_reported,-0.0001102839812515688,extra_trees_all_leaf50,2019
injury_lag2_injury_report_weeks,0.000563236047107063,extra_trees_all_leaf50,2019
injury_lag2_designation_count,0.00019102761038247706,extra_trees_all_leaf50,2019
injury_lag3_injury_reported,0.001219031864193143,extra_trees_all_leaf50,2019
injury_lag3_injury_report_weeks,4.135649296943544e-05,extra_trees_all_leaf50,2019
injury_lag3_designation_count,5.514199062595093e-05,extra_trees_all_leaf50,2019
injury_lag4_injury_reported,-2.5601638504846314e-05,extra_trees_all_leaf50,2019
injury_lag4_injury_report_weeks,7.877427232405587e-06,extra_trees_all_leaf50,2019
injury_lag4_designation_count,0.0002579857418567588,extra_trees_all_leaf50,2019
injury_lag5_injury_reported,0.00024813895781650164,extra_trees_all_leaf50,2019
injury_lag5_injury_report_weeks,2.3632281696883695e-05,extra_trees_all_leaf50,2019
injury_lag5_designation_count,-3.1509708928956215e-05,extra_trees_all_leaf50,2019
injury_lag1_reserve_weeks,0.0006183780377330139,extra_trees_all_leaf50,2019
injury_lag2_reserve_weeks,-2.3632281696772672e-05,extra_trees_all_leaf50,2019
injury_lag3_reserve_weeks,-1.969356808062539e-05,extra_trees_all_leaf50,2019
injury_lag4_reserve_weeks,0.0,extra_trees_all_leaf50,2019
injury_lag2_absence_report_weeks,2.7570995312919955e-05,extra_trees_all_leaf50,2019
injury_lag2_absence_reported,-5.1203277009581605e-05,extra_trees_all_leaf50,2019
injury_lag3_absence_report_weeks,-7.877427232183543e-06,extra_trees_all_leaf50,2019
injury_lag3_absence_reported,-0.00011028398125167982,extra_trees_all_leaf50,2019
injury_lag4_absence_report_weeks,0.0,extra_trees_all_leaf50,2019
injury_lag4_absence_reported,-3.93871361613618e-05,extra_trees_all_leaf50,2019
injury_lag5_absence_report_weeks,0.0,extra_trees_all_leaf50,2019
injury_lag5_absence_reported,7.87742723227236e-05,extra_trees_all_leaf50,2019
lag1_targets_per_game,1.575485446458913e-05,extra_trees_all_leaf50,2019
lag1_carries_per_game,-0.00011816140848397438,extra_trees_all_leaf50,2019
lag1_receptions_per_game,0.0002875260939777524,extra_trees_all_leaf50,2019
lag1_attempts_per_game,-0.00010634526763553254,extra_trees_all_leaf50,2019
lag1_receiving_yards_per_game,-0.00028949545078571504,extra_trees_all_leaf50,2019
lag1_rushing_yards_per_game,0.00022450667611961794,extra_trees_all_leaf50,2019
lag1_passing_yards_per_game,-3.54484225451035e-05,extra_trees_all_leaf50,2019
lag1_offense_snaps_per_game,0.000640040962621713,extra_trees_all_leaf50,2019
lag1_share_targets_prior_team,0.00026980188270520067,extra_trees_all_leaf50,2019
lag1_share_carries_prior_team,-0.000606561896884461,extra_trees_all_leaf50,2019
lag1_share_receptions_prior_team,0.0012800819252432039,extra_trees_all_leaf50,2019
lag1_share_attempts_prior_team,-9.059041317094341e-05,extra_trees_all_leaf50,2019
age,-0.0010964912280702066,extra_trees_all_leaf50,2020
missing_age,-0.0004910925963557133,extra_trees_all_leaf50,2020
years_exp,0.000503793266951047,extra_trees_all_leaf50,2020
missing_years_exp,6.773690984207548e-05,extra_trees_all_leaf50,2020
height,0.00015240804714478084,extra_trees_all_leaf50,2020
missing_height,2.1167784325593075e-05,extra_trees_all_leaf50,2020
weight,-3.810201178633399e-05,extra_trees_all_leaf50,2020
missing_weight,-5.080268238166763e-05,extra_trees_all_leaf50,2020
draft_number,0.0007281717808034216,extra_trees_all_leaf50,2020
missing_draft_number,-0.0020236401815348914,extra_trees_all_leaf50,2020
draft_round,0.0007324053376684958,extra_trees_all_leaf50,2020
missing_draft_round,-0.0013843730948994715,extra_trees_all_leaf50,2020
was_drafted,0.009529736503420705,extra_trees_all_leaf50,2020
missing_was_drafted,0.0,extra_trees_all_leaf50,2020
is_rookie,0.01515613357718626,extra_trees_all_leaf50,2020
missing_is_rookie,0.0,extra_trees_all_leaf50,2020
missing_team_changed,0.0,extra_trees_all_leaf50,2020
combine_forty,-0.0008509449298923499,extra_trees_all_leaf50,2020
missing_combine_forty,0.0025909368014630507,extra_trees_all_leaf50,2020
combine_bench,-0.00018627650206604063,extra_trees_all_leaf50,2020
missing_combine_bench,0.0013124026281919887,extra_trees_all_leaf50,2020
combine_vertical,0.00015664160400996607,extra_trees_all_leaf50,2020
missing_combine_vertical,-0.00012277314908903936,extra_trees_all_leaf50,2020
combine_broad_jump,0.000406421459053119,extra_trees_all_leaf50,2020
missing_combine_broad_jump,-0.00026671408250356077,extra_trees_all_leaf50,2020
combine_cone,-0.0005503623924676404,extra_trees_all_leaf50,2020
missing_combine_cone,-0.0001778093883357812,extra_trees_all_leaf50,2020
combine_shuttle,0.0015791167106956605,extra_trees_all_leaf50,2020
missing_combine_shuttle,-0.000270947639368746,extra_trees_all_leaf50,2020
position_QB,0.0002963489805595243,extra_trees_all_leaf50,2020
position_RB,-4.65691255164824e-05,extra_trees_all_leaf50,2020
position_WR,-0.00037255300413197023,extra_trees_all_leaf50,2020
position_TE,0.0002921154236944501,extra_trees_all_leaf50,2020
lag1_history_available,0.0031455327507958764,extra_trees_all_leaf50,2020
lag1_completions,2.963489805585251e-05,extra_trees_all_leaf50,2020
lag1_attempts,6.773690984207548e-05,extra_trees_all_leaf50,2020
lag1_passing_yards,0.0001439409334145214,extra_trees_all_leaf50,2020
lag1_passing_tds,5.0802682381445585e-05,extra_trees_all_leaf50,2020
lag1_passing_interceptions,-2.1167784325593075e-05,extra_trees_all_leaf50,2020
lag1_sacks_suffered,0.0,extra_trees_all_leaf50,2020
lag1_sack_yards_lost,5.0802682381445585e-05,extra_trees_all_leaf50,2020
lag1_sack_fumbles,8.467113730148412e-06,extra_trees_all_leaf50,2020
lag1_sack_fumbles_lost,0.0,extra_trees_all_leaf50,2020
lag1_passing_first_downs,-4.2335568651852284e-06,extra_trees_all_leaf50,2020
lag1_passing_10,5.926979611181604e-05,extra_trees_all_leaf50,2020
lag1_passing_16,8.043758043752014e-05,extra_trees_all_leaf50,2020
lag1_passing_20,-2.9634898056074555e-05,extra_trees_all_leaf50,2020
lag1_passing_40,8.467113730148412e-06,extra_trees_all_leaf50,2020
lag1_carries,0.00010583892162829844,extra_trees_all_leaf50,2020
lag1_rushing_yards,0.00030904965115485794,extra_trees_all_leaf50,2020
lag1_rushing_tds,0.00031328320802004317,extra_trees_all_leaf50,2020
lag1_rushing_fumbles,0.00020321072952644847,extra_trees_all_leaf50,2020
lag1_rushing_fumbles_lost,-1.693422746051887e-05,extra_trees_all_leaf50,2020
lag1_rushing_first_downs,2.963489805585251e-05,extra_trees_all_leaf50,2020
lag1_rushing_10,0.0005884644042539744,extra_trees_all_leaf50,2020
lag1_rushing_12,0.0003725530041318592,extra_trees_all_leaf50,2020
lag1_rushing_20,0.0004826254826253429,extra_trees_all_leaf50,2020
lag1_rushing_40,1.270067059533364e-05,extra_trees_all_leaf50,2020
lag1_receptions,0.000969484522116093,extra_trees_all_leaf50,2020
lag1_receiving_yards,0.00014817449027970664,extra_trees_all_leaf50,2020
lag1_receiving_tds,2.5401341190889326e-05,extra_trees_all_leaf50,2020
lag1_receiving_fumbles,0.0002582469687731903,extra_trees_all_leaf50,2020
lag1_receiving_fumbles_lost,2.5401341190778304e-05,extra_trees_all_leaf50,2020
lag1_receiving_first_downs,0.0001185395922237431,extra_trees_all_leaf50,2020
lag1_receiving_10,3.810201178600092e-05,extra_trees_all_leaf50,2020
lag1_receiving_16,-0.0001989771726614853,extra_trees_all_leaf50,2020
lag1_receiving_20,0.0001905100589310038,extra_trees_all_leaf50,2020
lag1_receiving_40,0.00016087516087504028,extra_trees_all_leaf50,2020
lag1_special_teams_tds,0.0,extra_trees_all_leaf50,2020
lag1_fumbles_total,0.00028364830996407964,extra_trees_all_leaf50,2020
lag1_fumbles_lost_total,0.00028788186682915384,extra_trees_all_leaf50,2020
lag1_punt_returns,-3.810201178633399e-05,extra_trees_all_leaf50,2020
lag1_punt_return_yards,0.0,extra_trees_all_leaf50,2020
lag1_kickoff_returns,-1.2700670595555685e-05,extra_trees_all_leaf50,2020
lag1_kickoff_return_yards,0.0,extra_trees_all_leaf50,2020
lag1_fg_made,8.89046941678906e-05,extra_trees_all_leaf50,2020
lag1_fg_att,5.9269796111927064e-05,extra_trees_all_leaf50,2020
lag1_fg_missed,2.1167784325593075e-05,extra_trees_all_leaf50,2020
lag1_fg_blocked,-8.043758043774218e-05,extra_trees_all_leaf50,2020
lag1_fg_made_0_19,0.0,extra_trees_all_leaf50,2020
lag1_fg_made_20_29,2.5401341190889326e-05,extra_trees_all_leaf50,2020
lag1_fg_made_30_39,7.620402357233491e-05,extra_trees_all_leaf50,2020
lag1_fg_made_40_49,1.270067059533364e-05,extra_trees_all_leaf50,2020
lag1_fg_made_50_59,5.5036239246741836e-05,extra_trees_all_leaf50,2020
lag1_fg_made_60_,0.0,extra_trees_all_leaf50,2020
lag1_fg_missed_0_19,0.0,extra_trees_all_leaf50,2020
lag1_fg_missed_20_29,0.0,extra_trees_all_leaf50,2020
lag1_fg_missed_30_39,0.0,extra_trees_all_leaf50,2020
lag1_fg_missed_40_49,3.386845492114876e-05,extra_trees_all_leaf50,2020
lag1_fg_missed_50_59,-0.00014394093341474345,extra_trees_all_leaf50,2020
lag1_fg_missed_60_,0.0,extra_trees_all_leaf50,2020
lag1_fg_made_distance,1.2700670595222618e-05,extra_trees_all_leaf50,2020
lag1_fg_missed_distance,3.810201178622297e-05,extra_trees_all_leaf50,2020
lag1_pat_made,4.233556865074206e-06,extra_trees_all_leaf50,2020
lag1_pat_att,1.270067059533364e-05,extra_trees_all_leaf50,2020
lag1_pat_missed,0.0,extra_trees_all_leaf50,2020
lag1_pat_blocked,0.0,extra_trees_all_leaf50,2020
lag1_gwfg_made,1.693422746051887e-05,extra_trees_all_leaf50,2020
lag1_gwfg_att,0.0,extra_trees_all_leaf50,2020
lag1_gwfg_missed,0.0,extra_trees_all_leaf50,2020
lag1_gwfg_blocked,0.0,extra_trees_all_leaf50,2020
lag1_gwfg_distance,0.0,extra_trees_all_leaf50,2020
lag1_targets,0.0010118200907675012,extra_trees_all_leaf50,2020
lag1_passing_air_yards,7.620402357244593e-05,extra_trees_all_leaf50,2020
lag1_passing_yards_after_catch,4.233556865118615e-05,extra_trees_all_leaf50,2020
lag1_receiving_air_yards,6.773690984207548e-05,extra_trees_all_leaf50,2020
lag1_receiving_yards_after_catch,0.0016807220754588847,extra_trees_all_leaf50,2020
lag1_games,0.0061132561132560825,extra_trees_all_leaf50,2020
lag1_roster_weeks,0.0006900697690170876,extra_trees_all_leaf50,2020
lag1_offense_snaps,0.0011345932398564296,extra_trees_all_leaf50,2020
lag2_history_available,0.003412246833299437,extra_trees_all_leaf50,2020
lag2_completions,-4.233556865151922e-05,extra_trees_all_leaf50,2020
lag2_attempts,2.1167784325482053e-05,extra_trees_all_leaf50,2020
lag2_passing_yards,4.233556864963184e-06,extra_trees_all_leaf50,2020
lag2_passing_tds,1.270067059533364e-05,extra_trees_all_leaf50,2020
lag2_passing_interceptions,0.0,extra_trees_all_leaf50,2020
lag2_sacks_suffered,8.467113730259435e-06,extra_trees_all_leaf50,2020
lag2_sack_yards_lost,1.2700670595222618e-05,extra_trees_all_leaf50,2020
lag2_sack_fumbles,-3.386845492114876e-05,extra_trees_all_leaf50,2020
lag2_sack_fumbles_lost,-2.116778432581512e-05,extra_trees_all_leaf50,2020
lag2_passing_first_downs,7.620402357233491e-05,extra_trees_all_leaf50,2020
lag2_passing_10,-4.233556865296251e-06,extra_trees_all_leaf50,2020
lag2_passing_16,5.5036239246741836e-05,extra_trees_all_leaf50,2020
lag2_passing_20,2.540134119066728e-05,extra_trees_all_leaf50,2020
lag2_passing_40,-1.1102230246251565e-16,extra_trees_all_leaf50,2020
lag2_carries,1.2700670595222618e-05,extra_trees_all_leaf50,2020
lag2_rushing_yards,3.810201178622297e-05,extra_trees_all_leaf50,2020
lag2_rushing_tds,0.0001143060353586689,extra_trees_all_leaf50,2020
lag2_rushing_fumbles,0.0001820429452008554,extra_trees_all_leaf50,2020
lag2_rushing_fumbles_lost,4.656912551637138e-05,extra_trees_all_leaf50,2020
lag2_rushing_first_downs,0.0001100724784935947,extra_trees_all_leaf50,2020
lag2_rushing_10,-0.00037678656099704444,extra_trees_all_leaf50,2020
lag2_rushing_12,-5.080268238166763e-05,extra_trees_all_leaf50,2020
lag2_rushing_20,6.77369098421865e-05,extra_trees_all_leaf50,2020
lag2_rushing_40,-1.2700670595444663e-05,extra_trees_all_leaf50,2020
lag2_receptions,-0.00020744428639174473,extra_trees_all_leaf50,2020
lag2_receiving_yards,0.00035138521980626614,extra_trees_all_leaf50,2020
lag2_receiving_tds,-1.1102230246251565e-16,extra_trees_all_leaf50,2020
lag2_receiving_fumbles,3.386845492103774e-05,extra_trees_all_leaf50,2020
lag2_receiving_fumbles_lost,0.0,extra_trees_all_leaf50,2020
lag2_receiving_first_downs,0.00013124026281918777,extra_trees_all_leaf50,2020
lag2_receiving_10,0.00022861207071722678,extra_trees_all_leaf50,2020
lag2_receiving_16,-0.0001778093883357812,extra_trees_all_leaf50,2020
lag2_receiving_20,0.00014394093341463243,extra_trees_all_leaf50,2020
lag2_receiving_40,2.5401341190778304e-05,extra_trees_all_leaf50,2020
lag2_special_teams_tds,0.0,extra_trees_all_leaf50,2020
lag2_fumbles_total,-5.503623924685286e-05,extra_trees_all_leaf50,2020
lag2_fumbles_lost_total,-0.0001566416040100771,extra_trees_all_leaf50,2020
lag2_punt_returns,-6.77369098421865e-05,extra_trees_all_leaf50,2020
lag2_punt_return_yards,-5.080268238166763e-05,extra_trees_all_leaf50,2020
lag2_kickoff_returns,4.233556865074206e-06,extra_trees_all_leaf50,2020
lag2_kickoff_return_yards,0.0,extra_trees_all_leaf50,2020
lag2_fg_made,8.467113730148412e-06,extra_trees_all_leaf50,2020
lag2_fg_att,2.1167784325593075e-05,extra_trees_all_leaf50,2020
lag2_fg_missed,8.467113730148412e-06,extra_trees_all_leaf50,2020
lag2_fg_blocked,0.0,extra_trees_all_leaf50,2020
lag2_fg_made_0_19,4.233556865074206e-06,extra_trees_all_leaf50,2020
lag2_fg_made_20_29,8.467113730148412e-06,extra_trees_all_leaf50,2020
lag2_fg_made_30_39,-2.116778432581512e-05,extra_trees_all_leaf50,2020
lag2_fg_made_40_49,4.233556865074206e-06,extra_trees_all_leaf50,2020
lag2_fg_made_50_59,4.233556865074206e-06,extra_trees_all_leaf50,2020
lag2_fg_made_60_,0.0,extra_trees_all_leaf50,2020
lag2_fg_missed_0_19,0.0,extra_trees_all_leaf50,2020
lag2_fg_missed_20_29,0.0,extra_trees_all_leaf50,2020
lag2_fg_missed_30_39,0.0,extra_trees_all_leaf50,2020
lag2_fg_missed_40_49,8.467113730148412e-06,extra_trees_all_leaf50,2020
lag2_fg_missed_50_59,0.0,extra_trees_all_leaf50,2020
lag2_fg_missed_60_,0.0,extra_trees_all_leaf50,2020
lag2_fg_made_distance,3.386845492103774e-05,extra_trees_all_leaf50,2020
lag2_fg_missed_distance,4.233556865074206e-06,extra_trees_all_leaf50,2020
lag2_pat_made,0.0,extra_trees_all_leaf50,2020
lag2_pat_att,0.0,extra_trees_all_leaf50,2020
lag2_pat_missed,4.233556865074206e-06,extra_trees_all_leaf50,2020
lag2_pat_blocked,0.0,extra_trees_all_leaf50,2020
lag2_gwfg_made,0.0,extra_trees_all_leaf50,2020
lag2_gwfg_att,0.0,extra_trees_all_leaf50,2020
lag2_gwfg_missed,0.0,extra_trees_all_leaf50,2020
lag2_gwfg_blocked,0.0,extra_trees_all_leaf50,2020
lag2_gwfg_distance,0.0,extra_trees_all_leaf50,2020
lag2_targets,8.890469416777957e-05,extra_trees_all_leaf50,2020
lag2_passing_air_yards,1.2700670595444663e-05,extra_trees_all_leaf50,2020
lag2_passing_yards_after_catch,-1.2700670595444663e-05,extra_trees_all_leaf50,2020
lag2_receiving_air_yards,4.233556865074206e-06,extra_trees_all_leaf50,2020
lag2_receiving_yards_after_catch,5.080268238155661e-05,extra_trees_all_leaf50,2020
lag2_games,-0.00046569125516493504,extra_trees_all_leaf50,2020
lag2_roster_weeks,-0.00027941475309911645,extra_trees_all_leaf50,2020
lag2_offense_snaps,0.004258958206326602,extra_trees_all_leaf50,2020
lag3_history_available,-6.350335297711229e-05,extra_trees_all_leaf50,2020
lag3_completions,-0.00013970737654955823,extra_trees_all_leaf50,2020
lag3_attempts,-0.0001778093883357812,extra_trees_all_leaf50,2020
lag3_passing_yards,-1.1102230246251565e-16,extra_trees_all_leaf50,2020
lag3_passing_tds,-5.503623924685286e-05,extra_trees_all_leaf50,2020
lag3_passing_interceptions,-6.350335297711229e-05,extra_trees_all_leaf50,2020
lag3_sacks_suffered,-5.5036239246741836e-05,extra_trees_all_leaf50,2020
lag3_sack_yards_lost,-6.77369098421865e-05,extra_trees_all_leaf50,2020
lag3_sack_fumbles,0.0,extra_trees_all_leaf50,2020
lag3_sack_fumbles_lost,-8.467113730259435e-06,extra_trees_all_leaf50,2020
lag3_passing_first_downs,1.693422746062989e-05,extra_trees_all_leaf50,2020
lag3_passing_10,-0.00017780938833589222,extra_trees_all_leaf50,2020
lag3_passing_16,-0.00014394093341463243,extra_trees_all_leaf50,2020
lag3_passing_20,-9.313825103307583e-05,extra_trees_all_leaf50,2020
lag3_passing_40,-2.5401341190889326e-05,extra_trees_all_leaf50,2020
lag3_carries,-2.1167784325704098e-05,extra_trees_all_leaf50,2020
lag3_rushing_yards,-3.810201178622297e-05,extra_trees_all_leaf50,2020
lag3_rushing_tds,8.467113730148412e-06,extra_trees_all_leaf50,2020
lag3_rushing_fumbles,-8.467113730259435e-06,extra_trees_all_leaf50,2020
lag3_rushing_fumbles_lost,-2.9634898056074555e-05,extra_trees_all_leaf50,2020
lag3_rushing_first_downs,1.270067059533364e-05,extra_trees_all_leaf50,2020
lag3_rushing_10,3.8102011786111945e-05,extra_trees_all_leaf50,2020
lag3_rushing_12,-8.467113730259435e-06,extra_trees_all_leaf50,2020
lag3_rushing_20,1.2700670595444663e-05,extra_trees_all_leaf50,2020
lag3_rushing_40,0.0,extra_trees_all_leaf50,2020
lag3_receptions,-6.350335297722332e-05,extra_trees_all_leaf50,2020
lag3_receiving_yards,5.080268238166763e-05,extra_trees_all_leaf50,2020
lag3_receiving_tds,-2.9634898055963532e-05,extra_trees_all_leaf50,2020
lag3_receiving_fumbles,1.270067059533364e-05,extra_trees_all_leaf50,2020
lag3_receiving_fumbles_lost,-1.1102230246251565e-16,extra_trees_all_leaf50,2020
lag3_receiving_first_downs,-5.926979611203809e-05,extra_trees_all_leaf50,2020
lag3_receiving_10,2.5401341190778304e-05,extra_trees_all_leaf50,2020
lag3_receiving_16,7.620402357233491e-05,extra_trees_all_leaf50,2020
lag3_receiving_20,4.65691255164824e-05,extra_trees_all_leaf50,2020
lag3_receiving_40,1.2700670595444663e-05,extra_trees_all_leaf50,2020
lag3_special_teams_tds,0.0,extra_trees_all_leaf50,2020
lag3_fumbles_total,-3.386845492125978e-05,extra_trees_all_leaf50,2020
lag3_fumbles_lost_total,3.8102011786111945e-05,extra_trees_all_leaf50,2020
lag3_punt_returns,4.233556865074206e-06,extra_trees_all_leaf50,2020
lag3_punt_return_yards,0.0,extra_trees_all_leaf50,2020
lag3_kickoff_returns,6.77369098421865e-05,extra_trees_all_leaf50,2020
lag3_kickoff_return_yards,-8.467113730370457e-06,extra_trees_all_leaf50,2020
lag3_fg_made,4.233556865129717e-05,extra_trees_all_leaf50,2020
lag3_fg_att,1.2700670595444663e-05,extra_trees_all_leaf50,2020
lag3_fg_missed,1.2700670595444663e-05,extra_trees_all_leaf50,2020
lag3_fg_blocked,0.0,extra_trees_all_leaf50,2020
lag3_fg_made_0_19,0.0,extra_trees_all_leaf50,2020
lag3_fg_made_20_29,-1.693422746051887e-05,extra_trees_all_leaf50,2020
lag3_fg_made_30_39,-1.693422746051887e-05,extra_trees_all_leaf50,2020
lag3_fg_made_40_49,0.0,extra_trees_all_leaf50,2020
lag3_fg_made_50_59,0.0,extra_trees_all_leaf50,2020
lag3_fg_made_60_,0.0,extra_trees_all_leaf50,2020
lag3_fg_missed_0_19,0.0,extra_trees_all_leaf50,2020
lag3_fg_missed_20_29,0.0,extra_trees_all_leaf50,2020
lag3_fg_missed_30_39,0.0,extra_trees_all_leaf50,2020
lag3_fg_missed_40_49,4.233556865074206e-06,extra_trees_all_leaf50,2020
lag3_fg_missed_50_59,2.540134119066728e-05,extra_trees_all_leaf50,2020
lag3_fg_missed_60_,0.0,extra_trees_all_leaf50,2020
lag3_fg_made_distance,-8.467113730370457e-06,extra_trees_all_leaf50,2020
lag3_fg_missed_distance,1.2700670595444663e-05,extra_trees_all_leaf50,2020
lag3_pat_made,1.693422746051887e-05,extra_trees_all_leaf50,2020
lag3_pat_att,1.693422746051887e-05,extra_trees_all_leaf50,2020
lag3_pat_missed,0.0,extra_trees_all_leaf50,2020
lag3_pat_blocked,0.0,extra_trees_all_leaf50,2020
lag3_gwfg_made,0.0,extra_trees_all_leaf50,2020
lag3_gwfg_att,0.0,extra_trees_all_leaf50,2020
lag3_gwfg_missed,0.0,extra_trees_all_leaf50,2020
lag3_gwfg_blocked,0.0,extra_trees_all_leaf50,2020
lag3_gwfg_distance,0.0,extra_trees_all_leaf50,2020
lag3_targets,-1.2700670595444663e-05,extra_trees_all_leaf50,2020
lag3_passing_air_yards,-0.0001100724784935947,extra_trees_all_leaf50,2020
lag3_passing_yards_after_catch,-1.1102230246251565e-16,extra_trees_all_leaf50,2020
lag3_receiving_air_yards,9.31382510329648e-05,extra_trees_all_leaf50,2020
lag3_receiving_yards_after_catch,-4.2335568651852284e-06,extra_trees_all_leaf50,2020
lag3_games,0.00018204294520074438,extra_trees_all_leaf50,2020
lag3_roster_weeks,-3.810201178633399e-05,extra_trees_all_leaf50,2020
lag3_offense_snaps,0.0009271489534646848,extra_trees_all_leaf50,2020
lag4_history_available,-0.0003005825374245985,extra_trees_all_leaf50,2020
lag4_completions,2.9634898055741488e-05,extra_trees_all_leaf50,2020
lag4_attempts,1.2700670595222618e-05,extra_trees_all_leaf50,2020
lag4_passing_yards,0.0,extra_trees_all_leaf50,2020
lag4_passing_tds,4.2335568651852284e-06,extra_trees_all_leaf50,2020
lag4_passing_interceptions,-8.467113730370457e-06,extra_trees_all_leaf50,2020
lag4_sacks_suffered,6.773690984207548e-05,extra_trees_all_leaf50,2020
lag4_sack_yards_lost,0.0,extra_trees_all_leaf50,2020
lag4_sack_fumbles,-1.2700670595555685e-05,extra_trees_all_leaf50,2020
lag4_sack_fumbles_lost,-4.2335568651852284e-06,extra_trees_all_leaf50,2020
lag4_passing_first_downs,3.386845492103774e-05,extra_trees_all_leaf50,2020
lag4_passing_10,-1.1102230246251565e-16,extra_trees_all_leaf50,2020
lag4_passing_16,1.693422746051887e-05,extra_trees_all_leaf50,2020
lag4_passing_20,4.233556864963184e-06,extra_trees_all_leaf50,2020
lag4_passing_40,2.5401341190778304e-05,extra_trees_all_leaf50,2020
lag4_carries,1.270067059533364e-05,extra_trees_all_leaf50,2020
lag4_rushing_yards,-2.1167784325704098e-05,extra_trees_all_leaf50,2020
lag4_rushing_tds,-1.270067059533364e-05,extra_trees_all_leaf50,2020
lag4_rushing_fumbles,-8.467113730259435e-06,extra_trees_all_leaf50,2020
lag4_rushing_fumbles_lost,0.0,extra_trees_all_leaf50,2020
lag4_rushing_first_downs,4.233556864963184e-06,extra_trees_all_leaf50,2020
lag4_rushing_10,-2.1167784325704098e-05,extra_trees_all_leaf50,2020
lag4_rushing_12,2.9634898055963532e-05,extra_trees_all_leaf50,2020
lag4_rushing_20,-3.810201178622297e-05,extra_trees_all_leaf50,2020
lag4_rushing_40,-2.9634898055963532e-05,extra_trees_all_leaf50,2020
lag4_receptions,-0.00021167784325681893,extra_trees_all_leaf50,2020
lag4_receiving_yards,-1.1102230246251565e-16,extra_trees_all_leaf50,2020
lag4_receiving_tds,6.773690984207548e-05,extra_trees_all_leaf50,2020
lag4_receiving_fumbles,-1.2700670595444663e-05,extra_trees_all_leaf50,2020
lag4_receiving_fumbles_lost,8.467113730259435e-06,extra_trees_all_leaf50,2020
lag4_receiving_first_downs,-0.0001185395922237431,extra_trees_all_leaf50,2020
lag4_receiving_10,-0.00010583892162852049,extra_trees_all_leaf50,2020
lag4_receiving_16,0.00013124026281918777,extra_trees_all_leaf50,2020
lag4_receiving_20,4.2335568651852284e-06,extra_trees_all_leaf50,2020
lag4_receiving_40,-1.1102230246251565e-16,extra_trees_all_leaf50,2020
lag4_special_teams_tds,0.0,extra_trees_all_leaf50,2020
lag4_fumbles_total,-8.467113730270537e-05,extra_trees_all_leaf50,2020
lag4_fumbles_lost_total,0.00021591140012178212,extra_trees_all_leaf50,2020
lag4_punt_returns,1.270067059533364e-05,extra_trees_all_leaf50,2020
lag4_punt_return_yards,0.0,extra_trees_all_leaf50,2020
lag4_kickoff_returns,0.0,extra_trees_all_leaf50,2020
lag4_kickoff_return_yards,0.0,extra_trees_all_leaf50,2020
lag4_fg_made,0.0,extra_trees_all_leaf50,2020
lag4_fg_att,0.0,extra_trees_all_leaf50,2020
lag4_fg_missed,-4.233556865074206e-06,extra_trees_all_leaf50,2020
lag4_fg_blocked,0.0,extra_trees_all_leaf50,2020
lag4_fg_made_0_19,0.0,extra_trees_all_leaf50,2020
lag4_fg_made_20_29,0.0,extra_trees_all_leaf50,2020
lag4_fg_made_30_39,0.0,extra_trees_all_leaf50,2020
lag4_fg_made_40_49,0.0,extra_trees_all_leaf50,2020
lag4_fg_made_50_59,0.0,extra_trees_all_leaf50,2020
lag4_fg_made_60_,0.0,extra_trees_all_leaf50,2020
lag4_fg_missed_0_19,0.0,extra_trees_all_leaf50,2020
lag4_fg_missed_20_29,0.0,extra_trees_all_leaf50,2020
lag4_fg_missed_30_39,0.0,extra_trees_all_leaf50,2020
lag4_fg_missed_40_49,-8.467113730370457e-06,extra_trees_all_leaf50,2020
lag4_fg_missed_50_59,0.0,extra_trees_all_leaf50,2020
lag4_fg_missed_60_,0.0,extra_trees_all_leaf50,2020
lag4_fg_made_distance,0.0,extra_trees_all_leaf50,2020
lag4_fg_missed_distance,0.0,extra_trees_all_leaf50,2020
lag4_pat_made,0.0,extra_trees_all_leaf50,2020
lag4_pat_att,0.0,extra_trees_all_leaf50,2020
lag4_pat_missed,0.0,extra_trees_all_leaf50,2020
lag4_pat_blocked,0.0,extra_trees_all_leaf50,2020
lag4_gwfg_made,0.0,extra_trees_all_leaf50,2020
lag4_gwfg_att,0.0,extra_trees_all_leaf50,2020
lag4_gwfg_missed,0.0,extra_trees_all_leaf50,2020
lag4_gwfg_blocked,0.0,extra_trees_all_leaf50,2020
lag4_gwfg_distance,0.0,extra_trees_all_leaf50,2020
lag4_targets,-4.6569125516593424e-05,extra_trees_all_leaf50,2020
lag4_passing_air_yards,2.1167784325593075e-05,extra_trees_all_leaf50,2020
lag4_passing_yards_after_catch,0.0,extra_trees_all_leaf50,2020
lag4_receiving_air_yards,8.043758043763116e-05,extra_trees_all_leaf50,2020
lag4_receiving_yards_after_catch,8.467113730259435e-06,extra_trees_all_leaf50,2020
lag4_games,-0.0011134254555307255,extra_trees_all_leaf50,2020
lag4_roster_weeks,-0.00014394093341463243,extra_trees_all_leaf50,2020
lag4_offense_snaps,0.0002624805256382645,extra_trees_all_leaf50,2020
lag1_completion_rate,-3.386845492114876e-05,extra_trees_all_leaf50,2020
lag1_pass_yards_per_attempt,3.386845492103774e-05,extra_trees_all_leaf50,2020
lag1_pass_td_rate,2.1167784325593075e-05,extra_trees_all_leaf50,2020
lag1_interception_rate,-8.467113730370457e-06,extra_trees_all_leaf50,2020
lag1_rush_yards_per_carry,4.233556865129717e-05,extra_trees_all_leaf50,2020
lag1_rush_first_down_rate,0.00013547381968415095,extra_trees_all_leaf50,2020
lag1_rush_20_rate,1.693422746062989e-05,extra_trees_all_leaf50,2020
lag1_receiving_yards_per_reception,-2.9634898056074555e-05,extra_trees_all_leaf50,2020
lag1_receiving_first_down_rate,0.004800853485063872,extra_trees_all_leaf50,2020
lag1_receiving_20_rate,-0.0004529905845694904,extra_trees_all_leaf50,2020
lag1_field_goal_make_rate,6.77369098421865e-05,extra_trees_all_leaf50,2020
lag1_made_field_goal_mean_distance,-1.1102230246251565e-16,extra_trees_all_leaf50,2020
lag1_missed_field_goal_mean_distance,0.0001312402628192988,extra_trees_all_leaf50,2020
lag1_pat_make_rate,4.656912551637138e-05,extra_trees_all_leaf50,2020
lag1_catch_rate,0.005249610512768288,extra_trees_all_leaf50,2020
lag1_receiving_yards_per_target,9.313825103285378e-05,extra_trees_all_leaf50,2020
lag1_receiving_air_yards_per_target,-2.9634898055963532e-05,extra_trees_all_leaf50,2020
lag1_receiving_yards_after_catch_per_reception,0.001066856330014354,extra_trees_all_leaf50,2020
lag1_passing_air_yards_per_attempt,0.00016934227460541074,extra_trees_all_leaf50,2020
lag1_passing_yards_after_catch_per_completion,-2.9634898056074555e-05,extra_trees_all_leaf50,2020
lag2_completion_rate,2.9634898055741488e-05,extra_trees_all_leaf50,2020
lag2_pass_yards_per_attempt,-4.2335568651852284e-06,extra_trees_all_leaf50,2020
lag2_pass_td_rate,-1.2700670595444663e-05,extra_trees_all_leaf50,2020
lag2_interception_rate,1.2700670595444663e-05,extra_trees_all_leaf50,2020
lag2_rush_yards_per_carry,-0.00012277314908903936,extra_trees_all_leaf50,2020
lag2_rush_first_down_rate,-4.2335568651408195e-05,extra_trees_all_leaf50,2020
lag2_rush_20_rate,-8.467113730259435e-06,extra_trees_all_leaf50,2020
lag2_receiving_yards_per_reception,0.00014817449027970664,extra_trees_all_leaf50,2020
lag2_receiving_first_down_rate,-0.00013970737654955823,extra_trees_all_leaf50,2020
lag2_receiving_20_rate,1.270067059533364e-05,extra_trees_all_leaf50,2020
lag2_field_goal_make_rate,8.467113730148412e-06,extra_trees_all_leaf50,2020
lag2_made_field_goal_mean_distance,1.693422746051887e-05,extra_trees_all_leaf50,2020
lag2_missed_field_goal_mean_distance,5.9269796111927064e-05,extra_trees_all_leaf50,2020
lag2_pat_make_rate,4.65691255164824e-05,extra_trees_all_leaf50,2020
lag2_catch_rate,0.00020744428639152268,extra_trees_all_leaf50,2020
lag2_receiving_yards_per_target,-0.00011007247849348367,extra_trees_all_leaf50,2020
lag2_receiving_air_yards_per_target,9.737180789803901e-05,extra_trees_all_leaf50,2020
lag2_receiving_yards_after_catch_per_reception,4.2335568651408195e-05,extra_trees_all_leaf50,2020
lag2_passing_air_yards_per_attempt,-1.693422746062989e-05,extra_trees_all_leaf50,2020
lag2_passing_yards_after_catch_per_completion,1.2700670595444663e-05,extra_trees_all_leaf50,2020
lag3_completion_rate,-0.00024131274131267144,extra_trees_all_leaf50,2020
lag3_pass_yards_per_attempt,-1.1102230246251565e-16,extra_trees_all_leaf50,2020
lag3_pass_td_rate,-0.000173575831470707,extra_trees_all_leaf50,2020
lag3_interception_rate,-9.313825103307583e-05,extra_trees_all_leaf50,2020
lag3_rush_yards_per_carry,-0.00011430603535877992,extra_trees_all_leaf50,2020
lag3_rush_first_down_rate,-0.00028364830996407964,extra_trees_all_leaf50,2020
lag3_rush_20_rate,-2.1167784325704098e-05,extra_trees_all_leaf50,2020
lag3_receiving_yards_per_reception,2.540134119066728e-05,extra_trees_all_leaf50,2020
lag3_receiving_first_down_rate,0.0005884644042538634,extra_trees_all_leaf50,2020
lag3_receiving_20_rate,5.080268238166763e-05,extra_trees_all_leaf50,2020
lag3_field_goal_make_rate,8.467113730148412e-06,extra_trees_all_leaf50,2020
lag3_made_field_goal_mean_distance,4.233556865074206e-06,extra_trees_all_leaf50,2020
lag3_missed_field_goal_mean_distance,2.1167784325593075e-05,extra_trees_all_leaf50,2020
lag3_pat_make_rate,0.0,extra_trees_all_leaf50,2020
lag3_catch_rate,0.00016510871774033653,extra_trees_all_leaf50,2020
lag3_receiving_yards_per_target,8.043758043763116e-05,extra_trees_all_leaf50,2020
lag3_receiving_air_yards_per_target,-9.31382510329648e-05,extra_trees_all_leaf50,2020
lag3_receiving_yards_after_catch_per_reception,-4.2335568651852284e-06,extra_trees_all_leaf50,2020
lag3_passing_air_yards_per_attempt,-0.000232845627582412,extra_trees_all_leaf50,2020
lag3_passing_yards_after_catch_per_completion,-1.2700670595444663e-05,extra_trees_all_leaf50,2020
lag4_completion_rate,0.0002836483099639686,extra_trees_all_leaf50,2020
lag4_pass_yards_per_attempt,-2.9634898056074555e-05,extra_trees_all_leaf50,2020
lag4_pass_td_rate,-2.1167784325704098e-05,extra_trees_all_leaf50,2020
lag4_interception_rate,0.0,extra_trees_all_leaf50,2020
lag4_rush_yards_per_carry,-2.5401341190889326e-05,extra_trees_all_leaf50,2020
lag4_rush_first_down_rate,4.6569125516593424e-05,extra_trees_all_leaf50,2020
lag4_rush_20_rate,1.270067059533364e-05,extra_trees_all_leaf50,2020
lag4_receiving_yards_per_reception,2.540134119066728e-05,extra_trees_all_leaf50,2020
lag4_receiving_first_down_rate,-4.233556865129717e-05,extra_trees_all_leaf50,2020
lag4_receiving_20_rate,8.467113730370457e-06,extra_trees_all_leaf50,2020
lag4_field_goal_make_rate,0.0,extra_trees_all_leaf50,2020
lag4_made_field_goal_mean_distance,0.0,extra_trees_all_leaf50,2020
lag4_missed_field_goal_mean_distance,0.0,extra_trees_all_leaf50,2020
lag4_pat_make_rate,0.0,extra_trees_all_leaf50,2020
lag4_catch_rate,-0.0004318228002438973,extra_trees_all_leaf50,2020
lag4_receiving_yards_per_target,5.080268238155661e-05,extra_trees_all_leaf50,2020
lag4_receiving_air_yards_per_target,-3.810201178633399e-05,extra_trees_all_leaf50,2020
lag4_receiving_yards_after_catch_per_reception,0.0001566416040100771,extra_trees_all_leaf50,2020
lag4_passing_air_yards_per_attempt,-1.270067059533364e-05,extra_trees_all_leaf50,2020
lag4_passing_yards_after_catch_per_completion,4.65691255164824e-05,extra_trees_all_leaf50,2020
lag1_late6_attempts,9.737180789803901e-05,extra_trees_all_leaf50,2020
lag1_weekly_slope_attempts,0.0,extra_trees_all_leaf50,2020
lag1_late6_mean_delta_attempts,0.0,extra_trees_all_leaf50,2020
lag1_late6_passing_yards,8.043758043752014e-05,extra_trees_all_leaf50,2020
lag1_weekly_slope_passing_yards,0.0,extra_trees_all_leaf50,2020
lag1_late6_mean_delta_passing_yards,-1.2700670595444663e-05,extra_trees_all_leaf50,2020
lag1_late6_passing_first_downs,0.0,extra_trees_all_leaf50,2020
lag1_weekly_slope_passing_first_downs,0.0,extra_trees_all_leaf50,2020
lag1_late6_mean_delta_passing_first_downs,4.233556865074206e-06,extra_trees_all_leaf50,2020
lag1_late6_passing_20,0.00011007247849337265,extra_trees_all_leaf50,2020
lag1_weekly_slope_passing_20,8.890469416777957e-05,extra_trees_all_leaf50,2020
lag1_late6_mean_delta_passing_20,2.5401341190778304e-05,extra_trees_all_leaf50,2020
lag1_late6_carries,0.00011430603535877992,extra_trees_all_leaf50,2020
lag1_weekly_slope_carries,-2.5401341190778304e-05,extra_trees_all_leaf50,2020
lag1_late6_mean_delta_carries,-5.080268238166763e-05,extra_trees_all_leaf50,2020
lag1_late6_rushing_yards,0.00023284562758252303,extra_trees_all_leaf50,2020
lag1_weekly_slope_rushing_yards,-4.2335568651408195e-05,extra_trees_all_leaf50,2020
lag1_late6_mean_delta_rushing_yards,-5.5036239246741836e-05,extra_trees_all_leaf50,2020
lag1_late6_rushing_first_downs,0.00017780938833567017,extra_trees_all_leaf50,2020
lag1_weekly_slope_rushing_first_downs,9.737180789803901e-05,extra_trees_all_leaf50,2020
lag1_late6_mean_delta_rushing_first_downs,-1.2700670595444663e-05,extra_trees_all_leaf50,2020
lag1_late6_rushing_20,6.773690984207548e-05,extra_trees_all_leaf50,2020
lag1_weekly_slope_rushing_20,2.1167784325593075e-05,extra_trees_all_leaf50,2020
lag1_late6_mean_delta_rushing_20,-1.2700670595444663e-05,extra_trees_all_leaf50,2020
lag1_late6_receptions,-0.0007408724513988663,extra_trees_all_leaf50,2020
lag1_weekly_slope_receptions,0.0001566416040100771,extra_trees_all_leaf50,2020
lag1_late6_mean_delta_receptions,-0.0001397073765494472,extra_trees_all_leaf50,2020
lag1_late6_receiving_yards,0.00012277314908903936,extra_trees_all_leaf50,2020
lag1_weekly_slope_receiving_yards,-8.467113730259435e-05,extra_trees_all_leaf50,2020
lag1_late6_mean_delta_receiving_yards,-0.00032598387861548783,extra_trees_all_leaf50,2020
lag1_late6_receiving_first_downs,0.00017357583147048494,extra_trees_all_leaf50,2020
lag1_weekly_slope_receiving_first_downs,9.737180789803901e-05,extra_trees_all_leaf50,2020
lag1_late6_mean_delta_receiving_first_downs,-0.00014817449027981766,extra_trees_all_leaf50,2020
lag1_late6_receiving_20,-2.5401341190889326e-05,extra_trees_all_leaf50,2020
lag1_weekly_slope_receiving_20,-0.0003852536747275259,extra_trees_all_leaf50,2020
lag1_late6_mean_delta_receiving_20,1.2700670595444663e-05,extra_trees_all_leaf50,2020
lag1_late6_punt_return_yards,3.8102011786111945e-05,extra_trees_all_leaf50,2020
lag1_weekly_slope_punt_return_yards,0.0,extra_trees_all_leaf50,2020
lag1_late6_mean_delta_punt_return_yards,0.0,extra_trees_all_leaf50,2020
lag1_late6_kickoff_return_yards,8.467113730259435e-06,extra_trees_all_leaf50,2020
lag1_weekly_slope_kickoff_return_yards,0.0,extra_trees_all_leaf50,2020
lag1_late6_mean_delta_kickoff_return_yards,1.693422746051887e-05,extra_trees_all_leaf50,2020
lag1_late6_fg_made,1.693422746051887e-05,extra_trees_all_leaf50,2020
lag1_weekly_slope_fg_made,0.0,extra_trees_all_leaf50,2020
lag1_late6_mean_delta_fg_made,0.0,extra_trees_all_leaf50,2020
lag1_late6_fg_att,0.0,extra_trees_all_leaf50,2020
lag1_weekly_slope_fg_att,0.0,extra_trees_all_leaf50,2020
lag1_late6_mean_delta_fg_att,0.0,extra_trees_all_leaf50,2020
lag1_late6_pat_att,1.693422746051887e-05,extra_trees_all_leaf50,2020
lag1_weekly_slope_pat_att,4.233556865074206e-06,extra_trees_all_leaf50,2020
lag1_late6_mean_delta_pat_att,8.467113730148412e-06,extra_trees_all_leaf50,2020
lag1_late6_targets,-0.00022437851385215257,extra_trees_all_leaf50,2020
lag1_weekly_slope_targets,-0.00013970737654955823,extra_trees_all_leaf50,2020
lag1_late6_mean_delta_targets,-5.5036239246741836e-05,extra_trees_all_leaf50,2020
lag1_late6_passing_air_yards,0.00015664160400996607,extra_trees_all_leaf50,2020
lag1_weekly_slope_passing_air_yards,1.693422746051887e-05,extra_trees_all_leaf50,2020
lag1_late6_mean_delta_passing_air_yards,0.0,extra_trees_all_leaf50,2020
lag1_late6_passing_yards_after_catch,1.270067059533364e-05,extra_trees_all_leaf50,2020
lag1_weekly_slope_passing_yards_after_catch,0.0,extra_trees_all_leaf50,2020
lag1_late6_mean_delta_passing_yards_after_catch,0.0,extra_trees_all_leaf50,2020
lag1_late6_receiving_air_yards,-0.00011853959222385413,extra_trees_all_leaf50,2020
lag1_weekly_slope_receiving_air_yards,-0.00032598387861548783,extra_trees_all_leaf50,2020
lag1_late6_mean_delta_receiving_air_yards,-0.0002116778432567079,extra_trees_all_leaf50,2020
lag1_late6_receiving_yards_after_catch,0.0003175167648851174,extra_trees_all_leaf50,2020
lag1_weekly_slope_receiving_yards_after_catch,0.00035985233353641455,extra_trees_all_leaf50,2020
lag1_late6_mean_delta_receiving_yards_after_catch,7.620402357244593e-05,extra_trees_all_leaf50,2020
position_K,0.00046569125516504606,extra_trees_all_leaf50,2020
injury_lag2_injury_reported,-0.0015833502675608457,extra_trees_all_leaf50,2020
injury_lag2_injury_report_weeks,-0.00011853959222396515,extra_trees_all_leaf50,2020
injury_lag2_designation_count,-2.1167784325704098e-05,extra_trees_all_leaf50,2020
injury_lag3_injury_reported,0.00042758924337871207,extra_trees_all_leaf50,2020
injury_lag3_injury_report_weeks,2.1167784325593075e-05,extra_trees_all_leaf50,2020
injury_lag3_designation_count,0.0001143060353586689,extra_trees_all_leaf50,2020
injury_lag4_injury_reported,0.0011261261261261701,extra_trees_all_leaf50,2020
injury_lag4_injury_report_weeks,9.737180789803901e-05,extra_trees_all_leaf50,2020
injury_lag4_designation_count,2.963489805585251e-05,extra_trees_all_leaf50,2020
injury_lag5_injury_reported,0.00047839192576015765,extra_trees_all_leaf50,2020
injury_lag5_injury_report_weeks,1.2700670595444663e-05,extra_trees_all_leaf50,2020
injury_lag5_designation_count,0.0,extra_trees_all_leaf50,2020
injury_lag1_reserve_weeks,0.0003640858904015998,extra_trees_all_leaf50,2020
injury_lag2_reserve_weeks,0.00010583892162829844,extra_trees_all_leaf50,2020
injury_lag3_reserve_weeks,4.233556865129717e-05,extra_trees_all_leaf50,2020
injury_lag4_reserve_weeks,0.0,extra_trees_all_leaf50,2020
injury_lag2_absence_report_weeks,-0.000135473819684373,extra_trees_all_leaf50,2020
injury_lag2_absence_reported,-0.00030904965115496896,extra_trees_all_leaf50,2020
injury_lag3_absence_report_weeks,-6.350335297711229e-05,extra_trees_all_leaf50,2020
injury_lag3_absence_reported,3.386845492103774e-05,extra_trees_all_leaf50,2020
injury_lag4_absence_report_weeks,1.6934227460407847e-05,extra_trees_all_leaf50,2020
injury_lag4_absence_reported,-4.6569125516593424e-05,extra_trees_all_leaf50,2020
injury_lag5_absence_report_weeks,0.0,extra_trees_all_leaf50,2020
injury_lag5_absence_reported,8.890469416777957e-05,extra_trees_all_leaf50,2020
lag1_targets_per_game,0.0004572241414345646,extra_trees_all_leaf50,2020
lag1_carries_per_game,5.080268238166763e-05,extra_trees_all_leaf50,2020
lag1_receptions_per_game,0.0003217503217503026,extra_trees_all_leaf50,2020
lag1_attempts_per_game,-3.386845492114876e-05,extra_trees_all_leaf50,2020
lag1_receiving_yards_per_game,0.0003852536747274149,extra_trees_all_leaf50,2020
lag1_rushing_yards_per_game,0.0008848133848133877,extra_trees_all_leaf50,2020
lag1_passing_yards_per_game,-3.8102011786111945e-05,extra_trees_all_leaf50,2020
lag1_offense_snaps_per_game,-0.0002963489805596353,extra_trees_all_leaf50,2020
lag1_share_targets_prior_team,0.0011896294791031714,extra_trees_all_leaf50,2020
lag1_share_carries_prior_team,0.0003175167648852284,extra_trees_all_leaf50,2020
lag1_share_receptions_prior_team,0.001066856330014132,extra_trees_all_leaf50,2020
lag1_share_attempts_prior_team,4.233556865129717e-05,extra_trees_all_leaf50,2020
age,0.0019651639784370456,extra_trees_all_leaf50,2021
missing_age,0.005133051266081101,extra_trees_all_leaf50,2021
years_exp,0.00032215802925206205,extra_trees_all_leaf50,2021
missing_years_exp,2.8636269266968384e-05,extra_trees_all_leaf50,2021
height,0.0002863626926684626,extra_trees_all_leaf50,2021
missing_height,7.159067316742096e-06,extra_trees_all_leaf50,2021
weight,0.000438492873148566,extra_trees_all_leaf50,2021
missing_weight,-2.5056735608486314e-05,extra_trees_all_leaf50,2021
draft_number,-0.001757551026252191,extra_trees_all_leaf50,2021
missing_draft_number,0.003669021999814004,extra_trees_all_leaf50,2021
draft_round,-6.801113950860582e-05,extra_trees_all_leaf50,2021
missing_draft_round,0.012667969616918406,extra_trees_all_leaf50,2021
was_drafted,-0.0005297709814364726,extra_trees_all_leaf50,2021
missing_was_drafted,0.0,extra_trees_all_leaf50,2021
is_rookie,0.01490875768704869,extra_trees_all_leaf50,2021
missing_is_rookie,0.0,extra_trees_all_leaf50,2021
missing_team_changed,0.0,extra_trees_all_leaf50,2021
combine_forty,-0.0005870435199700763,extra_trees_all_leaf50,2021
missing_combine_forty,-0.0023553331471974914,extra_trees_all_leaf50,2021
combine_bench,-0.0015391994730926672,extra_trees_all_leaf50,2021
missing_combine_bench,-0.0014103362613918646,extra_trees_all_leaf50,2021
combine_vertical,0.00012170414438406052,extra_trees_all_leaf50,2021
missing_combine_vertical,0.00014676087999254683,extra_trees_all_leaf50,2021
combine_broad_jump,0.0004295440390027494,extra_trees_all_leaf50,2021
missing_combine_broad_jump,0.00020403341852637258,extra_trees_all_leaf50,2021
combine_cone,-0.00035079429851869737,extra_trees_all_leaf50,2021
missing_combine_cone,-0.0005226119141197305,extra_trees_all_leaf50,2021
combine_shuttle,-0.0005190323804612484,extra_trees_all_leaf50,2021
missing_combine_shuttle,-0.0005190323804613595,extra_trees_all_leaf50,2021
position_QB,0.0005154528468032105,extra_trees_all_leaf50,2021
position_RB,0.0006156797892370447,extra_trees_all_leaf50,2021
position_WR,0.0006980090633793568,extra_trees_all_leaf50,2021
position_TE,0.009152867564413802,extra_trees_all_leaf50,2021
lag1_history_available,0.0010702805638482804,extra_trees_all_leaf50,2021
lag1_completions,4.653393755860158e-05,extra_trees_all_leaf50,2021
lag1_attempts,-6.801113950860582e-05,extra_trees_all_leaf50,2021
lag1_passing_yards,1.789766829185524e-05,extra_trees_all_leaf50,2021
lag1_passing_tds,-1.07386009748911e-05,extra_trees_all_leaf50,2021
lag1_passing_interceptions,-7.159067316631074e-06,extra_trees_all_leaf50,2021
lag1_sacks_suffered,2.863626926685736e-05,extra_trees_all_leaf50,2021
lag1_sack_yards_lost,3.579533658371048e-06,extra_trees_all_leaf50,2021
lag1_sack_fumbles,-2.1477201950004243e-05,extra_trees_all_leaf50,2021
lag1_sack_fumbles_lost,-1.7897668291633195e-05,extra_trees_all_leaf50,2021
lag1_passing_first_downs,2.8636269266968384e-05,extra_trees_all_leaf50,2021
lag1_passing_10,1.4318134633484192e-05,extra_trees_all_leaf50,2021
lag1_passing_16,1.0738600975002122e-05,extra_trees_all_leaf50,2021
lag1_passing_20,-4.653393755849056e-05,extra_trees_all_leaf50,2021
lag1_passing_40,3.5795336584820703e-06,extra_trees_all_leaf50,2021
lag1_carries,-6.443160585023477e-05,extra_trees_all_leaf50,2021
lag1_rushing_yards,-0.00012170414438406052,extra_trees_all_leaf50,2021
lag1_rushing_tds,-0.00014318134633406476,extra_trees_all_leaf50,2021
lag1_rushing_fumbles,6.443160585045682e-05,extra_trees_all_leaf50,2021
lag1_rushing_fumbles_lost,7.517020682556996e-05,extra_trees_all_leaf50,2021
lag1_rushing_first_downs,0.00013960181267591576,extra_trees_all_leaf50,2021
lag1_rushing_10,0.00030783989461857786,extra_trees_all_leaf50,2021
lag1_rushing_12,-3.5795336583488435e-05,extra_trees_all_leaf50,2021
lag1_rushing_20,9.664740877568523e-05,extra_trees_all_leaf50,2021
lag1_rushing_40,3.579533658371048e-06,extra_trees_all_leaf50,2021
lag1_receptions,0.0008053950731300441,extra_trees_all_leaf50,2021
lag1_receiving_yards,-0.00023624922145126792,extra_trees_all_leaf50,2021
lag1_receiving_tds,-3.221580292511739e-05,extra_trees_all_leaf50,2021
lag1_receiving_fumbles,6.085207219197475e-05,extra_trees_all_leaf50,2021
lag1_receiving_fumbles_lost,-2.5056735608486314e-05,extra_trees_all_leaf50,2021
lag1_receiving_first_downs,-0.0007731792702044826,extra_trees_all_leaf50,2021
lag1_receiving_10,-0.0007660202028878516,extra_trees_all_leaf50,2021
lag1_receiving_16,0.0002040334185264836,extra_trees_all_leaf50,2021
lag1_receiving_20,-3.5795336583488435e-05,extra_trees_all_leaf50,2021
lag1_receiving_40,0.0002684650243767184,extra_trees_all_leaf50,2021
lag1_special_teams_tds,0.0,extra_trees_all_leaf50,2021
lag1_fumbles_total,-0.00012528367804220952,extra_trees_all_leaf50,2021
lag1_fumbles_lost_total,2.147720195033731e-05,extra_trees_all_leaf50,2021
lag1_punt_returns,1.789766829185524e-05,extra_trees_all_leaf50,2021
lag1_punt_return_yards,-1.7897668291744218e-05,extra_trees_all_leaf50,2021
lag1_kickoff_returns,1.789766829185524e-05,extra_trees_all_leaf50,2021
lag1_kickoff_return_yards,1.789766829185524e-05,extra_trees_all_leaf50,2021
lag1_fg_made,-7.159067316631074e-06,extra_trees_all_leaf50,2021
lag1_fg_att,-3.221580292511739e-05,extra_trees_all_leaf50,2021
lag1_fg_missed,-4.653393755860158e-05,extra_trees_all_leaf50,2021
lag1_fg_blocked,-0.00010022694243372321,extra_trees_all_leaf50,2021
lag1_fg_made_0_19,0.0,extra_trees_all_leaf50,2021
lag1_fg_made_20_29,3.579533658359946e-05,extra_trees_all_leaf50,2021
lag1_fg_made_30_39,1.0738600975224166e-05,extra_trees_all_leaf50,2021
lag1_fg_made_40_49,8.232927414242308e-05,extra_trees_all_leaf50,2021
lag1_fg_made_50_59,-1.4318134633262147e-05,extra_trees_all_leaf50,2021
lag1_fg_made_60_,0.0,extra_trees_all_leaf50,2021
lag1_fg_missed_0_19,0.0,extra_trees_all_leaf50,2021
lag1_fg_missed_20_29,0.0,extra_trees_all_leaf50,2021
lag1_fg_missed_30_39,0.0,extra_trees_all_leaf50,2021
lag1_fg_missed_40_49,2.220446049250313e-16,extra_trees_all_leaf50,2021
lag1_fg_missed_50_59,-0.00037227150046881263,extra_trees_all_leaf50,2021
lag1_fg_missed_60_,0.0,extra_trees_all_leaf50,2021
lag1_fg_made_distance,-1.4318134633262147e-05,extra_trees_all_leaf50,2021
lag1_fg_missed_distance,-8.948834145872109e-05,extra_trees_all_leaf50,2021
lag1_pat_made,2.5056735608708358e-05,extra_trees_all_leaf50,2021
lag1_pat_att,-2.863626926674634e-05,extra_trees_all_leaf50,2021
lag1_pat_missed,2.5056735608597336e-05,extra_trees_all_leaf50,2021
lag1_pat_blocked,0.0,extra_trees_all_leaf50,2021
lag1_gwfg_made,0.00019687435120951946,extra_trees_all_leaf50,2021
lag1_gwfg_att,9.306787511731418e-05,extra_trees_all_leaf50,2021
lag1_gwfg_missed,0.0,extra_trees_all_leaf50,2021
lag1_gwfg_blocked,0.0,extra_trees_all_leaf50,2021
lag1_gwfg_distance,6.085207219208577e-05,extra_trees_all_leaf50,2021
lag1_targets,0.0002469878224266031,extra_trees_all_leaf50,2021
lag1_passing_air_yards,-0.0007373839336211052,extra_trees_all_leaf50,2021
lag1_passing_yards_after_catch,0.0,extra_trees_all_leaf50,2021
lag1_receiving_air_yards,-2.1477201950004243e-05,extra_trees_all_leaf50,2021
lag1_receiving_yards_after_catch,0.000959315020439333,extra_trees_all_leaf50,2021
lag1_games,0.0016680626847935809,extra_trees_all_leaf50,2021
lag1_roster_weeks,0.0018076644974694966,extra_trees_all_leaf50,2021
lag1_offense_snaps,-0.0007660202028878516,extra_trees_all_leaf50,2021
lag2_history_available,0.0013816999921251183,extra_trees_all_leaf50,2021
lag2_completions,1.1102230246251565e-16,extra_trees_all_leaf50,2021
lag2_attempts,1.4318134633595214e-05,extra_trees_all_leaf50,2021
lag2_passing_yards,1.0738600975113144e-05,extra_trees_all_leaf50,2021
lag2_passing_tds,1.0738600975224166e-05,extra_trees_all_leaf50,2021
lag2_passing_interceptions,0.0,extra_trees_all_leaf50,2021
lag2_sacks_suffered,3.221580292522841e-05,extra_trees_all_leaf50,2021
lag2_sack_yards_lost,0.0,extra_trees_all_leaf50,2021
lag2_sack_fumbles,6.443160585045682e-05,extra_trees_all_leaf50,2021
lag2_sack_fumbles_lost,1.1102230246251565e-16,extra_trees_all_leaf50,2021
lag2_passing_first_downs,2.8636269266968384e-05,extra_trees_all_leaf50,2021
lag2_passing_10,-3.5795336582600257e-06,extra_trees_all_leaf50,2021
lag2_passing_16,1.0738600975224166e-05,extra_trees_all_leaf50,2021
lag2_passing_20,3.5795336584820703e-06,extra_trees_all_leaf50,2021
lag2_passing_40,1.0738600975113144e-05,extra_trees_all_leaf50,2021
lag2_carries,8.590880780068311e-05,extra_trees_all_leaf50,2021
lag2_rushing_yards,1.7897668291744218e-05,extra_trees_all_leaf50,2021
lag2_rushing_tds,0.00013244274535917366,extra_trees_all_leaf50,2021
lag2_rushing_fumbles,0.00016823808194288414,extra_trees_all_leaf50,2021
lag2_rushing_fumbles_lost,0.00040090776973589204,extra_trees_all_leaf50,2021
lag2_rushing_first_downs,-4.295440390011951e-05,extra_trees_all_leaf50,2021
lag2_rushing_10,8.590880780057208e-05,extra_trees_all_leaf50,2021
lag2_rushing_12,-6.085207219197475e-05,extra_trees_all_leaf50,2021
lag2_rushing_20,-3.5795336583488435e-05,extra_trees_all_leaf50,2021
lag2_rushing_40,-5.0113471216861605e-05,extra_trees_all_leaf50,2021
lag2_receptions,0.0001360222790175447,extra_trees_all_leaf50,2021
lag2_receiving_yards,0.00023982875510986101,extra_trees_all_leaf50,2021
lag2_receiving_tds,-0.00021477201950115266,extra_trees_all_leaf50,2021
lag2_receiving_fumbles,-0.00010022694243383423,extra_trees_all_leaf50,2021
lag2_receiving_fumbles_lost,-3.221580292511739e-05,extra_trees_all_leaf50,2021
lag2_receiving_first_downs,9.306787511731418e-05,extra_trees_all_leaf50,2021
lag2_receiving_10,2.5056735608597336e-05,extra_trees_all_leaf50,2021
lag2_receiving_16,-7.159067316631074e-06,extra_trees_all_leaf50,2021
lag2_receiving_20,-7.874974048371897e-05,extra_trees_all_leaf50,2021
lag2_receiving_40,-0.0001467608799924358,extra_trees_all_leaf50,2021
lag2_special_teams_tds,0.0,extra_trees_all_leaf50,2021
lag2_fumbles_total,0.0006550546594791262,extra_trees_all_leaf50,2021
lag2_fumbles_lost_total,1.7897668291966262e-05,extra_trees_all_leaf50,2021
lag2_punt_returns,3.579533658371048e-06,extra_trees_all_leaf50,2021
lag2_punt_return_yards,-1.0738600975002122e-05,extra_trees_all_leaf50,2021
lag2_kickoff_returns,8.948834145894313e-05,extra_trees_all_leaf50,2021
lag2_kickoff_return_yards,-3.2215802925006365e-05,extra_trees_all_leaf50,2021
lag2_fg_made,0.0,extra_trees_all_leaf50,2021
lag2_fg_att,-5.72725385336037e-05,extra_trees_all_leaf50,2021
lag2_fg_missed,-7.517020682534792e-05,extra_trees_all_leaf50,2021
lag2_fg_blocked,0.0,extra_trees_all_leaf50,2021
lag2_fg_made_0_19,-1.7897668291633195e-05,extra_trees_all_leaf50,2021
lag2_fg_made_20_29,-3.221580292511739e-05,extra_trees_all_leaf50,2021
lag2_fg_made_30_39,0.00010022694243405628,extra_trees_all_leaf50,2021
lag2_fg_made_40_49,-2.505673560837529e-05,extra_trees_all_leaf50,2021
lag2_fg_made_50_59,-2.505673560837529e-05,extra_trees_all_leaf50,2021
lag2_fg_made_60_,0.0,extra_trees_all_leaf50,2021
lag2_fg_missed_0_19,0.0,extra_trees_all_leaf50,2021
lag2_fg_missed_20_29,0.0,extra_trees_all_leaf50,2021
lag2_fg_missed_30_39,-2.863626926674634e-05,extra_trees_all_leaf50,2021
lag2_fg_missed_40_49,-1.4318134633262147e-05,extra_trees_all_leaf50,2021
lag2_fg_missed_50_59,-3.221580292511739e-05,extra_trees_all_leaf50,2021
lag2_fg_missed_60_,0.0,extra_trees_all_leaf50,2021
lag2_fg_made_distance,3.579533658371048e-06,extra_trees_all_leaf50,2021
lag2_fg_missed_distance,-0.00014318134633417579,extra_trees_all_leaf50,2021
lag2_pat_made,-2.505673560837529e-05,extra_trees_all_leaf50,2021
lag2_pat_att,2.5056735608597336e-05,extra_trees_all_leaf50,2021
lag2_pat_missed,0.00013960181267602678,extra_trees_all_leaf50,2021
lag2_pat_blocked,0.0,extra_trees_all_leaf50,2021
lag2_gwfg_made,0.0,extra_trees_all_leaf50,2021
lag2_gwfg_att,1.0738600975113144e-05,extra_trees_all_leaf50,2021
lag2_gwfg_missed,0.0,extra_trees_all_leaf50,2021
lag2_gwfg_blocked,0.0,extra_trees_all_leaf50,2021
lag2_gwfg_distance,0.0,extra_trees_all_leaf50,2021
lag2_targets,0.00017539714925962624,extra_trees_all_leaf50,2021
lag2_passing_air_yards,-1.4318134633262147e-05,extra_trees_all_leaf50,2021
lag2_passing_yards_after_catch,3.579533658371048e-06,extra_trees_all_leaf50,2021
lag2_receiving_air_yards,-5.369300487523265e-05,extra_trees_all_leaf50,2021
lag2_receiving_yards_after_catch,1.4318134633484192e-05,extra_trees_all_leaf50,2021
lag2_games,-0.00047607797656112893,extra_trees_all_leaf50,2021
lag2_roster_weeks,-0.0005548277170448479,extra_trees_all_leaf50,2021
lag2_offense_snaps,0.00010022694243394525,extra_trees_all_leaf50,2021
lag3_history_available,-0.0004939756448528732,extra_trees_all_leaf50,2021
lag3_completions,-5.011347121675058e-05,extra_trees_all_leaf50,2021
lag3_attempts,-0.0002326696877930079,extra_trees_all_leaf50,2021
lag3_passing_yards,-2.1477201950115266e-05,extra_trees_all_leaf50,2021
lag3_passing_tds,-1.7897668291744218e-05,extra_trees_all_leaf50,2021
lag3_passing_interceptions,0.0,extra_trees_all_leaf50,2021
lag3_sacks_suffered,-1.7897668291633195e-05,extra_trees_all_leaf50,2021
lag3_sack_yards_lost,-1.0738600975002122e-05,extra_trees_all_leaf50,2021
lag3_sack_fumbles,-1.4318134633484192e-05,extra_trees_all_leaf50,2021
lag3_sack_fumbles_lost,1.0738600975113144e-05,extra_trees_all_leaf50,2021
lag3_passing_first_downs,1.1102230246251565e-16,extra_trees_all_leaf50,2021
lag3_passing_10,-5.011347121697263e-05,extra_trees_all_leaf50,2021
lag3_passing_16,-7.517020682534792e-05,extra_trees_all_leaf50,2021
lag3_passing_20,1.431813463337317e-05,extra_trees_all_leaf50,2021
lag3_passing_40,-3.579533658337741e-05,extra_trees_all_leaf50,2021
lag3_carries,-6.80111395084948e-05,extra_trees_all_leaf50,2021
lag3_rushing_yards,-1.7897668291633195e-05,extra_trees_all_leaf50,2021
lag3_rushing_tds,7.159067316853118e-06,extra_trees_all_leaf50,2021
lag3_rushing_fumbles,3.579533658359946e-05,extra_trees_all_leaf50,2021
lag3_rushing_fumbles_lost,-2.5056735608486314e-05,extra_trees_all_leaf50,2021
lag3_rushing_first_downs,-0.00012170414438406052,extra_trees_all_leaf50,2021
lag3_rushing_10,1.4318134633484192e-05,extra_trees_all_leaf50,2021
lag3_rushing_12,1.0738600975113144e-05,extra_trees_all_leaf50,2021
lag3_rushing_20,-1.0738600975002122e-05,extra_trees_all_leaf50,2021
lag3_rushing_40,-3.5795336582600257e-06,extra_trees_all_leaf50,2021
lag3_receptions,-2.1477201950004243e-05,extra_trees_all_leaf50,2021
lag3_receiving_yards,1.4318134633595214e-05,extra_trees_all_leaf50,2021
lag3_receiving_tds,-2.505673560837529e-05,extra_trees_all_leaf50,2021
lag3_receiving_fumbles,8.590880780057208e-05,extra_trees_all_leaf50,2021
lag3_receiving_fumbles_lost,3.579533658359946e-05,extra_trees_all_leaf50,2021
lag3_receiving_first_downs,9.306787511709214e-05,extra_trees_all_leaf50,2021
lag3_receiving_10,-6.44316058503458e-05,extra_trees_all_leaf50,2021
lag3_receiving_16,-2.863626926674634e-05,extra_trees_all_leaf50,2021
lag3_receiving_20,-3.5795336582600257e-06,extra_trees_all_leaf50,2021
lag3_receiving_40,0.0001897152838928884,extra_trees_all_leaf50,2021
lag3_special_teams_tds,0.0,extra_trees_all_leaf50,2021
lag3_fumbles_total,2.5056735608597336e-05,extra_trees_all_leaf50,2021
lag3_fumbles_lost_total,8.590880780057208e-05,extra_trees_all_leaf50,2021
lag3_punt_returns,1.4318134633595214e-05,extra_trees_all_leaf50,2021
lag3_punt_return_yards,1.4318134633595214e-05,extra_trees_all_leaf50,2021
lag3_kickoff_returns,3.579533658371048e-06,extra_trees_all_leaf50,2021
lag3_kickoff_return_yards,3.221580292522841e-05,extra_trees_all_leaf50,2021
lag3_fg_made,-1.0738600975113144e-05,extra_trees_all_leaf50,2021
lag3_fg_att,-1.0738600975113144e-05,extra_trees_all_leaf50,2021
lag3_fg_missed,-1.07386009748911e-05,extra_trees_all_leaf50,2021
lag3_fg_blocked,0.0,extra_trees_all_leaf50,2021
lag3_fg_made_0_19,0.0,extra_trees_all_leaf50,2021
lag3_fg_made_20_29,1.0738600975113144e-05,extra_trees_all_leaf50,2021
lag3_fg_made_30_39,2.220446049250313e-16,extra_trees_all_leaf50,2021
lag3_fg_made_40_49,0.0,extra_trees_all_leaf50,2021
lag3_fg_made_50_59,3.579533658371048e-06,extra_trees_all_leaf50,2021
lag3_fg_made_60_,0.0,extra_trees_all_leaf50,2021
lag3_fg_missed_0_19,0.0,extra_trees_all_leaf50,2021
lag3_fg_missed_20_29,0.0,extra_trees_all_leaf50,2021
lag3_fg_missed_30_39,0.0,extra_trees_all_leaf50,2021
lag3_fg_missed_40_49,1.1102230246251565e-16,extra_trees_all_leaf50,2021
lag3_fg_missed_50_59,6.085207219208577e-05,extra_trees_all_leaf50,2021
lag3_fg_missed_60_,0.0,extra_trees_all_leaf50,2021
lag3_fg_made_distance,-3.579533658371048e-06,extra_trees_all_leaf50,2021
lag3_fg_missed_distance,-1.07386009748911e-05,extra_trees_all_leaf50,2021
lag3_pat_made,5.369300487556572e-05,extra_trees_all_leaf50,2021
lag3_pat_att,-1.4318134633262147e-05,extra_trees_all_leaf50,2021
lag3_pat_missed,0.0,extra_trees_all_leaf50,2021
lag3_pat_blocked,0.0,extra_trees_all_leaf50,2021
lag3_gwfg_made,0.0,extra_trees_all_leaf50,2021
lag3_gwfg_att,0.0,extra_trees_all_leaf50,2021
lag3_gwfg_missed,0.0,extra_trees_all_leaf50,2021
lag3_gwfg_blocked,0.0,extra_trees_all_leaf50,2021
lag3_gwfg_distance,0.0,extra_trees_all_leaf50,2021
lag3_targets,-7.874974048360794e-05,extra_trees_all_leaf50,2021
lag3_passing_air_yards,3.579533658371048e-06,extra_trees_all_leaf50,2021
lag3_passing_yards_after_catch,-0.00010022694243394525,extra_trees_all_leaf50,2021
lag3_receiving_air_yards,-0.00016823808194255108,extra_trees_all_leaf50,2021
lag3_receiving_yards_after_catch,1.4318134633484192e-05,extra_trees_all_leaf50,2021
lag3_games,-7.159067316686585e-05,extra_trees_all_leaf50,2021
lag3_roster_weeks,0.0005261914477782126,extra_trees_all_leaf50,2021
lag3_offense_snaps,-0.00018613575023440632,extra_trees_all_leaf50,2021
lag4_history_available,9.664740877568523e-05,extra_trees_all_leaf50,2021
lag4_completions,-3.579533658371048e-06,extra_trees_all_leaf50,2021
lag4_attempts,3.221580292522841e-05,extra_trees_all_leaf50,2021
lag4_passing_yards,1.789766829185524e-05,extra_trees_all_leaf50,2021
lag4_passing_tds,1.4318134633484192e-05,extra_trees_all_leaf50,2021
lag4_passing_interceptions,-3.579533658371048e-06,extra_trees_all_leaf50,2021
lag4_sacks_suffered,2.8636269266968384e-05,extra_trees_all_leaf50,2021
lag4_sack_yards_lost,-3.579533658371048e-06,extra_trees_all_leaf50,2021
lag4_sack_fumbles,1.1102230246251565e-16,extra_trees_all_leaf50,2021
lag4_sack_fumbles_lost,1.1102230246251565e-16,extra_trees_all_leaf50,2021
lag4_passing_first_downs,7.159067316742096e-06,extra_trees_all_leaf50,2021
lag4_passing_10,7.159067316742096e-06,extra_trees_all_leaf50,2021
lag4_passing_16,4.295440390023053e-05,extra_trees_all_leaf50,2021
lag4_passing_20,-3.579533658371048e-06,extra_trees_all_leaf50,2021
lag4_passing_40,2.1477201950115266e-05,extra_trees_all_leaf50,2021
lag4_carries,1.0738600975224166e-05,extra_trees_all_leaf50,2021
lag4_rushing_yards,7.159067316742096e-06,extra_trees_all_leaf50,2021
lag4_rushing_tds,-3.579533658337741e-05,extra_trees_all_leaf50,2021
lag4_rushing_fumbles,2.5056735608708358e-05,extra_trees_all_leaf50,2021
lag4_rushing_fumbles_lost,2.8636269266968384e-05,extra_trees_all_leaf50,2021
lag4_rushing_first_downs,-3.579533658371048e-06,extra_trees_all_leaf50,2021
lag4_rushing_10,2.5056735608597336e-05,extra_trees_all_leaf50,2021
lag4_rushing_12,1.4318134633484192e-05,extra_trees_all_leaf50,2021
lag4_rushing_20,7.159067316742096e-06,extra_trees_all_leaf50,2021
lag4_rushing_40,0.0,extra_trees_all_leaf50,2021
lag4_receptions,-2.1477201950004243e-05,extra_trees_all_leaf50,2021
lag4_receiving_yards,0.0001503404136510289,extra_trees_all_leaf50,2021
lag4_receiving_tds,0.00025772642340171625,extra_trees_all_leaf50,2021
lag4_receiving_fumbles,-3.5795336582600257e-06,extra_trees_all_leaf50,2021
lag4_receiving_fumbles_lost,-1.431813463337317e-05,extra_trees_all_leaf50,2021
lag4_receiving_first_downs,-0.0001539199473091779,extra_trees_all_leaf50,2021
lag4_receiving_10,0.00013244274535928469,extra_trees_all_leaf50,2021
lag4_receiving_16,-7.874974048360794e-05,extra_trees_all_leaf50,2021
lag4_receiving_20,0.0001109655434090584,extra_trees_all_leaf50,2021
lag4_receiving_40,7.159067316742096e-06,extra_trees_all_leaf50,2021
lag4_special_teams_tds,0.0,extra_trees_all_leaf50,2021
lag4_fumbles_total,5.3693004875343675e-05,extra_trees_all_leaf50,2021
lag4_fumbles_lost_total,-5.72725385336037e-05,extra_trees_all_leaf50,2021
lag4_punt_returns,0.0,extra_trees_all_leaf50,2021
lag4_punt_return_yards,0.0,extra_trees_all_leaf50,2021
lag4_kickoff_returns,0.0,extra_trees_all_leaf50,2021
lag4_kickoff_return_yards,0.0,extra_trees_all_leaf50,2021
lag4_fg_made,7.159067316742096e-06,extra_trees_all_leaf50,2021
lag4_fg_att,3.579533658371048e-06,extra_trees_all_leaf50,2021
lag4_fg_missed,7.159067316853118e-06,extra_trees_all_leaf50,2021
lag4_fg_blocked,0.0,extra_trees_all_leaf50,2021
lag4_fg_made_0_19,0.0,extra_trees_all_leaf50,2021
lag4_fg_made_20_29,0.0,extra_trees_all_leaf50,2021
lag4_fg_made_30_39,0.0,extra_trees_all_leaf50,2021
lag4_fg_made_40_49,3.579533658371048e-06,extra_trees_all_leaf50,2021
lag4_fg_made_50_59,-3.579533658371048e-06,extra_trees_all_leaf50,2021
lag4_fg_made_60_,0.0,extra_trees_all_leaf50,2021
lag4_fg_missed_0_19,0.0,extra_trees_all_leaf50,2021
lag4_fg_missed_20_29,0.0,extra_trees_all_leaf50,2021
lag4_fg_missed_30_39,0.0,extra_trees_all_leaf50,2021
lag4_fg_missed_40_49,-3.5795336581490034e-06,extra_trees_all_leaf50,2021
lag4_fg_missed_50_59,3.579533658371048e-06,extra_trees_all_leaf50,2021
lag4_fg_missed_60_,0.0,extra_trees_all_leaf50,2021
lag4_fg_made_distance,0.0,extra_trees_all_leaf50,2021
lag4_fg_missed_distance,0.0,extra_trees_all_leaf50,2021
lag4_pat_made,3.579533658371048e-06,extra_trees_all_leaf50,2021
lag4_pat_att,0.0,extra_trees_all_leaf50,2021
lag4_pat_missed,0.0,extra_trees_all_leaf50,2021
lag4_pat_blocked,0.0,extra_trees_all_leaf50,2021
lag4_gwfg_made,0.0,extra_trees_all_leaf50,2021
lag4_gwfg_att,3.579533658371048e-06,extra_trees_all_leaf50,2021
lag4_gwfg_missed,0.0,extra_trees_all_leaf50,2021
lag4_gwfg_blocked,0.0,extra_trees_all_leaf50,2021
lag4_gwfg_distance,0.0,extra_trees_all_leaf50,2021
lag4_targets,-0.00024698782242638107,extra_trees_all_leaf50,2021
lag4_passing_air_yards,-7.159067316631074e-06,extra_trees_all_leaf50,2021
lag4_passing_yards_after_catch,-3.579533658371048e-06,extra_trees_all_leaf50,2021
lag4_receiving_air_yards,-3.579533658337741e-05,extra_trees_all_leaf50,2021
lag4_receiving_yards_after_catch,4.653393755860158e-05,extra_trees_all_leaf50,2021
lag4_games,-0.00018971528389266634,extra_trees_all_leaf50,2021
lag4_roster_weeks,4.65339375587126e-05,extra_trees_all_leaf50,2021
lag4_offense_snaps,0.0004546007746111247,extra_trees_all_leaf50,2021
lag1_completion_rate,-3.2215802925006365e-05,extra_trees_all_leaf50,2021
lag1_pass_yards_per_attempt,6.443160585056784e-05,extra_trees_all_leaf50,2021
lag1_pass_td_rate,3.579533658371048e-06,extra_trees_all_leaf50,2021
lag1_interception_rate,-3.5795336583488435e-05,extra_trees_all_leaf50,2021
lag1_rush_yards_per_carry,7.159067316853118e-06,extra_trees_all_leaf50,2021
lag1_rush_first_down_rate,-0.00032215802925184,extra_trees_all_leaf50,2021
lag1_rush_20_rate,1.0738600975224166e-05,extra_trees_all_leaf50,2021
lag1_receiving_yards_per_reception,7.159067316742096e-06,extra_trees_all_leaf50,2021
lag1_receiving_first_down_rate,-0.0014210748623667557,extra_trees_all_leaf50,2021
lag1_receiving_20_rate,2.8636269266968384e-05,extra_trees_all_leaf50,2021
lag1_field_goal_make_rate,-4.295440390023053e-05,extra_trees_all_leaf50,2021
lag1_made_field_goal_mean_distance,-0.00028636269266835157,extra_trees_all_leaf50,2021
lag1_missed_field_goal_mean_distance,-7.517020682534792e-05,extra_trees_all_leaf50,2021
lag1_pat_make_rate,-0.00026846502437660735,extra_trees_all_leaf50,2021
lag1_catch_rate,-0.0011418712370151463,extra_trees_all_leaf50,2021
lag1_receiving_yards_per_target,-0.0005440891160698458,extra_trees_all_leaf50,2021
lag1_receiving_air_yards_per_target,7.874974048394101e-05,extra_trees_all_leaf50,2021
lag1_receiving_yards_after_catch_per_reception,-0.0007552816019129605,extra_trees_all_leaf50,2021
lag1_passing_air_yards_per_attempt,-0.0007767588038629647,extra_trees_all_leaf50,2021
lag1_passing_yards_after_catch_per_completion,1.789766829185524e-05,extra_trees_all_leaf50,2021
lag2_completion_rate,5.36930048754547e-05,extra_trees_all_leaf50,2021
lag2_pass_yards_per_attempt,8.232927414231206e-05,extra_trees_all_leaf50,2021
lag2_pass_td_rate,2.863626926685736e-05,extra_trees_all_leaf50,2021
lag2_interception_rate,1.7897668291966262e-05,extra_trees_all_leaf50,2021
lag2_rush_yards_per_carry,6.801113950882787e-05,extra_trees_all_leaf50,2021
lag2_rush_first_down_rate,1.1102230246251565e-16,extra_trees_all_leaf50,2021
lag2_rush_20_rate,-6.085207219197475e-05,extra_trees_all_leaf50,2021
lag2_receiving_yards_per_reception,5.011347121708365e-05,extra_trees_all_leaf50,2021
lag2_receiving_first_down_rate,-1.431813463337317e-05,extra_trees_all_leaf50,2021
lag2_receiving_20_rate,4.6533937558823624e-05,extra_trees_all_leaf50,2021
lag2_field_goal_make_rate,-1.07386009748911e-05,extra_trees_all_leaf50,2021
lag2_made_field_goal_mean_distance,-1.07386009748911e-05,extra_trees_all_leaf50,2021
lag2_missed_field_goal_mean_distance,1.4318134633484192e-05,extra_trees_all_leaf50,2021
lag2_pat_make_rate,-5.011347121675058e-05,extra_trees_all_leaf50,2021
lag2_catch_rate,0.0001753971492594042,extra_trees_all_leaf50,2021
lag2_receiving_yards_per_target,4.2954403900452576e-05,extra_trees_all_leaf50,2021
lag2_receiving_air_yards_per_target,-6.0852072191863726e-05,extra_trees_all_leaf50,2021
lag2_receiving_yards_after_catch_per_reception,-0.00011812461072568947,extra_trees_all_leaf50,2021
lag2_passing_air_yards_per_attempt,0.00013960181267580474,extra_trees_all_leaf50,2021
lag2_passing_yards_after_catch_per_completion,3.221580292522841e-05,extra_trees_all_leaf50,2021
lag3_completion_rate,-0.0002183515531595237,extra_trees_all_leaf50,2021
lag3_pass_yards_per_attempt,-0.00022193108681800577,extra_trees_all_leaf50,2021
lag3_pass_td_rate,-4.6533937558379534e-05,extra_trees_all_leaf50,2021
lag3_interception_rate,-3.579533658371048e-06,extra_trees_all_leaf50,2021
lag3_rush_yards_per_carry,-4.653393755860158e-05,extra_trees_all_leaf50,2021
lag3_rush_first_down_rate,-0.00030068082730183576,extra_trees_all_leaf50,2021
lag3_rush_20_rate,-7.159067316631074e-06,extra_trees_all_leaf50,2021
lag3_receiving_yards_per_reception,-7.51702068252369e-05,extra_trees_all_leaf50,2021
lag3_receiving_first_down_rate,6.085207219208577e-05,extra_trees_all_leaf50,2021
lag3_receiving_20_rate,-6.801113950871684e-05,extra_trees_all_leaf50,2021
lag3_field_goal_make_rate,0.0,extra_trees_all_leaf50,2021
lag3_made_field_goal_mean_distance,-3.579533658371048e-06,extra_trees_all_leaf50,2021
lag3_missed_field_goal_mean_distance,-2.505673560837529e-05,extra_trees_all_leaf50,2021
lag3_pat_make_rate,7.159067316742096e-06,extra_trees_all_leaf50,2021
lag3_catch_rate,-1.7897668291744218e-05,extra_trees_all_leaf50,2021
lag3_receiving_yards_per_target,-3.937487024185948e-05,extra_trees_all_leaf50,2021
lag3_receiving_air_yards_per_target,-0.00010380647609220528,extra_trees_all_leaf50,2021
lag3_receiving_yards_after_catch_per_reception,0.0001503404136510289,extra_trees_all_leaf50,2021
lag3_passing_air_yards_per_attempt,-0.00020045388486777949,extra_trees_all_leaf50,2021
lag3_passing_yards_after_catch_per_completion,-8.590880780046106e-05,extra_trees_all_leaf50,2021
lag4_completion_rate,3.937487024208153e-05,extra_trees_all_leaf50,2021
lag4_pass_yards_per_attempt,-1.4318134633262147e-05,extra_trees_all_leaf50,2021
lag4_pass_td_rate,1.4318134633484192e-05,extra_trees_all_leaf50,2021
lag4_interception_rate,0.0,extra_trees_all_leaf50,2021
lag4_rush_yards_per_carry,-3.5795336581490034e-06,extra_trees_all_leaf50,2021
lag4_rush_first_down_rate,1.4318134633595214e-05,extra_trees_all_leaf50,2021
lag4_rush_20_rate,-3.5795336582600257e-06,extra_trees_all_leaf50,2021
lag4_receiving_yards_per_reception,-0.00010022694243372321,extra_trees_all_leaf50,2021
lag4_receiving_first_down_rate,-8.590880780046106e-05,extra_trees_all_leaf50,2021
lag4_receiving_20_rate,-9.664740877546318e-05,extra_trees_all_leaf50,2021
lag4_field_goal_make_rate,-1.07386009748911e-05,extra_trees_all_leaf50,2021
lag4_made_field_goal_mean_distance,1.0738600975113144e-05,extra_trees_all_leaf50,2021
lag4_missed_field_goal_mean_distance,3.579533658371048e-06,extra_trees_all_leaf50,2021
lag4_pat_make_rate,0.0,extra_trees_all_leaf50,2021
lag4_catch_rate,0.00020045388486800153,extra_trees_all_leaf50,2021
lag4_receiving_yards_per_target,-0.0001789766829175532,extra_trees_all_leaf50,2021
lag4_receiving_air_yards_per_target,-0.00017181761560092212,extra_trees_all_leaf50,2021
lag4_receiving_yards_after_catch_per_reception,-8.948834145883211e-05,extra_trees_all_leaf50,2021
lag4_passing_air_yards_per_attempt,6.085207219208577e-05,extra_trees_all_leaf50,2021
lag4_passing_yards_after_catch_per_completion,2.1477201950226288e-05,extra_trees_all_leaf50,2021
lag1_late6_attempts,5.011347121708365e-05,extra_trees_all_leaf50,2021
lag1_weekly_slope_attempts,7.159067316742096e-06,extra_trees_all_leaf50,2021
lag1_late6_mean_delta_attempts,1.4318134633595214e-05,extra_trees_all_leaf50,2021
lag1_late6_passing_yards,3.221580292522841e-05,extra_trees_all_leaf50,2021
lag1_weekly_slope_passing_yards,-7.159067316631074e-06,extra_trees_all_leaf50,2021
lag1_late6_mean_delta_passing_yards,0.0,extra_trees_all_leaf50,2021
lag1_late6_passing_first_downs,3.221580292533943e-05,extra_trees_all_leaf50,2021
lag1_weekly_slope_passing_first_downs,0.0,extra_trees_all_leaf50,2021
lag1_late6_mean_delta_passing_first_downs,-3.579533658371048e-06,extra_trees_all_leaf50,2021
lag1_late6_passing_20,-3.221580292522841e-05,extra_trees_all_leaf50,2021
lag1_weekly_slope_passing_20,-1.7897668291744218e-05,extra_trees_all_leaf50,2021
lag1_late6_mean_delta_passing_20,3.221580292533943e-05,extra_trees_all_leaf50,2021
lag1_late6_carries,0.00015749948096765998,extra_trees_all_leaf50,2021
lag1_weekly_slope_carries,-1.0738600975002122e-05,extra_trees_all_leaf50,2021
lag1_late6_mean_delta_carries,0.0,extra_trees_all_leaf50,2021
lag1_late6_rushing_yards,8.590880780068311e-05,extra_trees_all_leaf50,2021
lag1_weekly_slope_rushing_yards,-8.590880780046106e-05,extra_trees_all_leaf50,2021
lag1_late6_mean_delta_rushing_yards,-4.295440390011951e-05,extra_trees_all_leaf50,2021
lag1_late6_rushing_first_downs,-4.653393755849056e-05,extra_trees_all_leaf50,2021
lag1_weekly_slope_rushing_first_downs,-3.937487024185948e-05,extra_trees_all_leaf50,2021
lag1_late6_mean_delta_rushing_first_downs,-1.4318134633262147e-05,extra_trees_all_leaf50,2021
lag1_late6_rushing_20,-8.590880780035004e-05,extra_trees_all_leaf50,2021
lag1_weekly_slope_rushing_20,2.5056735608708358e-05,extra_trees_all_leaf50,2021
lag1_late6_mean_delta_rushing_20,1.1102230246251565e-16,extra_trees_all_leaf50,2021
lag1_late6_receptions,-0.00018971528389266634,extra_trees_all_leaf50,2021
lag1_weekly_slope_receptions,-0.0001467608799924358,extra_trees_all_leaf50,2021
lag1_late6_mean_delta_receptions,-0.00042238497168567424,extra_trees_all_leaf50,2021
lag1_late6_receiving_yards,-0.0003364761638853242,extra_trees_all_leaf50,2021
lag1_weekly_slope_receiving_yards,-9.306787511709214e-05,extra_trees_all_leaf50,2021
lag1_late6_mean_delta_receiving_yards,-0.0001073860097504653,extra_trees_all_leaf50,2021
lag1_late6_receiving_first_downs,2.8636269267079406e-05,extra_trees_all_leaf50,2021
lag1_weekly_slope_receiving_first_downs,-6.44316058503458e-05,extra_trees_all_leaf50,2021
lag1_late6_mean_delta_receiving_first_downs,-2.8636269266635317e-05,extra_trees_all_leaf50,2021
lag1_late6_receiving_20,-3.5795336582600257e-06,extra_trees_all_leaf50,2021
lag1_weekly_slope_receiving_20,-0.00022193108681789475,extra_trees_all_leaf50,2021
lag1_late6_mean_delta_receiving_20,-9.306787511709214e-05,extra_trees_all_leaf50,2021
lag1_late6_punt_return_yards,1.431813463337317e-05,extra_trees_all_leaf50,2021
lag1_weekly_slope_punt_return_yards,1.7897668291966262e-05,extra_trees_all_leaf50,2021
lag1_late6_mean_delta_punt_return_yards,0.0,extra_trees_all_leaf50,2021
lag1_late6_kickoff_return_yards,1.0738600975113144e-05,extra_trees_all_leaf50,2021
lag1_weekly_slope_kickoff_return_yards,1.0738600975002122e-05,extra_trees_all_leaf50,2021
lag1_late6_mean_delta_kickoff_return_yards,1.1102230246251565e-16,extra_trees_all_leaf50,2021
lag1_late6_fg_made,7.159067316742096e-06,extra_trees_all_leaf50,2021
lag1_weekly_slope_fg_made,0.0,extra_trees_all_leaf50,2021
lag1_late6_mean_delta_fg_made,0.0,extra_trees_all_leaf50,2021
lag1_late6_fg_att,0.0,extra_trees_all_leaf50,2021
lag1_weekly_slope_fg_att,-1.4318134633262147e-05,extra_trees_all_leaf50,2021
lag1_late6_mean_delta_fg_att,-2.505673560837529e-05,extra_trees_all_leaf50,2021
lag1_late6_pat_att,3.579533658371048e-06,extra_trees_all_leaf50,2021
lag1_weekly_slope_pat_att,-2.1477201950004243e-05,extra_trees_all_leaf50,2021
lag1_late6_mean_delta_pat_att,0.0,extra_trees_all_leaf50,2021
lag1_late6_targets,-0.00010738600975057633,extra_trees_all_leaf50,2021
lag1_weekly_slope_targets,-0.00021119248584289263,extra_trees_all_leaf50,2021
lag1_late6_mean_delta_targets,-2.1477201950004243e-05,extra_trees_all_leaf50,2021
lag1_late6_passing_air_yards,2.147720195033731e-05,extra_trees_all_leaf50,2021
lag1_weekly_slope_passing_air_yards,0.0,extra_trees_all_leaf50,2021
lag1_late6_mean_delta_passing_air_yards,0.0,extra_trees_all_leaf50,2021
lag1_late6_passing_yards_after_catch,0.00015749948096765998,extra_trees_all_leaf50,2021
lag1_weekly_slope_passing_yards_after_catch,3.579533658371048e-06,extra_trees_all_leaf50,2021
lag1_late6_mean_delta_passing_yards_after_catch,0.0,extra_trees_all_leaf50,2021
lag1_late6_receiving_air_yards,-0.00020403341852615053,extra_trees_all_leaf50,2021
lag1_weekly_slope_receiving_air_yards,-0.00010022694243383423,extra_trees_all_leaf50,2021
lag1_late6_mean_delta_receiving_air_yards,-0.0002577264234014942,extra_trees_all_leaf50,2021
lag1_late6_receiving_yards_after_catch,-0.0005082937794862463,extra_trees_all_leaf50,2021
lag1_weekly_slope_receiving_yards_after_catch,-3.221580292522841e-05,extra_trees_all_leaf50,2021
lag1_late6_mean_delta_receiving_yards_after_catch,-8.948834145872109e-05,extra_trees_all_leaf50,2021
position_K,0.0001360222790175447,extra_trees_all_leaf50,2021
injury_lag2_injury_reported,0.0031571486866691645,extra_trees_all_leaf50,2021
injury_lag2_injury_report_weeks,-0.00013960181267580474,extra_trees_all_leaf50,2021
injury_lag2_designation_count,1.7897668292077284e-05,extra_trees_all_leaf50,2021
injury_lag3_injury_reported,-0.00012170414438383848,extra_trees_all_leaf50,2021
injury_lag3_injury_report_weeks,3.9374870241970505e-05,extra_trees_all_leaf50,2021
injury_lag3_designation_count,5.7272538533825745e-05,extra_trees_all_leaf50,2021
injury_lag4_injury_reported,-4.295440390023053e-05,extra_trees_all_leaf50,2021
injury_lag4_injury_report_weeks,1.0738600975113144e-05,extra_trees_all_leaf50,2021
injury_lag4_designation_count,0.00010738600975079837,extra_trees_all_leaf50,2021
injury_lag5_injury_reported,1.1102230246251565e-16,extra_trees_all_leaf50,2021
injury_lag5_injury_report_weeks,3.579533658371048e-06,extra_trees_all_leaf50,2021
injury_lag5_designation_count,-2.505673560837529e-05,extra_trees_all_leaf50,2021
injury_lag1_reserve_weeks,0.0012349391121325715,extra_trees_all_leaf50,2021
injury_lag2_reserve_weeks,5.36930048754547e-05,extra_trees_all_leaf50,2021
injury_lag3_reserve_weeks,7.517020682556996e-05,extra_trees_all_leaf50,2021
injury_lag4_reserve_weeks,0.0,extra_trees_all_leaf50,2021
injury_lag2_absence_report_weeks,7.159067316742096e-06,extra_trees_all_leaf50,2021
injury_lag2_absence_reported,-4.653393755849056e-05,extra_trees_all_leaf50,2021
injury_lag3_absence_report_weeks,2.5056735608597336e-05,extra_trees_all_leaf50,2021
injury_lag3_absence_reported,-0.0003257375629103221,extra_trees_all_leaf50,2021
injury_lag4_absence_report_weeks,-3.937487024185948e-05,extra_trees_all_leaf50,2021
injury_lag4_absence_reported,0.0001825562165762573,extra_trees_all_leaf50,2021
injury_lag5_absence_report_weeks,3.579533658371048e-06,extra_trees_all_leaf50,2021
injury_lag5_absence_reported,-1.0738600975002122e-05,extra_trees_all_leaf50,2021
lag1_targets_per_game,0.00043312357266112045,extra_trees_all_leaf50,2021
lag1_carries_per_game,0.00012886321170080262,extra_trees_all_leaf50,2021
lag1_receptions_per_game,-0.0007087476643542479,extra_trees_all_leaf50,2021
lag1_attempts_per_game,-0.00019687435120940844,extra_trees_all_leaf50,2021
lag1_receiving_yards_per_game,-0.0003686919668105526,extra_trees_all_leaf50,2021
lag1_rushing_yards_per_game,0.0002076129521846326,extra_trees_all_leaf50,2021
lag1_passing_yards_per_game,-2.505673560837529e-05,extra_trees_all_leaf50,2021
lag1_offense_snaps_per_game,-8.232927414209001e-05,extra_trees_all_leaf50,2021
lag1_share_targets_prior_team,0.000561986784361701,extra_trees_all_leaf50,2021
lag1_share_carries_prior_team,0.00011096554340916942,extra_trees_all_leaf50,2021
lag1_share_receptions_prior_team,0.0002720445580350894,extra_trees_all_leaf50,2021
lag1_share_attempts_prior_team,0.00013244274535917366,extra_trees_all_leaf50,2021
