consensus_rank,feature,family,permutation_importance,permutation_rank,permutation_positive_share,univariate_spearman,univariate_rank,mutual_information,rf_impurity_importance,panel_rank,featureranker_score,featureranker_rank,consensus_rank_score,track
1,lag1_offense_snaps,lag1_participation,0.07829083698692747,2.0,1.0,0.6043418444382349,1.0,0.255887752345628,0.13818117444147934,1.0,2.401192637494047,1.0,1.25,points
2,lag1_games,lag1_participation,0.011508356831854916,8.666666666666666,1.0,0.5944245267095024,2.0,0.23122316565457535,0.07480125174440025,2.0,0.8350434490569103,3.0,3.9166666666666665,points
3,lag1_receiving_yards_after_catch,lag1_production,0.005288057638439586,15.333333333333334,1.0,0.5331991885355623,5.0,0.21349627399874382,0.06167820461956655,3.5,0.9609885002538503,2.0,6.458333333333334,points
4,lag1_receptions,lag1_production,0.01474436835968449,5.666666666666667,1.0,0.5340283363889091,4.0,0.19845221952923975,0.020349813143768946,9.5,0.20284096270337507,10.0,7.291666666666667,points
5,lag1_share_receptions_prior_team,lag1_usage_share,0.005885380004333684,14.333333333333334,1.0,0.5326626256247831,6.0,0.20040201556338744,0.02834409564227569,7.5,0.24425969575110973,8.0,8.958333333333334,points
6,lag1_receiving_yards,lag1_production,0.00397133623782453,28.333333333333332,0.8888888888888888,0.5223853023823462,11.0,0.20634327071185599,0.01964026667580554,8.0,0.27377047535905846,7.0,13.583333333333332,points
7,lag1_targets,lag1_production,0.004122055699059262,32.666666666666664,1.0,0.5322087476421078,7.0,0.20545397806436405,0.01178615982295791,11.0,0.17061454880146715,11.0,15.416666666666666,points
8,lag1_offense_snaps_per_game,lag1_per_game,0.0012820862259799294,56.666666666666664,0.8888888888888888,0.5646971915296018,3.0,0.2188490549180857,0.059318092901958754,3.5,0.42467746083740254,4.0,16.791666666666664,points
9,lag1_receiving_yards_per_game,lag1_per_game,0.005594157711631656,30.333333333333332,0.7777777777777778,0.5058751479390248,15.0,0.1805637494009309,0.014534152621694637,13.0,0.23873026026222044,9.0,16.833333333333332,points
10,lag1_share_targets_prior_team,lag1_usage_share,0.002614873256203909,43.0,0.6666666666666666,0.5318177245321198,8.0,0.20648176274558327,0.014533688843420446,9.0,0.1420389285990335,13.0,18.25,points
11,lag1_rushing_10,lag1_production,0.010769146595968566,12.0,1.0,0.39658478191015567,35.0,0.0968125000028417,0.009704911158292414,37.0,0.28513049094444975,6.0,22.5,points
12,lag1_receiving_tds,lag1_production,0.006795302066836304,18.666666666666668,1.0,0.4921440515835244,21.0,0.13979714752429828,0.0038869148836298537,37.0,0.10149568644409811,23.0,24.916666666666668,points
13,missing_draft_number,metadata_missingness,0.033163063957659396,3.6666666666666665,1.0,-0.3940990090824694,38.0,0.09275329007869049,0.004046448076092508,52.5,0.13139385134037385,17.0,27.791666666666664,points
14,lag2_offense_snaps,lag2_4_history,0.005820354761032574,15.666666666666666,1.0,0.3964116065392656,36.0,0.12183973003924198,0.012052383985475026,27.0,0.07832617207943156,33.0,27.916666666666664,points
15,lag1_receiving_10,lag1_production,0.0009618132882266181,70.0,0.7777777777777778,0.5230263775920306,10.0,0.2052882866956054,0.004785957923948397,23.0,0.13533699990335984,15.0,29.5,points
16,lag2_receiving_yards_after_catch,lag2_4_history,0.009717621970346065,15.0,0.7777777777777778,0.3539431135628051,51.0,0.09830076267470744,0.0065863641538188,41.0,0.1023603604155944,22.0,32.25,points
17,lag1_share_carries_prior_team,lag1_usage_share,0.0027190431666968243,27.666666666666668,0.8888888888888888,0.41761381804230774,31.0,0.10151515259073918,0.00799934105230669,36.5,0.07210307131392647,36.0,32.79166666666667,points
18,draft_number,age_experience_draft,0.04696799105715066,6.0,1.0,0.2427244868277685,96.0,0.14996647930477192,0.030837837166454628,14.5,0.1296744713863404,18.0,33.625,points
19,lag1_receptions_per_game,lag1_per_game,0.0007774595997844432,95.66666666666667,0.7777777777777778,0.5171774523462642,12.0,0.19099099981666257,0.00887279997005913,15.0,0.14042523532265938,14.0,34.16666666666667,points
20,lag1_late6_receiving_yards_after_catch,lag1_trajectory,0.0015358657106685737,60.333333333333336,0.8888888888888888,0.5030697655966127,18.0,0.15150414375199261,0.005566723522561626,26.0,0.06839457974034725,38.0,35.583333333333336,points
21,lag1_receiving_air_yards,lag1_production,0.004093419322788739,26.333333333333332,0.8888888888888888,0.38586618388297655,42.0,0.15049795545436062,0.003702181870899679,37.0,0.05498860883486366,47.0,38.08333333333333,points
22,lag1_rushing_yards,lag1_production,0.0011566653052341232,59.666666666666664,0.7777777777777778,0.38470637015554476,43.0,0.07735066182205319,0.010358454331565283,45.5,0.1025269058854511,21.0,42.291666666666664,points
23,lag1_receiving_20,lag1_production,0.0008251788742131963,72.66666666666667,0.8888888888888888,0.4973565893950474,19.0,0.1542892468172017,0.0016962545736700385,56.5,0.09917441793932262,25.0,43.29166666666667,points
24,lag1_catch_rate,lag1_rates,0.002144895596580265,39.666666666666664,0.7777777777777778,0.44785321838500536,26.0,0.13351080427545003,0.0025133590837876363,49.0,0.03601470078453489,60.0,43.666666666666664,points
25,lag1_carries_per_game,lag1_per_game,0.002317358612803022,46.666666666666664,0.8888888888888888,0.40054689615638284,33.0,0.08887765580720153,0.00482305446591082,50.5,0.04953486800952008,48.0,44.541666666666664,points
26,lag2_receptions,lag2_4_history,0.006389882752159089,27.0,0.7777777777777778,0.3521742138927681,55.0,0.09878885800267323,0.003188581689671968,54.0,0.04633437306301375,49.0,46.25,points
27,lag1_receiving_yards_per_target,lag1_rates,0.004960322555336307,60.0,0.8888888888888888,0.4634456901605581,23.0,0.13890122021749907,0.00303295972421744,43.0,0.03195928054698328,69.0,48.75,points
28,lag1_rushing_yards_per_game,lag1_per_game,0.0008902553683054729,70.0,0.7777777777777778,0.3727840320968839,49.0,0.07789494703091471,0.006043008745651004,51.0,0.07800930114006809,34.0,51.0,points
29,lag1_carries,lag1_production,0.0013557638364404513,50.333333333333336,0.6666666666666666,0.4177069173610223,30.0,0.09170656373874309,0.006665942275292342,44.0,0.027423348150804223,90.0,53.583333333333336,points
30,lag1_rushing_12,lag1_production,0.000755876665138322,104.66666666666667,0.6666666666666666,0.3864917037492649,41.0,0.08418289523654954,0.003741776731745715,60.5,0.10362071877054341,20.0,56.54166666666667,points
31,lag1_receiving_first_downs,lag1_production,0.003576433842231743,183.33333333333334,0.6666666666666666,0.5245748483785075,9.0,0.1914651989224918,0.005888356974294306,20.0,0.13429471549553745,16.0,57.083333333333336,points
32,lag1_rush_20_rate,lag1_rates,0.005462426281409164,32.0,0.5555555555555556,0.3327350017339544,64.0,0.05976378128019011,0.0028282239669649386,75.5,0.033565515096379284,63.0,58.625,points
33,lag1_rushing_tds,lag1_production,0.0026934383738360535,44.333333333333336,0.8888888888888888,0.3461456026456116,59.0,0.05796074231221304,0.0024159326596573027,82.0,0.046224884074015274,50.0,58.833333333333336,points
34,lag2_receiving_first_downs,lag2_4_history,0.0013788209255171597,52.666666666666664,0.6666666666666666,0.35008831451996114,57.0,0.09660714926152014,0.001785698067185943,71.5,0.03792588335956897,56.0,59.291666666666664,points
35,lag1_receiving_yards_after_catch_per_reception,lag1_rates,0.0005243285393072592,109.0,1.0,0.4591746379227296,24.0,0.1389249797063865,0.0026328212142428704,46.0,0.03280870280480061,66.0,61.25,points
36,lag2_receiving_yards,lag2_4_history,0.0009692706102997463,80.0,0.6666666666666666,0.34322932977421494,61.0,0.08794652790787705,0.0029611464915900504,61.5,0.05884087042603339,45.0,61.875,points
37,lag1_late6_targets,lag1_trajectory,0.00029912808836459376,134.0,0.7777777777777778,0.5042188602202243,16.0,0.17205146925588544,0.0016048926143572935,59.0,0.06109791078802099,44.0,63.25,points
38,lag1_rushing_20,lag1_production,0.000859439747373372,64.33333333333333,0.5555555555555556,0.3369303444642647,63.0,0.05871575229878001,0.002835295697152817,77.5,0.04058461442920554,53.0,64.45833333333333,points
39,lag1_late6_rushing_yards,lag1_trajectory,0.0007205743555503346,81.0,0.7777777777777778,0.3384686426813307,62.0,0.06819294148949062,0.002969159895821772,68.0,0.03239971044525558,67.0,69.5,points
40,lag2_targets,lag2_4_history,0.0006126196090348282,81.66666666666667,0.5555555555555556,0.34666252421555405,58.0,0.10422815253653539,0.0016843957284780968,72.5,0.03173828597691475,71.0,70.79166666666667,points
41,lag1_late6_receiving_first_downs,lag1_trajectory,0.0003446802289002922,128.33333333333334,0.6666666666666666,0.4882100051735892,22.0,0.14832803025547037,0.0008313253794028386,90.0,0.05577383033780089,46.0,71.58333333333334,points
42,lag1_receiving_air_yards_per_target,lag1_rates,0.0013994453551291596,58.666666666666664,0.6666666666666666,0.3316101486634838,65.0,0.11464894228837696,0.002017753045716689,60.5,0.022059360189616375,113.0,74.29166666666666,points
43,lag1_rushing_first_downs,lag1_production,0.0017671186491498138,207.0,0.5555555555555556,0.40059457876632354,32.0,0.10456497060708614,0.007366672970286657,36.5,0.08051394641268354,31.0,76.625,points
44,lag1_receiving_16,lag1_production,0.0011439557199741165,224.0,0.5555555555555556,0.5145243633333866,13.0,0.1701897190502324,0.0019730492055255364,47.0,0.07878721868218251,32.0,79.0,points
45,lag2_receiving_20,lag2_4_history,0.0005070274644478499,99.0,0.5555555555555556,0.35345155089853575,53.0,0.0835179617891324,0.0017505982024278502,80.5,0.02780360117363008,85.0,79.375,points
46,lag1_passing_yards_per_game,lag1_per_game,0.0039541321373515554,25.0,0.8888888888888888,0.19421608555390363,146.0,0.04098873186709229,0.005004323593522581,88.5,0.036499341084762854,59.0,79.625,points
47,lag1_receiving_yards_per_reception,lag1_rates,0.00045787286366515286,134.0,0.6666666666666666,0.45318854978679707,25.0,0.12037378614818017,0.0017003835585281937,66.5,0.02438995073576597,100.0,81.375,points
48,lag1_targets_per_game,lag1_per_game,-0.0005342450007049928,256.6666666666667,0.4444444444444444,0.5125789682914438,14.0,0.18605278165586814,0.0046119932547018455,26.5,0.08081960575508078,30.0,81.79166666666667,points
49,draft_round,age_experience_draft,0.0014750067416957242,189.33333333333334,0.6666666666666666,0.24427092483322865,94.0,0.1519667061785519,0.01778547143174759,16.0,0.09115718124442658,28.0,81.83333333333334,points
50,lag1_receiving_20_rate,lag1_rates,0.0001447846330101532,145.66666666666666,0.6666666666666666,0.44611214995490445,27.0,0.13697705879466504,0.001488803113157265,68.5,0.02773067028341631,87.0,82.04166666666666,points
51,was_drafted,age_experience_draft,0.018600677700171635,206.5,0.3333333333333333,0.3940990090824694,38.0,0.09669744342723208,0.005195818258098663,45.0,0.062479025346547215,43.0,83.125,points
52,missing_draft_round,metadata_missingness,0.018059053285393083,206.83333333333334,0.3333333333333333,-0.3940990090824694,38.0,0.09305259739629212,0.004646934575602176,50.0,0.06300765284195228,42.0,84.20833333333334,points
53,lag1_late6_receiving_yards,lag1_trajectory,0.0004293425357168158,234.66666666666666,0.5555555555555556,0.4961750674640588,20.0,0.17821032435001083,0.0018267241036619948,48.0,0.06970639844692594,37.0,84.91666666666666,points
54,lag1_late6_receptions,lag1_trajectory,-0.00030208668689124524,238.66666666666666,0.3333333333333333,0.5038132402811527,17.0,0.16990034425843348,0.0022350309234968144,45.0,0.0669822349621276,40.0,85.16666666666666,points
55,lag1_passing_first_downs,lag1_production,0.001014998390930604,71.66666666666667,0.8888888888888888,0.19936764937369789,138.0,0.03540854430705487,0.00764077261863996,94.5,0.06371110165731604,41.0,86.29166666666667,points
56,lag1_late6_carries,lag1_trajectory,0.0007974441269640309,95.66666666666667,0.7777777777777778,0.37493496823890043,47.0,0.07283022080296142,0.0013608889826329596,97.0,0.023422702555138317,106.0,86.41666666666667,points
57,lag1_rush_yards_per_carry,lag1_rates,0.001352762404446015,192.0,0.6666666666666666,0.3746139891165632,48.0,0.08775755441502842,0.0037494742071546585,57.0,0.03282786519823259,65.0,90.5,points
58,lag1_late6_receiving_air_yards,lag1_trajectory,0.0005069265873647928,215.0,0.7777777777777778,0.3752286743622069,46.0,0.13203283254911913,0.0020542461953701316,55.0,0.0419436575883494,52.0,92.0,points
59,lag1_pass_td_rate,lag1_rates,0.0009009785066141548,63.333333333333336,0.7777777777777778,0.210705462513819,122.0,0.037688126882408746,0.002411856178497446,113.0,0.03012646340933204,76.0,93.58333333333334,points
60,lag2_receiving_16,lag2_4_history,0.0011939625348999568,187.33333333333334,0.7777777777777778,0.35436151554283885,50.0,0.09642468529746306,0.0017787124557323685,72.5,0.029850871947898445,79.0,97.20833333333334,points
61,lag1_passing_yards,lag1_production,0.0005320311270776455,94.0,0.7777777777777778,0.19514482435624328,144.0,0.040586861978503475,0.004905655380665764,90.0,0.03529783194615837,61.0,97.25,points
62,lag2_passing_tds,lag2_4_history,0.0017118396821614375,42.666666666666664,0.8888888888888888,0.1557253828836086,203.0,0.034929766024271114,0.0016820565962261706,132.5,0.15885783445435775,12.0,97.54166666666666,points
63,lag2_games,lag2_4_history,0.0003763912465771173,195.66666666666666,0.6666666666666666,0.38990753884158935,40.0,0.09855554255771892,0.0011098012099595564,94.0,0.030062269921739007,77.0,101.66666666666666,points
64,lag2_receiving_air_yards,lag2_4_history,0.0003716282275324377,108.0,0.8888888888888888,0.25882753644075673,90.0,0.06754486177189545,0.001334196855323011,100.5,0.022506222172966668,111.0,102.375,points
65,lag2_fumbles_total,lag2_4_history,0.0006253174310540831,76.66666666666667,0.7777777777777778,0.3132264727216917,67.0,0.05583208882860635,0.0006195825472461455,138.5,0.01983540747588885,130.0,103.04166666666667,points
66,age,age_experience_draft,0.014319945095072764,11.0,0.8888888888888888,0.058885879958942886,331.0,0.05699676398636466,0.024691572881318898,52.0,0.09542798215454505,27.0,105.25,points
67,lag2_receiving_10,lag2_4_history,0.0007887647749597542,220.66666666666666,0.7777777777777778,0.3525268815777072,54.0,0.11283029605954464,0.001099047786919937,90.0,0.031017421364668653,74.0,109.66666666666666,points
68,lag1_late6_receiving_20,lag1_trajectory,0.0005528439448642613,198.33333333333334,0.6666666666666666,0.4213909650220878,29.0,0.10805011384984686,0.0003782057039573003,139.5,0.03172739000596231,72.0,109.70833333333334,points
69,lag1_rushing_fumbles,lag1_production,0.0006085820676426441,202.66666666666666,0.6666666666666666,0.29068833471686667,75.0,0.04400626716767686,0.0007289462179456223,144.5,0.08583745822984255,29.0,112.79166666666666,points
70,lag2_rushing_12,lag2_4_history,0.00209113154153283,52.333333333333336,0.8888888888888888,0.26839410305735406,86.0,0.04245341059386609,0.0005537094019258617,162.0,0.016539751504732945,158.0,114.58333333333334,points
71,lag1_fumbles_total,lag1_production,-1.0425148508735289e-05,263.0,0.5555555555555556,0.3998582620639719,34.0,0.08545688326156453,0.0009359022196065811,106.0,0.033967095738320914,62.0,116.25,points
72,lag3_offense_snaps,lag2_4_history,0.0004903632929229573,204.33333333333334,0.6666666666666666,0.272600647027653,85.0,0.06713306958631993,0.0016746429544817005,89.5,0.026396880000823596,93.0,117.95833333333334,points
73,lag1_fumbles_lost_total,lag1_production,0.00018653780996658043,242.66666666666666,0.6666666666666666,0.3506753872573468,56.0,0.08679962576567535,0.0006785079043121138,117.5,0.031495389749770245,73.0,122.29166666666666,points
74,lag1_passing_air_yards,lag1_production,0.0007902360819348228,200.66666666666666,0.7777777777777778,0.20595122306613556,130.0,0.043450200455722676,0.00733315522358601,77.5,0.02919105657801651,81.0,122.29166666666666,points
75,lag1_passing_40,lag1_production,9.287274137044965e-05,247.33333333333334,0.5555555555555556,0.2123801025517509,120.0,0.03917688771621197,0.003301181336375569,101.5,0.10024625255746708,24.0,123.20833333333334,points
76,lag2_receiving_tds,lag2_4_history,-0.00022369049318064307,238.0,0.5555555555555556,0.3449620175943224,60.0,0.05912284828828085,0.0014359491522363437,103.0,0.024972090935522353,98.0,124.75,points
77,lag1_rush_first_down_rate,lag1_rates,2.2530229316974903e-05,276.0,0.4444444444444444,0.3822566333811263,44.0,0.0842909402897698,0.0017719016254576219,78.0,0.023383811323823733,107.0,126.25,points
78,lag1_share_attempts_prior_team,lag1_usage_share,0.00025415894986108913,216.0,0.4444444444444444,0.20733492389641736,125.0,0.046760356645620504,0.003912017044594846,82.5,0.028280527701529577,83.0,126.625,points
79,lag1_late6_passing_20,lag1_trajectory,0.0016125966807879848,162.33333333333334,0.5555555555555556,0.1900068262422523,161.0,0.030526851654530063,0.001298836095524818,160.0,0.09726291202795526,26.0,127.33333333333334,points
80,combine_vertical,body_combine,0.00037477314954958985,220.66666666666666,0.4444444444444444,0.23154655500062638,111.0,0.041368714511619054,0.004554189083948238,92.0,0.02775056313532886,86.0,127.41666666666666,points
81,lag1_passing_tds,lag1_production,0.0007570581968847387,324.6666666666667,0.6666666666666666,0.21190484183301284,121.0,0.04783182383011875,0.02200018025882288,61.5,0.2887125145136447,5.0,128.04166666666669,points
82,lag1_late6_rushing_first_downs,lag1_trajectory,-0.0002291714096363467,370.0,0.3333333333333333,0.3534966903672666,52.0,0.07147689637713706,0.0024706568267719815,72.0,0.1224186516322066,19.0,128.25,points
83,lag1_receiving_40,lag1_production,0.00010415171147389508,239.33333333333334,0.5555555555555556,0.38211252100953697,45.0,0.08110166417229259,0.0005678691622251237,129.5,0.023779184136723683,103.0,129.20833333333334,points
84,combine_forty,body_combine,0.000616176485231897,225.0,0.6666666666666666,0.19356033957055563,151.0,0.0592769280935217,0.004896698858371049,64.0,0.02946683226616144,80.0,130.0,points
85,lag2_passing_16,lag2_4_history,0.0005940435777927281,79.33333333333333,0.7777777777777778,0.1476820187520836,215.0,0.04757936272882324,0.0011209327322819888,124.0,0.02372137847198543,105.0,130.83333333333331,points
86,lag1_pass_yards_per_attempt,lag1_rates,0.0021449303420020393,167.66666666666666,0.6666666666666666,0.19410804853751823,147.0,0.034209276847717796,0.0025901318195912567,118.5,0.026505338038390763,91.0,131.04166666666666,points
87,lag2_rushing_10,lag2_4_history,0.00038800339153703217,148.66666666666666,0.5555555555555556,0.2732327398123028,84.0,0.043433415654356544,0.0007992963184023394,144.0,0.01694939534018434,151.0,131.91666666666666,points
88,lag1_passing_10,lag1_production,-8.350352449553686e-06,266.6666666666667,0.7777777777777778,0.1982949069600529,140.0,0.043199854366523294,0.004897421230071186,85.0,0.06790005342370024,39.0,132.66666666666669,points
89,lag2_receiving_yards_after_catch_per_reception,lag2_4_history,0.0007170171945267331,214.0,0.8888888888888888,0.2979691877576698,71.0,0.060547510005627636,0.0014566535761359242,100.0,0.017314116308945096,147.0,133.0,points
90,lag1_late6_passing_yards,lag1_trajectory,0.00018163246290700853,168.0,0.5555555555555556,0.18596257778419356,173.0,0.03860174539895356,0.0021799737973782524,115.0,0.028983434721768463,82.0,134.5,points
91,lag1_attempts_per_game,lag1_per_game,0.0011418337308836124,81.0,0.4444444444444444,0.20595813062282456,129.0,0.04102972351679535,0.0006816294567677301,155.0,0.015192647835565608,174.0,134.75,points
92,lag1_late6_mean_delta_receiving_yards_after_catch,lag1_trajectory,0.0010739013136378756,82.33333333333333,0.7777777777777778,-0.016341765962834116,361.0,0.15455793066845924,0.0018667115289081064,49.0,0.03843023772781095,55.0,136.83333333333331,points
93,lag1_late6_passing_first_downs,lag1_trajectory,0.00032123561265315657,117.66666666666667,0.6666666666666666,0.18986642157790154,162.0,0.036490355968355814,0.0010529681626421056,148.0,0.021106614453594463,121.0,137.16666666666669,points
94,lag1_late6_rushing_20,lag1_trajectory,0.0009565113544432765,190.66666666666666,0.6666666666666666,0.27575170536061455,82.0,0.02877747909878403,0.0010537200533910919,173.0,0.021608210192346877,117.0,140.66666666666666,points
95,lag2_receiving_first_down_rate,lag2_4_history,0.00019832971809832477,233.0,0.5555555555555556,0.2889308751652749,77.0,0.05872132114617834,0.0012038682450102153,112.0,0.017032423692844422,150.0,143.0,points
96,lag2_receiving_yards_per_target,lag2_4_history,8.953818066813488e-05,251.0,0.6666666666666666,0.30105051057186377,68.0,0.06626165390456507,0.0012957127864759571,104.0,0.01693985388899714,152.0,143.75,points
97,lag1_late6_mean_delta_receiving_first_downs,lag1_trajectory,0.0016642806959303003,90.0,0.7777777777777778,-0.028798635895666457,345.0,0.1489269674224234,0.0014777483347300504,66.5,0.029969818225720004,78.0,144.875,points
98,lag2_receiving_yards_per_reception,lag2_4_history,3.83161500620134e-05,264.3333333333333,0.6666666666666666,0.293281501299889,73.0,0.062331640245230524,0.001673303464344199,92.5,0.016787745244644877,155.0,146.20833333333331,points
99,years_exp,age_experience_draft,0.0030801986031412255,27.0,1.0,0.12670644941056114,257.0,0.0,0.006520603765225585,254.0,0.04498328187155821,51.0,147.25,points
100,lag1_rushing_fumbles_lost,lag1_production,0.0008672636139161779,98.33333333333333,0.7777777777777778,0.24420363476463045,95.0,0.03189048720285381,0.0003046869927954862,223.0,0.015197275849535915,173.0,147.33333333333331,points
101,lag3_receptions,lag2_4_history,0.0005117920562712394,218.66666666666666,0.7777777777777778,0.2410637730471631,100.0,0.06353067617839603,0.0008328568553918832,119.0,0.016840446142676893,154.0,147.91666666666666,points
102,lag2_catch_rate,lag2_4_history,5.87390692602262e-05,249.33333333333334,0.7777777777777778,0.28919079877767473,76.0,0.04437172118424382,0.0014564596393767263,119.0,0.017280688981677946,148.0,148.08333333333334,points
103,lag1_late6_mean_delta_receiving_20,lag1_trajectory,0.00041915250763013834,108.66666666666667,0.5555555555555556,-0.053871266819237006,332.0,0.1325744727049809,0.001801233219721258,58.5,0.026171489442460994,94.0,148.29166666666669,points
104,lag2_rushing_yards,lag2_4_history,-0.00015615750822523593,249.66666666666666,0.4444444444444444,0.2734066978103091,83.0,0.03354558696215548,0.001627524389499338,139.0,0.020984315243671798,124.0,148.91666666666666,points
105,lag3_receiving_yards_after_catch,lag2_4_history,0.000256274028534552,230.33333333333334,0.6666666666666666,0.24077376301077,102.0,0.05066760446475982,0.0008491859137313214,128.5,0.01800666904677568,138.0,149.70833333333334,points
106,lag1_late6_mean_delta_carries,lag1_trajectory,0.0018087094170789154,65.33333333333333,0.6666666666666666,-0.01115920931422141,372.0,0.07166453971473796,0.0022922016674900817,74.0,0.027590732840557398,88.0,149.83333333333331,points
107,lag1_late6_mean_delta_rushing_yards,lag1_trajectory,0.002432251430830121,32.333333333333336,1.0,-0.003804972399089143,383.0,0.06737709181776363,0.002458870579459305,74.0,0.02263307790427044,110.0,149.83333333333331,points
108,lag1_roster_weeks,lag1_participation,7.538143284325908e-05,250.0,0.7777777777777778,0.153505546154153,208.0,0.04898011130445212,0.003928316112142942,77.5,0.03303251595937608,64.0,149.875,points
109,lag2_fumbles_lost_total,lag2_4_history,6.499204444584035e-06,238.33333333333334,0.3333333333333333,0.2840075391640904,78.0,0.04670717853306172,0.0005027644206160802,161.0,0.020465240169674617,126.0,150.83333333333334,points
110,lag1_passing_16,lag1_production,7.90987162010796e-05,332.0,0.3333333333333333,0.19653698633240188,142.0,0.045371914142525505,0.008124288570122954,71.5,0.037407879860022225,58.0,150.875,points
111,lag1_passing_yards_after_catch,lag1_production,0.0006098013850882599,227.66666666666666,0.6666666666666666,0.19097030391954095,159.0,0.046466556251006264,0.0017155361807821687,106.5,0.020239125002331257,127.0,155.04166666666666,points
112,lag1_receiving_first_down_rate,lag1_rates,-0.00012867524028562874,463.6666666666667,0.2222222222222222,0.44156512714015,28.0,0.14845764884017587,0.0016757681261225757,61.0,0.03183956783507586,70.0,155.66666666666669,points
113,injury_lag2_injury_report_weeks,injury_report_history,-2.3494453361225547e-05,246.33333333333334,0.4444444444444444,0.3001085832658398,69.0,0.05003506987624551,0.0007618205821054695,133.0,0.014984690056759193,177.0,156.33333333333334,points
114,lag2_carries,lag2_4_history,-6.024278375593717e-06,321.0,0.5555555555555556,0.2815636767881423,79.0,0.03884856753852706,0.0018598699291249195,117.5,0.022314961360488807,112.0,157.375,points
115,lag1_weekly_slope_receiving_yards,lag1_trajectory,0.00045694494684077477,100.0,0.6666666666666666,-0.027305998941739233,346.0,0.12452571508460064,0.0015728892941293715,71.0,0.021926673552516412,114.0,157.75,points
116,lag3_games,lag2_4_history,-7.55852681005864e-05,276.3333333333333,0.3333333333333333,0.2635414477095452,89.0,0.05643701766994891,0.0007027799161358952,131.0,0.018170953825694922,137.0,158.33333333333331,points
117,lag2_passing_10,lag2_4_history,0.00043407897175910354,159.66666666666666,0.3333333333333333,0.1438419122742477,223.0,0.03632759908207994,0.00045597702869413484,186.5,0.03206994579238226,68.0,159.29166666666666,points
118,lag2_receiving_40,lag2_4_history,0.00023293184801938724,236.0,0.5555555555555556,0.29980585123483905,70.0,0.054943075756618054,0.0003601647961166058,170.5,0.015901243792157606,162.0,159.625,points
119,lag1_attempts,lag1_production,0.00010715358890113338,268.6666666666667,0.3333333333333333,0.20724842055397563,126.0,0.032161432861656625,0.002355387274055698,127.5,0.019906717699416845,129.0,162.79166666666669,points
120,lag1_rushing_40,lag1_production,0.00041728752114986476,109.66666666666667,0.7777777777777778,0.23574347269047982,106.0,0.02525645160436918,0.0003504629625479361,239.0,0.01365612574046489,197.0,162.91666666666669,points
121,lag1_late6_mean_delta_receptions,lag1_trajectory,0.0009119647878533438,80.66666666666667,0.8888888888888888,0.004337046249646648,381.0,0.13695069303376428,0.001426070514765101,73.0,0.021197651150071543,119.0,163.41666666666669,points
122,lag2_rush_yards_per_carry,lag2_4_history,9.10812098655869e-06,267.6666666666667,0.5555555555555556,0.26771680285094507,87.0,0.04705468441528193,0.001131480475136301,124.5,0.01475039890060951,181.0,165.04166666666669,points
123,lag3_targets,lag2_4_history,0.0005794468151658257,234.66666666666666,0.5555555555555556,0.23626056702451587,104.0,0.05313250337398667,0.0005950340841245157,141.5,0.014740027283434919,182.0,165.54166666666666,points
124,lag1_weekly_slope_carries,lag1_trajectory,0.0006702996464455058,73.0,0.5555555555555556,-0.019036694582109714,356.0,0.06650683475242936,0.0016542719384128092,91.5,0.01775375662652958,143.0,165.875,points
125,lag1_sack_yards_lost,lag1_production,0.0005578613549047773,200.0,0.5555555555555556,-0.18637437484032174,171.0,0.04055117469679903,0.00047156733840019875,178.5,0.02108983235234235,123.0,168.125,points
126,missing_age,metadata_missingness,0.0026555741248390653,123.16666666666667,0.4444444444444444,-0.23853793060427136,103.0,0.06144881627198373,7.57942392753188e-05,223.5,0.012590456380211966,229.0,169.66666666666669,points
127,lag2_receiving_air_yards_per_target,lag2_4_history,0.00015117360428076567,242.33333333333334,0.5555555555555556,0.21709041765882564,119.0,0.03434792233704709,0.001460737909967758,141.0,0.014797814262342793,179.0,170.33333333333334,points
128,combine_bench,body_combine,-0.00011289192155207304,221.66666666666666,0.5555555555555556,0.1762338140236849,178.0,0.028275310084568517,0.0028989646010823037,136.5,0.01733032004666117,146.0,170.54166666666666,points
129,weight,body_combine,0.0008774341470696075,198.0,0.5555555555555556,0.07209992597441002,323.0,0.04985986047504021,0.005264571165825114,69.5,0.026080207079474126,95.0,171.375,points
130,lag1_late6_passing_air_yards,lag1_trajectory,0.00016726322823754387,247.33333333333334,0.4444444444444444,0.1912168214142797,158.0,0.03308123316867517,0.002218463317404734,127.0,0.016466076106078524,159.0,172.83333333333334,points
131,lag2_rush_first_down_rate,lag2_4_history,0.00010185259599358887,250.66666666666666,0.5555555555555556,0.26367943784874104,88.0,0.04228926802205013,0.000703227259364955,150.5,0.013244031892395706,208.0,174.29166666666666,points
132,lag2_rushing_tds,lag2_4_history,0.00023678034093038084,138.0,0.7777777777777778,0.24747461775709703,92.0,0.0174594150722176,0.0004604704388278839,252.5,0.012934398375880568,220.0,175.625,points
133,lag1_passing_interceptions,lag1_production,0.0008629586792913269,113.0,0.7777777777777778,0.18162305235471113,175.0,0.025224981129311708,0.00044721565404535075,225.5,0.013847115796214029,193.0,176.625,points
134,lag2_receiving_20_rate,lag2_4_history,-0.00017843472695371835,384.3333333333333,0.4444444444444444,0.31366727997444827,66.0,0.05971979943425065,0.001354479182419466,105.5,0.016637069314351723,156.0,177.95833333333331,points
135,lag2_rushing_first_downs,lag2_4_history,-2.4012002856214448e-05,367.0,0.3333333333333333,0.27672892567126,81.0,0.04811098586291873,0.000962880973647468,128.0,0.01795006225814672,141.0,179.25,points
136,lag1_late6_mean_delta_receiving_air_yards,lag1_trajectory,0.0006057551640286343,211.33333333333334,0.5555555555555556,0.02698904839916589,347.0,0.10784045074795134,0.001818170036533568,65.0,0.02434907200871462,101.0,181.08333333333334,points
137,lag2_passing_20,lag2_4_history,9.549990886951558e-05,258.0,0.3333333333333333,0.15174458422606926,211.0,0.03499807668281196,0.0009670273435294371,155.0,0.024324772494883583,102.0,181.5,points
138,lag1_passing_air_yards_per_attempt,lag1_rates,-2.1195799744355707e-05,331.3333333333333,0.7777777777777778,0.20412110642057313,131.0,0.033147675709754854,0.001556053471201755,142.0,0.02110438440185274,122.0,181.58333333333331,points
139,lag1_weekly_slope_rushing_20,lag1_trajectory,0.0014191208703694636,83.0,0.8888888888888888,0.019130149613813322,355.0,0.03904487931837641,0.0014213930837021066,134.0,0.015830411976772728,163.0,183.75,points
140,lag1_weekly_slope_receptions,lag1_trajectory,0.0005720450669844328,189.0,0.7777777777777778,-0.012275533482661274,370.0,0.11929685741773799,0.001260947937111387,84.0,0.024641488708101924,99.0,185.5,points
141,lag1_weekly_slope_receiving_20,lag1_trajectory,0.0014749444666161864,208.0,0.6666666666666666,-0.020041062920437395,354.0,0.10490379474656741,0.001745237244661261,69.5,0.021812267720270805,115.0,186.625,points
142,lag1_weekly_slope_rushing_yards,lag1_trajectory,0.001570794694230419,184.33333333333334,0.5555555555555556,-0.007309841865194658,376.0,0.08485609405480421,0.0019696182848576906,73.5,0.02144812217129088,118.0,187.95833333333334,points
143,lag2_passing_yards,lag2_4_history,0.000247150005931587,201.0,0.4444444444444444,0.14102045034572436,232.0,0.033530775413686875,0.0007883279907547951,168.0,0.016913957892481863,153.0,188.5,points
144,lag3_receiving_yards,lag2_4_history,-9.179972787990802e-05,367.3333333333333,0.3333333333333333,0.2336889716142953,107.0,0.04827949008454002,0.000627413867009174,144.0,0.018384716700962332,136.0,188.58333333333331,points
145,lag1_interception_rate,lag1_rates,-3.2127331000368167e-06,241.33333333333334,0.5555555555555556,0.1747029878075929,181.0,0.03594979511837071,0.0012951383929479489,144.0,0.014261002368342972,189.0,188.83333333333334,points
146,lag3_receiving_10,lag2_4_history,-0.00024468960216695993,356.3333333333333,0.2222222222222222,0.24124028561490227,99.0,0.055171744468285766,0.00045408867600241003,158.0,0.017741802317667973,144.0,189.33333333333331,points
147,lag1_late6_attempts,lag1_trajectory,9.107457130371384e-05,245.33333333333334,0.5555555555555556,0.19541738553193796,143.0,0.031802720765834014,0.00040195089634173617,209.0,0.016078306391507247,161.0,189.58333333333334,points
148,lag1_weekly_slope_receiving_yards_after_catch,lag1_trajectory,0.0007446609031622507,231.66666666666666,0.4444444444444444,-0.01321596013514003,368.0,0.11860289576227245,0.001762005042082158,65.0,0.02550233936399942,96.0,190.16666666666666,points
149,lag4_passing_air_yards_per_attempt,lag2_4_history,3.179462430749316e-05,200.0,0.6666666666666666,0.1041724454017627,300.0,0.015636050455717587,0.0014664853267642457,208.5,0.040297464095571306,54.0,190.625,points
150,lag3_rushing_10,lag2_4_history,0.0003041021569671404,145.33333333333334,0.5555555555555556,0.19350650306966216,152.0,0.02967413571541133,0.00034163423276873994,227.0,0.011988547609694273,239.0,190.83333333333334,points
151,lag1_receiving_fumbles,lag1_production,1.3805399898629096e-05,279.0,0.3333333333333333,0.28082244037449133,80.0,0.04850899697468147,0.00021402254054817688,202.5,0.013353274553449253,203.0,191.125,points
152,height,body_combine,0.00033465097839031124,227.0,0.6666666666666666,0.046518146554864984,334.0,0.04167080871755058,0.003746743466014486,94.5,0.02161950525406432,116.0,192.875,points
153,lag4_offense_snaps,lag2_4_history,-8.195916389446772e-05,354.6666666666667,0.5555555555555556,0.19348672469502887,153.0,0.04727141995946216,0.0009446183107149295,130.0,0.017991205878096717,140.0,194.41666666666669,points
154,lag2_attempts,lag2_4_history,0.0008075695634891769,97.66666666666667,0.8888888888888888,0.14492785367457714,220.0,0.022758424232991015,0.00030745623655089563,254.5,0.013198918596871058,211.0,195.79166666666669,points
155,combine_broad_jump,body_combine,-0.0008997377882199823,468.0,0.4444444444444444,0.23296881399464348,108.0,0.037295295603775536,0.0045776851558803535,99.5,0.02315988417789851,108.0,195.875,points
156,lag3_rushing_first_downs,lag2_4_history,0.000268628660839148,250.0,0.5555555555555556,0.19669881280728255,141.0,0.016156618972830383,0.0005398942002381771,245.5,0.017277702279546437,149.0,196.375,points
157,lag2_rushing_20,lag2_4_history,-8.757088085532671e-05,251.33333333333334,0.6666666666666666,0.2362232610366156,105.0,0.024954648573122906,0.0004918183702196711,219.5,0.013211004435114833,210.0,196.45833333333334,points
158,lag2_passing_first_downs,lag2_4_history,0.0005093440966595549,157.66666666666666,0.5555555555555556,0.14324888186836301,226.0,0.03588398447814889,0.0005260640649376736,178.5,0.012712435797185484,224.0,196.54166666666666,points
159,lag3_carries,lag2_4_history,0.00014365743347341837,217.33333333333334,0.7777777777777778,0.20292218730079992,134.0,0.023192531242700376,0.0004331083425310515,234.5,0.013407311872066134,201.0,196.70833333333334,points
160,lag1_passing_20,lag1_production,-0.00025185007666036113,480.0,0.3333333333333333,0.19853224893603794,139.0,0.029706517151617984,0.007527426225647909,112.5,0.03786805468254711,57.0,197.125,points
161,combine_shuttle,body_combine,0.00022131128333715804,249.66666666666666,0.3333333333333333,0.14239027631751638,228.0,0.02308360935558884,0.002645643968510741,156.0,0.016610961572481615,157.0,197.66666666666666,points
162,lag3_receiving_yards_per_reception,lag2_4_history,5.136180181612252e-05,256.3333333333333,0.7777777777777778,0.20401195767356728,132.0,0.03586992437180747,0.000704493208710167,164.0,0.011958396487224113,240.0,198.08333333333331,points
163,lag1_late6_mean_delta_targets,lag1_trajectory,1.6711183247062083e-05,264.6666666666667,0.7777777777777778,0.02387902023835243,349.0,0.13160147519729914,0.001355888982617411,78.0,0.023735680250014254,104.0,198.91666666666669,points
164,lag2_passing_40,lag2_4_history,-3.171929047351971e-05,351.3333333333333,0.6666666666666666,0.1695229881671825,185.0,0.028536677043287106,0.0013165505206622317,167.0,0.025406618047108614,97.0,200.08333333333331,points
165,lag1_completion_rate,lag1_rates,0.00036557091265690097,336.6666666666667,0.3333333333333333,0.19262970560125103,154.0,0.043581659474531964,0.0006596189829340032,149.0,0.01567176853364111,166.0,201.41666666666669,points
166,lag1_completions,lag1_production,-0.00014990455326763857,361.0,0.4444444444444444,0.1947345254991437,145.0,0.04704666935317503,0.0004380391339908492,169.5,0.018405045761058073,135.0,202.625,points
167,lag4_receiving_yards,lag2_4_history,3.186376088581966e-05,235.0,0.3333333333333333,0.16018387445869994,199.0,0.03598136231188853,0.00028872943992339946,212.5,0.015593565639238697,167.0,203.375,points
168,lag2_rush_20_rate,lag2_4_history,-0.000687630233624861,280.0,0.6666666666666666,0.2322561537978407,109.0,0.01909473056139488,0.0005864387276181515,230.0,0.013578233958843297,199.0,204.5,points
169,injury_lag2_injury_reported,injury_report_history,-6.376548762241116e-05,322.0,0.1111111111111111,0.2925578750862764,74.0,0.041625598818190834,0.00013349289267351147,235.0,0.01438372838601091,188.0,204.75,points
170,lag1_late6_mean_delta_rushing_first_downs,lag1_trajectory,-0.00011274412176309756,234.33333333333334,0.4444444444444444,-0.01333928707380896,367.0,0.06378598755752396,0.0016587155473888786,92.0,0.018923562095281052,133.0,206.58333333333334,points
171,lag1_weekly_slope_receiving_air_yards,lag1_trajectory,-1.0315233359382679e-05,251.66666666666666,0.3333333333333333,0.006844486482761669,378.0,0.10326429673900606,0.0017576541349874197,70.0,0.02002501649029792,128.0,206.91666666666666,points
172,lag1_late6_passing_yards_after_catch,lag1_trajectory,0.0002814447484806489,277.6666666666667,0.5555555555555556,0.18219539810405128,174.0,0.043511155137542445,0.0002497024418003689,207.0,0.01535868362403473,170.0,207.16666666666669,points
173,lag3_receiving_16,lag2_4_history,-0.00016838199497391947,397.6666666666667,0.2222222222222222,0.24234547608175674,97.0,0.046413354860631806,0.00048268903159103465,165.5,0.015480380788074193,169.0,207.29166666666669,points
174,lag4_interception_rate,lag2_4_history,7.0606964867541644e-06,214.66666666666666,0.3333333333333333,0.10387174112174788,303.0,0.019993857347931687,0.0005911100983909275,225.5,0.02744142903074905,89.0,208.04166666666666,points
175,lag4_passing_20,lag2_4_history,0.0003415307668774477,108.66666666666667,0.6666666666666666,0.10741079708611835,291.0,0.022230655169224622,0.0003454612767704596,251.5,0.013884739605652018,192.0,210.79166666666669,points
176,lag3_receiving_20,lag2_4_history,-0.00011868872182372068,388.6666666666667,0.3333333333333333,0.24546848547794162,93.0,0.05113660215395921,0.00035983039138963126,172.0,0.014153064967053533,190.0,210.91666666666669,points
177,lag3_fumbles_total,lag2_4_history,-7.890526921995447e-05,362.3333333333333,0.3333333333333333,0.23188606022619557,110.0,0.036177157434978735,0.0005175809690039554,178.5,0.013720124904353563,196.0,211.70833333333331,points
178,lag1_history_available,history_availability,0.004433141600280533,180.66666666666666,0.8888888888888888,-0.013194571960392778,369.0,0.0,0.0038865892509456082,264.0,0.07479272088124078,35.0,212.16666666666666,points
179,lag2_sacks_suffered,lag2_4_history,0.0004718792080304531,166.33333333333334,0.4444444444444444,0.14417124858270608,222.0,0.031090243217508196,0.0002969231162412172,227.0,0.012169269454018264,235.0,212.58333333333334,points
180,lag4_passing_16,lag2_4_history,0.0005654751896774224,117.66666666666667,0.6666666666666666,0.10520018402352992,295.0,0.01697404362714172,0.00030628216116748014,278.0,0.016227443518973067,160.0,212.66666666666669,points
181,lag2_roster_weeks,lag2_4_history,8.151353914833927e-05,330.6666666666667,0.4444444444444444,0.1866084454605191,169.0,0.028025222964086716,0.001481932360832013,161.5,0.013730569159847507,195.0,214.04166666666669,points
182,lag4_targets,lag2_4_history,-6.82081665290947e-05,327.3333333333333,0.5555555555555556,0.16051607964055015,198.0,0.0339144709426531,0.0003759093946110634,204.0,0.019010568844761183,132.0,215.33333333333331,points
183,lag3_rush_first_down_rate,lag2_4_history,8.710663041645708e-05,267.6666666666667,0.5555555555555556,0.19193407077228397,157.0,0.02117484787386248,0.0006228523373065123,219.0,0.012841294044697433,221.0,216.16666666666669,points
184,lag2_sack_yards_lost,lag2_4_history,0.00033277993099729066,216.0,0.6666666666666666,-0.14591173602607985,217.0,0.02623911513916921,0.0005772336367208627,204.0,0.012395073453593348,230.0,216.75,points
185,lag3_receiving_air_yards,lag2_4_history,-6.741949305682443e-05,350.6666666666667,0.2222222222222222,0.18826091870121484,165.0,0.027396392034445327,0.0010559925453794462,177.0,0.01502375111771375,175.0,216.91666666666669,points
186,lag1_passing_yards_after_catch_per_completion,lag1_rates,-5.839678756019369e-05,365.3333333333333,0.5555555555555556,0.18658280274688743,170.0,0.0396597421905156,0.0005785990855743662,165.0,0.015334512417636203,171.0,217.83333333333331,points
187,injury_lag3_designation_count,injury_report_history,-0.00042812096630184815,277.6666666666667,0.5555555555555556,0.20706813776204536,127.0,0.01833989334984132,0.0008789382533036456,217.5,0.011638596551269718,252.0,218.54166666666669,points
188,lag2_history_available,history_availability,0.0016397755594952624,260.6666666666667,0.4444444444444444,0.1378098008372083,244.0,0.0,0.0014237767996714932,298.0,0.03069159218862534,75.0,219.41666666666669,points
189,lag3_fumbles_lost_total,lag2_4_history,0.00021559555746104083,151.33333333333334,0.5555555555555556,0.20209261138851614,136.0,0.014009613347414351,0.00019959452661337868,309.5,0.010815295155265432,283.0,219.95833333333334,points
190,lag4_passing_first_downs,lag2_4_history,0.00019819767090281347,128.66666666666666,0.6666666666666666,0.1007374947373309,309.0,0.017368494035794324,0.00019842616479224075,298.0,0.01746942228158427,145.0,220.16666666666666,points
191,lag3_receiving_first_down_rate,lag2_4_history,-3.187371316068807e-05,274.6666666666667,0.5555555555555556,0.20266236236373644,135.0,0.015704292666690378,0.0008259799839245792,230.0,0.011827008007585436,245.0,221.16666666666669,points
192,lag3_receiving_first_downs,lag2_4_history,-0.000527239522159347,491.3333333333333,0.1111111111111111,0.24081804720889086,101.0,0.05570977986326309,0.0004290907723050077,161.5,0.019368117853356234,131.0,221.20833333333331,points
193,is_rookie,age_experience_draft,0.002740378149853284,57.333333333333336,0.8888888888888888,0.009157977593741824,375.0,0.0,0.0030396708393381484,268.0,0.014622308210770906,185.0,221.33333333333331,points
194,lag4_receiving_10,lag2_4_history,0.00013853654467304517,237.33333333333334,0.4444444444444444,0.16696369011681628,189.0,0.03142662815141861,0.0002609778499222869,236.0,0.012685477654386301,225.0,221.83333333333334,points
195,lag4_receiving_yards_after_catch_per_reception,lag2_4_history,3.727102911398204e-05,191.0,0.6666666666666666,0.14520737360173333,218.0,0.018553277502761922,0.0005259992763714891,238.5,0.011853739140518899,244.0,222.875,points
196,lag3_passing_yards,lag2_4_history,5.0704449741336945e-06,280.1666666666667,0.1111111111111111,0.11404753128909552,277.0,0.027611068857878784,0.0002802077371033761,243.0,0.026470622124505756,92.0,223.04166666666669,points
197,injury_lag2_designation_count,injury_report_history,-0.0001815575968711563,482.6666666666667,0.3333333333333333,0.29731104164000005,72.0,0.04325171562672203,0.0010349792704890425,136.0,0.01340192317781645,202.0,223.16666666666669,points
198,lag4_roster_weeks,lag2_4_history,0.00012721824437443729,241.0,0.3333333333333333,0.139628806347393,239.0,0.02084463476674614,0.0005191546592625187,230.0,0.014396824088138282,187.0,224.25,points
199,lag1_late6_mean_delta_receiving_yards,lag1_trajectory,-0.0004351933850235505,362.0,0.3333333333333333,-0.02399380335291174,348.0,0.12779164656092679,0.001516295131687099,71.5,0.021158487302386998,120.0,225.375,points
200,lag2_completion_rate,lag2_4_history,0.00010913848605741284,149.66666666666666,0.6666666666666666,0.13785143274135753,243.0,0.030046656823267348,0.0003703889241073358,217.0,0.01034488312916331,294.0,225.91666666666666,points
201,lag2_receiving_fumbles,lag2_4_history,0.00014113082212928603,253.66666666666666,0.6666666666666666,0.21773422651316282,118.0,0.03066664138775277,0.00015275168471269332,259.5,0.011048296983170421,273.0,226.04166666666666,points
202,lag4_receiving_16,lag2_4_history,7.922190238942831e-05,238.33333333333334,0.4444444444444444,0.17270643491198345,182.0,0.03589064350355109,0.0002693483203600763,220.0,0.011283152240440414,266.0,226.58333333333334,points
203,lag3_catch_rate,lag2_4_history,0.00017139697148333473,339.3333333333333,0.4444444444444444,0.20153713037644322,137.0,0.029342240425069832,0.0007931574686926941,182.5,0.011682986557108725,249.0,226.95833333333331,points
204,lag3_receiving_yards_per_target,lag2_4_history,-6.258780309875699e-05,376.3333333333333,0.3333333333333333,0.208976981306246,123.0,0.030000845493230344,0.000871333633543801,175.5,0.012267903281232144,234.0,227.20833333333331,points
205,lag4_catch_rate,lag2_4_history,6.767934239584575e-05,223.33333333333334,0.5555555555555556,0.14288223609775216,227.0,0.02115830009774733,0.0009759193919436213,201.5,0.011505263795746927,258.0,227.45833333333334,points
206,lag3_history_available,history_availability,0.00020186383206701985,161.0,0.5555555555555556,0.1448063824755661,221.0,0.005211664456906462,0.0002796883068627792,324.0,0.013315235063883036,205.0,227.75,points
207,lag3_rush_yards_per_carry,lag2_4_history,-6.061315381253626e-06,334.3333333333333,0.5555555555555556,0.189149411307929,164.0,0.02347321540989178,0.0008894157551338337,195.5,0.012966035304966641,219.0,228.20833333333331,points
208,lag3_receiving_yards_after_catch_per_reception,lag2_4_history,-0.00015503311093276493,363.0,0.3333333333333333,0.20603312766820103,128.0,0.023027882286744905,0.0008840172801123654,199.5,0.012745393425619176,223.0,228.375,points
209,missing_combine_forty,metadata_missingness,-0.00038576870740332964,380.5,0.1111111111111111,-0.2587190103543687,91.0,0.04917905225245711,0.0002557768611120208,196.5,0.01166897769627631,250.0,229.5,points
210,lag2_interception_rate,lag2_4_history,-0.0003017530977133223,353.6666666666667,0.1111111111111111,0.1420327818524743,230.0,0.03891147836424613,0.000876879630459698,151.5,0.014640362509045846,184.0,229.79166666666669,points
211,lag3_passing_air_yards,lag2_4_history,0.00018100317770892223,156.66666666666666,0.6666666666666666,0.11972032486701614,268.0,0.0273312266607455,0.0002579622124908891,251.0,0.011775904062406752,248.0,230.91666666666666,points
212,lag2_pass_td_rate,lag2_4_history,0.00019408721393835796,205.66666666666666,0.5555555555555556,0.1532115968756602,209.0,0.029459047909238034,0.00040695086426850924,216.5,0.010292332254620137,296.0,231.79166666666666,points
213,lag4_receiving_yards_per_reception,lag2_4_history,-2.4807642969871936e-05,291.3333333333333,0.4444444444444444,0.14505429195931227,219.0,0.01568687503851418,0.0005320838639945935,248.5,0.015264629193304787,172.0,232.70833333333331,points
214,injury_lag3_injury_report_weeks,injury_report_history,-0.00014164446585451798,363.6666666666667,0.3333333333333333,0.20818205175392027,124.0,0.01253383020404275,0.0004521802312009249,270.5,0.014995767549037463,176.0,233.54166666666669,points
215,injury_lag5_injury_report_weeks,injury_report_history,0.0005119725640921644,131.33333333333334,0.5555555555555556,0.10439097954701766,298.0,0.011729295887497049,0.000530546995626999,261.0,0.011817691559177217,246.0,234.08333333333334,points
216,lag3_rushing_yards,lag2_4_history,0.00015094504102782422,311.0,0.3333333333333333,0.1922852228593052,156.0,0.016420623088345465,0.0006458384110468675,235.5,0.01207850841733696,237.0,234.875,points
217,lag1_weekly_slope_passing_air_yards,lag1_trajectory,0.0009341387646304433,113.0,0.6666666666666666,-0.009190473549150835,374.0,0.02590745044098819,0.00034060117220374513,239.0,0.013104588536354676,217.0,235.75,points
218,lag1_late6_mean_delta_passing_first_downs,lag1_trajectory,0.0012824658283863391,70.33333333333333,0.8888888888888888,-0.014255341913139895,365.0,0.030998035595856788,0.0003246266872457823,224.0,0.01045540264459544,288.0,236.83333333333331,points
219,lag4_passing_tds,lag2_4_history,0.0008943648405123442,124.33333333333333,0.6666666666666666,0.11450144279186907,276.0,0.019290027923971387,0.00028978675299527545,269.5,0.010951795833128606,280.0,237.45833333333331,points
220,lag1_receiving_fumbles_lost,lag1_production,2.4783420838669912e-05,299.6666666666667,0.3333333333333333,0.22055055281971062,115.0,0.02361502841069063,0.0001672511666834131,277.5,0.01140347004407391,259.0,237.79166666666669,points
221,lag4_receiving_first_downs,lag2_4_history,0.00014116049983830476,339.0,0.4444444444444444,0.16499048821498194,192.0,0.039645255508543364,0.0002865874111004614,206.5,0.013128033200371522,214.0,237.875,points
222,lag4_receiving_yards_after_catch,lag2_4_history,0.00013251810934701414,242.33333333333334,0.4444444444444444,0.16377605166830017,195.0,0.021268226382228583,0.0003178711898224853,257.5,0.011367809732594943,261.0,238.95833333333334,points
223,lag3_rushing_fumbles,lag2_4_history,2.420276048055293e-05,202.0,0.4444444444444444,0.16707694539795223,188.0,0.012328205703244777,0.00018946481577098923,316.0,0.011657361954317923,251.0,239.25,points
224,lag2_passing_interceptions,lag2_4_history,-0.00011110944099726152,369.6666666666667,0.2222222222222222,0.14850927874573405,213.0,0.028425054424815244,0.0005494338306589147,200.5,0.01483098214111753,178.0,240.29166666666669,points
225,missing_combine_bench,metadata_missingness,6.20168652359797e-05,217.66666666666666,0.3333333333333333,-0.1755925458384955,179.0,0.02434804435200011,0.0004415338941003888,227.5,0.009083077204008952,339.0,240.79166666666666,points
226,lag3_receiving_tds,lag2_4_history,-0.00027681975107843006,481.6666666666667,0.2222222222222222,0.24179375546978943,98.0,0.0389514430083322,0.0004941364753577931,178.0,0.013260086371194604,207.0,241.16666666666669,points
227,lag2_passing_air_yards,lag2_4_history,-0.0005123252407553588,350.6666666666667,0.3333333333333333,0.14221265997971172,229.0,0.03581502651920543,0.0003694470023971643,201.0,0.014439239413701368,186.0,241.66666666666669,points
228,lag1_sacks_suffered,lag1_production,-0.00048134504575381154,404.3333333333333,0.1111111111111111,0.18663204207422363,168.0,0.03364744982418877,0.00032591550942388765,214.0,0.014733170082411795,183.0,242.33333333333331,points
229,lag1_late6_mean_delta_rushing_20,lag1_trajectory,0.00015714239777051307,358.6666666666667,0.6666666666666666,-0.022118792710701142,352.0,0.049506133660405016,0.0012432101046533496,118.5,0.017834738299310662,142.0,242.79166666666669,points
230,lag4_fumbles_total,lag2_4_history,0.00020172518076794826,234.0,0.5555555555555556,0.18808042074048753,166.0,0.017778212042597996,0.00019486988040640294,297.0,0.010971768230220278,276.0,243.25,points
231,missing_combine_vertical,metadata_missingness,-0.00016904026952514596,377.5,0.0,-0.22329929904460383,113.0,0.04418921853690261,0.0002734995829449777,200.5,0.010848093523821135,282.0,243.25,points
232,lag1_weekly_slope_receiving_first_downs,lag1_trajectory,-0.00047201292583240765,447.0,0.2222222222222222,-0.03488713323526696,343.0,0.13168829675080573,0.0012505769547039212,81.5,0.022714252433132635,109.0,245.125,points
233,lag2_completions,lag2_4_history,-9.004318772591151e-05,319.3333333333333,0.2222222222222222,0.14069101424689787,234.0,0.03215211085195335,0.00027540925178029557,229.5,0.013618581601532289,198.0,245.20833333333331,points
234,lag4_rush_yards_per_carry,lag2_4_history,-4.528490104209008e-05,304.0,0.2222222222222222,0.156557472664193,202.0,0.020662756092374668,0.0007008329808864594,216.0,0.011342605778773357,262.0,246.0,points
235,lag3_completions,lag2_4_history,0.00014868395492643555,221.66666666666666,0.2222222222222222,0.11305703582035785,282.0,0.031828722126177045,4.438863111708041e-05,281.0,0.013334980647664542,204.0,247.16666666666666,points
236,lag3_rushing_12,lag2_4_history,-8.970283851868673e-05,353.3333333333333,0.4444444444444444,0.1862285537624683,172.0,0.039084828993817045,0.00034700542155196917,198.5,0.011304711595797216,265.0,247.20833333333331,points
237,lag4_rush_first_down_rate,lag2_4_history,2.3310291424377067e-05,279.0,0.4444444444444444,0.1400414545563343,237.0,0.023294652859982,0.0003582761849487505,243.5,0.012349348314778137,231.0,247.625,points
238,lag4_games,lag2_4_history,-0.00010857493646133764,464.6666666666667,0.4444444444444444,0.18738080662684437,167.0,0.04274732013769622,0.0005242319735703947,165.0,0.013825009892349737,194.0,247.66666666666669,points
239,injury_lag2_absence_report_weeks,injury_report_history,0.0001492710416722831,222.66666666666666,0.6666666666666666,0.1377205720979513,245.0,0.003072425470338036,0.00021037285204693183,350.0,0.014760165672565457,180.0,249.41666666666666,points
240,lag3_passing_first_downs,lag2_4_history,0.00017151658250719797,203.0,0.2222222222222222,0.11372252279209814,278.0,0.03255057720759735,5.8301664912247694e-05,275.0,0.011917880985306223,242.0,249.5,points
241,lag3_passing_tds,lag2_4_history,3.4224974697380828e-06,295.6666666666667,0.3333333333333333,0.13055926113496066,253.0,0.033974709945728154,0.00035472626101743274,208.0,0.011913962873922447,243.0,249.91666666666669,points
242,lag4_passing_air_yards,lag2_4_history,6.458502690102434e-05,168.33333333333334,0.4444444444444444,0.10772036420657685,290.0,0.025853750629269534,0.0002621225445750557,253.5,0.01040884830510598,291.0,250.70833333333334,points
243,lag3_receiving_fumbles,lag2_4_history,1.192428899143838e-05,218.66666666666666,0.4444444444444444,0.1665129336159865,191.0,0.02381510951013821,8.588879518552213e-05,294.5,0.010063365502646493,304.0,252.04166666666666,points
244,lag1_sack_fumbles,lag1_production,-5.8074909231474616e-05,362.6666666666667,0.2222222222222222,0.19383357791108305,148.0,0.026873647887323937,0.00022310328209433714,257.0,0.011940269340339725,241.0,252.16666666666669,points
245,lag1_weekly_slope_attempts,lag1_trajectory,0.0003031946906129685,214.0,0.5555555555555556,-0.003052124067766089,385.0,0.03147156523038053,0.0006938446513015371,178.5,0.012296170999865276,232.0,252.375,points
246,lag4_carries,lag2_4_history,0.0001703174261768038,179.0,0.5555555555555556,0.15237272431719115,210.0,0.010517919792477404,0.000303558255333181,298.5,0.00941420140145833,323.0,252.625,points
247,lag1_weekly_slope_passing_first_downs,lag1_trajectory,0.00021165890141541493,123.33333333333333,0.5555555555555556,-0.017643319166533354,358.0,0.024820196247359316,0.0003621247889145487,236.5,0.01035771950615216,293.0,252.70833333333331,points
248,lag2_pass_yards_per_attempt,lag2_4_history,8.054688334042164e-06,337.6666666666667,0.5555555555555556,0.1395966168660773,240.0,0.02552761033653317,0.00048566147419564035,218.5,0.013121218212358518,215.0,252.79166666666669,points
249,lag3_receiving_20_rate,lag2_4_history,-0.00012133748775793812,462.0,0.2222222222222222,0.22092059437864606,114.0,0.03436810666321044,0.0006367299856735707,172.0,0.01117874975701754,269.0,254.25,points
250,combine_cone,body_combine,-0.0008314021746186586,512.0,0.1111111111111111,0.13678594310130618,247.0,0.030163353742254984,0.0033459517129275306,125.0,0.018422705466835502,134.0,254.5,points
251,lag1_weekly_slope_passing_yards_after_catch,lag1_trajectory,4.019876099570218e-05,267.0,0.6666666666666666,-0.01770432074960031,357.0,0.031209433835806433,0.0010166130682063882,166.0,0.012595576291337356,228.0,254.5,points
252,lag3_interception_rate,lag2_4_history,7.603651517535454e-05,176.66666666666666,0.3333333333333333,0.11335090201187448,280.0,0.019533761016604423,0.00048823154833343226,240.0,0.00946687359363701,322.0,254.66666666666666,points
253,injury_lag3_injury_reported,injury_report_history,9.675189203669128e-05,294.3333333333333,0.3333333333333333,0.20344319989698376,133.0,0.02863921968250782,0.00015688522998353927,265.5,0.0093709446462972,326.0,254.70833333333331,points
254,lag1_sack_fumbles_lost,lag1_production,9.474326759909928e-05,332.6666666666667,0.5555555555555556,0.1894513834377818,163.0,0.021791264673153954,0.00015892070858007965,287.5,0.012031700142719126,238.0,255.29166666666669,points
255,lag3_receiving_air_yards_per_target,lag2_4_history,-4.32875663420503e-05,433.3333333333333,0.2222222222222222,0.16435887247738523,194.0,0.03341966061663548,0.0008984073045853197,162.0,0.012293740897826115,233.0,255.58333333333331,points
256,injury_lag1_reserve_weeks,reserve_history_roster,0.00123656163034622,54.333333333333336,0.8888888888888888,-0.0094049595976945,373.0,0.0,0.0006291355087810872,327.5,0.011129361469193461,271.0,256.4583333333333,points
257,missing_weight,metadata_missingness,3.287305390850845e-05,255.16666666666666,0.2222222222222222,-0.19378072869248944,149.5,0.04183426278164504,7.17491131617023e-07,262.5,0.008433292566183519,364.0,257.79166666666663,points
258,lag4_receiving_tds,lag2_4_history,-1.841014980605602e-05,268.0,0.3333333333333333,0.16661026280164642,190.0,0.02401298293259524,0.0002783609662557252,255.5,0.00964819337176821,318.0,257.875,points
259,missing_combine_broad_jump,metadata_missingness,-6.622978374361111e-05,371.5,0.1111111111111111,-0.2189910756003215,117.0,0.028171256859224947,0.0002685978157464982,246.0,0.010284688888635152,297.0,257.875,points
260,lag3_kickoff_return_yards,lag2_4_history,3.83969845361154e-05,185.33333333333334,0.5555555555555556,0.04217449821082541,338.0,0.010459531303417258,0.00020227655353565848,318.5,0.013949921606477313,191.0,258.20833333333337,points
261,lag2_sack_fumbles_lost,lag2_4_history,4.575282862033051e-05,227.0,0.3333333333333333,0.15855494123833414,200.0,0.017561086986428887,0.00011207919434743803,313.0,0.01021286325793646,298.0,259.5,points
262,lag3_receiving_40,lag2_4_history,-3.094720330409917e-05,384.6666666666667,0.2222222222222222,0.2194277211548944,116.0,0.030149669254980527,0.00020744384072444156,248.0,0.010153366379669345,300.0,262.1666666666667,points
263,lag3_roster_weeks,lag2_4_history,-8.828902992978153e-05,404.6666666666667,0.2222222222222222,0.17249241721939895,183.0,0.02269016631114429,0.0006165525725220956,216.0,0.011784268904369557,247.0,262.6666666666667,points
264,lag2_receiving_fumbles_lost,lag2_4_history,2.1981965915530823e-05,281.3333333333333,0.3333333333333333,0.18043232818022553,176.0,0.014120376110136057,0.00011229860586029798,325.0,0.011019114788889546,274.0,264.0833333333333,points
265,lag2_rushing_fumbles,lag2_4_history,-0.0005932337207826699,507.0,0.4444444444444444,0.23110362618013422,112.0,0.023043744084351392,0.0004732711423547638,230.0,0.012995572413865735,218.0,266.75,points
266,lag4_receiving_first_down_rate,lag2_4_history,-6.073768750242743e-05,365.3333333333333,0.3333333333333333,0.1464656010339788,216.0,0.02087018589015255,0.0005075205911133113,231.0,0.011549696039752647,257.0,267.3333333333333,points
267,lag4_receiving_20,lag2_4_history,-0.00017162080606401996,366.0,0.3333333333333333,0.17747768437909253,177.0,0.04473934540005775,0.00014999036702438858,224.5,0.010080527430145916,302.0,267.375,points
268,lag4_receiving_20_rate,lag2_4_history,9.473493409862935e-06,278.6666666666667,0.4444444444444444,0.16286263154910585,196.0,0.017801199126648903,0.00028497414944517966,278.0,0.009627016063197174,319.0,267.9166666666667,points
269,lag3_rush_20_rate,lag2_4_history,7.023890875247475e-05,263.6666666666667,0.5555555555555556,0.14069823309618879,233.0,0.021809152548872834,0.0004200229916972636,240.0,0.009156133873479362,337.0,268.4166666666667,points
270,lag1_weekly_slope_targets,lag1_trajectory,-0.0009241845361511983,483.0,0.2222222222222222,0.004816240759753095,380.0,0.11799404432214367,0.0012346547587580392,86.5,0.020719976457318875,125.0,268.625,points
271,lag4_rushing_yards,lag2_4_history,-4.053266670982985e-05,371.3333333333333,0.3333333333333333,0.1573850070497032,201.0,0.006938048969918675,0.0005045176042604662,281.5,0.012776964299885946,222.0,268.9583333333333,points
272,injury_lag5_designation_count,injury_report_history,0.00029563373378665373,201.33333333333334,0.4444444444444444,0.1043269081771209,299.0,0.020259278762880584,0.0004488706072717246,242.0,0.00921903834425847,334.0,269.08333333333337,points
273,lag3_sack_yards_lost,lag2_4_history,-2.1874994691960405e-05,255.33333333333334,0.4444444444444444,-0.11644270762619266,271.0,0.017073899137987514,0.00020121406628413109,298.5,0.011607107645355235,253.0,269.45833333333337,points
274,lag3_passing_16,lag2_4_history,-3.736114395179611e-05,264.6666666666667,0.4444444444444444,0.12057529316937018,264.0,0.02975308160067458,9.746544119020515e-05,271.5,0.010956359266482387,279.0,269.7916666666667,points
275,lag1_weekly_slope_kickoff_return_yards,lag1_trajectory,0.0011295365445056493,88.33333333333333,0.8888888888888888,0.015058815422305144,364.0,0.022448220650503448,0.00023023496228154796,271.5,0.00870689979535717,357.0,270.2083333333333,points
276,lag3_passing_interceptions,lag2_4_history,0.00033134903842399786,210.33333333333334,0.4444444444444444,0.11769932259122268,269.0,0.011247016129844134,0.00018575210415341887,321.5,0.010848251794160888,281.0,270.45833333333337,points
277,lag2_rushing_40,lag2_4_history,4.675708357419298e-05,229.0,0.2222222222222222,0.16862364135317398,186.0,0.012602480829431606,0.00013761418879935645,326.0,0.009046521125300879,341.0,270.5,points
278,lag2_passing_yards_after_catch,lag2_4_history,-6.169651809748463e-05,451.6666666666667,0.3333333333333333,0.1400008396468421,238.0,0.03272219788169162,0.000576353520764024,184.0,0.01321248355186874,209.0,270.6666666666667,points
279,missing_years_exp,metadata_missingness,-0.00018219420894468227,335.0,0.2222222222222222,-0.19262663358373786,155.0,0.040772348309767725,9.40967293662245e-07,265.0,0.009296262406342631,328.0,270.75,points
280,lag3_passing_10,lag2_4_history,4.884921395146661e-05,330.3333333333333,0.4444444444444444,0.1161624639352581,272.0,0.01920280982491862,0.0002731033924147094,276.5,0.013260615539976421,206.0,271.2083333333333,points
281,lag4_receptions,lag2_4_history,-7.957424806985063e-05,452.0,0.4444444444444444,0.16489360639175946,193.0,0.043345951002459415,0.00036586929912746743,184.5,0.011380020722827235,260.0,272.375,points
282,missing_combine_shuttle,metadata_missingness,-0.00023319399697838445,379.1666666666667,0.1111111111111111,-0.1748735370838938,180.0,0.01977131332136528,0.000503999660174215,236.0,0.01030859340209997,295.0,272.5416666666667,points
283,lag2_rushing_fumbles_lost,lag2_4_history,7.51278487672375e-05,307.6666666666667,0.3333333333333333,0.19051431251790668,160.0,0.010403379802145007,0.00021306849926318146,317.0,0.009891833917539157,309.0,273.4166666666667,points
284,lag4_pass_yards_per_attempt,lag2_4_history,0.0002738342016037867,212.33333333333334,0.4444444444444444,0.10309129039218737,304.0,0.017149287742461272,0.00015287895780944223,309.5,0.011262622269652033,268.0,273.45833333333337,points
285,lag2_passing_yards_after_catch_per_completion,lag2_4_history,-0.0001205166866619953,363.3333333333333,0.3333333333333333,0.1360240848592781,248.0,0.02579048561381958,0.0003794037407052293,230.0,0.011555765822114686,256.0,274.3333333333333,points
286,lag4_receiving_40,lag2_4_history,1.6694189795243532e-06,259.3333333333333,0.3333333333333333,0.1615650868467004,197.0,0.011579419393299428,0.0001473769247940643,329.5,0.009719914429116397,314.0,274.9583333333333,points
287,injury_lag4_injury_report_weeks,injury_report_history,5.87177209529314e-05,356.0,0.3333333333333333,0.15433947132816953,206.0,0.018215064834793626,0.0004886255221683049,246.5,0.010390495052074821,292.0,275.125,points
288,lag3_passing_yards_after_catch,lag2_4_history,0.00012975580144298287,286.0,0.3333333333333333,0.11529531328362314,275.0,0.018537375703227887,8.732570307270228e-05,315.5,0.012613202643029026,226.0,275.625,points
289,lag1_late6_mean_delta_passing_yards,lag1_trajectory,-1.1774741471206853e-05,247.33333333333334,0.2222222222222222,-0.013706556353511581,366.0,0.02401428452444998,0.00046241561845947724,225.0,0.011104680970980762,272.0,277.58333333333337,points
290,lag3_rushing_tds,lag2_4_history,2.5871146777384843e-05,284.0,0.5555555555555556,0.15383529216862063,207.0,0.018808530488483743,0.0001774473375904479,295.0,0.009388690520324762,325.0,277.75,points
291,injury_lag4_injury_reported,injury_report_history,2.5272610246651617e-05,197.0,0.5555555555555556,0.1503932999010702,212.0,0.009145884188701991,9.403295752669956e-05,345.0,0.008634059484364381,359.0,278.25,points
292,lag3_attempts,lag2_4_history,-1.9197440673234132e-05,416.3333333333333,0.3333333333333333,0.12504521588654613,259.0,0.021353375177573408,0.00023786522705999591,273.5,0.01567893230330356,165.0,278.4583333333333,points
293,lag4_completions,lag2_4_history,0.0001282868192297294,205.33333333333334,0.5555555555555556,0.10411897157395839,302.0,0.017339406534714108,9.864173782449937e-05,318.0,0.01043489732726497,289.0,278.58333333333337,points
294,lag3_pass_yards_per_attempt,lag2_4_history,-4.0681333229615944e-05,324.6666666666667,0.4444444444444444,0.11296493206758892,284.0,0.020065730229216427,0.0002141727527497464,280.5,0.01260745355032802,227.0,279.0416666666667,points
295,lag4_sack_fumbles_lost,lag2_4_history,0.0008662318206687935,185.66666666666666,0.4444444444444444,0.12555464354918616,258.0,0.015969165357672566,8.215810429224587e-05,328.0,0.008946403708694909,345.0,279.16666666666663,points
296,lag4_receiving_yards_per_target,lag2_4_history,-6.567045374766206e-05,376.0,0.4444444444444444,0.14833152414794434,214.0,0.027196541249720596,0.0004979114989539811,212.5,0.009696127744903011,315.0,279.375,points
297,lag4_rush_20_rate,lag2_4_history,0.0001610009069580926,274.0,0.3333333333333333,0.10037196948089033,310.0,0.0,0.00031334048731091206,368.0,0.015572643712308933,168.0,280.0,points
298,lag3_passing_20,lag2_4_history,3.37309525021053e-05,282.8333333333333,0.2222222222222222,0.12197968778716883,263.0,0.02310776142968418,8.49215492195626e-05,299.5,0.01095784356097976,278.0,280.8333333333333,points
299,lag2_passing_air_yards_per_attempt,lag2_4_history,-0.0005556017332292532,392.3333333333333,0.3333333333333333,0.13842723474374108,241.0,0.032866281971268396,0.00028254819560913217,224.5,0.011274307531846767,267.0,281.2083333333333,points
300,lag3_sacks_suffered,lag2_4_history,0.00044326195949647335,268.0,0.5555555555555556,0.11548737429640896,274.0,0.029514699832420277,8.208288232050425e-05,279.0,0.009935727334265758,306.0,281.75,points
301,lag1_late6_kickoff_return_yards,lag1_trajectory,0.00010157191653275492,149.0,0.6666666666666666,0.10639840230026396,294.0,0.005594712519690681,0.00025935329732596076,328.0,0.008651156514368584,358.0,282.25,points
302,missing_height,metadata_missingness,-5.3642605919199425e-06,341.8333333333333,0.2222222222222222,-0.19378072869248944,149.5,0.0277285382355843,1.4605927323442898e-06,300.5,0.0090969875749665,338.0,282.4583333333333,points
303,injury_lag5_absence_report_weeks,injury_report_history,-6.8866554573511334e-06,343.1666666666667,0.1111111111111111,0.03925634395756571,340.0,0.0054120585406391974,8.553344061221564e-05,363.5,0.02807458897338041,84.0,282.6666666666667,points
304,lag1_kickoff_returns,lag1_production,0.0001562574985053041,268.6666666666667,0.3333333333333333,0.140314779046873,236.0,0.014823412242118472,0.000244684179759466,298.5,0.009279675454886864,329.0,283.0416666666667,points
305,lag4_passing_yards_after_catch,lag2_4_history,4.4295830249008183e-05,234.66666666666666,0.5555555555555556,0.10724177373679683,292.0,0.019378807914776974,7.970965171813691e-05,315.0,0.01020293763192288,299.0,285.16666666666663,points
306,lag4_rushing_tds,lag2_4_history,-1.3639577711844889e-06,309.0,0.2222222222222222,0.10998698316578956,287.0,0.007628030496548366,0.00019677227517497512,329.5,0.013116003671356721,216.0,285.375,points
307,lag1_weekly_slope_rushing_first_downs,lag1_trajectory,-0.0009644626062422779,517.3333333333334,0.3333333333333333,-0.0058031958341758115,379.0,0.05622592347699573,0.001369886982436588,108.0,0.01799987798102727,139.0,285.83333333333337,points
308,lag4_receiving_air_yards,lag2_4_history,-0.0001325245842695259,451.3333333333333,0.2222222222222222,0.13365714308819665,251.0,0.02948275898731101,0.000576528746851163,195.0,0.011558772937670927,255.0,288.0833333333333,points
309,missing_combine_cone,metadata_missingness,-0.00020461608405142329,410.6666666666667,0.1111111111111111,-0.16849698541547906,187.0,0.02886194041870782,0.00041736916945142377,217.0,0.008911688744417442,346.0,290.1666666666667,points
310,lag1_weekly_slope_passing_20,lag1_trajectory,-6.121251660762272e-05,367.3333333333333,0.3333333333333333,-0.02236367686422562,351.0,0.03200471586774034,0.0006548445489200711,178.5,0.011338038292309524,264.0,290.2083333333333,points
311,lag4_receiving_fumbles,lag2_4_history,2.2532333988264004e-05,255.66666666666666,0.4444444444444444,0.140391353663768,235.0,0.01944252891798115,5.213192603438506e-05,322.0,0.008837388321414485,349.0,290.41666666666663,points
312,injury_lag4_designation_count,injury_report_history,-3.707731206820726e-05,437.0,0.3333333333333333,0.15441488705661632,205.0,0.014571833878354035,0.0006424919475673742,243.0,0.010778773454777757,284.0,292.25,points
313,lag3_punt_returns,lag2_4_history,5.917568913231067e-05,214.66666666666666,0.5555555555555556,0.07842126678893187,316.0,0.0,4.496095772849221e-05,426.5,0.013186949371199672,212.0,292.29166666666663,points
314,lag4_rushing_12,lag2_4_history,7.448840617191927e-05,269.6666666666667,0.2222222222222222,0.1371879047792122,246.0,0.014270532197442343,7.91551628629664e-05,335.5,0.009550330504648152,321.0,293.0416666666667,points
315,lag3_rushing_20,lag2_4_history,0.00010071414294937014,290.3333333333333,0.1111111111111111,0.14334189528757485,225.0,0.011409402789211764,0.00017349543390435756,322.5,0.00921330985726925,335.0,293.2083333333333,points
316,lag4_completion_rate,lag2_4_history,0.00010576135170805825,228.66666666666666,0.4444444444444444,0.10272309018950114,306.0,0.014191758641487695,0.00016400998819349796,314.5,0.00941036725043972,324.0,293.29166666666663,points
317,lag4_receiving_air_yards_per_target,lag2_4_history,-2.0189947217727796e-05,340.6666666666667,0.4444444444444444,0.12012018192729387,266.0,0.014806547100414846,0.0005079943410331348,255.0,0.009764225414062837,313.0,293.6666666666667,points
318,lag4_rushing_10,lag2_4_history,-2.5667601881224684e-06,281.6666666666667,0.3333333333333333,0.13801392703371956,242.0,0.013951490718401516,0.00021724447640813487,305.5,0.008818278503903737,350.0,294.7916666666667,points
319,lag3_passing_40,lag2_4_history,-3.1619040609640355e-05,391.0,0.2222222222222222,0.14365198086500075,224.0,0.025298712595530848,0.00011761804935802846,282.0,0.010765073175782605,285.0,295.5,points
320,lag4_sack_yards_lost,lag2_4_history,0.00013088060249534362,242.33333333333334,0.4444444444444444,-0.11047313564187528,286.0,0.016378028659147503,8.8003018042868e-05,323.0,0.009277670856796164,331.0,295.58333333333337,points
321,lag1_kickoff_return_yards,lag1_production,2.1275382352229737e-05,303.3333333333333,0.4444444444444444,0.13230372791331735,252.0,0.013198782992863478,0.000397082250410139,276.0,0.008482652475746644,362.0,298.3333333333333,points
322,lag1_late6_mean_delta_passing_20,lag1_trajectory,-0.0005754935660686374,406.3333333333333,0.2222222222222222,-0.015793213582951934,362.0,0.02592864658719929,0.0004044903652464307,226.5,0.013459082378826443,200.0,298.7083333333333,points
323,position_RB,position,0.0007487641496060687,274.6666666666667,0.4444444444444444,0.04275335932267613,337.0,0.003151822514022129,0.0007532081449340076,281.5,0.00997762661803749,305.0,299.5416666666667,points
324,lag3_pass_td_rate,lag2_4_history,2.7545062799104616e-05,354.0,0.2222222222222222,0.12859017015263413,254.0,0.023272972290813154,0.0002786336888769525,258.5,0.009272484225060964,332.0,299.625,points
325,lag4_rushing_first_downs,lag2_4_history,6.0216428405294543e-05,334.6666666666667,0.4444444444444444,0.14119140002358863,231.0,0.009586241404077711,0.00016312676969801486,329.0,0.009933156049394926,307.0,300.4166666666667,points
326,lag3_sack_fumbles_lost,lag2_4_history,2.073452979988054e-05,262.1666666666667,0.3333333333333333,0.12404070870200885,260.0,0.015709973378635667,3.772321203599151e-05,340.0,0.009076006859127366,340.0,300.5416666666667,points
327,lag4_pass_td_rate,lag2_4_history,-5.0907500826393966e-05,376.0,0.2222222222222222,0.1130656675427474,281.0,0.011671876831933936,0.0003596823525677613,286.0,0.011339230175608504,263.0,301.5,points
328,injury_lag3_reserve_weeks,reserve_history_roster,1.7057133205532358e-05,213.0,0.4444444444444444,0.012185221695581505,371.0,0.0008721740116985899,0.0003526115384290341,335.5,0.010433548574278676,290.0,302.375,points
329,lag3_completion_rate,lag2_4_history,-5.0239486225067687e-05,372.6666666666667,0.2222222222222222,0.11075469746805333,285.0,0.02398886168071046,0.00016216032712257917,278.0,0.010992123422726359,275.0,302.6666666666667,points
330,lag4_passing_40,lag2_4_history,2.9543660352102408e-05,286.3333333333333,0.3333333333333333,0.12253202458465066,261.0,0.01487134075204688,6.775659772194253e-05,336.5,0.009250653257758118,333.0,304.2083333333333,points
331,lag4_fumbles_lost_total,lag2_4_history,-0.0001336065405329107,461.3333333333333,0.3333333333333333,0.1714216767692907,184.0,0.027267083649525237,0.00013426154717228726,274.5,0.010066146181193496,303.0,305.7083333333333,points
332,injury_lag2_absence_reported,injury_report_history,7.262227399007504e-05,284.1666666666667,0.2222222222222222,0.13553880088030235,249.0,0.018181952453434125,9.375873002797674e-05,316.0,0.008103035107038088,374.0,305.7916666666667,points
333,lag4_rushing_40,lag2_4_history,1.0050226439221413e-05,239.83333333333334,0.2222222222222222,0.06608858249820777,328.0,0.006225736633814094,5.043194114977444e-05,370.5,0.010689009988681128,286.0,306.08333333333337,points
334,injury_lag4_absence_report_weeks,injury_report_history,4.819179088977332e-05,177.0,0.5555555555555556,0.07118144653377285,324.0,0.004107570457260401,0.00014553261305653056,358.5,0.00824379637342188,370.0,307.375,points
335,lag4_passing_10,lag2_4_history,-0.0004484462664251139,499.0,0.0,0.10293336750755007,305.0,0.024148909616146685,0.00022498785392491033,263.5,0.015701981121109838,164.0,307.875,points
336,lag4_sacks_suffered,lag2_4_history,-0.00010973870535831616,318.6666666666667,0.3333333333333333,0.10951684612684469,288.0,0.021688476565179027,8.84230520376649e-05,301.5,0.009301421003941285,327.0,308.7916666666667,points
337,lag4_attempts,lag2_4_history,-2.562607493521934e-05,322.8333333333333,0.1111111111111111,0.11304351897689807,283.0,0.015498246990361952,0.00012193888967438441,320.0,0.0097848665085903,311.0,309.2083333333333,points
338,position_QB,position,-1.1530276574670909e-05,287.3333333333333,0.2222222222222222,0.015278967028936058,363.0,0.01879225312251842,0.0004175615441952117,253.5,0.009168913276036354,336.0,309.9583333333333,points
339,lag4_sack_fumbles,lag2_4_history,-2.4975161007794673e-05,310.0,0.4444444444444444,0.11986008984515971,267.0,0.01236650826162533,3.2701695534459553e-05,352.0,0.009667567454921297,316.0,311.25,points
340,lag3_kickoff_returns,lag2_4_history,1.2208180965823782e-05,244.66666666666666,0.3333333333333333,0.0477248407596528,333.0,0.006914266351232268,6.330619392098019e-05,365.0,0.009858039322354104,310.0,313.16666666666663,points
341,lag2_sack_fumbles,lag2_4_history,-0.00014650464861604766,465.6666666666667,0.1111111111111111,0.15561861987877462,204.0,0.012141702400617849,0.0001303594480107594,329.5,0.011561440712117687,254.0,313.2916666666667,points
342,lag3_receiving_fumbles_lost,lag2_4_history,3.3180045416377397e-06,311.3333333333333,0.2222222222222222,0.1283160815729777,255.0,0.017391493995066565,8.347289860822843e-05,322.5,0.008416908327166931,365.0,313.4583333333333,points
343,injury_lag4_absence_reported,injury_report_history,6.222351789046214e-05,246.16666666666666,0.3333333333333333,0.07066968762973191,325.0,0.006368366870641573,0.00016477199716116627,340.5,0.008994147138768949,343.0,313.66666666666663,points
344,lag4_rushing_20,lag2_4_history,6.516609227042508e-05,233.66666666666666,0.4444444444444444,0.10152477021793029,308.0,0.008240427212278245,0.00010451609754108121,345.5,0.008206732664139293,371.0,314.54166666666663,points
345,lag4_passing_yards_after_catch_per_completion,lag2_4_history,1.4325077191679192e-05,316.3333333333333,0.4444444444444444,0.10482785658896536,297.0,0.014103307607091331,0.0002634433197790024,298.0,0.008759533720613069,353.0,316.0833333333333,points
346,lag4_passing_yards,lag2_4_history,-0.00015563542440647873,332.3333333333333,0.3333333333333333,0.10416944405392796,301.0,0.02002487349093629,7.161969718731974e-05,315.0,0.00966441151315338,317.0,316.3333333333333,points
347,lag1_weekly_slope_passing_yards,lag1_trajectory,-9.266522527430332e-05,432.3333333333333,0.4444444444444444,-0.03623002388104157,342.0,0.018803103387803777,0.000804272207957737,218.5,0.010961772765340726,277.0,317.4583333333333,points
348,injury_lag5_injury_reported,injury_report_history,4.40578409154223e-05,281.0,0.3333333333333333,0.10492468118238117,296.0,0.00448827533530638,0.0002129058118303996,340.0,0.008750021777560573,355.0,318.0,points
349,lag3_sack_fumbles,lag2_4_history,-3.943609922043814e-05,436.3333333333333,0.1111111111111111,0.13404281079915092,250.0,0.027234629260259435,0.0001046031350798088,279.0,0.009764992808878374,312.0,319.3333333333333,points
350,lag1_late6_mean_delta_attempts,lag1_trajectory,-1.215915305079967e-05,353.3333333333333,0.2222222222222222,0.0036314136700770438,384.0,0.02546699854300849,0.00034501514523815056,239.5,0.00992255476490602,308.0,321.2083333333333,points
351,lag2_kickoff_returns,lag2_4_history,5.239837091777469e-05,231.66666666666666,0.2222222222222222,0.07364553387837461,321.0,0.0,0.00027797053168649924,376.5,0.008351052083270848,366.0,323.79166666666663,points
352,lag2_kickoff_return_yards,lag2_4_history,4.422983246667024e-06,311.6666666666667,0.2222222222222222,0.06841398687170361,326.0,0.00409783010821041,0.0002388900604508317,339.5,0.009588841651328272,320.0,324.2916666666667,points
353,lag1_late6_mean_delta_passing_yards_after_catch,lag1_trajectory,1.8096583740276644e-05,331.3333333333333,0.5555555555555556,-0.01661443780720015,360.0,0.020837594328429798,0.00034308852408945973,257.5,0.00875340907069773,354.0,325.7083333333333,points
354,injury_lag3_absence_report_weeks,injury_report_history,-3.3445208299929005e-05,382.6666666666667,0.3333333333333333,0.07853682829613004,315.0,0.002686376851560368,0.00028503204333167777,336.0,0.011177043394633901,270.0,325.9166666666667,points
355,lag3_passing_air_yards_per_attempt,lag2_4_history,-2.40304697602821e-05,373.6666666666667,0.2222222222222222,0.1168638379279766,270.0,0.01602823247681462,0.0001775418222657379,305.5,0.008737956185397132,356.0,326.2916666666667,points
356,lag1_late6_mean_delta_passing_air_yards,lag1_trajectory,-0.000131594697927241,460.6666666666667,0.2222222222222222,0.004127943181297419,382.0,0.023766927632083767,0.00043901911769439266,231.0,0.012111917001648504,236.0,327.4166666666667,points
357,lag1_late6_punt_return_yards,lag1_trajectory,2.6542391011839963e-05,273.0,0.4444444444444444,0.0968278477331976,313.0,0.009309202053306098,9.979231072952471e-05,343.0,0.007920380269401471,381.0,327.5,points
358,lag4_history_available,history_availability,-1.6654341602720083e-05,355.1666666666667,0.1111111111111111,0.12205983096568401,262.0,0.01839000084715492,5.774854247875413e-05,326.5,0.008178088559781757,373.0,329.1666666666667,points
359,lag1_late6_mean_delta_kickoff_return_yards,lag1_trajectory,0.00012097765973507881,302.3333333333333,0.4444444444444444,-0.002361440050633014,386.0,0.006928383224895196,0.00035157519579552413,304.5,0.009279409039928457,330.0,330.7083333333333,points
360,lag3_passing_yards_after_catch_per_completion,lag2_4_history,-5.968257135643048e-05,372.3333333333333,0.3333333333333333,0.11340854529049602,279.0,0.011282917906999312,0.00018866180978169769,320.5,0.008794391828845354,351.0,330.7083333333333,points
361,lag4_receiving_fumbles_lost,lag2_4_history,-4.434152411790668e-06,330.3333333333333,0.3333333333333333,0.10793158664308483,289.0,0.013266415292983336,3.845640454320506e-05,348.0,0.008274142829827717,368.0,333.8333333333333,points
362,lag3_rushing_fumbles_lost,lag2_4_history,-2.8942859128331138e-05,390.3333333333333,0.3333333333333333,0.12761835395310964,256.0,0.011666045574692863,7.900623166422522e-05,345.0,0.008782587738106877,352.0,335.8333333333333,points
363,lag4_passing_interceptions,lag2_4_history,-7.727742402422837e-05,436.6666666666667,0.3333333333333333,0.1072134265557967,293.0,0.01908819410222007,7.931474264841636e-05,317.5,0.01011441305486154,301.0,337.0416666666667,points
364,lag2_punt_returns,lag2_4_history,6.439186924890441e-05,252.66666666666666,0.4444444444444444,0.09776850120389084,312.0,0.0,6.213881048040995e-05,423.0,0.00846183522062047,363.0,337.66666666666663,points
365,lag1_late6_mean_delta_punt_return_yards,lag1_trajectory,3.4935576025161036e-06,255.66666666666666,0.3333333333333333,-0.007151014640641618,377.0,1.2641006816416223e-05,0.00015854068031274286,377.5,0.008973068063511204,344.0,338.54166666666663,points
366,injury_lag2_reserve_weeks,reserve_history_roster,-3.720388984424567e-05,386.3333333333333,0.1111111111111111,-0.0173758291846554,359.0,0.0,0.00015353350245532677,401.0,0.013132983260354126,213.0,339.8333333333333,points
367,injury_lag4_reserve_weeks,reserve_history_roster,6.1887175710145165e-06,303.0,0.3333333333333333,0.02089368468718634,353.0,0.0,2.1211756361541223e-05,430.5,0.010544528262675918,287.0,343.375,points
368,injury_lag3_absence_reported,injury_report_history,-1.680759362318904e-05,355.8333333333333,0.1111111111111111,0.07785289309002189,318.0,0.007795776572952384,0.00016173369140853893,335.5,0.008193127444579182,372.0,345.3333333333333,points
369,position_WR,position,-0.00017371293306466128,426.0,0.3333333333333333,-0.02948255834836347,344.0,0.019708922265356144,0.0003932188411495663,251.5,0.008610930487092631,360.0,345.375,points
370,lag3_punt_return_yards,lag2_4_history,4.497884494204641e-06,261.6666666666667,0.5555555555555556,0.06732483774486013,327.0,0.0,0.00010541324210520523,408.0,0.007746023686692425,386.0,345.6666666666667,points
371,lag4_rushing_fumbles_lost,lag2_4_history,6.07809196787971e-06,266.0,0.4444444444444444,0.09102424831562846,314.0,0.0,3.2154661799550265e-05,429.5,0.007996230661537094,379.0,347.125,points
372,lag4_kickoff_returns,lag2_4_history,9.44150869742878e-06,255.66666666666666,0.3333333333333333,0.04504327008369438,335.0,0.0,7.094672307681692e-05,421.0,0.008071073574908704,377.0,347.16666666666663,points
373,lag4_kickoff_return_yards,lag2_4_history,-1.9679912589800865e-06,313.6666666666667,0.3333333333333333,0.038630619013027646,341.0,0.0,0.00018493563708601494,394.0,0.009031527651840942,342.0,347.6666666666667,points
374,lag4_rushing_fumbles,lag2_4_history,-5.598960119051415e-05,359.3333333333333,0.2222222222222222,0.12023154251692106,265.0,0.0,5.694568187608122e-05,424.5,0.008856235751647344,348.0,349.2083333333333,points
375,lag3_special_teams_tds,lag2_4_history,4.740601553692652e-06,281.8333333333333,0.1111111111111111,0.06389520975531764,329.0,0.0005745861736694557,5.4336999215337e-06,406.5,0.007877480449616015,383.0,350.0833333333333,points
376,lag4_punt_return_yards,lag2_4_history,-4.169752877376038e-06,313.3333333333333,0.2222222222222222,0.07277235086485118,322.0,0.00410053325292159,5.008822491568371e-05,381.5,0.007824300677175102,385.0,350.4583333333333,points
377,position_TE,position,-0.00017986516777121793,417.0,0.3333333333333333,-0.022966631841882048,350.0,0.012060911647236328,0.0002935791730927156,295.5,0.008909858424287983,347.0,352.375,points
378,lag1_punt_return_yards,lag1_production,-1.651823932648076e-06,322.3333333333333,0.2222222222222222,0.09777356125460297,311.0,0.0,9.990160042685077e-05,409.5,0.0082683147450255,369.0,352.9583333333333,points
379,lag1_special_teams_tds,lag1_production,-5.217602205884495e-05,322.3333333333333,0.2222222222222222,0.07716691426565642,320.0,0.004442215242255632,2.4222530974829867e-06,385.5,0.007859604621075293,384.0,352.9583333333333,points
380,lag4_special_teams_tds,lag2_4_history,0.0,312.0,0.0,0.04470398659893808,336.0,0.006341945058339071,9.968997431314814e-10,378.5,0.007720559031359715,387.0,353.375,points
381,lag2_special_teams_tds,lag2_4_history,5.804931652043778e-06,279.1666666666667,0.2222222222222222,0.06346835331587711,330.0,0.0,5.9300104806014915e-06,431.0,0.008002898588144262,378.0,354.5416666666667,points
382,injury_lag5_absence_reported,injury_report_history,-1.0120455791246603e-05,347.8333333333333,0.2222222222222222,0.039530696480406004,339.0,0.003728903857484145,7.608180143126549e-05,377.5,0.007913086270259152,382.0,361.5833333333333,points
383,lag4_punt_returns,lag2_4_history,-3.832236225218308e-06,339.8333333333333,0.1111111111111111,0.07788453439448349,317.0,0.0,2.5165607056362488e-05,430.0,0.007954208224536605,380.0,366.7083333333333,points
384,lag1_weekly_slope_punt_return_yards,lag1_trajectory,-4.1460327789449236e-05,312.6666666666667,0.3333333333333333,0.0013173465750605077,387.0,0.0,0.00015791823967966948,400.0,0.008083103521240267,376.0,368.9166666666667,points
385,lag1_punt_returns,lag1_production,-0.00011312296161479649,415.6666666666667,0.3333333333333333,0.11562826208324768,273.0,0.0,6.5249949536412e-05,422.0,0.008325048129499598,367.0,369.4166666666667,points
386,lag2_punt_return_yards,lag2_4_history,-0.00016063500049671534,463.3333333333333,0.3333333333333333,0.07782198049888726,319.0,0.008625694740491685,8.582604329568549e-05,349.5,0.008592582827430242,361.0,373.2083333333333,points
387,lag3_rushing_40,lag2_4_history,-7.506049729566477e-05,414.1666666666667,0.0,0.10159488889884839,307.0,0.0,3.3537494618230767e-05,428.5,0.008101015065658072,375.0,381.1666666666667,points
388,lag2_fg_blocked,lag2_4_history,0.0,312.0,0.0,0.0,456.0,0.015221925662641134,0.0,383.0,,,383.6666666666667,points
389,lag1_pat_att,lag1_production,0.0,312.0,0.0,0.0,456.0,0.013328824921832627,0.0,388.5,,,385.5,points
390,lag4_field_goal_make_rate,lag2_4_history,0.0,312.0,0.0,0.0,456.0,0.01307873759705469,0.0,390.0,,,386.0,points
391,lag1_fg_att,lag1_production,0.0,312.0,0.0,0.0,456.0,0.010346627812761966,0.0,398.5,,,388.8333333333333,points
392,lag2_fg_missed_0_19,lag2_4_history,0.0,312.0,0.0,0.0,456.0,0.010116336313634289,0.0,399.0,,,389.0,points
393,lag1_made_field_goal_mean_distance,lag1_rates,0.0,312.0,0.0,0.0,456.0,0.009634125327432574,0.0,399.5,,,389.1666666666667,points
394,lag3_pat_made,lag2_4_history,0.0,312.0,0.0,0.0,456.0,0.009514509783427272,0.0,400.5,,,389.5,points
395,lag2_fg_att,lag2_4_history,0.0,312.0,0.0,0.0,456.0,0.009442138253469512,0.0,401.0,,,389.6666666666667,points
396,lag1_fg_made_distance,lag1_production,0.0,312.0,0.0,0.0,456.0,0.008955424953561941,0.0,402.5,,,390.1666666666667,points
397,lag2_fg_made,lag2_4_history,0.0,312.0,0.0,0.0,456.0,0.00871631938326134,0.0,403.0,,,390.3333333333333,points
398,lag4_pat_made,lag2_4_history,0.0,312.0,0.0,0.0,456.0,0.008340235522513506,0.0,404.0,,,390.6666666666667,points
399,lag4_pat_att,lag2_4_history,0.0,312.0,0.0,0.0,456.0,0.008282980930379491,0.0,404.5,,,390.8333333333333,points
400,lag3_fg_att,lag2_4_history,0.0,312.0,0.0,0.0,456.0,0.007635313755920414,0.0,406.0,,,391.3333333333333,points
401,lag4_fg_made_30_39,lag2_4_history,0.0,312.0,0.0,0.0,456.0,0.007412479908935676,0.0,407.0,,,391.6666666666667,points
402,lag4_fg_made_40_49,lag2_4_history,0.0,312.0,0.0,0.0,456.0,0.007283492238441713,0.0,407.5,,,391.8333333333333,points
403,lag1_late6_pat_att,lag1_trajectory,0.0,312.0,0.0,0.0,456.0,0.007232996604695341,0.0,408.0,,,392.0,points
404,lag4_fg_made_0_19,lag2_4_history,0.0,312.0,0.0,0.0,456.0,0.007195500503939911,0.0,408.5,,,392.1666666666667,points
405,lag4_fg_missed_40_49,lag2_4_history,0.0,312.0,0.0,0.0,456.0,0.007188569010267987,0.0,409.0,,,392.3333333333333,points
406,lag1_fg_missed,lag1_production,0.0,312.0,0.0,0.0,456.0,0.007186350009575904,0.0,409.5,,,392.5,points
407,lag1_weekly_slope_pat_att,lag1_trajectory,0.0,312.0,0.0,0.0,456.0,0.0064072357201108154,0.0,411.5,,,393.1666666666667,points
408,lag3_fg_made_60_,lag2_4_history,0.0,312.0,0.0,0.0,456.0,0.006373940012490031,0.0,412.0,,,393.3333333333333,points
409,lag1_fg_missed_0_19,lag1_production,0.0,312.0,0.0,0.0,456.0,0.005935386198860915,0.0,414.0,,,394.0,points
410,lag3_gwfg_distance,lag2_4_history,0.0,312.0,0.0,0.0,456.0,0.005810693363827557,0.0,414.5,,,394.1666666666667,points
411,lag1_late6_fg_made,lag1_trajectory,0.0,312.0,0.0,0.0,456.0,0.0056187570223174,0.0,415.0,,,394.3333333333333,points
412,lag3_fg_made_30_39,lag2_4_history,0.0,312.0,0.0,0.0,456.0,0.005559231258474906,0.0,416.0,,,394.6666666666667,points
413,lag2_fg_made_distance,lag2_4_history,0.0,312.0,0.0,0.0,456.0,0.005552519355524144,0.0,416.5,,,394.8333333333333,points
414,lag4_gwfg_att,lag2_4_history,0.0,312.0,0.0,0.0,456.0,0.0049253703450946595,0.0,418.0,,,395.3333333333333,points
415,lag3_gwfg_att,lag2_4_history,0.0,312.0,0.0,0.0,456.0,0.004880501576909335,0.0,418.5,,,395.5,points
416,lag4_fg_made_60_,lag2_4_history,0.0,312.0,0.0,0.0,456.0,0.004857794698931883,0.0,419.0,,,395.6666666666667,points
417,lag2_fg_made_60_,lag2_4_history,0.0,312.0,0.0,0.0,456.0,0.004806698099212525,0.0,419.5,,,395.8333333333333,points
418,lag1_fg_made_40_49,lag1_production,0.0,312.0,0.0,0.0,456.0,0.004534666817275657,0.0,420.0,,,396.0,points
419,lag2_fg_missed_20_29,lag2_4_history,0.0,312.0,0.0,0.0,456.0,0.004471192631958498,0.0,421.0,,,396.3333333333333,points
420,lag4_gwfg_made,lag2_4_history,0.0,312.0,0.0,0.0,456.0,0.004470337998520257,0.0,421.5,,,396.5,points
421,lag2_gwfg_distance,lag2_4_history,0.0,312.0,0.0,0.0,456.0,0.004292931541729494,0.0,422.5,,,396.8333333333333,points
422,lag4_fg_missed_60_,lag2_4_history,0.0,312.0,0.0,0.0,456.0,0.004249764511959242,0.0,423.0,,,397.0,points
423,lag1_late6_mean_delta_pat_att,lag1_trajectory,0.0,312.0,0.0,0.0,456.0,0.00396253044930539,0.0,425.0,,,397.6666666666667,points
424,lag3_fg_missed_30_39,lag2_4_history,0.0,312.0,0.0,0.0,456.0,0.0038337059531814432,0.0,425.5,,,397.8333333333333,points
425,lag1_fg_made_0_19,lag1_production,0.0,312.0,0.0,0.0,456.0,0.0038309898246846608,0.0,426.0,,,398.0,points
426,lag4_pat_missed,lag2_4_history,0.0,312.0,0.0,0.0,456.0,0.0036354609530762083,0.0,427.0,,,398.3333333333333,points
427,lag1_fg_missed_60_,lag1_production,0.0,312.0,0.0,0.0,456.0,0.0035247257154193967,0.0,427.5,,,398.5,points
428,lag1_gwfg_att,lag1_production,0.0,312.0,0.0,0.0,456.0,0.0033361120296717672,0.0,428.0,,,398.6666666666667,points
429,lag4_made_field_goal_mean_distance,lag2_4_history,0.0,312.0,0.0,0.0,456.0,0.0032258188938745214,0.0,428.5,,,398.8333333333333,points
430,lag3_gwfg_made,lag2_4_history,0.0,312.0,0.0,0.0,456.0,0.0031742230390809922,0.0,429.0,,,399.0,points
431,lag2_fg_made_40_49,lag2_4_history,0.0,312.0,0.0,0.0,456.0,0.0030120648384532878,0.0,430.5,,,399.5,points
432,missing_team_changed,metadata_missingness,0.0,312.0,0.0,0.0,456.0,0.0026933057635423197,0.0,431.0,,,399.6666666666667,points
433,lag4_fg_missed_0_19,lag2_4_history,0.0,312.0,0.0,0.0,456.0,0.0025391445171827343,0.0,432.0,,,400.0,points
434,lag3_gwfg_missed,lag2_4_history,0.0,312.0,0.0,0.0,456.0,0.002470395386732438,0.0,432.5,,,400.1666666666667,points
435,lag4_fg_made_distance,lag2_4_history,0.0,312.0,0.0,0.0,456.0,0.0024626691623939045,0.0,433.0,,,400.3333333333333,points
436,lag4_fg_missed_30_39,lag2_4_history,0.0,312.0,0.0,0.0,456.0,0.002446604941806374,0.0,433.5,,,400.5,points
437,lag2_fg_missed_50_59,lag2_4_history,0.0,312.0,0.0,0.0,456.0,0.0024130034534817213,0.0,434.0,,,400.6666666666667,points
438,lag3_fg_made_20_29,lag2_4_history,0.0,312.0,0.0,0.0,456.0,0.002103658882358417,0.0,434.5,,,400.8333333333333,points
439,lag2_gwfg_missed,lag2_4_history,0.0,312.0,0.0,0.0,456.0,0.002077915475128478,0.0,435.0,,,401.0,points
440,lag1_late6_mean_delta_fg_att,lag1_trajectory,0.0,312.0,0.0,0.0,456.0,0.0020541339207711395,0.0,435.5,,,401.1666666666667,points
441,lag2_pat_make_rate,lag2_4_history,0.0,312.0,0.0,0.0,456.0,0.002016971559049896,0.0,436.0,,,401.3333333333333,points
442,lag1_fg_blocked,lag1_production,0.0,312.0,0.0,0.0,456.0,0.0019514070812598483,0.0,436.5,,,401.5,points
443,lag4_fg_made_20_29,lag2_4_history,0.0,312.0,0.0,0.0,456.0,0.0018280577524412145,0.0,437.0,,,401.6666666666667,points
444,lag2_fg_missed,lag2_4_history,0.0,312.0,0.0,0.0,456.0,0.001773017768045726,0.0,437.5,,,401.8333333333333,points
445,lag4_fg_made_50_59,lag2_4_history,0.0,312.0,0.0,0.0,456.0,0.0016682257705786796,0.0,438.0,,,402.0,points
446,lag3_fg_missed_40_49,lag2_4_history,0.0,312.0,0.0,0.0,456.0,0.0016468559581879205,0.0,438.5,,,402.1666666666667,points
447,missing_was_drafted,metadata_missingness,0.0,312.0,0.0,0.0,456.0,0.0012931473455868314,0.0,439.0,,,402.3333333333333,points
448,lag3_fg_missed_0_19,lag2_4_history,0.0,312.0,0.0,0.0,456.0,0.001196528156125698,0.0,439.5,,,402.5,points
449,lag2_gwfg_att,lag2_4_history,0.0,312.0,0.0,0.0,456.0,0.0011514328091482007,0.0,440.0,,,402.6666666666667,points
450,lag4_gwfg_missed,lag2_4_history,0.0,312.0,0.0,0.0,456.0,0.001115381496484158,0.0,440.5,,,402.8333333333333,points
451,lag1_pat_blocked,lag1_production,0.0,312.0,0.0,0.0,456.0,0.0009199367142529447,0.0,441.0,,,403.0,points
452,lag4_fg_missed_20_29,lag2_4_history,0.0,312.0,0.0,0.0,456.0,0.0008799376555388427,0.0,441.5,,,403.1666666666667,points
453,lag4_fg_missed_50_59,lag2_4_history,0.0,312.0,0.0,0.0,456.0,0.0008696864759749623,0.0,442.5,,,403.5,points
454,lag4_missed_field_goal_mean_distance,lag2_4_history,0.0,312.0,0.0,0.0,456.0,0.0006985210417358445,0.0,443.0,,,403.6666666666667,points
455,lag1_pat_made,lag1_production,0.0,312.0,0.0,0.0,456.0,0.0005369226269147376,0.0,444.0,,,404.0,points
456,lag1_late6_mean_delta_fg_made,lag1_trajectory,0.0,312.0,0.0,0.0,456.0,0.0004915433076830844,0.0,444.5,,,404.1666666666667,points
457,lag3_fg_made_50_59,lag2_4_history,0.0,312.0,0.0,0.0,456.0,0.00035241316115319776,0.0,445.0,,,404.3333333333333,points
458,lag3_pat_missed,lag2_4_history,0.0,312.0,0.0,0.0,456.0,0.00012698797310006782,0.0,445.5,,,404.5,points
459,lag2_fg_made_0_19,lag2_4_history,0.0,312.0,0.0,0.0,456.0,3.389406740739176e-05,0.0,446.0,,,404.6666666666667,points
460,lag1_fg_made,lag1_production,0.0,312.0,0.0,0.0,456.0,0.0,0.0,468.5,,,412.1666666666667,points
461,lag1_fg_made_20_29,lag1_production,0.0,312.0,0.0,0.0,456.0,0.0,0.0,468.5,,,412.1666666666667,points
462,lag1_fg_made_30_39,lag1_production,0.0,312.0,0.0,0.0,456.0,0.0,0.0,468.5,,,412.1666666666667,points
463,lag1_fg_made_50_59,lag1_production,0.0,312.0,0.0,0.0,456.0,0.0,0.0,468.5,,,412.1666666666667,points
464,lag1_fg_made_60_,lag1_production,0.0,312.0,0.0,0.0,456.0,0.0,0.0,468.5,,,412.1666666666667,points
465,lag1_fg_missed_20_29,lag1_production,0.0,312.0,0.0,0.0,456.0,0.0,0.0,468.5,,,412.1666666666667,points
466,lag1_fg_missed_30_39,lag1_production,0.0,312.0,0.0,0.0,456.0,0.0,0.0,468.5,,,412.1666666666667,points
467,lag1_fg_missed_40_49,lag1_production,0.0,312.0,0.0,0.0,456.0,0.0,0.0,468.5,,,412.1666666666667,points
468,lag1_fg_missed_50_59,lag1_production,0.0,312.0,0.0,0.0,456.0,0.0,0.0,468.5,,,412.1666666666667,points
469,lag1_fg_missed_distance,lag1_production,0.0,312.0,0.0,0.0,456.0,0.0,0.0,468.5,,,412.1666666666667,points
470,lag1_field_goal_make_rate,lag1_rates,0.0,312.0,0.0,0.0,456.0,0.0,0.0,468.5,,,412.1666666666667,points
471,lag1_gwfg_blocked,lag1_production,0.0,312.0,0.0,0.0,456.0,0.0,0.0,468.5,,,412.1666666666667,points
472,lag1_gwfg_distance,lag1_production,0.0,312.0,0.0,0.0,456.0,0.0,0.0,468.5,,,412.1666666666667,points
473,lag1_gwfg_made,lag1_production,0.0,312.0,0.0,0.0,456.0,0.0,0.0,468.5,,,412.1666666666667,points
474,lag1_gwfg_missed,lag1_production,0.0,312.0,0.0,0.0,456.0,0.0,0.0,468.5,,,412.1666666666667,points
475,lag1_late6_fg_att,lag1_trajectory,0.0,312.0,0.0,0.0,456.0,0.0,0.0,468.5,,,412.1666666666667,points
476,lag1_missed_field_goal_mean_distance,lag1_rates,0.0,312.0,0.0,0.0,456.0,0.0,0.0,468.5,,,412.1666666666667,points
477,lag1_pat_make_rate,lag1_rates,0.0,312.0,0.0,0.0,456.0,0.0,0.0,468.5,,,412.1666666666667,points
478,lag1_pat_missed,lag1_production,0.0,312.0,0.0,0.0,456.0,0.0,0.0,468.5,,,412.1666666666667,points
479,lag1_weekly_slope_fg_att,lag1_trajectory,0.0,312.0,0.0,0.0,456.0,0.0,0.0,468.5,,,412.1666666666667,points
480,lag1_weekly_slope_fg_made,lag1_trajectory,0.0,312.0,0.0,0.0,456.0,0.0,0.0,468.5,,,412.1666666666667,points
481,lag2_fg_made_20_29,lag2_4_history,0.0,312.0,0.0,0.0,456.0,0.0,0.0,468.5,,,412.1666666666667,points
482,lag2_fg_made_30_39,lag2_4_history,0.0,312.0,0.0,0.0,456.0,0.0,0.0,468.5,,,412.1666666666667,points
483,lag2_fg_made_50_59,lag2_4_history,0.0,312.0,0.0,0.0,456.0,0.0,0.0,468.5,,,412.1666666666667,points
484,lag2_fg_missed_30_39,lag2_4_history,0.0,312.0,0.0,0.0,456.0,0.0,0.0,468.5,,,412.1666666666667,points
485,lag2_fg_missed_40_49,lag2_4_history,0.0,312.0,0.0,0.0,456.0,0.0,0.0,468.5,,,412.1666666666667,points
486,lag2_fg_missed_60_,lag2_4_history,0.0,312.0,0.0,0.0,456.0,0.0,0.0,468.5,,,412.1666666666667,points
487,lag2_fg_missed_distance,lag2_4_history,0.0,312.0,0.0,0.0,456.0,0.0,0.0,468.5,,,412.1666666666667,points
488,lag2_field_goal_make_rate,lag2_4_history,0.0,312.0,0.0,0.0,456.0,0.0,0.0,468.5,,,412.1666666666667,points
489,lag2_gwfg_blocked,lag2_4_history,0.0,312.0,0.0,0.0,456.0,0.0,0.0,468.5,,,412.1666666666667,points
490,lag2_gwfg_made,lag2_4_history,0.0,312.0,0.0,0.0,456.0,0.0,0.0,468.5,,,412.1666666666667,points
491,lag2_made_field_goal_mean_distance,lag2_4_history,0.0,312.0,0.0,0.0,456.0,0.0,0.0,468.5,,,412.1666666666667,points
492,lag2_missed_field_goal_mean_distance,lag2_4_history,0.0,312.0,0.0,0.0,456.0,0.0,0.0,468.5,,,412.1666666666667,points
493,lag2_pat_att,lag2_4_history,0.0,312.0,0.0,0.0,456.0,0.0,0.0,468.5,,,412.1666666666667,points
494,lag2_pat_blocked,lag2_4_history,0.0,312.0,0.0,0.0,456.0,0.0,0.0,468.5,,,412.1666666666667,points
495,lag2_pat_made,lag2_4_history,0.0,312.0,0.0,0.0,456.0,0.0,0.0,468.5,,,412.1666666666667,points
496,lag2_pat_missed,lag2_4_history,0.0,312.0,0.0,0.0,456.0,0.0,0.0,468.5,,,412.1666666666667,points
497,lag3_fg_blocked,lag2_4_history,0.0,312.0,0.0,0.0,456.0,0.0,0.0,468.5,,,412.1666666666667,points
498,lag3_fg_made,lag2_4_history,0.0,312.0,0.0,0.0,456.0,0.0,0.0,468.5,,,412.1666666666667,points
499,lag3_fg_made_0_19,lag2_4_history,0.0,312.0,0.0,0.0,456.0,0.0,0.0,468.5,,,412.1666666666667,points
500,lag3_fg_made_40_49,lag2_4_history,0.0,312.0,0.0,0.0,456.0,0.0,0.0,468.5,,,412.1666666666667,points
501,lag3_fg_made_distance,lag2_4_history,0.0,312.0,0.0,0.0,456.0,0.0,0.0,468.5,,,412.1666666666667,points
502,lag3_fg_missed,lag2_4_history,0.0,312.0,0.0,0.0,456.0,0.0,0.0,468.5,,,412.1666666666667,points
503,lag3_fg_missed_20_29,lag2_4_history,0.0,312.0,0.0,0.0,456.0,0.0,0.0,468.5,,,412.1666666666667,points
504,lag3_fg_missed_50_59,lag2_4_history,0.0,312.0,0.0,0.0,456.0,0.0,0.0,468.5,,,412.1666666666667,points
505,lag3_fg_missed_60_,lag2_4_history,0.0,312.0,0.0,0.0,456.0,0.0,0.0,468.5,,,412.1666666666667,points
506,lag3_fg_missed_distance,lag2_4_history,0.0,312.0,0.0,0.0,456.0,0.0,0.0,468.5,,,412.1666666666667,points
507,lag3_field_goal_make_rate,lag2_4_history,0.0,312.0,0.0,0.0,456.0,0.0,0.0,468.5,,,412.1666666666667,points
508,lag3_gwfg_blocked,lag2_4_history,0.0,312.0,0.0,0.0,456.0,0.0,0.0,468.5,,,412.1666666666667,points
509,lag3_made_field_goal_mean_distance,lag2_4_history,0.0,312.0,0.0,0.0,456.0,0.0,0.0,468.5,,,412.1666666666667,points
510,lag3_missed_field_goal_mean_distance,lag2_4_history,0.0,312.0,0.0,0.0,456.0,0.0,0.0,468.5,,,412.1666666666667,points
511,lag3_pat_att,lag2_4_history,0.0,312.0,0.0,0.0,456.0,0.0,0.0,468.5,,,412.1666666666667,points
512,lag3_pat_blocked,lag2_4_history,0.0,312.0,0.0,0.0,456.0,0.0,0.0,468.5,,,412.1666666666667,points
513,lag3_pat_make_rate,lag2_4_history,0.0,312.0,0.0,0.0,456.0,0.0,0.0,468.5,,,412.1666666666667,points
514,lag4_fg_att,lag2_4_history,0.0,312.0,0.0,0.0,456.0,0.0,0.0,468.5,,,412.1666666666667,points
515,lag4_fg_blocked,lag2_4_history,0.0,312.0,0.0,0.0,456.0,0.0,0.0,468.5,,,412.1666666666667,points
516,lag4_fg_made,lag2_4_history,0.0,312.0,0.0,0.0,456.0,0.0,0.0,468.5,,,412.1666666666667,points
517,lag4_fg_missed,lag2_4_history,0.0,312.0,0.0,0.0,456.0,0.0,0.0,468.5,,,412.1666666666667,points
518,lag4_fg_missed_distance,lag2_4_history,0.0,312.0,0.0,0.0,456.0,0.0,0.0,468.5,,,412.1666666666667,points
519,lag4_gwfg_blocked,lag2_4_history,0.0,312.0,0.0,0.0,456.0,0.0,0.0,468.5,,,412.1666666666667,points
520,lag4_gwfg_distance,lag2_4_history,0.0,312.0,0.0,0.0,456.0,0.0,0.0,468.5,,,412.1666666666667,points
521,lag4_pat_blocked,lag2_4_history,0.0,312.0,0.0,0.0,456.0,0.0,0.0,468.5,,,412.1666666666667,points
522,lag4_pat_make_rate,lag2_4_history,0.0,312.0,0.0,0.0,456.0,0.0,0.0,468.5,,,412.1666666666667,points
523,missing_is_rookie,metadata_missingness,0.0,312.0,0.0,0.0,456.0,0.0,0.0,468.5,,,412.1666666666667,points
524,position_K,position,0.0,312.0,0.0,0.0,456.0,0.0,0.0,468.5,,,412.1666666666667,points
