feature,importance,learner,target_season
age,0.003973097765315292,ext_et_all,2019
missing_age,0.006389004907010443,ext_et_all,2019
years_exp,0.001765041532509115,ext_et_all,2019
missing_years_exp,6.424761962209313e-05,ext_et_all,2019
height,0.0010109200280904451,ext_et_all,2019
missing_height,3.623505542393879e-05,ext_et_all,2019
weight,0.00024216454172776292,ext_et_all,2019
missing_weight,0.0002802749047129405,ext_et_all,2019
draft_number,0.0042871885929612885,ext_et_all,2019
missing_draft_number,0.05913041776800965,ext_et_all,2019
draft_round,0.001884224683523228,ext_et_all,2019
missing_draft_round,0.04487959986572154,ext_et_all,2019
was_drafted,0.05167805740829268,ext_et_all,2019
missing_was_drafted,0.0,ext_et_all,2019
is_rookie,0.009721422685934233,ext_et_all,2019
missing_is_rookie,0.0,ext_et_all,2019
missing_team_changed,0.0,ext_et_all,2019
combine_forty,-0.0002937979127896062,ext_et_all,2019
missing_combine_forty,0.00024090312045055295,ext_et_all,2019
combine_bench,0.00043756871561384525,ext_et_all,2019
missing_combine_bench,-0.0005156733127857915,ext_et_all,2019
combine_vertical,-0.0004203089403872484,ext_et_all,2019
missing_combine_vertical,-0.00021210779011526792,ext_et_all,2019
combine_broad_jump,0.00021164837698839367,ext_et_all,2019
missing_combine_broad_jump,-0.0007104318485569028,ext_et_all,2019
combine_cone,-0.00047147248960432986,ext_et_all,2019
missing_combine_cone,-0.0001786331335196234,ext_et_all,2019
combine_shuttle,-0.0003185238132432655,ext_et_all,2019
missing_combine_shuttle,-0.0021395754885753515,ext_et_all,2019
position_QB,-0.00207007492942346,ext_et_all,2019
position_RB,0.0017815677100680993,ext_et_all,2019
position_WR,-0.00011191740945060147,ext_et_all,2019
position_TE,-0.00025781613049236096,ext_et_all,2019
lag1_history_available,0.0046733153122829885,ext_et_all,2019
lag1_completions,0.00044987300107590666,ext_et_all,2019
lag1_attempts,-1.1237723615109552e-05,ext_et_all,2019
lag1_passing_yards,0.000663471969396201,ext_et_all,2019
lag1_passing_tds,0.0008158490439148514,ext_et_all,2019
lag1_passing_interceptions,-2.2099603257275113e-05,ext_et_all,2019
lag1_sacks_suffered,-3.7865242801138344e-05,ext_et_all,2019
lag1_sack_yards_lost,-6.342281343685308e-05,ext_et_all,2019
lag1_sack_fumbles,-0.0001440057331550948,ext_et_all,2019
lag1_sack_fumbles_lost,-9.39480806980697e-05,ext_et_all,2019
lag1_passing_first_downs,0.0004193299769968961,ext_et_all,2019
lag1_passing_10,-0.0005522753953977055,ext_et_all,2019
lag1_passing_16,-0.00014651421676215026,ext_et_all,2019
lag1_passing_20,-0.00024060725439312147,ext_et_all,2019
lag1_passing_40,0.0004753434334511253,ext_et_all,2019
lag1_carries,0.0029356001263994846,ext_et_all,2019
lag1_rushing_yards,0.0015155510344593282,ext_et_all,2019
lag1_rushing_tds,0.0006581383261370366,ext_et_all,2019
lag1_rushing_fumbles,0.0013362475598531764,ext_et_all,2019
lag1_rushing_fumbles_lost,-0.0001133187982299555,ext_et_all,2019
lag1_rushing_first_downs,0.00820511823004555,ext_et_all,2019
lag1_rushing_10,0.003439413117173107,ext_et_all,2019
lag1_rushing_12,0.0030503283453020558,ext_et_all,2019
lag1_rushing_20,0.000741487829652332,ext_et_all,2019
lag1_rushing_40,0.0002686334199882845,ext_et_all,2019
lag1_receptions,0.015671579132152336,ext_et_all,2019
lag1_receiving_yards,0.012536074824345489,ext_et_all,2019
lag1_receiving_tds,0.0026946264558238564,ext_et_all,2019
lag1_receiving_fumbles,-0.00010033746762971862,ext_et_all,2019
lag1_receiving_fumbles_lost,-5.696806521271469e-05,ext_et_all,2019
lag1_receiving_first_downs,0.007719538204817522,ext_et_all,2019
lag1_receiving_10,0.004316992742372627,ext_et_all,2019
lag1_receiving_16,-0.0005020107309164912,ext_et_all,2019
lag1_receiving_20,0.0023963774584855324,ext_et_all,2019
lag1_receiving_40,5.520766016264833e-05,ext_et_all,2019
lag1_special_teams_tds,5.6395016615917726e-05,ext_et_all,2019
lag1_fumbles_total,0.00021385626122760737,ext_et_all,2019
lag1_fumbles_lost_total,0.001273921217479157,ext_et_all,2019
lag1_punt_returns,-0.000519494318306557,ext_et_all,2019
lag1_punt_return_yards,4.017440100911873e-05,ext_et_all,2019
lag1_kickoff_returns,-0.0003381941673947786,ext_et_all,2019
lag1_kickoff_return_yards,0.00015856608607267564,ext_et_all,2019
lag1_fg_made,0.0,ext_et_all,2019
lag1_fg_att,0.0,ext_et_all,2019
lag1_fg_missed,0.0,ext_et_all,2019
lag1_fg_blocked,0.0,ext_et_all,2019
lag1_fg_made_0_19,0.0,ext_et_all,2019
lag1_fg_made_20_29,0.0,ext_et_all,2019
lag1_fg_made_30_39,0.0,ext_et_all,2019
lag1_fg_made_40_49,0.0,ext_et_all,2019
lag1_fg_made_50_59,0.0,ext_et_all,2019
lag1_fg_made_60_,0.0,ext_et_all,2019
lag1_fg_missed_0_19,0.0,ext_et_all,2019
lag1_fg_missed_20_29,0.0,ext_et_all,2019
lag1_fg_missed_30_39,0.0,ext_et_all,2019
lag1_fg_missed_40_49,0.0,ext_et_all,2019
lag1_fg_missed_50_59,0.0,ext_et_all,2019
lag1_fg_missed_60_,0.0,ext_et_all,2019
lag1_fg_made_distance,0.0,ext_et_all,2019
lag1_fg_missed_distance,0.0,ext_et_all,2019
lag1_pat_made,0.0,ext_et_all,2019
lag1_pat_att,0.0,ext_et_all,2019
lag1_pat_missed,0.0,ext_et_all,2019
lag1_pat_blocked,0.0,ext_et_all,2019
lag1_gwfg_made,0.0,ext_et_all,2019
lag1_gwfg_att,0.0,ext_et_all,2019
lag1_gwfg_missed,0.0,ext_et_all,2019
lag1_gwfg_blocked,0.0,ext_et_all,2019
lag1_gwfg_distance,0.0,ext_et_all,2019
lag1_targets,0.006938152862923208,ext_et_all,2019
lag1_passing_air_yards,0.0004881168077114362,ext_et_all,2019
lag1_passing_yards_after_catch,5.5090519639589e-05,ext_et_all,2019
lag1_receiving_air_yards,0.00405235350685873,ext_et_all,2019
lag1_receiving_yards_after_catch,0.010870589458917612,ext_et_all,2019
lag1_games,0.01019655151395682,ext_et_all,2019
lag1_roster_weeks,0.00029307197160244325,ext_et_all,2019
lag1_offense_snaps,0.035314100386182545,ext_et_all,2019
lag2_history_available,0.011264565994203335,ext_et_all,2019
lag2_completions,0.0005720315819187638,ext_et_all,2019
lag2_attempts,0.00027154702663267916,ext_et_all,2019
lag2_passing_yards,-3.963965377085099e-05,ext_et_all,2019
lag2_passing_tds,-8.664907349598128e-05,ext_et_all,2019
lag2_passing_interceptions,0.00017606188627505848,ext_et_all,2019
lag2_sacks_suffered,-6.950937198713092e-05,ext_et_all,2019
lag2_sack_yards_lost,2.4703037507123327e-05,ext_et_all,2019
lag2_sack_fumbles,0.0001141551209289382,ext_et_all,2019
lag2_sack_fumbles_lost,-3.849562925506422e-05,ext_et_all,2019
lag2_passing_first_downs,0.00024364674418586585,ext_et_all,2019
lag2_passing_10,0.0004177689123728845,ext_et_all,2019
lag2_passing_16,0.00024604008342632433,ext_et_all,2019
lag2_passing_20,-0.00020340306545085785,ext_et_all,2019
lag2_passing_40,0.0003864144929529578,ext_et_all,2019
lag2_carries,0.00014752656062566594,ext_et_all,2019
lag2_rushing_yards,0.0005206796997427876,ext_et_all,2019
lag2_rushing_tds,9.074363356187387e-05,ext_et_all,2019
lag2_rushing_fumbles,0.0002370267427157513,ext_et_all,2019
lag2_rushing_fumbles_lost,-8.121840055663743e-05,ext_et_all,2019
lag2_rushing_first_downs,-7.163810896393397e-05,ext_et_all,2019
lag2_rushing_10,0.0003051401274160037,ext_et_all,2019
lag2_rushing_12,0.0005126751892811088,ext_et_all,2019
lag2_rushing_20,0.0002267975978975656,ext_et_all,2019
lag2_rushing_40,-0.00017619263588952716,ext_et_all,2019
lag2_receptions,0.001252979841239954,ext_et_all,2019
lag2_receiving_yards,-0.00014476136802754613,ext_et_all,2019
lag2_receiving_tds,2.462167305794516e-05,ext_et_all,2019
lag2_receiving_fumbles,-0.00035555540286924536,ext_et_all,2019
lag2_receiving_fumbles_lost,-0.0005592483232540468,ext_et_all,2019
lag2_receiving_first_downs,0.00048584005238772043,ext_et_all,2019
lag2_receiving_10,0.0008264552501561218,ext_et_all,2019
lag2_receiving_16,0.0028794893100049235,ext_et_all,2019
lag2_receiving_20,-0.00024287921076171504,ext_et_all,2019
lag2_receiving_40,0.00014493252387903777,ext_et_all,2019
lag2_special_teams_tds,-3.2916936603122338e-06,ext_et_all,2019
lag2_fumbles_total,0.0010936947734335734,ext_et_all,2019
lag2_fumbles_lost_total,-0.0001739846762014441,ext_et_all,2019
lag2_punt_returns,-7.988142040127322e-05,ext_et_all,2019
lag2_punt_return_yards,5.424733275682936e-05,ext_et_all,2019
lag2_kickoff_returns,-2.965710864910598e-05,ext_et_all,2019
lag2_kickoff_return_yards,6.355488258880104e-05,ext_et_all,2019
lag2_fg_made,0.0,ext_et_all,2019
lag2_fg_att,0.0,ext_et_all,2019
lag2_fg_missed,0.0,ext_et_all,2019
lag2_fg_blocked,0.0,ext_et_all,2019
lag2_fg_made_0_19,0.0,ext_et_all,2019
lag2_fg_made_20_29,0.0,ext_et_all,2019
lag2_fg_made_30_39,0.0,ext_et_all,2019
lag2_fg_made_40_49,0.0,ext_et_all,2019
lag2_fg_made_50_59,0.0,ext_et_all,2019
lag2_fg_made_60_,0.0,ext_et_all,2019
lag2_fg_missed_0_19,0.0,ext_et_all,2019
lag2_fg_missed_20_29,0.0,ext_et_all,2019
lag2_fg_missed_30_39,0.0,ext_et_all,2019
lag2_fg_missed_40_49,0.0,ext_et_all,2019
lag2_fg_missed_50_59,0.0,ext_et_all,2019
lag2_fg_missed_60_,0.0,ext_et_all,2019
lag2_fg_made_distance,0.0,ext_et_all,2019
lag2_fg_missed_distance,0.0,ext_et_all,2019
lag2_pat_made,0.0,ext_et_all,2019
lag2_pat_att,0.0,ext_et_all,2019
lag2_pat_missed,0.0,ext_et_all,2019
lag2_pat_blocked,0.0,ext_et_all,2019
lag2_gwfg_made,0.0,ext_et_all,2019
lag2_gwfg_att,0.0,ext_et_all,2019
lag2_gwfg_missed,0.0,ext_et_all,2019
lag2_gwfg_blocked,0.0,ext_et_all,2019
lag2_gwfg_distance,0.0,ext_et_all,2019
lag2_targets,0.0027634053628710076,ext_et_all,2019
lag2_passing_air_yards,-0.00030261753880256315,ext_et_all,2019
lag2_passing_yards_after_catch,6.774018026567408e-05,ext_et_all,2019
lag2_receiving_air_yards,0.00018261037171074523,ext_et_all,2019
lag2_receiving_yards_after_catch,-0.0003279642928485371,ext_et_all,2019
lag2_games,0.0007909103442612642,ext_et_all,2019
lag2_roster_weeks,0.0008635983609306397,ext_et_all,2019
lag2_offense_snaps,0.004743399435120033,ext_et_all,2019
lag3_history_available,0.0007648077247838225,ext_et_all,2019
lag3_completions,-3.934612072908905e-05,ext_et_all,2019
lag3_attempts,8.880194357330229e-05,ext_et_all,2019
lag3_passing_yards,0.0,ext_et_all,2019
lag3_passing_tds,-2.9652552242187546e-05,ext_et_all,2019
lag3_passing_interceptions,4.484702088669579e-05,ext_et_all,2019
lag3_sacks_suffered,-0.00012127710926945756,ext_et_all,2019
lag3_sack_yards_lost,5.6464085730567604e-05,ext_et_all,2019
lag3_sack_fumbles,0.0,ext_et_all,2019
lag3_sack_fumbles_lost,0.00013469037116986549,ext_et_all,2019
lag3_passing_first_downs,-3.3875399785276983e-07,ext_et_all,2019
lag3_passing_10,9.99178768463782e-05,ext_et_all,2019
lag3_passing_16,1.0601136678611844e-05,ext_et_all,2019
lag3_passing_20,-3.8274387538117516e-05,ext_et_all,2019
lag3_passing_40,-2.293774716921604e-05,ext_et_all,2019
lag3_carries,2.924586019170672e-05,ext_et_all,2019
lag3_rushing_yards,-9.472507396135477e-06,ext_et_all,2019
lag3_rushing_tds,3.31152602509599e-05,ext_et_all,2019
lag3_rushing_fumbles,8.207660230841185e-05,ext_et_all,2019
lag3_rushing_fumbles_lost,7.371435205461019e-06,ext_et_all,2019
lag3_rushing_first_downs,0.00012726343109525917,ext_et_all,2019
lag3_rushing_10,4.0370443384674104e-05,ext_et_all,2019
lag3_rushing_12,-1.6934603515372793e-05,ext_et_all,2019
lag3_rushing_20,-4.937540490579373e-06,ext_et_all,2019
lag3_rushing_40,-6.342808715020798e-05,ext_et_all,2019
lag3_receptions,0.00032808166221842683,ext_et_all,2019
lag3_receiving_yards,-5.042354789031034e-05,ext_et_all,2019
lag3_receiving_tds,-0.0007148563412723297,ext_et_all,2019
lag3_receiving_fumbles,0.0002212959140789339,ext_et_all,2019
lag3_receiving_fumbles_lost,-6.810708101767649e-05,ext_et_all,2019
lag3_receiving_first_downs,-5.4128509598183605e-05,ext_et_all,2019
lag3_receiving_10,-0.00027506145654487835,ext_et_all,2019
lag3_receiving_16,-2.6013576105321512e-05,ext_et_all,2019
lag3_receiving_20,-9.806682666257949e-06,ext_et_all,2019
lag3_receiving_40,2.5281561348844406e-06,ext_et_all,2019
lag3_special_teams_tds,4.266541398323387e-05,ext_et_all,2019
lag3_fumbles_total,-0.0001041355829490831,ext_et_all,2019
lag3_fumbles_lost_total,-7.783645225933888e-05,ext_et_all,2019
lag3_punt_returns,0.00016667697033689866,ext_et_all,2019
lag3_punt_return_yards,0.00010859927919570911,ext_et_all,2019
lag3_kickoff_returns,8.550432195508773e-05,ext_et_all,2019
lag3_kickoff_return_yards,6.077922976022165e-07,ext_et_all,2019
lag3_fg_made,0.0,ext_et_all,2019
lag3_fg_att,0.0,ext_et_all,2019
lag3_fg_missed,0.0,ext_et_all,2019
lag3_fg_blocked,0.0,ext_et_all,2019
lag3_fg_made_0_19,0.0,ext_et_all,2019
lag3_fg_made_20_29,0.0,ext_et_all,2019
lag3_fg_made_30_39,0.0,ext_et_all,2019
lag3_fg_made_40_49,0.0,ext_et_all,2019
lag3_fg_made_50_59,0.0,ext_et_all,2019
lag3_fg_made_60_,0.0,ext_et_all,2019
lag3_fg_missed_0_19,0.0,ext_et_all,2019
lag3_fg_missed_20_29,0.0,ext_et_all,2019
lag3_fg_missed_30_39,0.0,ext_et_all,2019
lag3_fg_missed_40_49,0.0,ext_et_all,2019
lag3_fg_missed_50_59,0.0,ext_et_all,2019
lag3_fg_missed_60_,0.0,ext_et_all,2019
lag3_fg_made_distance,0.0,ext_et_all,2019
lag3_fg_missed_distance,0.0,ext_et_all,2019
lag3_pat_made,0.0,ext_et_all,2019
lag3_pat_att,0.0,ext_et_all,2019
lag3_pat_missed,0.0,ext_et_all,2019
lag3_pat_blocked,0.0,ext_et_all,2019
lag3_gwfg_made,0.0,ext_et_all,2019
lag3_gwfg_att,0.0,ext_et_all,2019
lag3_gwfg_missed,0.0,ext_et_all,2019
lag3_gwfg_blocked,0.0,ext_et_all,2019
lag3_gwfg_distance,0.0,ext_et_all,2019
lag3_targets,-0.00023168886940572175,ext_et_all,2019
lag3_passing_air_yards,-3.457406643081473e-05,ext_et_all,2019
lag3_passing_yards_after_catch,3.5290053581604752e-06,ext_et_all,2019
lag3_receiving_air_yards,-0.00011355644353439054,ext_et_all,2019
lag3_receiving_yards_after_catch,0.00015070130940808557,ext_et_all,2019
lag3_games,-2.9201462545036527e-05,ext_et_all,2019
lag3_roster_weeks,-0.00025948478140047637,ext_et_all,2019
lag3_offense_snaps,-1.8154939006476134e-05,ext_et_all,2019
lag4_history_available,-0.00035567631240662756,ext_et_all,2019
lag4_completions,0.0006867861602601888,ext_et_all,2019
lag4_attempts,0.0004269477480899342,ext_et_all,2019
lag4_passing_yards,3.5290053581604752e-06,ext_et_all,2019
lag4_passing_tds,-3.610662780528795e-05,ext_et_all,2019
lag4_passing_interceptions,2.4297107824033937e-05,ext_et_all,2019
lag4_sacks_suffered,6.958621000252574e-05,ext_et_all,2019
lag4_sack_yards_lost,8.376064265069871e-06,ext_et_all,2019
lag4_sack_fumbles,0.00010224406718239987,ext_et_all,2019
lag4_sack_fumbles_lost,7.293277740205717e-05,ext_et_all,2019
lag4_passing_first_downs,0.0002790165302835046,ext_et_all,2019
lag4_passing_10,-3.798962981516052e-05,ext_et_all,2019
lag4_passing_16,8.047889352991167e-05,ext_et_all,2019
lag4_passing_20,0.00023585519143720646,ext_et_all,2019
lag4_passing_40,8.989284943972109e-05,ext_et_all,2019
lag4_carries,-2.0997660004740126e-05,ext_et_all,2019
lag4_rushing_yards,6.814551034206584e-05,ext_et_all,2019
lag4_rushing_tds,2.4994161788693958e-05,ext_et_all,2019
lag4_rushing_fumbles,6.524485819670023e-05,ext_et_all,2019
lag4_rushing_fumbles_lost,4.92488013041914e-05,ext_et_all,2019
lag4_rushing_first_downs,0.00019252421999615965,ext_et_all,2019
lag4_rushing_10,-0.00014233654944584284,ext_et_all,2019
lag4_rushing_12,-0.00012944498342004618,ext_et_all,2019
lag4_rushing_20,2.141148374235069e-05,ext_et_all,2019
lag4_rushing_40,-6.076972911550627e-06,ext_et_all,2019
lag4_receptions,1.480245561391591e-05,ext_et_all,2019
lag4_receiving_yards,0.00012028386882800834,ext_et_all,2019
lag4_receiving_tds,0.0001212767776109791,ext_et_all,2019
lag4_receiving_fumbles,2.8431670946904575e-05,ext_et_all,2019
lag4_receiving_fumbles_lost,-0.0001375350000928366,ext_et_all,2019
lag4_receiving_first_downs,3.5713170142837036e-05,ext_et_all,2019
lag4_receiving_10,-5.090015090647437e-05,ext_et_all,2019
lag4_receiving_16,1.6843886229689353e-05,ext_et_all,2019
lag4_receiving_20,-0.00017901955083310384,ext_et_all,2019
lag4_receiving_40,-6.908737213218163e-05,ext_et_all,2019
lag4_special_teams_tds,0.0,ext_et_all,2019
lag4_fumbles_total,-5.620769445913165e-05,ext_et_all,2019
lag4_fumbles_lost_total,-8.07201537394997e-05,ext_et_all,2019
lag4_punt_returns,-1.2691310131485167e-05,ext_et_all,2019
lag4_punt_return_yards,0.0,ext_et_all,2019
lag4_kickoff_returns,4.424099824695826e-05,ext_et_all,2019
lag4_kickoff_return_yards,1.2891124123282083e-05,ext_et_all,2019
lag4_fg_made,0.0,ext_et_all,2019
lag4_fg_att,0.0,ext_et_all,2019
lag4_fg_missed,0.0,ext_et_all,2019
lag4_fg_blocked,0.0,ext_et_all,2019
lag4_fg_made_0_19,0.0,ext_et_all,2019
lag4_fg_made_20_29,0.0,ext_et_all,2019
lag4_fg_made_30_39,0.0,ext_et_all,2019
lag4_fg_made_40_49,0.0,ext_et_all,2019
lag4_fg_made_50_59,0.0,ext_et_all,2019
lag4_fg_made_60_,0.0,ext_et_all,2019
lag4_fg_missed_0_19,0.0,ext_et_all,2019
lag4_fg_missed_20_29,0.0,ext_et_all,2019
lag4_fg_missed_30_39,0.0,ext_et_all,2019
lag4_fg_missed_40_49,0.0,ext_et_all,2019
lag4_fg_missed_50_59,0.0,ext_et_all,2019
lag4_fg_missed_60_,0.0,ext_et_all,2019
lag4_fg_made_distance,0.0,ext_et_all,2019
lag4_fg_missed_distance,0.0,ext_et_all,2019
lag4_pat_made,0.0,ext_et_all,2019
lag4_pat_att,0.0,ext_et_all,2019
lag4_pat_missed,0.0,ext_et_all,2019
lag4_pat_blocked,0.0,ext_et_all,2019
lag4_gwfg_made,0.0,ext_et_all,2019
lag4_gwfg_att,0.0,ext_et_all,2019
lag4_gwfg_missed,0.0,ext_et_all,2019
lag4_gwfg_blocked,0.0,ext_et_all,2019
lag4_gwfg_distance,0.0,ext_et_all,2019
lag4_targets,2.1293512975972817e-05,ext_et_all,2019
lag4_passing_air_yards,0.00030899056644928535,ext_et_all,2019
lag4_passing_yards_after_catch,3.5290053581604752e-06,ext_et_all,2019
lag4_receiving_air_yards,-0.00015783061082119687,ext_et_all,2019
lag4_receiving_yards_after_catch,-1.1645068677013093e-05,ext_et_all,2019
lag4_games,-4.47023758224363e-05,ext_et_all,2019
lag4_roster_weeks,0.0006128215003170512,ext_et_all,2019
lag4_offense_snaps,0.00031094658696695365,ext_et_all,2019
lag1_completion_rate,-0.00028284219816920864,ext_et_all,2019
lag1_pass_yards_per_attempt,0.0001418279823141022,ext_et_all,2019
lag1_pass_td_rate,0.0004615125496388872,ext_et_all,2019
lag1_interception_rate,0.00014829766247381748,ext_et_all,2019
lag1_rush_yards_per_carry,-2.2289393114216516e-05,ext_et_all,2019
lag1_rush_first_down_rate,0.0001882891917555085,ext_et_all,2019
lag1_rush_20_rate,-0.0004974174381632279,ext_et_all,2019
lag1_receiving_yards_per_reception,0.0005734393155572004,ext_et_all,2019
lag1_receiving_first_down_rate,0.00042368879936305337,ext_et_all,2019
lag1_receiving_20_rate,7.750647318049975e-05,ext_et_all,2019
lag1_field_goal_make_rate,0.0,ext_et_all,2019
lag1_made_field_goal_mean_distance,0.0,ext_et_all,2019
lag1_missed_field_goal_mean_distance,0.0,ext_et_all,2019
lag1_pat_make_rate,0.0,ext_et_all,2019
lag1_catch_rate,0.0012219015488397211,ext_et_all,2019
lag1_receiving_yards_per_target,-0.00033447845898482154,ext_et_all,2019
lag1_receiving_air_yards_per_target,5.0267724790997725e-05,ext_et_all,2019
lag1_receiving_yards_after_catch_per_reception,0.0004605749193395958,ext_et_all,2019
lag1_passing_air_yards_per_attempt,0.0005961289585746377,ext_et_all,2019
lag1_passing_yards_after_catch_per_completion,-0.0030378960575848657,ext_et_all,2019
lag2_completion_rate,-0.00011385291851240265,ext_et_all,2019
lag2_pass_yards_per_attempt,1.4080441298469637e-06,ext_et_all,2019
lag2_pass_td_rate,3.5290053581604752e-06,ext_et_all,2019
lag2_interception_rate,0.0,ext_et_all,2019
lag2_rush_yards_per_carry,-0.00011123823758951712,ext_et_all,2019
lag2_rush_first_down_rate,0.0001522781500215009,ext_et_all,2019
lag2_rush_20_rate,1.9026635672880765e-05,ext_et_all,2019
lag2_receiving_yards_per_reception,7.477245281273248e-05,ext_et_all,2019
lag2_receiving_first_down_rate,-0.00042830406793015197,ext_et_all,2019
lag2_receiving_20_rate,-0.0010437697267072776,ext_et_all,2019
lag2_field_goal_make_rate,0.0,ext_et_all,2019
lag2_made_field_goal_mean_distance,0.0,ext_et_all,2019
lag2_missed_field_goal_mean_distance,0.0,ext_et_all,2019
lag2_pat_make_rate,0.0,ext_et_all,2019
lag2_catch_rate,2.474693546483664e-05,ext_et_all,2019
lag2_receiving_yards_per_target,-0.00029434355761948083,ext_et_all,2019
lag2_receiving_air_yards_per_target,0.0002680297899680939,ext_et_all,2019
lag2_receiving_yards_after_catch_per_reception,0.00027907794448689405,ext_et_all,2019
lag2_passing_air_yards_per_attempt,-0.00011756742869795112,ext_et_all,2019
lag2_passing_yards_after_catch_per_completion,-6.608913536731986e-05,ext_et_all,2019
lag3_completion_rate,-9.641582031638674e-05,ext_et_all,2019
lag3_pass_yards_per_attempt,-5.798060466188915e-07,ext_et_all,2019
lag3_pass_td_rate,-0.00011242343890882633,ext_et_all,2019
lag3_interception_rate,0.0,ext_et_all,2019
lag3_rush_yards_per_carry,2.846856605598358e-05,ext_et_all,2019
lag3_rush_first_down_rate,9.584302737131178e-05,ext_et_all,2019
lag3_rush_20_rate,-1.962355836049312e-06,ext_et_all,2019
lag3_receiving_yards_per_reception,-0.00024409568877370447,ext_et_all,2019
lag3_receiving_first_down_rate,-0.0001642235778541723,ext_et_all,2019
lag3_receiving_20_rate,-0.00010328107207524528,ext_et_all,2019
lag3_field_goal_make_rate,0.0,ext_et_all,2019
lag3_made_field_goal_mean_distance,0.0,ext_et_all,2019
lag3_missed_field_goal_mean_distance,0.0,ext_et_all,2019
lag3_pat_make_rate,0.0,ext_et_all,2019
lag3_catch_rate,-3.906191455527175e-05,ext_et_all,2019
lag3_receiving_yards_per_target,-0.0006393577253164251,ext_et_all,2019
lag3_receiving_air_yards_per_target,-0.0001892678673295345,ext_et_all,2019
lag3_receiving_yards_after_catch_per_reception,-5.4039428578844806e-05,ext_et_all,2019
lag3_passing_air_yards_per_attempt,-8.109549637602687e-05,ext_et_all,2019
lag3_passing_yards_after_catch_per_completion,9.368666571973883e-06,ext_et_all,2019
lag4_completion_rate,0.00012187158975118795,ext_et_all,2019
lag4_pass_yards_per_attempt,-0.00010516333733623373,ext_et_all,2019
lag4_pass_td_rate,-4.999424257390306e-05,ext_et_all,2019
lag4_interception_rate,0.0,ext_et_all,2019
lag4_rush_yards_per_carry,-3.569870066566505e-05,ext_et_all,2019
lag4_rush_first_down_rate,9.401302442080262e-05,ext_et_all,2019
lag4_rush_20_rate,7.724718667168062e-05,ext_et_all,2019
lag4_receiving_yards_per_reception,0.00010029115501020147,ext_et_all,2019
lag4_receiving_first_down_rate,-0.00012881752238269595,ext_et_all,2019
lag4_receiving_20_rate,-1.3509016502766258e-05,ext_et_all,2019
lag4_field_goal_make_rate,0.0,ext_et_all,2019
lag4_made_field_goal_mean_distance,0.0,ext_et_all,2019
lag4_missed_field_goal_mean_distance,0.0,ext_et_all,2019
lag4_pat_make_rate,0.0,ext_et_all,2019
lag4_catch_rate,0.0006015861061562378,ext_et_all,2019
lag4_receiving_yards_per_target,5.988205716689343e-05,ext_et_all,2019
lag4_receiving_air_yards_per_target,3.545408788840909e-05,ext_et_all,2019
lag4_receiving_yards_after_catch_per_reception,4.4060744725293866e-05,ext_et_all,2019
lag4_passing_air_yards_per_attempt,4.411256697700594e-05,ext_et_all,2019
lag4_passing_yards_after_catch_per_completion,4.391467078868061e-08,ext_et_all,2019
lag1_late6_attempts,-1.5977612315976053e-05,ext_et_all,2019
lag1_weekly_slope_attempts,1.5433715001011983e-05,ext_et_all,2019
lag1_late6_mean_delta_attempts,0.00014621132308845208,ext_et_all,2019
lag1_late6_passing_yards,0.0001517207173999946,ext_et_all,2019
lag1_weekly_slope_passing_yards,1.810283323322448e-05,ext_et_all,2019
lag1_late6_mean_delta_passing_yards,-9.841850973479893e-05,ext_et_all,2019
lag1_late6_passing_first_downs,-0.00012275037546471967,ext_et_all,2019
lag1_weekly_slope_passing_first_downs,-6.388478387742147e-05,ext_et_all,2019
lag1_late6_mean_delta_passing_first_downs,6.0226334875457255e-05,ext_et_all,2019
lag1_late6_passing_20,-1.8702363514311315e-05,ext_et_all,2019
lag1_weekly_slope_passing_20,-3.857061658163463e-05,ext_et_all,2019
lag1_late6_mean_delta_passing_20,2.7096776570645353e-05,ext_et_all,2019
lag1_late6_carries,0.0007829192669885909,ext_et_all,2019
lag1_weekly_slope_carries,-0.0008269420247731807,ext_et_all,2019
lag1_late6_mean_delta_carries,-0.0016181419702564481,ext_et_all,2019
lag1_late6_rushing_yards,-0.00010440643381304238,ext_et_all,2019
lag1_weekly_slope_rushing_yards,0.0008752230778948933,ext_et_all,2019
lag1_late6_mean_delta_rushing_yards,0.001145666436136339,ext_et_all,2019
lag1_late6_rushing_first_downs,-7.382257121379965e-06,ext_et_all,2019
lag1_weekly_slope_rushing_first_downs,0.0004316722141399776,ext_et_all,2019
lag1_late6_mean_delta_rushing_first_downs,-0.0007035751038414473,ext_et_all,2019
lag1_late6_rushing_20,0.00021993715290147264,ext_et_all,2019
lag1_weekly_slope_rushing_20,0.0004863889478229355,ext_et_all,2019
lag1_late6_mean_delta_rushing_20,3.382250479544435e-05,ext_et_all,2019
lag1_late6_receptions,0.005093476962577781,ext_et_all,2019
lag1_weekly_slope_receptions,0.0010079398746097867,ext_et_all,2019
lag1_late6_mean_delta_receptions,0.00020008512871827477,ext_et_all,2019
lag1_late6_receiving_yards,0.00020271781774483522,ext_et_all,2019
lag1_weekly_slope_receiving_yards,0.0006385782821762831,ext_et_all,2019
lag1_late6_mean_delta_receiving_yards,0.0011363770681721563,ext_et_all,2019
lag1_late6_receiving_first_downs,0.0008497667022765443,ext_et_all,2019
lag1_weekly_slope_receiving_first_downs,0.0006358600177340801,ext_et_all,2019
lag1_late6_mean_delta_receiving_first_downs,-0.00023333111473589074,ext_et_all,2019
lag1_late6_receiving_20,3.2586462567762986e-05,ext_et_all,2019
lag1_weekly_slope_receiving_20,6.666303044877697e-05,ext_et_all,2019
lag1_late6_mean_delta_receiving_20,3.594145657115355e-05,ext_et_all,2019
lag1_late6_punt_return_yards,0.00010885886672096223,ext_et_all,2019
lag1_weekly_slope_punt_return_yards,0.0,ext_et_all,2019
lag1_late6_mean_delta_punt_return_yards,1.6320433419592106e-05,ext_et_all,2019
lag1_late6_kickoff_return_yards,2.6707408037007774e-05,ext_et_all,2019
lag1_weekly_slope_kickoff_return_yards,0.0005174644853784827,ext_et_all,2019
lag1_late6_mean_delta_kickoff_return_yards,0.00029734490768762445,ext_et_all,2019
lag1_late6_fg_made,0.0,ext_et_all,2019
lag1_weekly_slope_fg_made,0.0,ext_et_all,2019
lag1_late6_mean_delta_fg_made,0.0,ext_et_all,2019
lag1_late6_fg_att,0.0,ext_et_all,2019
lag1_weekly_slope_fg_att,0.0,ext_et_all,2019
lag1_late6_mean_delta_fg_att,0.0,ext_et_all,2019
lag1_late6_pat_att,0.0,ext_et_all,2019
lag1_weekly_slope_pat_att,0.0,ext_et_all,2019
lag1_late6_mean_delta_pat_att,0.0,ext_et_all,2019
lag1_late6_targets,0.0006466410256659172,ext_et_all,2019
lag1_weekly_slope_targets,0.00027502129891099347,ext_et_all,2019
lag1_late6_mean_delta_targets,0.000388256922815744,ext_et_all,2019
lag1_late6_passing_air_yards,-9.64701246326527e-05,ext_et_all,2019
lag1_weekly_slope_passing_air_yards,-1.187044987616126e-05,ext_et_all,2019
lag1_late6_mean_delta_passing_air_yards,-0.0003350036963143399,ext_et_all,2019
lag1_late6_passing_yards_after_catch,-0.0005647948659814883,ext_et_all,2019
lag1_weekly_slope_passing_yards_after_catch,0.00011580531537791483,ext_et_all,2019
lag1_late6_mean_delta_passing_yards_after_catch,0.0006271937105514214,ext_et_all,2019
lag1_late6_receiving_air_yards,0.00019329948686164222,ext_et_all,2019
lag1_weekly_slope_receiving_air_yards,-7.006364201700421e-06,ext_et_all,2019
lag1_late6_mean_delta_receiving_air_yards,0.0003035978065272227,ext_et_all,2019
lag1_late6_receiving_yards_after_catch,0.00030831180308643624,ext_et_all,2019
lag1_weekly_slope_receiving_yards_after_catch,0.0002762545348209411,ext_et_all,2019
lag1_late6_mean_delta_receiving_yards_after_catch,2.828899205487012e-05,ext_et_all,2019
position_K,0.0,ext_et_all,2019
injury_lag2_injury_reported,0.00030966153540812336,ext_et_all,2019
injury_lag2_injury_report_weeks,0.0002928480233365116,ext_et_all,2019
injury_lag2_designation_count,-0.00029512786963425963,ext_et_all,2019
injury_lag3_injury_reported,3.486950111841747e-05,ext_et_all,2019
injury_lag3_injury_report_weeks,-0.0006172971204932987,ext_et_all,2019
injury_lag3_designation_count,0.00010372764537147638,ext_et_all,2019
injury_lag4_injury_reported,0.000403485212311927,ext_et_all,2019
injury_lag4_injury_report_weeks,-6.763974293144681e-05,ext_et_all,2019
injury_lag4_designation_count,-0.00015106210673876408,ext_et_all,2019
injury_lag5_injury_reported,-0.00020265076597192344,ext_et_all,2019
injury_lag5_injury_report_weeks,8.324856533603597e-05,ext_et_all,2019
injury_lag5_designation_count,-8.996990471610289e-05,ext_et_all,2019
injury_lag1_reserve_weeks,0.0009266086319252853,ext_et_all,2019
injury_lag2_reserve_weeks,-9.431705403717405e-05,ext_et_all,2019
injury_lag3_reserve_weeks,2.5201127512586297e-06,ext_et_all,2019
injury_lag4_reserve_weeks,5.175025663139987e-05,ext_et_all,2019
injury_lag2_absence_report_weeks,0.00012388703175703064,ext_et_all,2019
injury_lag2_absence_reported,0.0003985435629570988,ext_et_all,2019
injury_lag3_absence_report_weeks,-0.00013228536810916403,ext_et_all,2019
injury_lag3_absence_reported,-0.00016117012196448233,ext_et_all,2019
injury_lag4_absence_report_weeks,9.485700936506802e-06,ext_et_all,2019
injury_lag4_absence_reported,0.00010953306087002623,ext_et_all,2019
injury_lag5_absence_report_weeks,-4.265301633621377e-05,ext_et_all,2019
injury_lag5_absence_reported,6.981953155571485e-05,ext_et_all,2019
lag1_targets_per_game,0.0012247368115270163,ext_et_all,2019
lag1_carries_per_game,-0.0002786294247981713,ext_et_all,2019
lag1_receptions_per_game,0.0005817377056677175,ext_et_all,2019
lag1_attempts_per_game,0.000797659856233035,ext_et_all,2019
lag1_receiving_yards_per_game,0.0032173589214574694,ext_et_all,2019
lag1_rushing_yards_per_game,0.0014670732733000902,ext_et_all,2019
lag1_passing_yards_per_game,0.0015074413803874975,ext_et_all,2019
lag1_offense_snaps_per_game,0.0025247179114155083,ext_et_all,2019
lag1_share_targets_prior_team,0.006534316119707673,ext_et_all,2019
lag1_share_carries_prior_team,0.0031770289099085636,ext_et_all,2019
lag1_share_receptions_prior_team,0.009481801253895972,ext_et_all,2019
lag1_share_attempts_prior_team,-0.00015622398568293505,ext_et_all,2019
age,-0.000266789658093014,ext_et_all,2020
missing_age,0.0025672091431241384,ext_et_all,2020
years_exp,0.0027985994292005767,ext_et_all,2020
missing_years_exp,4.159460666919301e-05,ext_et_all,2020
height,0.0018441719729445083,ext_et_all,2020
missing_height,-0.00010653760920131816,ext_et_all,2020
weight,-7.818793489644538e-05,ext_et_all,2020
missing_weight,2.6160120379925544e-05,ext_et_all,2020
draft_number,0.00786579795061193,ext_et_all,2020
missing_draft_number,0.05864250359966183,ext_et_all,2020
draft_round,0.0076230957195311255,ext_et_all,2020
missing_draft_round,0.06085694510128903,ext_et_all,2020
was_drafted,0.04813949059868672,ext_et_all,2020
missing_was_drafted,0.0,ext_et_all,2020
is_rookie,0.006436073216363192,ext_et_all,2020
missing_is_rookie,0.0,ext_et_all,2020
missing_team_changed,0.0,ext_et_all,2020
combine_forty,-0.0012803507910393863,ext_et_all,2020
missing_combine_forty,-0.003617038657055316,ext_et_all,2020
combine_bench,0.0006411859938951769,ext_et_all,2020
missing_combine_bench,-4.151123461926254e-05,ext_et_all,2020
combine_vertical,-0.0007566218758963128,ext_et_all,2020
missing_combine_vertical,-0.0005064992883223596,ext_et_all,2020
combine_broad_jump,0.00020929024724680723,ext_et_all,2020
missing_combine_broad_jump,0.0003483491620046575,ext_et_all,2020
combine_cone,-0.00284191740418005,ext_et_all,2020
missing_combine_cone,-0.0011888419576300269,ext_et_all,2020
combine_shuttle,0.0005750302369041949,ext_et_all,2020
missing_combine_shuttle,0.00010986549472091767,ext_et_all,2020
position_QB,0.00340983396162009,ext_et_all,2020
position_RB,0.003072026916592363,ext_et_all,2020
position_WR,0.00025536954719929117,ext_et_all,2020
position_TE,0.00031607619390117137,ext_et_all,2020
lag1_history_available,0.007846978448095787,ext_et_all,2020
lag1_completions,-5.072123310267962e-05,ext_et_all,2020
lag1_attempts,0.00011261003865636887,ext_et_all,2020
lag1_passing_yards,0.002811323853165515,ext_et_all,2020
lag1_passing_tds,0.002093701872485143,ext_et_all,2020
lag1_passing_interceptions,4.624367212868741e-05,ext_et_all,2020
lag1_sacks_suffered,0.0001784419164603257,ext_et_all,2020
lag1_sack_yards_lost,-9.474791050179121e-06,ext_et_all,2020
lag1_sack_fumbles,0.00019068319173165538,ext_et_all,2020
lag1_sack_fumbles_lost,8.627692660367892e-05,ext_et_all,2020
lag1_passing_first_downs,0.002330049104200871,ext_et_all,2020
lag1_passing_10,0.0002830696406371791,ext_et_all,2020
lag1_passing_16,0.0001495173382982662,ext_et_all,2020
lag1_passing_20,-0.0008980503194638834,ext_et_all,2020
lag1_passing_40,0.0007554849947475351,ext_et_all,2020
lag1_carries,-0.0019552135310042518,ext_et_all,2020
lag1_rushing_yards,0.0022845689754218412,ext_et_all,2020
lag1_rushing_tds,0.008609151073796228,ext_et_all,2020
lag1_rushing_fumbles,0.0019264107033274414,ext_et_all,2020
lag1_rushing_fumbles_lost,0.00030098999247596403,ext_et_all,2020
lag1_rushing_first_downs,0.0019697944533221268,ext_et_all,2020
lag1_rushing_10,0.002293629548282383,ext_et_all,2020
lag1_rushing_12,0.002576465229625513,ext_et_all,2020
lag1_rushing_20,0.0029553168950395836,ext_et_all,2020
lag1_rushing_40,0.0013924460379972636,ext_et_all,2020
lag1_receptions,0.013695021734837498,ext_et_all,2020
lag1_receiving_yards,0.006751322956958128,ext_et_all,2020
lag1_receiving_tds,0.0009660226768771762,ext_et_all,2020
lag1_receiving_fumbles,-7.93903676568064e-05,ext_et_all,2020
lag1_receiving_fumbles_lost,-2.4633987653399636e-05,ext_et_all,2020
lag1_receiving_first_downs,0.008563040316661885,ext_et_all,2020
lag1_receiving_10,0.002039022225524212,ext_et_all,2020
lag1_receiving_16,0.0012415520533359814,ext_et_all,2020
lag1_receiving_20,0.0005087069604410299,ext_et_all,2020
lag1_receiving_40,0.000543558571173608,ext_et_all,2020
lag1_special_teams_tds,-1.87204818662412e-05,ext_et_all,2020
lag1_fumbles_total,9.627966446190683e-05,ext_et_all,2020
lag1_fumbles_lost_total,0.00019565714695191083,ext_et_all,2020
lag1_punt_returns,1.1360850398989264e-05,ext_et_all,2020
lag1_punt_return_yards,-0.00030175540436228054,ext_et_all,2020
lag1_kickoff_returns,0.0018114531532980038,ext_et_all,2020
lag1_kickoff_return_yards,0.0009267879972443271,ext_et_all,2020
lag1_fg_made,0.0,ext_et_all,2020
lag1_fg_att,0.0,ext_et_all,2020
lag1_fg_missed,0.0,ext_et_all,2020
lag1_fg_blocked,0.0,ext_et_all,2020
lag1_fg_made_0_19,0.0,ext_et_all,2020
lag1_fg_made_20_29,0.0,ext_et_all,2020
lag1_fg_made_30_39,0.0,ext_et_all,2020
lag1_fg_made_40_49,0.0,ext_et_all,2020
lag1_fg_made_50_59,0.0,ext_et_all,2020
lag1_fg_made_60_,0.0,ext_et_all,2020
lag1_fg_missed_0_19,0.0,ext_et_all,2020
lag1_fg_missed_20_29,0.0,ext_et_all,2020
lag1_fg_missed_30_39,0.0,ext_et_all,2020
lag1_fg_missed_40_49,0.0,ext_et_all,2020
lag1_fg_missed_50_59,0.0,ext_et_all,2020
lag1_fg_missed_60_,0.0,ext_et_all,2020
lag1_fg_made_distance,0.0,ext_et_all,2020
lag1_fg_missed_distance,0.0,ext_et_all,2020
lag1_pat_made,0.0,ext_et_all,2020
lag1_pat_att,0.0,ext_et_all,2020
lag1_pat_missed,0.0,ext_et_all,2020
lag1_pat_blocked,0.0,ext_et_all,2020
lag1_gwfg_made,0.0,ext_et_all,2020
lag1_gwfg_att,0.0,ext_et_all,2020
lag1_gwfg_missed,0.0,ext_et_all,2020
lag1_gwfg_blocked,0.0,ext_et_all,2020
lag1_gwfg_distance,0.0,ext_et_all,2020
lag1_targets,0.00823168134280694,ext_et_all,2020
lag1_passing_air_yards,0.0030020798183979513,ext_et_all,2020
lag1_passing_yards_after_catch,0.00016408389769528853,ext_et_all,2020
lag1_receiving_air_yards,0.003075685507187065,ext_et_all,2020
lag1_receiving_yards_after_catch,0.006093273506677099,ext_et_all,2020
lag1_games,0.024474311836196083,ext_et_all,2020
lag1_roster_weeks,0.000623356609883774,ext_et_all,2020
lag1_offense_snaps,0.050011455305420505,ext_et_all,2020
lag2_history_available,0.0002948960290143354,ext_et_all,2020
lag2_completions,-1.9408211848759294e-05,ext_et_all,2020
lag2_attempts,0.0002471295790607009,ext_et_all,2020
lag2_passing_yards,0.0004298375348490424,ext_et_all,2020
lag2_passing_tds,0.0010908408604464181,ext_et_all,2020
lag2_passing_interceptions,0.00010099195182067255,ext_et_all,2020
lag2_sacks_suffered,5.529631796208356e-05,ext_et_all,2020
lag2_sack_yards_lost,4.004216128294935e-05,ext_et_all,2020
lag2_sack_fumbles,-0.0007551380716593892,ext_et_all,2020
lag2_sack_fumbles_lost,0.00010630240435816063,ext_et_all,2020
lag2_passing_first_downs,0.0009531418063297714,ext_et_all,2020
lag2_passing_10,-2.1788440070613646e-05,ext_et_all,2020
lag2_passing_16,0.0011298118165888882,ext_et_all,2020
lag2_passing_20,-0.00022860541759939235,ext_et_all,2020
lag2_passing_40,0.0003075256407266691,ext_et_all,2020
lag2_carries,0.00018422359614389539,ext_et_all,2020
lag2_rushing_yards,-0.0004639713732542683,ext_et_all,2020
lag2_rushing_tds,0.00018645528144223267,ext_et_all,2020
lag2_rushing_fumbles,-0.0010284966331584044,ext_et_all,2020
lag2_rushing_fumbles_lost,7.082738412511613e-05,ext_et_all,2020
lag2_rushing_first_downs,0.00016241138145978162,ext_et_all,2020
lag2_rushing_10,-0.0003815127302226884,ext_et_all,2020
lag2_rushing_12,0.0014601504265232546,ext_et_all,2020
lag2_rushing_20,9.035225112541401e-05,ext_et_all,2020
lag2_rushing_40,-1.7988298950388781e-07,ext_et_all,2020
lag2_receptions,0.003682736134423492,ext_et_all,2020
lag2_receiving_yards,0.004560161902168125,ext_et_all,2020
lag2_receiving_tds,-0.0001593575541157799,ext_et_all,2020
lag2_receiving_fumbles,0.00047682794958081587,ext_et_all,2020
lag2_receiving_fumbles_lost,0.0005993587062284034,ext_et_all,2020
lag2_receiving_first_downs,0.0014837634369060382,ext_et_all,2020
lag2_receiving_10,0.003060188591002322,ext_et_all,2020
lag2_receiving_16,0.001413322450419363,ext_et_all,2020
lag2_receiving_20,0.0005635381821688101,ext_et_all,2020
lag2_receiving_40,0.0008785647209030856,ext_et_all,2020
lag2_special_teams_tds,2.42575257988209e-05,ext_et_all,2020
lag2_fumbles_total,0.000887654389249426,ext_et_all,2020
lag2_fumbles_lost_total,0.0007840599413129201,ext_et_all,2020
lag2_punt_returns,0.00032817845180876937,ext_et_all,2020
lag2_punt_return_yards,-0.00023909814034495103,ext_et_all,2020
lag2_kickoff_returns,0.00012059032925937352,ext_et_all,2020
lag2_kickoff_return_yards,-3.6944268809180336e-05,ext_et_all,2020
lag2_fg_made,0.0,ext_et_all,2020
lag2_fg_att,0.0,ext_et_all,2020
lag2_fg_missed,0.0,ext_et_all,2020
lag2_fg_blocked,0.0,ext_et_all,2020
lag2_fg_made_0_19,0.0,ext_et_all,2020
lag2_fg_made_20_29,0.0,ext_et_all,2020
lag2_fg_made_30_39,0.0,ext_et_all,2020
lag2_fg_made_40_49,0.0,ext_et_all,2020
lag2_fg_made_50_59,0.0,ext_et_all,2020
lag2_fg_made_60_,0.0,ext_et_all,2020
lag2_fg_missed_0_19,0.0,ext_et_all,2020
lag2_fg_missed_20_29,0.0,ext_et_all,2020
lag2_fg_missed_30_39,0.0,ext_et_all,2020
lag2_fg_missed_40_49,0.0,ext_et_all,2020
lag2_fg_missed_50_59,0.0,ext_et_all,2020
lag2_fg_missed_60_,0.0,ext_et_all,2020
lag2_fg_made_distance,0.0,ext_et_all,2020
lag2_fg_missed_distance,0.0,ext_et_all,2020
lag2_pat_made,0.0,ext_et_all,2020
lag2_pat_att,0.0,ext_et_all,2020
lag2_pat_missed,0.0,ext_et_all,2020
lag2_pat_blocked,0.0,ext_et_all,2020
lag2_gwfg_made,0.0,ext_et_all,2020
lag2_gwfg_att,0.0,ext_et_all,2020
lag2_gwfg_missed,0.0,ext_et_all,2020
lag2_gwfg_blocked,0.0,ext_et_all,2020
lag2_gwfg_distance,0.0,ext_et_all,2020
lag2_targets,-0.00019934656545084195,ext_et_all,2020
lag2_passing_air_yards,9.051019707873031e-05,ext_et_all,2020
lag2_passing_yards_after_catch,0.00017152040307299998,ext_et_all,2020
lag2_receiving_air_yards,0.000195999930666102,ext_et_all,2020
lag2_receiving_yards_after_catch,0.003813825843091978,ext_et_all,2020
lag2_games,0.0005518776319947127,ext_et_all,2020
lag2_roster_weeks,0.0009138094014267129,ext_et_all,2020
lag2_offense_snaps,0.0009294567134437992,ext_et_all,2020
lag3_history_available,0.0008432962203943628,ext_et_all,2020
lag3_completions,0.0,ext_et_all,2020
lag3_attempts,-8.996586852227928e-05,ext_et_all,2020
lag3_passing_yards,4.563400476720325e-05,ext_et_all,2020
lag3_passing_tds,3.241630270156559e-05,ext_et_all,2020
lag3_passing_interceptions,-1.8781017615099316e-05,ext_et_all,2020
lag3_sacks_suffered,3.813539169783553e-06,ext_et_all,2020
lag3_sack_yards_lost,0.0001294217927345631,ext_et_all,2020
lag3_sack_fumbles,-0.0001435479087843472,ext_et_all,2020
lag3_sack_fumbles_lost,3.4798544924496966e-05,ext_et_all,2020
lag3_passing_first_downs,0.00021857901352895226,ext_et_all,2020
lag3_passing_10,0.0009618258587166251,ext_et_all,2020
lag3_passing_16,0.00015281051498727827,ext_et_all,2020
lag3_passing_20,-4.123105627251711e-05,ext_et_all,2020
lag3_passing_40,0.00012344241252937316,ext_et_all,2020
lag3_carries,4.256428824012115e-05,ext_et_all,2020
lag3_rushing_yards,-9.500244281590575e-05,ext_et_all,2020
lag3_rushing_tds,-3.6706471551850584e-05,ext_et_all,2020
lag3_rushing_fumbles,-5.901698423405044e-05,ext_et_all,2020
lag3_rushing_fumbles_lost,0.00017209652658989327,ext_et_all,2020
lag3_rushing_first_downs,7.300829565748401e-05,ext_et_all,2020
lag3_rushing_10,0.00023986545132281822,ext_et_all,2020
lag3_rushing_12,-5.444291293010828e-05,ext_et_all,2020
lag3_rushing_20,-4.1204867047062166e-05,ext_et_all,2020
lag3_rushing_40,-4.5348631006358886e-05,ext_et_all,2020
lag3_receptions,0.0003503129394279991,ext_et_all,2020
lag3_receiving_yards,6.934677318437554e-05,ext_et_all,2020
lag3_receiving_tds,0.0001257702448487219,ext_et_all,2020
lag3_receiving_fumbles,-0.00015760938339903774,ext_et_all,2020
lag3_receiving_fumbles_lost,4.090972868908693e-05,ext_et_all,2020
lag3_receiving_first_downs,-6.70561521376456e-06,ext_et_all,2020
lag3_receiving_10,0.00016559981109742772,ext_et_all,2020
lag3_receiving_16,0.00010356099947084196,ext_et_all,2020
lag3_receiving_20,-1.08762534150042e-05,ext_et_all,2020
lag3_receiving_40,-2.2305137133526998e-05,ext_et_all,2020
lag3_special_teams_tds,0.0,ext_et_all,2020
lag3_fumbles_total,3.305634422590131e-05,ext_et_all,2020
lag3_fumbles_lost_total,0.00023147925685573778,ext_et_all,2020
lag3_punt_returns,0.0001900408245958385,ext_et_all,2020
lag3_punt_return_yards,5.6950697661539706e-05,ext_et_all,2020
lag3_kickoff_returns,0.0002622416497671809,ext_et_all,2020
lag3_kickoff_return_yards,0.00011937293546382399,ext_et_all,2020
lag3_fg_made,0.0,ext_et_all,2020
lag3_fg_att,0.0,ext_et_all,2020
lag3_fg_missed,0.0,ext_et_all,2020
lag3_fg_blocked,0.0,ext_et_all,2020
lag3_fg_made_0_19,0.0,ext_et_all,2020
lag3_fg_made_20_29,0.0,ext_et_all,2020
lag3_fg_made_30_39,0.0,ext_et_all,2020
lag3_fg_made_40_49,0.0,ext_et_all,2020
lag3_fg_made_50_59,0.0,ext_et_all,2020
lag3_fg_made_60_,0.0,ext_et_all,2020
lag3_fg_missed_0_19,0.0,ext_et_all,2020
lag3_fg_missed_20_29,0.0,ext_et_all,2020
lag3_fg_missed_30_39,0.0,ext_et_all,2020
lag3_fg_missed_40_49,0.0,ext_et_all,2020
lag3_fg_missed_50_59,0.0,ext_et_all,2020
lag3_fg_missed_60_,0.0,ext_et_all,2020
lag3_fg_made_distance,0.0,ext_et_all,2020
lag3_fg_missed_distance,0.0,ext_et_all,2020
lag3_pat_made,0.0,ext_et_all,2020
lag3_pat_att,0.0,ext_et_all,2020
lag3_pat_missed,0.0,ext_et_all,2020
lag3_pat_blocked,0.0,ext_et_all,2020
lag3_gwfg_made,0.0,ext_et_all,2020
lag3_gwfg_att,0.0,ext_et_all,2020
lag3_gwfg_missed,0.0,ext_et_all,2020
lag3_gwfg_blocked,0.0,ext_et_all,2020
lag3_gwfg_distance,0.0,ext_et_all,2020
lag3_targets,-1.3700708355046665e-05,ext_et_all,2020
lag3_passing_air_yards,7.872506075923269e-05,ext_et_all,2020
lag3_passing_yards_after_catch,-4.06490579616392e-05,ext_et_all,2020
lag3_receiving_air_yards,-6.705011526941806e-05,ext_et_all,2020
lag3_receiving_yards_after_catch,0.0006834525669286995,ext_et_all,2020
lag3_games,0.00038036851936307237,ext_et_all,2020
lag3_roster_weeks,0.00019732824586493614,ext_et_all,2020
lag3_offense_snaps,4.630637879721178e-05,ext_et_all,2020
lag4_history_available,0.0006486978590244386,ext_et_all,2020
lag4_completions,0.00014227244842679454,ext_et_all,2020
lag4_attempts,-9.200163247125026e-05,ext_et_all,2020
lag4_passing_yards,0.00016041046712156337,ext_et_all,2020
lag4_passing_tds,3.1748168927148157e-06,ext_et_all,2020
lag4_passing_interceptions,2.5264697000038083e-05,ext_et_all,2020
lag4_sacks_suffered,0.00018792079684248897,ext_et_all,2020
lag4_sack_yards_lost,-0.00013118038971482449,ext_et_all,2020
lag4_sack_fumbles,3.6384880461870495e-05,ext_et_all,2020
lag4_sack_fumbles_lost,5.106108526575781e-05,ext_et_all,2020
lag4_passing_first_downs,0.0001444338649042587,ext_et_all,2020
lag4_passing_10,-0.0005940222779396986,ext_et_all,2020
lag4_passing_16,0.00025117026866128267,ext_et_all,2020
lag4_passing_20,0.000869135079278327,ext_et_all,2020
lag4_passing_40,1.6257835707134127e-05,ext_et_all,2020
lag4_carries,1.827402900311803e-05,ext_et_all,2020
lag4_rushing_yards,0.00014156939123310952,ext_et_all,2020
lag4_rushing_tds,-1.6528981519714492e-05,ext_et_all,2020
lag4_rushing_fumbles,2.9943100378071463e-06,ext_et_all,2020
lag4_rushing_fumbles_lost,0.00010439204197054686,ext_et_all,2020
lag4_rushing_first_downs,-0.0002164739693893969,ext_et_all,2020
lag4_rushing_10,-9.0942442072528e-06,ext_et_all,2020
lag4_rushing_12,-0.00022455418841360597,ext_et_all,2020
lag4_rushing_20,1.0819945680307086e-05,ext_et_all,2020
lag4_rushing_40,0.0,ext_et_all,2020
lag4_receptions,1.3923085509404132e-05,ext_et_all,2020
lag4_receiving_yards,4.284528320797065e-06,ext_et_all,2020
lag4_receiving_tds,-1.098127909404667e-05,ext_et_all,2020
lag4_receiving_fumbles,-5.034823561245183e-05,ext_et_all,2020
lag4_receiving_fumbles_lost,-2.7663864399118943e-05,ext_et_all,2020
lag4_receiving_first_downs,-7.266522097915118e-05,ext_et_all,2020
lag4_receiving_10,1.0760917736440945e-05,ext_et_all,2020
lag4_receiving_16,-5.0271934555645714e-05,ext_et_all,2020
lag4_receiving_20,3.582158915627076e-05,ext_et_all,2020
lag4_receiving_40,2.419378648410575e-05,ext_et_all,2020
lag4_special_teams_tds,0.0,ext_et_all,2020
lag4_fumbles_total,9.928431183736652e-05,ext_et_all,2020
lag4_fumbles_lost_total,-7.069494501377172e-05,ext_et_all,2020
lag4_punt_returns,-2.2199525235411244e-05,ext_et_all,2020
lag4_punt_return_yards,1.8808371453626904e-06,ext_et_all,2020
lag4_kickoff_returns,-3.704165321427588e-05,ext_et_all,2020
lag4_kickoff_return_yards,1.9069648763414548e-06,ext_et_all,2020
lag4_fg_made,0.0,ext_et_all,2020
lag4_fg_att,0.0,ext_et_all,2020
lag4_fg_missed,0.0,ext_et_all,2020
lag4_fg_blocked,0.0,ext_et_all,2020
lag4_fg_made_0_19,0.0,ext_et_all,2020
lag4_fg_made_20_29,0.0,ext_et_all,2020
lag4_fg_made_30_39,0.0,ext_et_all,2020
lag4_fg_made_40_49,0.0,ext_et_all,2020
lag4_fg_made_50_59,0.0,ext_et_all,2020
lag4_fg_made_60_,0.0,ext_et_all,2020
lag4_fg_missed_0_19,0.0,ext_et_all,2020
lag4_fg_missed_20_29,0.0,ext_et_all,2020
lag4_fg_missed_30_39,0.0,ext_et_all,2020
lag4_fg_missed_40_49,0.0,ext_et_all,2020
lag4_fg_missed_50_59,0.0,ext_et_all,2020
lag4_fg_missed_60_,0.0,ext_et_all,2020
lag4_fg_made_distance,0.0,ext_et_all,2020
lag4_fg_missed_distance,0.0,ext_et_all,2020
lag4_pat_made,0.0,ext_et_all,2020
lag4_pat_att,0.0,ext_et_all,2020
lag4_pat_missed,0.0,ext_et_all,2020
lag4_pat_blocked,0.0,ext_et_all,2020
lag4_gwfg_made,0.0,ext_et_all,2020
lag4_gwfg_att,0.0,ext_et_all,2020
lag4_gwfg_missed,0.0,ext_et_all,2020
lag4_gwfg_blocked,0.0,ext_et_all,2020
lag4_gwfg_distance,0.0,ext_et_all,2020
lag4_targets,-0.00013088088699853007,ext_et_all,2020
lag4_passing_air_yards,-1.776287972454771e-05,ext_et_all,2020
lag4_passing_yards_after_catch,7.960763016945371e-05,ext_et_all,2020
lag4_receiving_air_yards,-8.51330689277674e-06,ext_et_all,2020
lag4_receiving_yards_after_catch,-0.0006531168148907751,ext_et_all,2020
lag4_games,1.560818532619912e-05,ext_et_all,2020
lag4_roster_weeks,0.0008095178412912407,ext_et_all,2020
lag4_offense_snaps,7.400505783494715e-05,ext_et_all,2020
lag1_completion_rate,-0.0001460847405785337,ext_et_all,2020
lag1_pass_yards_per_attempt,-2.70715653829523e-05,ext_et_all,2020
lag1_pass_td_rate,0.001264822153353773,ext_et_all,2020
lag1_interception_rate,0.00014627574108128094,ext_et_all,2020
lag1_rush_yards_per_carry,0.00024673873887071096,ext_et_all,2020
lag1_rush_first_down_rate,0.0003479763772673561,ext_et_all,2020
lag1_rush_20_rate,0.002266739179910493,ext_et_all,2020
lag1_receiving_yards_per_reception,-0.00016716817907913573,ext_et_all,2020
lag1_receiving_first_down_rate,-0.00012763365885015698,ext_et_all,2020
lag1_receiving_20_rate,0.000589110928584935,ext_et_all,2020
lag1_field_goal_make_rate,0.0,ext_et_all,2020
lag1_made_field_goal_mean_distance,0.0,ext_et_all,2020
lag1_missed_field_goal_mean_distance,0.0,ext_et_all,2020
lag1_pat_make_rate,0.0,ext_et_all,2020
lag1_catch_rate,0.0043122055458786335,ext_et_all,2020
lag1_receiving_yards_per_target,0.0004911300057202084,ext_et_all,2020
lag1_receiving_air_yards_per_target,-0.00031938951167276297,ext_et_all,2020
lag1_receiving_yards_after_catch_per_reception,0.00022928661019505636,ext_et_all,2020
lag1_passing_air_yards_per_attempt,0.00031755748816142404,ext_et_all,2020
lag1_passing_yards_after_catch_per_completion,3.56769294557191e-05,ext_et_all,2020
lag2_completion_rate,4.959018479744337e-06,ext_et_all,2020
lag2_pass_yards_per_attempt,-5.290320650008784e-05,ext_et_all,2020
lag2_pass_td_rate,0.00022325233131892386,ext_et_all,2020
lag2_interception_rate,-1.9067695848917765e-05,ext_et_all,2020
lag2_rush_yards_per_carry,9.385897845148872e-05,ext_et_all,2020
lag2_rush_first_down_rate,-0.0004070386099279677,ext_et_all,2020
lag2_rush_20_rate,0.0001737470561463672,ext_et_all,2020
lag2_receiving_yards_per_reception,1.1755728153484135e-05,ext_et_all,2020
lag2_receiving_first_down_rate,5.405538370739649e-05,ext_et_all,2020
lag2_receiving_20_rate,0.0005195778726015954,ext_et_all,2020
lag2_field_goal_make_rate,0.0,ext_et_all,2020
lag2_made_field_goal_mean_distance,0.0,ext_et_all,2020
lag2_missed_field_goal_mean_distance,0.0,ext_et_all,2020
lag2_pat_make_rate,0.0,ext_et_all,2020
lag2_catch_rate,0.00018263342529023507,ext_et_all,2020
lag2_receiving_yards_per_target,0.00011844828538942753,ext_et_all,2020
lag2_receiving_air_yards_per_target,7.497037791881489e-05,ext_et_all,2020
lag2_receiving_yards_after_catch_per_reception,0.00012822702478154646,ext_et_all,2020
lag2_passing_air_yards_per_attempt,4.996818972680117e-05,ext_et_all,2020
lag2_passing_yards_after_catch_per_completion,0.0005029707698288588,ext_et_all,2020
lag3_completion_rate,0.00015301825918800915,ext_et_all,2020
lag3_pass_yards_per_attempt,5.7203087546753295e-06,ext_et_all,2020
lag3_pass_td_rate,2.670212530864191e-06,ext_et_all,2020
lag3_interception_rate,4.510199483220845e-05,ext_et_all,2020
lag3_rush_yards_per_carry,0.00017930764000440025,ext_et_all,2020
lag3_rush_first_down_rate,0.0002697469266644825,ext_et_all,2020
lag3_rush_20_rate,3.6425672476081417e-05,ext_et_all,2020
lag3_receiving_yards_per_reception,-5.625243933649049e-05,ext_et_all,2020
lag3_receiving_first_down_rate,-1.5744698837916182e-05,ext_et_all,2020
lag3_receiving_20_rate,7.129884461831715e-06,ext_et_all,2020
lag3_field_goal_make_rate,0.0,ext_et_all,2020
lag3_made_field_goal_mean_distance,0.0,ext_et_all,2020
lag3_missed_field_goal_mean_distance,0.0,ext_et_all,2020
lag3_pat_make_rate,0.0,ext_et_all,2020
lag3_catch_rate,4.8957058760956684e-05,ext_et_all,2020
lag3_receiving_yards_per_target,0.00020639873108718731,ext_et_all,2020
lag3_receiving_air_yards_per_target,0.0002503405776762557,ext_et_all,2020
lag3_receiving_yards_after_catch_per_reception,-5.5541433887196234e-05,ext_et_all,2020
lag3_passing_air_yards_per_attempt,2.683068872477712e-05,ext_et_all,2020
lag3_passing_yards_after_catch_per_completion,0.0,ext_et_all,2020
lag4_completion_rate,0.00017411991589744158,ext_et_all,2020
lag4_pass_yards_per_attempt,1.9067695851138211e-06,ext_et_all,2020
lag4_pass_td_rate,0.0,ext_et_all,2020
lag4_interception_rate,0.00010157915785402594,ext_et_all,2020
lag4_rush_yards_per_carry,-0.00014720225838971146,ext_et_all,2020
lag4_rush_first_down_rate,0.0002693138070775092,ext_et_all,2020
lag4_rush_20_rate,-1.8225920644043825e-05,ext_et_all,2020
lag4_receiving_yards_per_reception,-8.616918611970004e-05,ext_et_all,2020
lag4_receiving_first_down_rate,-0.0001828694717224133,ext_et_all,2020
lag4_receiving_20_rate,-0.00016511042672662235,ext_et_all,2020
lag4_field_goal_make_rate,0.0,ext_et_all,2020
lag4_made_field_goal_mean_distance,0.0,ext_et_all,2020
lag4_missed_field_goal_mean_distance,0.0,ext_et_all,2020
lag4_pat_make_rate,0.0,ext_et_all,2020
lag4_catch_rate,3.575049808446362e-05,ext_et_all,2020
lag4_receiving_yards_per_target,-2.672350441457194e-05,ext_et_all,2020
lag4_receiving_air_yards_per_target,5.9602116003976136e-05,ext_et_all,2020
lag4_receiving_yards_after_catch_per_reception,6.620524263400984e-05,ext_et_all,2020
lag4_passing_air_yards_per_attempt,3.298246840932606e-05,ext_et_all,2020
lag4_passing_yards_after_catch_per_completion,-0.00026451452566989,ext_et_all,2020
lag1_late6_attempts,0.0003070783665453103,ext_et_all,2020
lag1_weekly_slope_attempts,-1.2886773703257859e-05,ext_et_all,2020
lag1_late6_mean_delta_attempts,-9.076497276439e-05,ext_et_all,2020
lag1_late6_passing_yards,-0.0009605670281769285,ext_et_all,2020
lag1_weekly_slope_passing_yards,0.00019394219517199218,ext_et_all,2020
lag1_late6_mean_delta_passing_yards,0.0005209489097681708,ext_et_all,2020
lag1_late6_passing_first_downs,0.00017565884540449161,ext_et_all,2020
lag1_weekly_slope_passing_first_downs,0.0003462626450531081,ext_et_all,2020
lag1_late6_mean_delta_passing_first_downs,0.0006518432387405682,ext_et_all,2020
lag1_late6_passing_20,-3.413251188477684e-05,ext_et_all,2020
lag1_weekly_slope_passing_20,7.538772412318817e-05,ext_et_all,2020
lag1_late6_mean_delta_passing_20,6.761185604953202e-05,ext_et_all,2020
lag1_late6_carries,0.000102459340478811,ext_et_all,2020
lag1_weekly_slope_carries,0.0018202453859091916,ext_et_all,2020
lag1_late6_mean_delta_carries,0.001443091524390261,ext_et_all,2020
lag1_late6_rushing_yards,0.0003313971909455482,ext_et_all,2020
lag1_weekly_slope_rushing_yards,0.00018848322470921275,ext_et_all,2020
lag1_late6_mean_delta_rushing_yards,0.0014116101168919482,ext_et_all,2020
lag1_late6_rushing_first_downs,0.00012797500989458754,ext_et_all,2020
lag1_weekly_slope_rushing_first_downs,0.00036737886775184414,ext_et_all,2020
lag1_late6_mean_delta_rushing_first_downs,0.0011286900377355247,ext_et_all,2020
lag1_late6_rushing_20,-0.00011493445966781479,ext_et_all,2020
lag1_weekly_slope_rushing_20,0.0005483350659597486,ext_et_all,2020
lag1_late6_mean_delta_rushing_20,-0.00026235356727666304,ext_et_all,2020
lag1_late6_receptions,-0.0005269762681010537,ext_et_all,2020
lag1_weekly_slope_receptions,0.0015052000177565583,ext_et_all,2020
lag1_late6_mean_delta_receptions,0.000544394114788127,ext_et_all,2020
lag1_late6_receiving_yards,-5.74371611954394e-05,ext_et_all,2020
lag1_weekly_slope_receiving_yards,-0.00024230608933584197,ext_et_all,2020
lag1_late6_mean_delta_receiving_yards,0.0008605917153140519,ext_et_all,2020
lag1_late6_receiving_first_downs,0.0008151523856329002,ext_et_all,2020
lag1_weekly_slope_receiving_first_downs,-0.0005528208571277116,ext_et_all,2020
lag1_late6_mean_delta_receiving_first_downs,0.00016007587694089054,ext_et_all,2020
lag1_late6_receiving_20,0.00011471477233038208,ext_et_all,2020
lag1_weekly_slope_receiving_20,0.0008995945661562921,ext_et_all,2020
lag1_late6_mean_delta_receiving_20,0.0002785744793439848,ext_et_all,2020
lag1_late6_punt_return_yards,-3.6913626200174576e-07,ext_et_all,2020
lag1_weekly_slope_punt_return_yards,5.307137671528572e-05,ext_et_all,2020
lag1_late6_mean_delta_punt_return_yards,0.0,ext_et_all,2020
lag1_late6_kickoff_return_yards,0.00018870023595096708,ext_et_all,2020
lag1_weekly_slope_kickoff_return_yards,0.0008307807185571336,ext_et_all,2020
lag1_late6_mean_delta_kickoff_return_yards,-0.0007443976411114495,ext_et_all,2020
lag1_late6_fg_made,0.0,ext_et_all,2020
lag1_weekly_slope_fg_made,0.0,ext_et_all,2020
lag1_late6_mean_delta_fg_made,0.0,ext_et_all,2020
lag1_late6_fg_att,0.0,ext_et_all,2020
lag1_weekly_slope_fg_att,0.0,ext_et_all,2020
lag1_late6_mean_delta_fg_att,0.0,ext_et_all,2020
lag1_late6_pat_att,0.0,ext_et_all,2020
lag1_weekly_slope_pat_att,0.0,ext_et_all,2020
lag1_late6_mean_delta_pat_att,0.0,ext_et_all,2020
lag1_late6_targets,0.0031844230900964776,ext_et_all,2020
lag1_weekly_slope_targets,1.6371778193136066e-05,ext_et_all,2020
lag1_late6_mean_delta_targets,-0.0014095285861650542,ext_et_all,2020
lag1_late6_passing_air_yards,0.0005289689534337949,ext_et_all,2020
lag1_weekly_slope_passing_air_yards,0.00018601725026834437,ext_et_all,2020
lag1_late6_mean_delta_passing_air_yards,0.0001221642811676249,ext_et_all,2020
lag1_late6_passing_yards_after_catch,0.0004094046742549873,ext_et_all,2020
lag1_weekly_slope_passing_yards_after_catch,0.0001303936196190847,ext_et_all,2020
lag1_late6_mean_delta_passing_yards_after_catch,4.7769122537899555e-05,ext_et_all,2020
lag1_late6_receiving_air_yards,0.00023542990359648464,ext_et_all,2020
lag1_weekly_slope_receiving_air_yards,0.0006346862896278171,ext_et_all,2020
lag1_late6_mean_delta_receiving_air_yards,-0.00011732073132597609,ext_et_all,2020
lag1_late6_receiving_yards_after_catch,0.00023650979405809291,ext_et_all,2020
lag1_weekly_slope_receiving_yards_after_catch,-6.5239244153580955e-06,ext_et_all,2020
lag1_late6_mean_delta_receiving_yards_after_catch,0.0007742120807161523,ext_et_all,2020
position_K,0.0,ext_et_all,2020
injury_lag2_injury_reported,-0.00011874277988943582,ext_et_all,2020
injury_lag2_injury_report_weeks,0.00015183991513778583,ext_et_all,2020
injury_lag2_designation_count,-2.4721929829607525e-05,ext_et_all,2020
injury_lag3_injury_reported,1.2470978675516164e-05,ext_et_all,2020
injury_lag3_injury_report_weeks,3.964415062540638e-05,ext_et_all,2020
injury_lag3_designation_count,0.00010849790300981876,ext_et_all,2020
injury_lag4_injury_reported,2.6708656067575554e-05,ext_et_all,2020
injury_lag4_injury_report_weeks,-0.00011609419224256623,ext_et_all,2020
injury_lag4_designation_count,-3.7784576893962196e-06,ext_et_all,2020
injury_lag5_injury_reported,0.00015804571440003468,ext_et_all,2020
injury_lag5_injury_report_weeks,9.468561130976383e-05,ext_et_all,2020
injury_lag5_designation_count,-9.75959434934559e-07,ext_et_all,2020
injury_lag1_reserve_weeks,0.0033776179455148325,ext_et_all,2020
injury_lag2_reserve_weeks,4.525867862448241e-05,ext_et_all,2020
injury_lag3_reserve_weeks,-4.350489462923157e-05,ext_et_all,2020
injury_lag4_reserve_weeks,2.7254353600181247e-05,ext_et_all,2020
injury_lag2_absence_report_weeks,-9.583280244618297e-05,ext_et_all,2020
injury_lag2_absence_reported,0.0004322101601654804,ext_et_all,2020
injury_lag3_absence_report_weeks,-9.694377015811995e-06,ext_et_all,2020
injury_lag3_absence_reported,-7.136043596256414e-05,ext_et_all,2020
injury_lag4_absence_report_weeks,-3.3093024053298947e-06,ext_et_all,2020
injury_lag4_absence_reported,0.00042029212275251915,ext_et_all,2020
injury_lag5_absence_report_weeks,-5.04742909590572e-05,ext_et_all,2020
injury_lag5_absence_reported,-0.00017671649588968386,ext_et_all,2020
lag1_targets_per_game,-0.004112665051582809,ext_et_all,2020
lag1_carries_per_game,0.00022496928117332615,ext_et_all,2020
lag1_receptions_per_game,0.00035753523490444916,ext_et_all,2020
lag1_attempts_per_game,-0.0004489975437734772,ext_et_all,2020
lag1_receiving_yards_per_game,0.00047209460647801293,ext_et_all,2020
lag1_rushing_yards_per_game,0.00026323278419504437,ext_et_all,2020
lag1_passing_yards_per_game,0.0003814518084970242,ext_et_all,2020
lag1_offense_snaps_per_game,0.0016517579927159964,ext_et_all,2020
lag1_share_targets_prior_team,-2.1359894011641067e-05,ext_et_all,2020
lag1_share_carries_prior_team,0.0037439540160408846,ext_et_all,2020
lag1_share_receptions_prior_team,0.011240337513833354,ext_et_all,2020
lag1_share_attempts_prior_team,9.906085988342639e-05,ext_et_all,2020
age,0.004394487014587001,ext_et_all,2021
missing_age,0.012132463920370595,ext_et_all,2021
years_exp,0.0031858385273810796,ext_et_all,2021
missing_years_exp,-7.117272558754273e-06,ext_et_all,2021
height,5.4601858796243796e-05,ext_et_all,2021
missing_height,2.202420845009989e-05,ext_et_all,2021
weight,-0.0005587966675943967,ext_et_all,2021
missing_weight,-1.0577539916289957e-05,ext_et_all,2021
draft_number,0.00716801569150427,ext_et_all,2021
missing_draft_number,0.07115784584002716,ext_et_all,2021
draft_round,0.006440749582553029,ext_et_all,2021
missing_draft_round,0.05679493460152718,ext_et_all,2021
was_drafted,0.06758855129456531,ext_et_all,2021
missing_was_drafted,0.0,ext_et_all,2021
is_rookie,0.003975681998714231,ext_et_all,2021
missing_is_rookie,0.0,ext_et_all,2021
missing_team_changed,0.0,ext_et_all,2021
combine_forty,6.280176055417641e-06,ext_et_all,2021
missing_combine_forty,-9.578283002520394e-05,ext_et_all,2021
combine_bench,4.825739795544237e-06,ext_et_all,2021
missing_combine_bench,0.0010954829316985881,ext_et_all,2021
combine_vertical,-0.0004438489613434182,ext_et_all,2021
missing_combine_vertical,-0.0008027553472886861,ext_et_all,2021
combine_broad_jump,-0.00046686923253402846,ext_et_all,2021
missing_combine_broad_jump,-0.00023398536714025475,ext_et_all,2021
combine_cone,0.00023740556239626454,ext_et_all,2021
missing_combine_cone,-0.00039278576951629063,ext_et_all,2021
combine_shuttle,-0.0006111348866598698,ext_et_all,2021
missing_combine_shuttle,-6.903597895102642e-05,ext_et_all,2021
position_QB,0.0013622062882796548,ext_et_all,2021
position_RB,0.0034176435147013073,ext_et_all,2021
position_WR,-0.0006914464146982047,ext_et_all,2021
position_TE,-0.0013270706382467745,ext_et_all,2021
lag1_history_available,0.009044336252571172,ext_et_all,2021
lag1_completions,0.00026847100209814734,ext_et_all,2021
lag1_attempts,-9.669219428620757e-05,ext_et_all,2021
lag1_passing_yards,-0.0004362249161216081,ext_et_all,2021
lag1_passing_tds,0.005185705935836671,ext_et_all,2021
lag1_passing_interceptions,0.0001142188075947681,ext_et_all,2021
lag1_sacks_suffered,-2.454378222305209e-05,ext_et_all,2021
lag1_sack_yards_lost,-0.0001126169159786361,ext_et_all,2021
lag1_sack_fumbles,0.0,ext_et_all,2021
lag1_sack_fumbles_lost,2.459898942763772e-06,ext_et_all,2021
lag1_passing_first_downs,0.0032558279211756247,ext_et_all,2021
lag1_passing_10,0.0002810240763544414,ext_et_all,2021
lag1_passing_16,0.001434892342762728,ext_et_all,2021
lag1_passing_20,0.00010020512954334038,ext_et_all,2021
lag1_passing_40,0.0006482281177420113,ext_et_all,2021
lag1_carries,0.002945479666646156,ext_et_all,2021
lag1_rushing_yards,-0.0018585425045682946,ext_et_all,2021
lag1_rushing_tds,0.008243226197149234,ext_et_all,2021
lag1_rushing_fumbles,0.00012012907544323159,ext_et_all,2021
lag1_rushing_fumbles_lost,-2.9671671406883426e-05,ext_et_all,2021
lag1_rushing_first_downs,0.005435412955989483,ext_et_all,2021
lag1_rushing_10,0.006070386865287936,ext_et_all,2021
lag1_rushing_12,0.0002445771163868127,ext_et_all,2021
lag1_rushing_20,-0.001390286695932219,ext_et_all,2021
lag1_rushing_40,5.723608820529247e-05,ext_et_all,2021
lag1_receptions,0.013134869269704419,ext_et_all,2021
lag1_receiving_yards,0.004847183624633322,ext_et_all,2021
lag1_receiving_tds,0.0012380496976351907,ext_et_all,2021
lag1_receiving_fumbles,-6.477112417258013e-05,ext_et_all,2021
lag1_receiving_fumbles_lost,2.941833827785345e-05,ext_et_all,2021
lag1_receiving_first_downs,0.001411364639175905,ext_et_all,2021
lag1_receiving_10,-0.0011899350423636434,ext_et_all,2021
lag1_receiving_16,-0.00045728897145203007,ext_et_all,2021
lag1_receiving_20,0.00011886540300853898,ext_et_all,2021
lag1_receiving_40,8.92945410817525e-05,ext_et_all,2021
lag1_special_teams_tds,1.610776761629129e-05,ext_et_all,2021
lag1_fumbles_total,3.201317100931522e-05,ext_et_all,2021
lag1_fumbles_lost_total,-0.00023209159906456556,ext_et_all,2021
lag1_punt_returns,3.792214153564011e-05,ext_et_all,2021
lag1_punt_return_yards,-0.00010132332173384828,ext_et_all,2021
lag1_kickoff_returns,0.00016550096287404337,ext_et_all,2021
lag1_kickoff_return_yards,-0.0011521157620086875,ext_et_all,2021
lag1_fg_made,0.0,ext_et_all,2021
lag1_fg_att,0.0,ext_et_all,2021
lag1_fg_missed,0.0,ext_et_all,2021
lag1_fg_blocked,0.0,ext_et_all,2021
lag1_fg_made_0_19,0.0,ext_et_all,2021
lag1_fg_made_20_29,0.0,ext_et_all,2021
lag1_fg_made_30_39,0.0,ext_et_all,2021
lag1_fg_made_40_49,0.0,ext_et_all,2021
lag1_fg_made_50_59,0.0,ext_et_all,2021
lag1_fg_made_60_,0.0,ext_et_all,2021
lag1_fg_missed_0_19,0.0,ext_et_all,2021
lag1_fg_missed_20_29,0.0,ext_et_all,2021
lag1_fg_missed_30_39,0.0,ext_et_all,2021
lag1_fg_missed_40_49,0.0,ext_et_all,2021
lag1_fg_missed_50_59,0.0,ext_et_all,2021
lag1_fg_missed_60_,0.0,ext_et_all,2021
lag1_fg_made_distance,0.0,ext_et_all,2021
lag1_fg_missed_distance,0.0,ext_et_all,2021
lag1_pat_made,0.0,ext_et_all,2021
lag1_pat_att,0.0,ext_et_all,2021
lag1_pat_missed,0.0,ext_et_all,2021
lag1_pat_blocked,0.0,ext_et_all,2021
lag1_gwfg_made,0.0,ext_et_all,2021
lag1_gwfg_att,0.0,ext_et_all,2021
lag1_gwfg_missed,0.0,ext_et_all,2021
lag1_gwfg_blocked,0.0,ext_et_all,2021
lag1_gwfg_distance,0.0,ext_et_all,2021
lag1_targets,0.008309442717524429,ext_et_all,2021
lag1_passing_air_yards,0.00046561505494979727,ext_et_all,2021
lag1_passing_yards_after_catch,0.0001559341328396524,ext_et_all,2021
lag1_receiving_air_yards,-0.0006367798921258494,ext_et_all,2021
lag1_receiving_yards_after_catch,0.006197230278246035,ext_et_all,2021
lag1_games,0.014262355435319174,ext_et_all,2021
lag1_roster_weeks,0.0006785774226909513,ext_et_all,2021
lag1_offense_snaps,0.028807255878116833,ext_et_all,2021
lag2_history_available,0.003790732611989478,ext_et_all,2021
lag2_completions,-0.0003805492851574055,ext_et_all,2021
lag2_attempts,0.0006901584739530398,ext_et_all,2021
lag2_passing_yards,0.0017919270690294198,ext_et_all,2021
lag2_passing_tds,0.0008839488274503537,ext_et_all,2021
lag2_passing_interceptions,-0.0001263234931248025,ext_et_all,2021
lag2_sacks_suffered,0.0006143422769011586,ext_et_all,2021
lag2_sack_yards_lost,0.000770731780661893,ext_et_all,2021
lag2_sack_fumbles,-0.0003758109501177387,ext_et_all,2021
lag2_sack_fumbles_lost,7.456063802924184e-05,ext_et_all,2021
lag2_passing_first_downs,0.0016012255710858847,ext_et_all,2021
lag2_passing_10,0.0012616709208688182,ext_et_all,2021
lag2_passing_16,0.0006257270986241847,ext_et_all,2021
lag2_passing_20,0.0015007847784146433,ext_et_all,2021
lag2_passing_40,0.0016813756337347163,ext_et_all,2021
lag2_carries,-0.00039996287281462983,ext_et_all,2021
lag2_rushing_yards,0.0003724195625605109,ext_et_all,2021
lag2_rushing_tds,-0.00013094321575501944,ext_et_all,2021
lag2_rushing_fumbles,8.44500227651368e-05,ext_et_all,2021
lag2_rushing_fumbles_lost,-0.00011830227602072085,ext_et_all,2021
lag2_rushing_first_downs,-0.00014561366208465376,ext_et_all,2021
lag2_rushing_10,0.00014105711692136147,ext_et_all,2021
lag2_rushing_12,-0.0011710938239224422,ext_et_all,2021
lag2_rushing_20,0.0001566410116973227,ext_et_all,2021
lag2_rushing_40,0.00040249839736050674,ext_et_all,2021
lag2_receptions,-0.002191847053886642,ext_et_all,2021
lag2_receiving_yards,0.0010901022384156578,ext_et_all,2021
lag2_receiving_tds,0.0007759457070526388,ext_et_all,2021
lag2_receiving_fumbles,-0.00046520214414602634,ext_et_all,2021
lag2_receiving_fumbles_lost,8.831023198707655e-06,ext_et_all,2021
lag2_receiving_first_downs,-0.0001926894700018389,ext_et_all,2021
lag2_receiving_10,0.002583839100017027,ext_et_all,2021
lag2_receiving_16,0.001713776378000853,ext_et_all,2021
lag2_receiving_20,0.0013363401485824156,ext_et_all,2021
lag2_receiving_40,0.00026025587583944354,ext_et_all,2021
lag2_special_teams_tds,3.1278552729885334e-05,ext_et_all,2021
lag2_fumbles_total,0.0004382361841365201,ext_et_all,2021
lag2_fumbles_lost_total,-0.0002947608954392278,ext_et_all,2021
lag2_punt_returns,4.728507262552473e-05,ext_et_all,2021
lag2_punt_return_yards,5.117244048635783e-05,ext_et_all,2021
lag2_kickoff_returns,-3.815392898853798e-05,ext_et_all,2021
lag2_kickoff_return_yards,-0.00010480241363097775,ext_et_all,2021
lag2_fg_made,0.0,ext_et_all,2021
lag2_fg_att,0.0,ext_et_all,2021
lag2_fg_missed,0.0,ext_et_all,2021
lag2_fg_blocked,0.0,ext_et_all,2021
lag2_fg_made_0_19,0.0,ext_et_all,2021
lag2_fg_made_20_29,0.0,ext_et_all,2021
lag2_fg_made_30_39,0.0,ext_et_all,2021
lag2_fg_made_40_49,0.0,ext_et_all,2021
lag2_fg_made_50_59,0.0,ext_et_all,2021
lag2_fg_made_60_,0.0,ext_et_all,2021
lag2_fg_missed_0_19,0.0,ext_et_all,2021
lag2_fg_missed_20_29,0.0,ext_et_all,2021
lag2_fg_missed_30_39,0.0,ext_et_all,2021
lag2_fg_missed_40_49,0.0,ext_et_all,2021
lag2_fg_missed_50_59,0.0,ext_et_all,2021
lag2_fg_missed_60_,0.0,ext_et_all,2021
lag2_fg_made_distance,0.0,ext_et_all,2021
lag2_fg_missed_distance,0.0,ext_et_all,2021
lag2_pat_made,0.0,ext_et_all,2021
lag2_pat_att,0.0,ext_et_all,2021
lag2_pat_missed,0.0,ext_et_all,2021
lag2_pat_blocked,0.0,ext_et_all,2021
lag2_gwfg_made,0.0,ext_et_all,2021
lag2_gwfg_att,0.0,ext_et_all,2021
lag2_gwfg_missed,0.0,ext_et_all,2021
lag2_gwfg_blocked,0.0,ext_et_all,2021
lag2_gwfg_distance,0.0,ext_et_all,2021
lag2_targets,-0.00047857663411099427,ext_et_all,2021
lag2_passing_air_yards,0.0011433098925425211,ext_et_all,2021
lag2_passing_yards_after_catch,-0.0005019151564276125,ext_et_all,2021
lag2_receiving_air_yards,0.00011219526379524503,ext_et_all,2021
lag2_receiving_yards_after_catch,0.0036766063155837525,ext_et_all,2021
lag2_games,-0.0004060018152090006,ext_et_all,2021
lag2_roster_weeks,3.0307411781338445e-06,ext_et_all,2021
lag2_offense_snaps,0.002740314022620871,ext_et_all,2021
lag3_history_available,0.00016959039631081474,ext_et_all,2021
lag3_completions,0.0,ext_et_all,2021
lag3_attempts,-2.6500144301166983e-08,ext_et_all,2021
lag3_passing_yards,0.0,ext_et_all,2021
lag3_passing_tds,0.00023379526360511882,ext_et_all,2021
lag3_passing_interceptions,-1.4268210087209354e-05,ext_et_all,2021
lag3_sacks_suffered,9.512140058065555e-06,ext_et_all,2021
lag3_sack_yards_lost,5.1579130188939004e-05,ext_et_all,2021
lag3_sack_fumbles,-6.788557817771768e-06,ext_et_all,2021
lag3_sack_fumbles_lost,1.7121852104562407e-05,ext_et_all,2021
lag3_passing_first_downs,-5.612162634283102e-05,ext_et_all,2021
lag3_passing_10,4.6429061820507656e-05,ext_et_all,2021
lag3_passing_16,-1.329746852629654e-06,ext_et_all,2021
lag3_passing_20,-2.7585206168412313e-05,ext_et_all,2021
lag3_passing_40,-0.00028577035121002403,ext_et_all,2021
lag3_carries,-0.00011005152473120283,ext_et_all,2021
lag3_rushing_yards,5.178098632618866e-05,ext_et_all,2021
lag3_rushing_tds,1.563685469807563e-05,ext_et_all,2021
lag3_rushing_fumbles,6.095648261383868e-05,ext_et_all,2021
lag3_rushing_fumbles_lost,-0.000404060422911412,ext_et_all,2021
lag3_rushing_first_downs,-1.937201767721053e-05,ext_et_all,2021
lag3_rushing_10,-0.00023923776157375176,ext_et_all,2021
lag3_rushing_12,-0.0007729591473580877,ext_et_all,2021
lag3_rushing_20,-3.5098672360067695e-05,ext_et_all,2021
lag3_rushing_40,-0.0005265856340015418,ext_et_all,2021
lag3_receptions,8.24613465786328e-05,ext_et_all,2021
lag3_receiving_yards,-0.00019990061231167644,ext_et_all,2021
lag3_receiving_tds,-0.001150500341347671,ext_et_all,2021
lag3_receiving_fumbles,-5.3069505945413376e-05,ext_et_all,2021
lag3_receiving_fumbles_lost,-3.5593465055550055e-05,ext_et_all,2021
lag3_receiving_first_downs,-0.00015826458740997307,ext_et_all,2021
lag3_receiving_10,-0.0001553248025427667,ext_et_all,2021
lag3_receiving_16,-3.8991586863379446e-05,ext_et_all,2021
lag3_receiving_20,4.177367438096269e-05,ext_et_all,2021
lag3_receiving_40,-8.905567342565313e-05,ext_et_all,2021
lag3_special_teams_tds,0.0,ext_et_all,2021
lag3_fumbles_total,-0.00015306479180032806,ext_et_all,2021
lag3_fumbles_lost_total,-8.364336607957767e-05,ext_et_all,2021
lag3_punt_returns,3.114601668663397e-05,ext_et_all,2021
lag3_punt_return_yards,1.4231939152398176e-05,ext_et_all,2021
lag3_kickoff_returns,-0.0002445637191526018,ext_et_all,2021
lag3_kickoff_return_yards,-1.4222718695666714e-05,ext_et_all,2021
lag3_fg_made,0.0,ext_et_all,2021
lag3_fg_att,0.0,ext_et_all,2021
lag3_fg_missed,0.0,ext_et_all,2021
lag3_fg_blocked,0.0,ext_et_all,2021
lag3_fg_made_0_19,0.0,ext_et_all,2021
lag3_fg_made_20_29,0.0,ext_et_all,2021
lag3_fg_made_30_39,0.0,ext_et_all,2021
lag3_fg_made_40_49,0.0,ext_et_all,2021
lag3_fg_made_50_59,0.0,ext_et_all,2021
lag3_fg_made_60_,0.0,ext_et_all,2021
lag3_fg_missed_0_19,0.0,ext_et_all,2021
lag3_fg_missed_20_29,0.0,ext_et_all,2021
lag3_fg_missed_30_39,0.0,ext_et_all,2021
lag3_fg_missed_40_49,0.0,ext_et_all,2021
lag3_fg_missed_50_59,0.0,ext_et_all,2021
lag3_fg_missed_60_,0.0,ext_et_all,2021
lag3_fg_made_distance,0.0,ext_et_all,2021
lag3_fg_missed_distance,0.0,ext_et_all,2021
lag3_pat_made,0.0,ext_et_all,2021
lag3_pat_att,0.0,ext_et_all,2021
lag3_pat_missed,0.0,ext_et_all,2021
lag3_pat_blocked,0.0,ext_et_all,2021
lag3_gwfg_made,0.0,ext_et_all,2021
lag3_gwfg_att,0.0,ext_et_all,2021
lag3_gwfg_missed,0.0,ext_et_all,2021
lag3_gwfg_blocked,0.0,ext_et_all,2021
lag3_gwfg_distance,0.0,ext_et_all,2021
lag3_targets,-0.00012874238343374422,ext_et_all,2021
lag3_passing_air_yards,0.0,ext_et_all,2021
lag3_passing_yards_after_catch,-3.990665397801685e-05,ext_et_all,2021
lag3_receiving_air_yards,-7.888078204620896e-06,ext_et_all,2021
lag3_receiving_yards_after_catch,-0.0014857961707703815,ext_et_all,2021
lag3_games,-0.0001940670324878102,ext_et_all,2021
lag3_roster_weeks,-0.0006689445198974076,ext_et_all,2021
lag3_offense_snaps,-0.00020052426893601982,ext_et_all,2021
lag4_history_available,-0.00044291062104229173,ext_et_all,2021
lag4_completions,-4.064814025883656e-05,ext_et_all,2021
lag4_attempts,-0.0001032354024183002,ext_et_all,2021
lag4_passing_yards,-5.1612797472344596e-05,ext_et_all,2021
lag4_passing_tds,5.517043644065467e-05,ext_et_all,2021
lag4_passing_interceptions,-5.802405435439972e-05,ext_et_all,2021
lag4_sacks_suffered,-3.854628907740132e-05,ext_et_all,2021
lag4_sack_yards_lost,-1.4268210087209354e-05,ext_et_all,2021
lag4_sack_fumbles,0.0,ext_et_all,2021
lag4_sack_fumbles_lost,-4.916552989775447e-05,ext_et_all,2021
lag4_passing_first_downs,-7.990197648810593e-05,ext_et_all,2021
lag4_passing_10,-0.0002135231093775003,ext_et_all,2021
lag4_passing_16,-0.00016963205409192827,ext_et_all,2021
lag4_passing_20,-1.902428011613111e-05,ext_et_all,2021
lag4_passing_40,-6.539197733124169e-05,ext_et_all,2021
lag4_carries,6.875405222594999e-06,ext_et_all,2021
lag4_rushing_yards,-0.00014286140962560534,ext_et_all,2021
lag4_rushing_tds,-3.7839516774162973e-05,ext_et_all,2021
lag4_rushing_fumbles,-8.171270734491642e-06,ext_et_all,2021
lag4_rushing_fumbles_lost,-2.2994433019007943e-05,ext_et_all,2021
lag4_rushing_first_downs,-6.621610092727437e-05,ext_et_all,2021
lag4_rushing_10,-2.9793703685276895e-05,ext_et_all,2021
lag4_rushing_12,-2.7513232071840754e-05,ext_et_all,2021
lag4_rushing_20,-6.410344103802146e-05,ext_et_all,2021
lag4_rushing_40,1.795000456450424e-05,ext_et_all,2021
lag4_receptions,-0.0002842632894798358,ext_et_all,2021
lag4_receiving_yards,-3.6538361799953734e-05,ext_et_all,2021
lag4_receiving_tds,-6.37774428713378e-07,ext_et_all,2021
lag4_receiving_fumbles,-1.1522159092502982e-05,ext_et_all,2021
lag4_receiving_fumbles_lost,9.2105562945477e-06,ext_et_all,2021
lag4_receiving_first_downs,-6.226292817446133e-05,ext_et_all,2021
lag4_receiving_10,-7.81538344892807e-05,ext_et_all,2021
lag4_receiving_16,-4.359115981633632e-05,ext_et_all,2021
lag4_receiving_20,-5.382412602206177e-05,ext_et_all,2021
lag4_receiving_40,5.148573919255828e-05,ext_et_all,2021
lag4_special_teams_tds,0.0,ext_et_all,2021
lag4_fumbles_total,-6.094128743405758e-05,ext_et_all,2021
lag4_fumbles_lost_total,3.610045580981769e-05,ext_et_all,2021
lag4_punt_returns,4.007093399316375e-07,ext_et_all,2021
lag4_punt_return_yards,-4.53209260963261e-05,ext_et_all,2021
lag4_kickoff_returns,3.254422952791991e-06,ext_et_all,2021
lag4_kickoff_return_yards,1.1125550913870796e-06,ext_et_all,2021
lag4_fg_made,0.0,ext_et_all,2021
lag4_fg_att,0.0,ext_et_all,2021
lag4_fg_missed,0.0,ext_et_all,2021
lag4_fg_blocked,0.0,ext_et_all,2021
lag4_fg_made_0_19,0.0,ext_et_all,2021
lag4_fg_made_20_29,0.0,ext_et_all,2021
lag4_fg_made_30_39,0.0,ext_et_all,2021
lag4_fg_made_40_49,0.0,ext_et_all,2021
lag4_fg_made_50_59,0.0,ext_et_all,2021
lag4_fg_made_60_,0.0,ext_et_all,2021
lag4_fg_missed_0_19,0.0,ext_et_all,2021
lag4_fg_missed_20_29,0.0,ext_et_all,2021
lag4_fg_missed_30_39,0.0,ext_et_all,2021
lag4_fg_missed_40_49,0.0,ext_et_all,2021
lag4_fg_missed_50_59,0.0,ext_et_all,2021
lag4_fg_missed_60_,0.0,ext_et_all,2021
lag4_fg_made_distance,0.0,ext_et_all,2021
lag4_fg_missed_distance,0.0,ext_et_all,2021
lag4_pat_made,0.0,ext_et_all,2021
lag4_pat_att,0.0,ext_et_all,2021
lag4_pat_missed,0.0,ext_et_all,2021
lag4_pat_blocked,0.0,ext_et_all,2021
lag4_gwfg_made,0.0,ext_et_all,2021
lag4_gwfg_att,0.0,ext_et_all,2021
lag4_gwfg_missed,0.0,ext_et_all,2021
lag4_gwfg_blocked,0.0,ext_et_all,2021
lag4_gwfg_distance,0.0,ext_et_all,2021
lag4_targets,8.720351718682906e-05,ext_et_all,2021
lag4_passing_air_yards,-0.00013101471688825583,ext_et_all,2021
lag4_passing_yards_after_catch,0.0005890113916671158,ext_et_all,2021
lag4_receiving_air_yards,6.439362524968129e-05,ext_et_all,2021
lag4_receiving_yards_after_catch,4.267732863472151e-05,ext_et_all,2021
lag4_games,-0.0004474112824426335,ext_et_all,2021
lag4_roster_weeks,-0.0006070952818205688,ext_et_all,2021
lag4_offense_snaps,-0.00015285781674789778,ext_et_all,2021
lag1_completion_rate,0.00029725888201159734,ext_et_all,2021
lag1_pass_yards_per_attempt,-0.000297232053734664,ext_et_all,2021
lag1_pass_td_rate,0.00013724530874181795,ext_et_all,2021
lag1_interception_rate,5.550082678418278e-05,ext_et_all,2021
lag1_rush_yards_per_carry,-0.00031340960356263103,ext_et_all,2021
lag1_rush_first_down_rate,4.627106318855212e-05,ext_et_all,2021
lag1_rush_20_rate,-7.986615500255034e-05,ext_et_all,2021
lag1_receiving_yards_per_reception,-0.0001688875841834303,ext_et_all,2021
lag1_receiving_first_down_rate,-0.0008752982641555551,ext_et_all,2021
lag1_receiving_20_rate,-0.00024312945420579268,ext_et_all,2021
lag1_field_goal_make_rate,0.0,ext_et_all,2021
lag1_made_field_goal_mean_distance,0.0,ext_et_all,2021
lag1_missed_field_goal_mean_distance,0.0,ext_et_all,2021
lag1_pat_make_rate,0.0,ext_et_all,2021
lag1_catch_rate,0.0026616804063162025,ext_et_all,2021
lag1_receiving_yards_per_target,0.00012011889811913701,ext_et_all,2021
lag1_receiving_air_yards_per_target,0.0020905425969011127,ext_et_all,2021
lag1_receiving_yards_after_catch_per_reception,0.0002665078930499387,ext_et_all,2021
lag1_passing_air_yards_per_attempt,0.00012554587973956366,ext_et_all,2021
lag1_passing_yards_after_catch_per_completion,-3.7813549241261235e-05,ext_et_all,2021
lag2_completion_rate,0.0003509360489455382,ext_et_all,2021
lag2_pass_yards_per_attempt,0.00031204242819249384,ext_et_all,2021
lag2_pass_td_rate,-0.00022707540811350846,ext_et_all,2021
lag2_interception_rate,-1.0418026852310192e-06,ext_et_all,2021
lag2_rush_yards_per_carry,-2.1613249777230337e-05,ext_et_all,2021
lag2_rush_first_down_rate,-0.000658864217874866,ext_et_all,2021
lag2_rush_20_rate,5.90749799289636e-05,ext_et_all,2021
lag2_receiving_yards_per_reception,0.00011149066593807433,ext_et_all,2021
lag2_receiving_first_down_rate,-5.197253672528657e-05,ext_et_all,2021
lag2_receiving_20_rate,-0.0004614813177319377,ext_et_all,2021
lag2_field_goal_make_rate,0.0,ext_et_all,2021
lag2_made_field_goal_mean_distance,0.0,ext_et_all,2021
lag2_missed_field_goal_mean_distance,0.0,ext_et_all,2021
lag2_pat_make_rate,0.0,ext_et_all,2021
lag2_catch_rate,-0.0004136912108051449,ext_et_all,2021
lag2_receiving_yards_per_target,-0.00010520973973782155,ext_et_all,2021
lag2_receiving_air_yards_per_target,-5.510691799248679e-05,ext_et_all,2021
lag2_receiving_yards_after_catch_per_reception,6.092331154572417e-05,ext_et_all,2021
lag2_passing_air_yards_per_attempt,-0.0002896332347909203,ext_et_all,2021
lag2_passing_yards_after_catch_per_completion,0.00026741824852161145,ext_et_all,2021
lag3_completion_rate,1.7798990614714683e-06,ext_et_all,2021
lag3_pass_yards_per_attempt,-3.486938565677722e-05,ext_et_all,2021
lag3_pass_td_rate,-2.2829136139490558e-05,ext_et_all,2021
lag3_interception_rate,-3.240106822355315e-05,ext_et_all,2021
lag3_rush_yards_per_carry,7.232511146559872e-05,ext_et_all,2021
lag3_rush_first_down_rate,-0.000162587678658066,ext_et_all,2021
lag3_rush_20_rate,3.258239818226816e-05,ext_et_all,2021
lag3_receiving_yards_per_reception,7.153155690553525e-06,ext_et_all,2021
lag3_receiving_first_down_rate,-0.000574666722892192,ext_et_all,2021
lag3_receiving_20_rate,-1.956265972613558e-05,ext_et_all,2021
lag3_field_goal_make_rate,0.0,ext_et_all,2021
lag3_made_field_goal_mean_distance,0.0,ext_et_all,2021
lag3_missed_field_goal_mean_distance,0.0,ext_et_all,2021
lag3_pat_make_rate,0.0,ext_et_all,2021
lag3_catch_rate,-0.00015623891608429474,ext_et_all,2021
lag3_receiving_yards_per_target,-0.00030761514204569185,ext_et_all,2021
lag3_receiving_air_yards_per_target,-0.00014856553564612796,ext_et_all,2021
lag3_receiving_yards_after_catch_per_reception,3.293464868914242e-05,ext_et_all,2021
lag3_passing_air_yards_per_attempt,-0.00012127721772692279,ext_et_all,2021
lag3_passing_yards_after_catch_per_completion,2.754747389754897e-06,ext_et_all,2021
lag4_completion_rate,-0.0002729984196678803,ext_et_all,2021
lag4_pass_yards_per_attempt,-2.4696317967309867e-05,ext_et_all,2021
lag4_pass_td_rate,-0.00016918520865727427,ext_et_all,2021
lag4_interception_rate,-5.802405435439972e-05,ext_et_all,2021
lag4_rush_yards_per_carry,-0.00022905342288381814,ext_et_all,2021
lag4_rush_first_down_rate,-0.0001854626494823819,ext_et_all,2021
lag4_rush_20_rate,-3.5577875776571233e-06,ext_et_all,2021
lag4_receiving_yards_per_reception,-0.00036167305366796576,ext_et_all,2021
lag4_receiving_first_down_rate,-3.515794029185226e-05,ext_et_all,2021
lag4_receiving_20_rate,-0.0001338968680347774,ext_et_all,2021
lag4_field_goal_make_rate,0.0,ext_et_all,2021
lag4_made_field_goal_mean_distance,0.0,ext_et_all,2021
lag4_missed_field_goal_mean_distance,0.0,ext_et_all,2021
lag4_pat_make_rate,0.0,ext_et_all,2021
lag4_catch_rate,-0.00045207048243045556,ext_et_all,2021
lag4_receiving_yards_per_target,-8.154263899107228e-06,ext_et_all,2021
lag4_receiving_air_yards_per_target,7.291872062653582e-05,ext_et_all,2021
lag4_receiving_yards_after_catch_per_reception,-6.618777098577056e-05,ext_et_all,2021
lag4_passing_air_yards_per_attempt,-2.201889240638355e-05,ext_et_all,2021
lag4_passing_yards_after_catch_per_completion,0.0,ext_et_all,2021
lag1_late6_attempts,0.0003001422305448642,ext_et_all,2021
lag1_weekly_slope_attempts,0.0005108824715566174,ext_et_all,2021
lag1_late6_mean_delta_attempts,-1.0413352957372446e-05,ext_et_all,2021
lag1_late6_passing_yards,0.0009222685245868778,ext_et_all,2021
lag1_weekly_slope_passing_yards,-0.00022787048919925557,ext_et_all,2021
lag1_late6_mean_delta_passing_yards,-0.00010026750312697175,ext_et_all,2021
lag1_late6_passing_first_downs,0.0008762143905258757,ext_et_all,2021
lag1_weekly_slope_passing_first_downs,0.0006610797624796438,ext_et_all,2021
lag1_late6_mean_delta_passing_first_downs,0.0012893933638132848,ext_et_all,2021
lag1_late6_passing_20,-2.450767161699119e-05,ext_et_all,2021
lag1_weekly_slope_passing_20,0.00011260949740599102,ext_et_all,2021
lag1_late6_mean_delta_passing_20,-1.202128020016957e-06,ext_et_all,2021
lag1_late6_carries,3.169458458684993e-05,ext_et_all,2021
lag1_weekly_slope_carries,0.0011255934384035715,ext_et_all,2021
lag1_late6_mean_delta_carries,0.0005813519053842198,ext_et_all,2021
lag1_late6_rushing_yards,0.0003997486158709984,ext_et_all,2021
lag1_weekly_slope_rushing_yards,-0.00024933861642684185,ext_et_all,2021
lag1_late6_mean_delta_rushing_yards,0.00035936708315997823,ext_et_all,2021
lag1_late6_rushing_first_downs,-0.0007020167874528527,ext_et_all,2021
lag1_weekly_slope_rushing_first_downs,-0.0032288663242200366,ext_et_all,2021
lag1_late6_mean_delta_rushing_first_downs,0.00022895508584264146,ext_et_all,2021
lag1_late6_rushing_20,-0.00044772757637046023,ext_et_all,2021
lag1_weekly_slope_rushing_20,-0.0008581487945440447,ext_et_all,2021
lag1_late6_mean_delta_rushing_20,-0.00011567074301621627,ext_et_all,2021
lag1_late6_receptions,-2.039892436211943e-05,ext_et_all,2021
lag1_weekly_slope_receptions,0.0008410154631500744,ext_et_all,2021
lag1_late6_mean_delta_receptions,-0.0002079162536072765,ext_et_all,2021
lag1_late6_receiving_yards,0.00028558602545480927,ext_et_all,2021
lag1_weekly_slope_receiving_yards,4.735674272782209e-05,ext_et_all,2021
lag1_late6_mean_delta_receiving_yards,5.530122984598318e-05,ext_et_all,2021
lag1_late6_receiving_first_downs,-0.00022468713621903724,ext_et_all,2021
lag1_weekly_slope_receiving_first_downs,-0.00010091526644584459,ext_et_all,2021
lag1_late6_mean_delta_receiving_first_downs,0.0001604945608395525,ext_et_all,2021
lag1_late6_receiving_20,-0.0002809042911104953,ext_et_all,2021
lag1_weekly_slope_receiving_20,0.00028529960055156955,ext_et_all,2021
lag1_late6_mean_delta_receiving_20,-7.778443431871729e-05,ext_et_all,2021
lag1_late6_punt_return_yards,3.1773359805753465e-05,ext_et_all,2021
lag1_weekly_slope_punt_return_yards,8.587423999084631e-05,ext_et_all,2021
lag1_late6_mean_delta_punt_return_yards,9.848717125282569e-06,ext_et_all,2021
lag1_late6_kickoff_return_yards,0.0002390332284029073,ext_et_all,2021
lag1_weekly_slope_kickoff_return_yards,2.6195331011114042e-05,ext_et_all,2021
lag1_late6_mean_delta_kickoff_return_yards,0.00012501490781824387,ext_et_all,2021
lag1_late6_fg_made,0.0,ext_et_all,2021
lag1_weekly_slope_fg_made,0.0,ext_et_all,2021
lag1_late6_mean_delta_fg_made,0.0,ext_et_all,2021
lag1_late6_fg_att,0.0,ext_et_all,2021
lag1_weekly_slope_fg_att,0.0,ext_et_all,2021
lag1_late6_mean_delta_fg_att,0.0,ext_et_all,2021
lag1_late6_pat_att,0.0,ext_et_all,2021
lag1_weekly_slope_pat_att,0.0,ext_et_all,2021
lag1_late6_mean_delta_pat_att,0.0,ext_et_all,2021
lag1_late6_targets,-0.003287336897538573,ext_et_all,2021
lag1_weekly_slope_targets,-0.00035385217472738706,ext_et_all,2021
lag1_late6_mean_delta_targets,0.0003958169305415815,ext_et_all,2021
lag1_late6_passing_air_yards,-0.00012225371220742076,ext_et_all,2021
lag1_weekly_slope_passing_air_yards,0.00037921177345390245,ext_et_all,2021
lag1_late6_mean_delta_passing_air_yards,-1.610280075770021e-05,ext_et_all,2021
lag1_late6_passing_yards_after_catch,2.6725131083149556e-05,ext_et_all,2021
lag1_weekly_slope_passing_yards_after_catch,0.00011758819955354216,ext_et_all,2021
lag1_late6_mean_delta_passing_yards_after_catch,5.789525130195372e-06,ext_et_all,2021
lag1_late6_receiving_air_yards,0.0016947122498474076,ext_et_all,2021
lag1_weekly_slope_receiving_air_yards,-0.0004676715529065012,ext_et_all,2021
lag1_late6_mean_delta_receiving_air_yards,-0.0012670974127010348,ext_et_all,2021
lag1_late6_receiving_yards_after_catch,0.00010593705183881141,ext_et_all,2021
lag1_weekly_slope_receiving_yards_after_catch,7.7934597026319e-05,ext_et_all,2021
lag1_late6_mean_delta_receiving_yards_after_catch,0.00036953108568105186,ext_et_all,2021
position_K,0.0,ext_et_all,2021
injury_lag2_injury_reported,-7.229295373512024e-05,ext_et_all,2021
injury_lag2_injury_report_weeks,-0.00023122054978941264,ext_et_all,2021
injury_lag2_designation_count,-0.0003022814247894967,ext_et_all,2021
injury_lag3_injury_reported,-0.0001619842906910307,ext_et_all,2021
injury_lag3_injury_report_weeks,-5.807795196322019e-06,ext_et_all,2021
injury_lag3_designation_count,5.675159795437423e-06,ext_et_all,2021
injury_lag4_injury_reported,-0.00026310599614209895,ext_et_all,2021
injury_lag4_injury_report_weeks,-0.00010283076863637497,ext_et_all,2021
injury_lag4_designation_count,5.361429866401757e-06,ext_et_all,2021
injury_lag5_injury_reported,0.000716358750537216,ext_et_all,2021
injury_lag5_injury_report_weeks,0.00017900548672433736,ext_et_all,2021
injury_lag5_designation_count,5.829293284831394e-05,ext_et_all,2021
injury_lag1_reserve_weeks,0.0007023427234249535,ext_et_all,2021
injury_lag2_reserve_weeks,-5.919545070220966e-05,ext_et_all,2021
injury_lag3_reserve_weeks,4.238637413700452e-05,ext_et_all,2021
injury_lag4_reserve_weeks,6.3342899514484685e-06,ext_et_all,2021
injury_lag2_absence_report_weeks,7.117023213831786e-05,ext_et_all,2021
injury_lag2_absence_reported,-0.00013068608912947255,ext_et_all,2021
injury_lag3_absence_report_weeks,-4.142563188436199e-05,ext_et_all,2021
injury_lag3_absence_reported,8.12622153183451e-05,ext_et_all,2021
injury_lag4_absence_report_weeks,0.00014925548354716156,ext_et_all,2021
injury_lag4_absence_reported,3.0186477391613842e-05,ext_et_all,2021
injury_lag5_absence_report_weeks,3.114740817911077e-05,ext_et_all,2021
injury_lag5_absence_reported,1.581286221274958e-05,ext_et_all,2021
lag1_targets_per_game,0.003951062475749945,ext_et_all,2021
lag1_carries_per_game,0.0011127938260510062,ext_et_all,2021
lag1_receptions_per_game,0.003371284878445513,ext_et_all,2021
lag1_attempts_per_game,-1.0153730054418553e-05,ext_et_all,2021
lag1_receiving_yards_per_game,-0.0018528381920415171,ext_et_all,2021
lag1_rushing_yards_per_game,-0.00032113071951656025,ext_et_all,2021
lag1_passing_yards_per_game,0.0022337248397341636,ext_et_all,2021
lag1_offense_snaps_per_game,0.0014329702962994073,ext_et_all,2021
lag1_share_targets_prior_team,0.009104477719023452,ext_et_all,2021
lag1_share_carries_prior_team,0.0032384833757214126,ext_et_all,2021
lag1_share_receptions_prior_team,0.006426456672941505,ext_et_all,2021
lag1_share_attempts_prior_team,-6.419390849377038e-05,ext_et_all,2021
age,0.03268608120885097,ext_hgb_all,2019
missing_age,0.0,ext_hgb_all,2019
years_exp,0.0012352649591546028,ext_hgb_all,2019
missing_years_exp,-0.0017384728342346722,ext_hgb_all,2019
height,0.0006625270126670024,ext_hgb_all,2019
missing_height,0.0,ext_hgb_all,2019
weight,0.0045190045542731205,ext_hgb_all,2019
missing_weight,0.0,ext_hgb_all,2019
draft_number,0.0656939222591224,ext_hgb_all,2019
missing_draft_number,0.02512276982616679,ext_hgb_all,2019
draft_round,-0.006231356077696648,ext_hgb_all,2019
missing_draft_round,0.0,ext_hgb_all,2019
was_drafted,0.0,ext_hgb_all,2019
missing_was_drafted,0.0,ext_hgb_all,2019
is_rookie,0.0014897973315317614,ext_hgb_all,2019
missing_is_rookie,0.0,ext_hgb_all,2019
missing_team_changed,0.0,ext_hgb_all,2019
combine_forty,0.003409615271285582,ext_hgb_all,2019
missing_combine_forty,0.0,ext_hgb_all,2019
combine_bench,-0.0013855202954767831,ext_hgb_all,2019
missing_combine_bench,0.0,ext_hgb_all,2019
combine_vertical,-8.011480092440237e-06,ext_hgb_all,2019
missing_combine_vertical,0.0,ext_hgb_all,2019
combine_broad_jump,-0.005038404320051093,ext_hgb_all,2019
missing_combine_broad_jump,0.0,ext_hgb_all,2019
combine_cone,-0.002224582343957837,ext_hgb_all,2019
missing_combine_cone,-0.00011391310736774685,ext_hgb_all,2019
combine_shuttle,0.005217496252589493,ext_hgb_all,2019
missing_combine_shuttle,0.0,ext_hgb_all,2019
position_QB,-0.0019414509290459625,ext_hgb_all,2019
position_RB,-0.0014883889768844139,ext_hgb_all,2019
position_WR,0.0004666622562059519,ext_hgb_all,2019
position_TE,9.127772346273488e-05,ext_hgb_all,2019
lag1_history_available,0.008049413073152212,ext_hgb_all,2019
lag1_completions,-0.000691245029801113,ext_hgb_all,2019
lag1_attempts,-0.0003435144835900461,ext_hgb_all,2019
lag1_passing_yards,0.00031058495360980487,ext_hgb_all,2019
lag1_passing_tds,-0.00025051397144248977,ext_hgb_all,2019
lag1_passing_interceptions,0.00013599844410994155,ext_hgb_all,2019
lag1_sacks_suffered,-0.00017356420059111421,ext_hgb_all,2019
lag1_sack_yards_lost,0.00021874552068168462,ext_hgb_all,2019
lag1_sack_fumbles,0.0,ext_hgb_all,2019
lag1_sack_fumbles_lost,0.0004064066016769008,ext_hgb_all,2019
lag1_passing_first_downs,0.001026149898284645,ext_hgb_all,2019
lag1_passing_10,0.00013822008859576407,ext_hgb_all,2019
lag1_passing_16,0.00013614540022421906,ext_hgb_all,2019
lag1_passing_20,0.0,ext_hgb_all,2019
lag1_passing_40,-0.0006762888745710516,ext_hgb_all,2019
lag1_carries,0.005764193825209429,ext_hgb_all,2019
lag1_rushing_yards,0.0029574911012562044,ext_hgb_all,2019
lag1_rushing_tds,0.0009272028561712053,ext_hgb_all,2019
lag1_rushing_fumbles,0.0014662460080163697,ext_hgb_all,2019
lag1_rushing_fumbles_lost,0.0014349889794436077,ext_hgb_all,2019
lag1_rushing_first_downs,-0.0014965532463844244,ext_hgb_all,2019
lag1_rushing_10,0.03885816392733221,ext_hgb_all,2019
lag1_rushing_12,0.00016119911141232457,ext_hgb_all,2019
lag1_rushing_20,0.004524322638567502,ext_hgb_all,2019
lag1_rushing_40,2.56006470417125e-05,ext_hgb_all,2019
lag1_receptions,0.045231037111728045,ext_hgb_all,2019
lag1_receiving_yards,0.0037912295631877813,ext_hgb_all,2019
lag1_receiving_tds,0.012613892212153255,ext_hgb_all,2019
lag1_receiving_fumbles,0.00035805899906216077,ext_hgb_all,2019
lag1_receiving_fumbles_lost,-0.00014863487779792628,ext_hgb_all,2019
lag1_receiving_first_downs,0.010281854815910929,ext_hgb_all,2019
lag1_receiving_10,0.002136346667204636,ext_hgb_all,2019
lag1_receiving_16,0.005735579425975357,ext_hgb_all,2019
lag1_receiving_20,1.1202290558731676e-05,ext_hgb_all,2019
lag1_receiving_40,4.3042842910234747e-05,ext_hgb_all,2019
lag1_special_teams_tds,-0.0005233665008955724,ext_hgb_all,2019
lag1_fumbles_total,0.0021212274079538407,ext_hgb_all,2019
lag1_fumbles_lost_total,0.00045414837969304234,ext_hgb_all,2019
lag1_punt_returns,0.00010034116285884132,ext_hgb_all,2019
lag1_punt_return_yards,-5.170837780288373e-06,ext_hgb_all,2019
lag1_kickoff_returns,8.81844975243462e-05,ext_hgb_all,2019
lag1_kickoff_return_yards,0.0003819356111780525,ext_hgb_all,2019
lag1_fg_made,0.0,ext_hgb_all,2019
lag1_fg_att,0.0,ext_hgb_all,2019
lag1_fg_missed,0.0,ext_hgb_all,2019
lag1_fg_blocked,0.0,ext_hgb_all,2019
lag1_fg_made_0_19,0.0,ext_hgb_all,2019
lag1_fg_made_20_29,0.0,ext_hgb_all,2019
lag1_fg_made_30_39,0.0,ext_hgb_all,2019
lag1_fg_made_40_49,0.0,ext_hgb_all,2019
lag1_fg_made_50_59,0.0,ext_hgb_all,2019
lag1_fg_made_60_,0.0,ext_hgb_all,2019
lag1_fg_missed_0_19,0.0,ext_hgb_all,2019
lag1_fg_missed_20_29,0.0,ext_hgb_all,2019
lag1_fg_missed_30_39,0.0,ext_hgb_all,2019
lag1_fg_missed_40_49,0.0,ext_hgb_all,2019
lag1_fg_missed_50_59,0.0,ext_hgb_all,2019
lag1_fg_missed_60_,0.0,ext_hgb_all,2019
lag1_fg_made_distance,0.0,ext_hgb_all,2019
lag1_fg_missed_distance,0.0,ext_hgb_all,2019
lag1_pat_made,0.0,ext_hgb_all,2019
lag1_pat_att,0.0,ext_hgb_all,2019
lag1_pat_missed,0.0,ext_hgb_all,2019
lag1_pat_blocked,0.0,ext_hgb_all,2019
lag1_gwfg_made,0.0,ext_hgb_all,2019
lag1_gwfg_att,0.0,ext_hgb_all,2019
lag1_gwfg_missed,0.0,ext_hgb_all,2019
lag1_gwfg_blocked,0.0,ext_hgb_all,2019
lag1_gwfg_distance,0.0,ext_hgb_all,2019
lag1_targets,0.001964234352504146,ext_hgb_all,2019
lag1_passing_air_yards,0.0011852516556706272,ext_hgb_all,2019
lag1_passing_yards_after_catch,0.006116590845780978,ext_hgb_all,2019
lag1_receiving_air_yards,0.0055257109234664314,ext_hgb_all,2019
lag1_receiving_yards_after_catch,0.0049560443673948296,ext_hgb_all,2019
lag1_games,0.011097118017293073,ext_hgb_all,2019
lag1_roster_weeks,0.000331136031059609,ext_hgb_all,2019
lag1_offense_snaps,0.07564167767153218,ext_hgb_all,2019
lag2_history_available,-0.0006574284307756528,ext_hgb_all,2019
lag2_completions,0.00030574532069238547,ext_hgb_all,2019
lag2_attempts,0.004208621730332207,ext_hgb_all,2019
lag2_passing_yards,0.0,ext_hgb_all,2019
lag2_passing_tds,0.00292665444645146,ext_hgb_all,2019
lag2_passing_interceptions,-0.000958777593208282,ext_hgb_all,2019
lag2_sacks_suffered,4.7560565829996015e-05,ext_hgb_all,2019
lag2_sack_yards_lost,0.0017529362488560851,ext_hgb_all,2019
lag2_sack_fumbles,0.0,ext_hgb_all,2019
lag2_sack_fumbles_lost,0.0,ext_hgb_all,2019
lag2_passing_first_downs,0.0,ext_hgb_all,2019
lag2_passing_10,0.0,ext_hgb_all,2019
lag2_passing_16,0.0,ext_hgb_all,2019
lag2_passing_20,0.00021113802433725404,ext_hgb_all,2019
lag2_passing_40,0.0001548556877186691,ext_hgb_all,2019
lag2_carries,-0.0010445197200366074,ext_hgb_all,2019
lag2_rushing_yards,-0.001041389988411967,ext_hgb_all,2019
lag2_rushing_tds,-0.0003594836416227487,ext_hgb_all,2019
lag2_rushing_fumbles,0.0024330895712517675,ext_hgb_all,2019
lag2_rushing_fumbles_lost,1.2692467565855736e-05,ext_hgb_all,2019
lag2_rushing_first_downs,0.00037360716356116264,ext_hgb_all,2019
lag2_rushing_10,0.0032517355804061454,ext_hgb_all,2019
lag2_rushing_12,0.004432037640440978,ext_hgb_all,2019
lag2_rushing_20,7.434022955510322e-05,ext_hgb_all,2019
lag2_rushing_40,0.0,ext_hgb_all,2019
lag2_receptions,0.020090642676881987,ext_hgb_all,2019
lag2_receiving_yards,-0.000283321549755744,ext_hgb_all,2019
lag2_receiving_tds,0.0005980688714261051,ext_hgb_all,2019
lag2_receiving_fumbles,0.0,ext_hgb_all,2019
lag2_receiving_fumbles_lost,-0.00030211526354562146,ext_hgb_all,2019
lag2_receiving_first_downs,-2.1992258450898028e-05,ext_hgb_all,2019
lag2_receiving_10,-0.00023850412492321116,ext_hgb_all,2019
lag2_receiving_16,-0.00016080199036605514,ext_hgb_all,2019
lag2_receiving_20,0.00025964719055626695,ext_hgb_all,2019
lag2_receiving_40,0.0017492947584715202,ext_hgb_all,2019
lag2_special_teams_tds,0.0,ext_hgb_all,2019
lag2_fumbles_total,0.0019127766709630123,ext_hgb_all,2019
lag2_fumbles_lost_total,-0.0006035855257787714,ext_hgb_all,2019
lag2_punt_returns,0.0,ext_hgb_all,2019
lag2_punt_return_yards,-0.000565989721742044,ext_hgb_all,2019
lag2_kickoff_returns,-3.400774977002641e-05,ext_hgb_all,2019
lag2_kickoff_return_yards,-1.5241769956264584e-05,ext_hgb_all,2019
lag2_fg_made,0.0,ext_hgb_all,2019
lag2_fg_att,0.0,ext_hgb_all,2019
lag2_fg_missed,0.0,ext_hgb_all,2019
lag2_fg_blocked,0.0,ext_hgb_all,2019
lag2_fg_made_0_19,0.0,ext_hgb_all,2019
lag2_fg_made_20_29,0.0,ext_hgb_all,2019
lag2_fg_made_30_39,0.0,ext_hgb_all,2019
lag2_fg_made_40_49,0.0,ext_hgb_all,2019
lag2_fg_made_50_59,0.0,ext_hgb_all,2019
lag2_fg_made_60_,0.0,ext_hgb_all,2019
lag2_fg_missed_0_19,0.0,ext_hgb_all,2019
lag2_fg_missed_20_29,0.0,ext_hgb_all,2019
lag2_fg_missed_30_39,0.0,ext_hgb_all,2019
lag2_fg_missed_40_49,0.0,ext_hgb_all,2019
lag2_fg_missed_50_59,0.0,ext_hgb_all,2019
lag2_fg_missed_60_,0.0,ext_hgb_all,2019
lag2_fg_made_distance,0.0,ext_hgb_all,2019
lag2_fg_missed_distance,0.0,ext_hgb_all,2019
lag2_pat_made,0.0,ext_hgb_all,2019
lag2_pat_att,0.0,ext_hgb_all,2019
lag2_pat_missed,0.0,ext_hgb_all,2019
lag2_pat_blocked,0.0,ext_hgb_all,2019
lag2_gwfg_made,0.0,ext_hgb_all,2019
lag2_gwfg_att,0.0,ext_hgb_all,2019
lag2_gwfg_missed,0.0,ext_hgb_all,2019
lag2_gwfg_blocked,0.0,ext_hgb_all,2019
lag2_gwfg_distance,0.0,ext_hgb_all,2019
lag2_targets,0.0011221016387175098,ext_hgb_all,2019
lag2_passing_air_yards,-0.0004409248874830407,ext_hgb_all,2019
lag2_passing_yards_after_catch,-0.0005141327872481005,ext_hgb_all,2019
lag2_receiving_air_yards,7.914832796662719e-05,ext_hgb_all,2019
lag2_receiving_yards_after_catch,0.003567253219266542,ext_hgb_all,2019
lag2_games,0.0012561281693492798,ext_hgb_all,2019
lag2_roster_weeks,0.00010803909815182422,ext_hgb_all,2019
lag2_offense_snaps,0.0046600007742529925,ext_hgb_all,2019
lag3_history_available,3.726167198891961e-05,ext_hgb_all,2019
lag3_completions,0.0,ext_hgb_all,2019
lag3_attempts,0.0,ext_hgb_all,2019
lag3_passing_yards,0.0,ext_hgb_all,2019
lag3_passing_tds,0.0,ext_hgb_all,2019
lag3_passing_interceptions,0.0003746063219556284,ext_hgb_all,2019
lag3_sacks_suffered,0.0012214640298701118,ext_hgb_all,2019
lag3_sack_yards_lost,-6.619189455747687e-05,ext_hgb_all,2019
lag3_sack_fumbles,0.0006213325138886283,ext_hgb_all,2019
lag3_sack_fumbles_lost,0.0,ext_hgb_all,2019
lag3_passing_first_downs,0.0013815306093765134,ext_hgb_all,2019
lag3_passing_10,0.0,ext_hgb_all,2019
lag3_passing_16,-0.0005977152129987839,ext_hgb_all,2019
lag3_passing_20,0.0,ext_hgb_all,2019
lag3_passing_40,0.0009058244679364114,ext_hgb_all,2019
lag3_carries,0.00044378812532552825,ext_hgb_all,2019
lag3_rushing_yards,-7.888048026871708e-05,ext_hgb_all,2019
lag3_rushing_tds,0.0,ext_hgb_all,2019
lag3_rushing_fumbles,0.0,ext_hgb_all,2019
lag3_rushing_fumbles_lost,-7.126628469911189e-05,ext_hgb_all,2019
lag3_rushing_first_downs,0.002118056336649188,ext_hgb_all,2019
lag3_rushing_10,-0.0005495692258192797,ext_hgb_all,2019
lag3_rushing_12,8.276984941568699e-05,ext_hgb_all,2019
lag3_rushing_20,0.0,ext_hgb_all,2019
lag3_rushing_40,0.0,ext_hgb_all,2019
lag3_receptions,0.0010279953146145049,ext_hgb_all,2019
lag3_receiving_yards,4.185902284248311e-05,ext_hgb_all,2019
lag3_receiving_tds,-0.0005223606528270697,ext_hgb_all,2019
lag3_receiving_fumbles,7.555424482752482e-05,ext_hgb_all,2019
lag3_receiving_fumbles_lost,0.0,ext_hgb_all,2019
lag3_receiving_first_downs,-0.0003039916280582755,ext_hgb_all,2019
lag3_receiving_10,-0.000692031649974334,ext_hgb_all,2019
lag3_receiving_16,5.5717821970002746e-05,ext_hgb_all,2019
lag3_receiving_20,0.0012959903071279033,ext_hgb_all,2019
lag3_receiving_40,0.0,ext_hgb_all,2019
lag3_special_teams_tds,0.0,ext_hgb_all,2019
lag3_fumbles_total,-0.0005628789922349497,ext_hgb_all,2019
lag3_fumbles_lost_total,-3.086167358423708e-05,ext_hgb_all,2019
lag3_punt_returns,0.0,ext_hgb_all,2019
lag3_punt_return_yards,-0.00034843166576736806,ext_hgb_all,2019
lag3_kickoff_returns,6.691376122747172e-06,ext_hgb_all,2019
lag3_kickoff_return_yards,0.0,ext_hgb_all,2019
lag3_fg_made,0.0,ext_hgb_all,2019
lag3_fg_att,0.0,ext_hgb_all,2019
lag3_fg_missed,0.0,ext_hgb_all,2019
lag3_fg_blocked,0.0,ext_hgb_all,2019
lag3_fg_made_0_19,0.0,ext_hgb_all,2019
lag3_fg_made_20_29,0.0,ext_hgb_all,2019
lag3_fg_made_30_39,0.0,ext_hgb_all,2019
lag3_fg_made_40_49,0.0,ext_hgb_all,2019
lag3_fg_made_50_59,0.0,ext_hgb_all,2019
lag3_fg_made_60_,0.0,ext_hgb_all,2019
lag3_fg_missed_0_19,0.0,ext_hgb_all,2019
lag3_fg_missed_20_29,0.0,ext_hgb_all,2019
lag3_fg_missed_30_39,0.0,ext_hgb_all,2019
lag3_fg_missed_40_49,0.0,ext_hgb_all,2019
lag3_fg_missed_50_59,0.0,ext_hgb_all,2019
lag3_fg_missed_60_,0.0,ext_hgb_all,2019
lag3_fg_made_distance,0.0,ext_hgb_all,2019
lag3_fg_missed_distance,0.0,ext_hgb_all,2019
lag3_pat_made,0.0,ext_hgb_all,2019
lag3_pat_att,0.0,ext_hgb_all,2019
lag3_pat_missed,0.0,ext_hgb_all,2019
lag3_pat_blocked,0.0,ext_hgb_all,2019
lag3_gwfg_made,0.0,ext_hgb_all,2019
lag3_gwfg_att,0.0,ext_hgb_all,2019
lag3_gwfg_missed,0.0,ext_hgb_all,2019
lag3_gwfg_blocked,0.0,ext_hgb_all,2019
lag3_gwfg_distance,0.0,ext_hgb_all,2019
lag3_targets,0.003945886840501567,ext_hgb_all,2019
lag3_passing_air_yards,0.0005895852129962353,ext_hgb_all,2019
lag3_passing_yards_after_catch,0.00014404062057060685,ext_hgb_all,2019
lag3_receiving_air_yards,-0.001040341202542372,ext_hgb_all,2019
lag3_receiving_yards_after_catch,0.003214144171908462,ext_hgb_all,2019
lag3_games,-0.00039408101780180615,ext_hgb_all,2019
lag3_roster_weeks,1.6971719825842335e-05,ext_hgb_all,2019
lag3_offense_snaps,-0.0002392460666116314,ext_hgb_all,2019
lag4_history_available,0.0,ext_hgb_all,2019
lag4_completions,-2.7948864203652946e-05,ext_hgb_all,2019
lag4_attempts,0.0,ext_hgb_all,2019
lag4_passing_yards,0.00021580314207603202,ext_hgb_all,2019
lag4_passing_tds,0.003087995516968478,ext_hgb_all,2019
lag4_passing_interceptions,0.0,ext_hgb_all,2019
lag4_sacks_suffered,0.0002499614924312832,ext_hgb_all,2019
lag4_sack_yards_lost,0.0,ext_hgb_all,2019
lag4_sack_fumbles,-0.0017916817884878755,ext_hgb_all,2019
lag4_sack_fumbles_lost,-0.00018377074953290773,ext_hgb_all,2019
lag4_passing_first_downs,0.0,ext_hgb_all,2019
lag4_passing_10,0.0,ext_hgb_all,2019
lag4_passing_16,0.003417261444985442,ext_hgb_all,2019
lag4_passing_20,0.00010627176301880592,ext_hgb_all,2019
lag4_passing_40,-0.00010574421736242456,ext_hgb_all,2019
lag4_carries,-0.0001284448753886558,ext_hgb_all,2019
lag4_rushing_yards,0.0001409694939156214,ext_hgb_all,2019
lag4_rushing_tds,0.0,ext_hgb_all,2019
lag4_rushing_fumbles,-0.00031289275680734807,ext_hgb_all,2019
lag4_rushing_fumbles_lost,7.961935545730547e-05,ext_hgb_all,2019
lag4_rushing_first_downs,0.000416802993084886,ext_hgb_all,2019
lag4_rushing_10,0.0004577435296088117,ext_hgb_all,2019
lag4_rushing_12,0.0,ext_hgb_all,2019
lag4_rushing_20,0.0,ext_hgb_all,2019
lag4_rushing_40,0.0,ext_hgb_all,2019
lag4_receptions,0.00012627995067682196,ext_hgb_all,2019
lag4_receiving_yards,-3.519138465923888e-05,ext_hgb_all,2019
lag4_receiving_tds,-7.193099506885847e-05,ext_hgb_all,2019
lag4_receiving_fumbles,0.0,ext_hgb_all,2019
lag4_receiving_fumbles_lost,8.127827764814466e-05,ext_hgb_all,2019
lag4_receiving_first_downs,0.00017713902048721586,ext_hgb_all,2019
lag4_receiving_10,-9.759020930300011e-05,ext_hgb_all,2019
lag4_receiving_16,0.0001379850830791618,ext_hgb_all,2019
lag4_receiving_20,0.0,ext_hgb_all,2019
lag4_receiving_40,0.0,ext_hgb_all,2019
lag4_special_teams_tds,0.0,ext_hgb_all,2019
lag4_fumbles_total,0.0012118052653384837,ext_hgb_all,2019
lag4_fumbles_lost_total,0.0,ext_hgb_all,2019
lag4_punt_returns,0.0,ext_hgb_all,2019
lag4_punt_return_yards,0.0,ext_hgb_all,2019
lag4_kickoff_returns,0.0,ext_hgb_all,2019
lag4_kickoff_return_yards,0.0,ext_hgb_all,2019
lag4_fg_made,0.0,ext_hgb_all,2019
lag4_fg_att,0.0,ext_hgb_all,2019
lag4_fg_missed,0.0,ext_hgb_all,2019
lag4_fg_blocked,0.0,ext_hgb_all,2019
lag4_fg_made_0_19,0.0,ext_hgb_all,2019
lag4_fg_made_20_29,0.0,ext_hgb_all,2019
lag4_fg_made_30_39,0.0,ext_hgb_all,2019
lag4_fg_made_40_49,0.0,ext_hgb_all,2019
lag4_fg_made_50_59,0.0,ext_hgb_all,2019
lag4_fg_made_60_,0.0,ext_hgb_all,2019
lag4_fg_missed_0_19,0.0,ext_hgb_all,2019
lag4_fg_missed_20_29,0.0,ext_hgb_all,2019
lag4_fg_missed_30_39,0.0,ext_hgb_all,2019
lag4_fg_missed_40_49,0.0,ext_hgb_all,2019
lag4_fg_missed_50_59,0.0,ext_hgb_all,2019
lag4_fg_missed_60_,0.0,ext_hgb_all,2019
lag4_fg_made_distance,0.0,ext_hgb_all,2019
lag4_fg_missed_distance,0.0,ext_hgb_all,2019
lag4_pat_made,0.0,ext_hgb_all,2019
lag4_pat_att,0.0,ext_hgb_all,2019
lag4_pat_missed,0.0,ext_hgb_all,2019
lag4_pat_blocked,0.0,ext_hgb_all,2019
lag4_gwfg_made,0.0,ext_hgb_all,2019
lag4_gwfg_att,0.0,ext_hgb_all,2019
lag4_gwfg_missed,0.0,ext_hgb_all,2019
lag4_gwfg_blocked,0.0,ext_hgb_all,2019
lag4_gwfg_distance,0.0,ext_hgb_all,2019
lag4_targets,-0.0008572990003165026,ext_hgb_all,2019
lag4_passing_air_yards,3.64692361873864e-05,ext_hgb_all,2019
lag4_passing_yards_after_catch,-0.0004650562041493833,ext_hgb_all,2019
lag4_receiving_air_yards,0.0003693471658372527,ext_hgb_all,2019
lag4_receiving_yards_after_catch,0.0007945748538190633,ext_hgb_all,2019
lag4_games,-0.0005915031973624529,ext_hgb_all,2019
lag4_roster_weeks,-6.207594842799757e-05,ext_hgb_all,2019
lag4_offense_snaps,0.0005075306874897656,ext_hgb_all,2019
lag1_completion_rate,0.0057315956936447865,ext_hgb_all,2019
lag1_pass_yards_per_attempt,0.006670718258735553,ext_hgb_all,2019
lag1_pass_td_rate,-0.002660889120617904,ext_hgb_all,2019
lag1_interception_rate,0.0006853012169540929,ext_hgb_all,2019
lag1_rush_yards_per_carry,-0.00039509967080775255,ext_hgb_all,2019
lag1_rush_first_down_rate,0.000689250285556664,ext_hgb_all,2019
lag1_rush_20_rate,-0.0005535101143299137,ext_hgb_all,2019
lag1_receiving_yards_per_reception,0.0017817741416205068,ext_hgb_all,2019
lag1_receiving_first_down_rate,-0.0001795220448888024,ext_hgb_all,2019
lag1_receiving_20_rate,-0.0008284947889972694,ext_hgb_all,2019
lag1_field_goal_make_rate,0.0,ext_hgb_all,2019
lag1_made_field_goal_mean_distance,0.0,ext_hgb_all,2019
lag1_missed_field_goal_mean_distance,0.0,ext_hgb_all,2019
lag1_pat_make_rate,0.0,ext_hgb_all,2019
lag1_catch_rate,0.0012823157007049168,ext_hgb_all,2019
lag1_receiving_yards_per_target,0.007094222188649635,ext_hgb_all,2019
lag1_receiving_air_yards_per_target,0.002289386212209754,ext_hgb_all,2019
lag1_receiving_yards_after_catch_per_reception,0.002314099247278878,ext_hgb_all,2019
lag1_passing_air_yards_per_attempt,0.0003248478344153316,ext_hgb_all,2019
lag1_passing_yards_after_catch_per_completion,0.0014631914343802288,ext_hgb_all,2019
lag2_completion_rate,1.0977140621148962e-05,ext_hgb_all,2019
lag2_pass_yards_per_attempt,0.0005105038152365404,ext_hgb_all,2019
lag2_pass_td_rate,-0.00016377662408340043,ext_hgb_all,2019
lag2_interception_rate,-0.00014246117354821397,ext_hgb_all,2019
lag2_rush_yards_per_carry,0.0010153724470827186,ext_hgb_all,2019
lag2_rush_first_down_rate,0.00020712637606701279,ext_hgb_all,2019
lag2_rush_20_rate,-0.0020316197445510165,ext_hgb_all,2019
lag2_receiving_yards_per_reception,-0.0002831819966858662,ext_hgb_all,2019
lag2_receiving_first_down_rate,0.0010693357587336916,ext_hgb_all,2019
lag2_receiving_20_rate,-0.001885439889722007,ext_hgb_all,2019
lag2_field_goal_make_rate,0.0,ext_hgb_all,2019
lag2_made_field_goal_mean_distance,0.0,ext_hgb_all,2019
lag2_missed_field_goal_mean_distance,0.0,ext_hgb_all,2019
lag2_pat_make_rate,0.0,ext_hgb_all,2019
lag2_catch_rate,0.00033161526672242925,ext_hgb_all,2019
lag2_receiving_yards_per_target,0.00033577432258358186,ext_hgb_all,2019
lag2_receiving_air_yards_per_target,-7.6177366168384e-06,ext_hgb_all,2019
lag2_receiving_yards_after_catch_per_reception,0.003029295319022518,ext_hgb_all,2019
lag2_passing_air_yards_per_attempt,-0.0012351614556486146,ext_hgb_all,2019
lag2_passing_yards_after_catch_per_completion,0.00010329992237445573,ext_hgb_all,2019
lag3_completion_rate,-0.0002449187279477405,ext_hgb_all,2019
lag3_pass_yards_per_attempt,5.4543555541020083e-05,ext_hgb_all,2019
lag3_pass_td_rate,0.0,ext_hgb_all,2019
lag3_interception_rate,-0.00018154566281114448,ext_hgb_all,2019
lag3_rush_yards_per_carry,-0.0006615817760526888,ext_hgb_all,2019
lag3_rush_first_down_rate,-2.909775189641195e-05,ext_hgb_all,2019
lag3_rush_20_rate,5.608311086713336e-05,ext_hgb_all,2019
lag3_receiving_yards_per_reception,6.030396489531409e-05,ext_hgb_all,2019
lag3_receiving_first_down_rate,-0.0001540801037173134,ext_hgb_all,2019
lag3_receiving_20_rate,-0.00018004903994039978,ext_hgb_all,2019
lag3_field_goal_make_rate,0.0,ext_hgb_all,2019
lag3_made_field_goal_mean_distance,0.0,ext_hgb_all,2019
lag3_missed_field_goal_mean_distance,0.0,ext_hgb_all,2019
lag3_pat_make_rate,0.0,ext_hgb_all,2019
lag3_catch_rate,0.00031421467648429235,ext_hgb_all,2019
lag3_receiving_yards_per_target,0.000348044207913234,ext_hgb_all,2019
lag3_receiving_air_yards_per_target,-1.1423466612314748e-05,ext_hgb_all,2019
lag3_receiving_yards_after_catch_per_reception,-0.0006746381983847582,ext_hgb_all,2019
lag3_passing_air_yards_per_attempt,3.2207952838092524e-05,ext_hgb_all,2019
lag3_passing_yards_after_catch_per_completion,0.00016191856679803607,ext_hgb_all,2019
lag4_completion_rate,0.0008628601238658273,ext_hgb_all,2019
lag4_pass_yards_per_attempt,0.0003102417982437933,ext_hgb_all,2019
lag4_pass_td_rate,0.0013351201253760658,ext_hgb_all,2019
lag4_interception_rate,0.0,ext_hgb_all,2019
lag4_rush_yards_per_carry,-0.0001434701605135258,ext_hgb_all,2019
lag4_rush_first_down_rate,-0.00025677520875655446,ext_hgb_all,2019
lag4_rush_20_rate,-0.00010838596323914373,ext_hgb_all,2019
lag4_receiving_yards_per_reception,-0.0001915447033832285,ext_hgb_all,2019
lag4_receiving_first_down_rate,-0.00020834673301661777,ext_hgb_all,2019
lag4_receiving_20_rate,-6.0176477937323725e-06,ext_hgb_all,2019
lag4_field_goal_make_rate,0.0,ext_hgb_all,2019
lag4_made_field_goal_mean_distance,0.0,ext_hgb_all,2019
lag4_missed_field_goal_mean_distance,0.0,ext_hgb_all,2019
lag4_pat_make_rate,0.0,ext_hgb_all,2019
lag4_catch_rate,-0.00016111880814173585,ext_hgb_all,2019
lag4_receiving_yards_per_target,-0.00039806372243833543,ext_hgb_all,2019
lag4_receiving_air_yards_per_target,-0.0005644724346013374,ext_hgb_all,2019
lag4_receiving_yards_after_catch_per_reception,-0.00017132714791290304,ext_hgb_all,2019
lag4_passing_air_yards_per_attempt,0.0023507612976285674,ext_hgb_all,2019
lag4_passing_yards_after_catch_per_completion,0.00019436403558659165,ext_hgb_all,2019
lag1_late6_attempts,0.0002607179291213013,ext_hgb_all,2019
lag1_weekly_slope_attempts,0.00019223111386701408,ext_hgb_all,2019
lag1_late6_mean_delta_attempts,0.0018903265541807546,ext_hgb_all,2019
lag1_late6_passing_yards,8.754640462016461e-05,ext_hgb_all,2019
lag1_weekly_slope_passing_yards,0.0002345613937118074,ext_hgb_all,2019
lag1_late6_mean_delta_passing_yards,-0.0002521056198523386,ext_hgb_all,2019
lag1_late6_passing_first_downs,0.0013891712801733513,ext_hgb_all,2019
lag1_weekly_slope_passing_first_downs,0.00038618508210253033,ext_hgb_all,2019
lag1_late6_mean_delta_passing_first_downs,0.0008872642226480654,ext_hgb_all,2019
lag1_late6_passing_20,0.001145612022925957,ext_hgb_all,2019
lag1_weekly_slope_passing_20,0.0,ext_hgb_all,2019
lag1_late6_mean_delta_passing_20,-0.001762584602550854,ext_hgb_all,2019
lag1_late6_carries,0.0027360389105626215,ext_hgb_all,2019
lag1_weekly_slope_carries,-9.694140247984429e-05,ext_hgb_all,2019
lag1_late6_mean_delta_carries,-0.002069143886651359,ext_hgb_all,2019
lag1_late6_rushing_yards,0.0016861051038220554,ext_hgb_all,2019
lag1_weekly_slope_rushing_yards,-0.000780673939986154,ext_hgb_all,2019
lag1_late6_mean_delta_rushing_yards,0.007283711992290831,ext_hgb_all,2019
lag1_late6_rushing_first_downs,-0.00028691808208969327,ext_hgb_all,2019
lag1_weekly_slope_rushing_first_downs,-0.0011791793464345224,ext_hgb_all,2019
lag1_late6_mean_delta_rushing_first_downs,0.0011634090630625593,ext_hgb_all,2019
lag1_late6_rushing_20,0.0037894610455230238,ext_hgb_all,2019
lag1_weekly_slope_rushing_20,0.00512392567394071,ext_hgb_all,2019
lag1_late6_mean_delta_rushing_20,0.0002140945905833025,ext_hgb_all,2019
lag1_late6_receptions,-0.0021542361946521593,ext_hgb_all,2019
lag1_weekly_slope_receptions,0.0050332586054753214,ext_hgb_all,2019
lag1_late6_mean_delta_receptions,0.003994066172126942,ext_hgb_all,2019
lag1_late6_receiving_yards,0.00026714429088314784,ext_hgb_all,2019
lag1_weekly_slope_receiving_yards,0.00011648099326289074,ext_hgb_all,2019
lag1_late6_mean_delta_receiving_yards,-0.0007327161982112473,ext_hgb_all,2019
lag1_late6_receiving_first_downs,0.002315098372396296,ext_hgb_all,2019
lag1_weekly_slope_receiving_first_downs,-5.492665170714339e-05,ext_hgb_all,2019
lag1_late6_mean_delta_receiving_first_downs,0.001864600936665739,ext_hgb_all,2019
lag1_late6_receiving_20,-0.0005718395341431926,ext_hgb_all,2019
lag1_weekly_slope_receiving_20,0.00474701531193733,ext_hgb_all,2019
lag1_late6_mean_delta_receiving_20,-0.0004926148744743841,ext_hgb_all,2019
lag1_late6_punt_return_yards,0.0,ext_hgb_all,2019
lag1_weekly_slope_punt_return_yards,-9.738184791352467e-05,ext_hgb_all,2019
lag1_late6_mean_delta_punt_return_yards,0.0,ext_hgb_all,2019
lag1_late6_kickoff_return_yards,0.0,ext_hgb_all,2019
lag1_weekly_slope_kickoff_return_yards,0.0012051197330192887,ext_hgb_all,2019
lag1_late6_mean_delta_kickoff_return_yards,0.0014783594144187617,ext_hgb_all,2019
lag1_late6_fg_made,0.0,ext_hgb_all,2019
lag1_weekly_slope_fg_made,0.0,ext_hgb_all,2019
lag1_late6_mean_delta_fg_made,0.0,ext_hgb_all,2019
lag1_late6_fg_att,0.0,ext_hgb_all,2019
lag1_weekly_slope_fg_att,0.0,ext_hgb_all,2019
lag1_late6_mean_delta_fg_att,0.0,ext_hgb_all,2019
lag1_late6_pat_att,0.0,ext_hgb_all,2019
lag1_weekly_slope_pat_att,0.0,ext_hgb_all,2019
lag1_late6_mean_delta_pat_att,0.0,ext_hgb_all,2019
lag1_late6_targets,0.0008530228118182048,ext_hgb_all,2019
lag1_weekly_slope_targets,-0.0022610960272468894,ext_hgb_all,2019
lag1_late6_mean_delta_targets,0.0002206681201585292,ext_hgb_all,2019
lag1_late6_passing_air_yards,-0.0012672869368277606,ext_hgb_all,2019
lag1_weekly_slope_passing_air_yards,0.00044940472395293973,ext_hgb_all,2019
lag1_late6_mean_delta_passing_air_yards,-0.0003265514591362928,ext_hgb_all,2019
lag1_late6_passing_yards_after_catch,0.0004991317441771503,ext_hgb_all,2019
lag1_weekly_slope_passing_yards_after_catch,5.492326031752981e-06,ext_hgb_all,2019
lag1_late6_mean_delta_passing_yards_after_catch,-5.83288071043242e-05,ext_hgb_all,2019
lag1_late6_receiving_air_yards,0.0006853810353488754,ext_hgb_all,2019
lag1_weekly_slope_receiving_air_yards,0.0006722035135129367,ext_hgb_all,2019
lag1_late6_mean_delta_receiving_air_yards,0.004393658883579121,ext_hgb_all,2019
lag1_late6_receiving_yards_after_catch,0.0026457936253641012,ext_hgb_all,2019
lag1_weekly_slope_receiving_yards_after_catch,0.005047789359455934,ext_hgb_all,2019
lag1_late6_mean_delta_receiving_yards_after_catch,0.0028395976587909377,ext_hgb_all,2019
position_K,0.0,ext_hgb_all,2019
injury_lag2_injury_reported,-0.0004439135754014112,ext_hgb_all,2019
injury_lag2_injury_report_weeks,0.00026675981877843924,ext_hgb_all,2019
injury_lag2_designation_count,-0.0007787423194309806,ext_hgb_all,2019
injury_lag3_injury_reported,0.0010340437956346538,ext_hgb_all,2019
injury_lag3_injury_report_weeks,-0.0004680205718167185,ext_hgb_all,2019
injury_lag3_designation_count,-0.0005578887537773802,ext_hgb_all,2019
injury_lag4_injury_reported,4.698749130671587e-06,ext_hgb_all,2019
injury_lag4_injury_report_weeks,0.00013256812246598138,ext_hgb_all,2019
injury_lag4_designation_count,3.409102533902253e-05,ext_hgb_all,2019
injury_lag5_injury_reported,8.054264455381599e-07,ext_hgb_all,2019
injury_lag5_injury_report_weeks,0.0,ext_hgb_all,2019
injury_lag5_designation_count,-0.00021934683119240184,ext_hgb_all,2019
injury_lag1_reserve_weeks,0.0011292194161990343,ext_hgb_all,2019
injury_lag2_reserve_weeks,-0.00013335897282273912,ext_hgb_all,2019
injury_lag3_reserve_weeks,0.0,ext_hgb_all,2019
injury_lag4_reserve_weeks,0.0,ext_hgb_all,2019
injury_lag2_absence_report_weeks,0.0,ext_hgb_all,2019
injury_lag2_absence_reported,0.0,ext_hgb_all,2019
injury_lag3_absence_report_weeks,0.00014058102784930693,ext_hgb_all,2019
injury_lag3_absence_reported,0.0,ext_hgb_all,2019
injury_lag4_absence_report_weeks,0.0,ext_hgb_all,2019
injury_lag4_absence_reported,0.0,ext_hgb_all,2019
injury_lag5_absence_report_weeks,0.0,ext_hgb_all,2019
injury_lag5_absence_reported,0.0,ext_hgb_all,2019
lag1_targets_per_game,-0.0027451487826042342,ext_hgb_all,2019
lag1_carries_per_game,0.002933346396849279,ext_hgb_all,2019
lag1_receptions_per_game,-0.0006338790730107124,ext_hgb_all,2019
lag1_attempts_per_game,-0.0008372838530199544,ext_hgb_all,2019
lag1_receiving_yards_per_game,0.016942520107765757,ext_hgb_all,2019
lag1_rushing_yards_per_game,0.0016337077423828061,ext_hgb_all,2019
lag1_passing_yards_per_game,0.015209163204937926,ext_hgb_all,2019
lag1_offense_snaps_per_game,0.001660726509360777,ext_hgb_all,2019
lag1_share_targets_prior_team,0.0010898413565141318,ext_hgb_all,2019
lag1_share_carries_prior_team,0.006437257377172267,ext_hgb_all,2019
lag1_share_receptions_prior_team,0.0007880126882335858,ext_hgb_all,2019
lag1_share_attempts_prior_team,0.0018804269459216094,ext_hgb_all,2019
age,0.01546337968897038,ext_hgb_all,2020
missing_age,0.0,ext_hgb_all,2020
years_exp,0.0005941146635035643,ext_hgb_all,2020
missing_years_exp,0.0,ext_hgb_all,2020
height,-0.003642790284186015,ext_hgb_all,2020
missing_height,0.0,ext_hgb_all,2020
weight,0.0016355762283803976,ext_hgb_all,2020
missing_weight,0.0,ext_hgb_all,2020
draft_number,0.05309544941891664,ext_hgb_all,2020
missing_draft_number,0.03011782848332467,ext_hgb_all,2020
draft_round,-0.00019289627205876236,ext_hgb_all,2020
missing_draft_round,0.0,ext_hgb_all,2020
was_drafted,0.0,ext_hgb_all,2020
missing_was_drafted,0.0,ext_hgb_all,2020
is_rookie,0.00038219789313564956,ext_hgb_all,2020
missing_is_rookie,0.0,ext_hgb_all,2020
missing_team_changed,0.0,ext_hgb_all,2020
combine_forty,0.0009309039338297742,ext_hgb_all,2020
missing_combine_forty,0.0,ext_hgb_all,2020
combine_bench,-0.0021020052878587547,ext_hgb_all,2020
missing_combine_bench,1.0944922574140925e-05,ext_hgb_all,2020
combine_vertical,0.002943736525760743,ext_hgb_all,2020
missing_combine_vertical,0.0,ext_hgb_all,2020
combine_broad_jump,-0.002101596074731149,ext_hgb_all,2020
missing_combine_broad_jump,0.0,ext_hgb_all,2020
combine_cone,-0.0006647899858484019,ext_hgb_all,2020
missing_combine_cone,3.262921157087817e-05,ext_hgb_all,2020
combine_shuttle,-0.0028763662619237795,ext_hgb_all,2020
missing_combine_shuttle,0.0,ext_hgb_all,2020
position_QB,0.0,ext_hgb_all,2020
position_RB,-6.785610021287081e-05,ext_hgb_all,2020
position_WR,-0.0015068555356886337,ext_hgb_all,2020
position_TE,0.00043253336470694403,ext_hgb_all,2020
lag1_history_available,0.005649436118607132,ext_hgb_all,2020
lag1_completions,-0.0011824665830301173,ext_hgb_all,2020
lag1_attempts,1.1564826845167353e-05,ext_hgb_all,2020
lag1_passing_yards,0.0009584152079574748,ext_hgb_all,2020
lag1_passing_tds,8.154054844200509e-05,ext_hgb_all,2020
lag1_passing_interceptions,0.002824361688804511,ext_hgb_all,2020
lag1_sacks_suffered,-0.0021994361703833176,ext_hgb_all,2020
lag1_sack_yards_lost,0.0002741629757133657,ext_hgb_all,2020
lag1_sack_fumbles,-0.0005784911463756481,ext_hgb_all,2020
lag1_sack_fumbles_lost,0.00025160189010364764,ext_hgb_all,2020
lag1_passing_first_downs,0.00035967366512357213,ext_hgb_all,2020
lag1_passing_10,5.699182412777226e-06,ext_hgb_all,2020
lag1_passing_16,0.0,ext_hgb_all,2020
lag1_passing_20,-0.0012739751999271132,ext_hgb_all,2020
lag1_passing_40,-0.0001801219241145402,ext_hgb_all,2020
lag1_carries,-0.0010690623779912034,ext_hgb_all,2020
lag1_rushing_yards,0.0013592832089741602,ext_hgb_all,2020
lag1_rushing_tds,0.0018375661841441016,ext_hgb_all,2020
lag1_rushing_fumbles,0.00047960939936031455,ext_hgb_all,2020
lag1_rushing_fumbles_lost,0.004057599930072153,ext_hgb_all,2020
lag1_rushing_first_downs,-0.0010462867887137683,ext_hgb_all,2020
lag1_rushing_10,0.01590058949535844,ext_hgb_all,2020
lag1_rushing_12,0.0006225779854669433,ext_hgb_all,2020
lag1_rushing_20,-0.00036575675915984096,ext_hgb_all,2020
lag1_rushing_40,0.0014212816888271584,ext_hgb_all,2020
lag1_receptions,0.007674269916487453,ext_hgb_all,2020
lag1_receiving_yards,0.002648499517332925,ext_hgb_all,2020
lag1_receiving_tds,0.012808789102003781,ext_hgb_all,2020
lag1_receiving_fumbles,-1.4063176834167024e-07,ext_hgb_all,2020
lag1_receiving_fumbles_lost,0.0001364754269651547,ext_hgb_all,2020
lag1_receiving_first_downs,0.006401508559528923,ext_hgb_all,2020
lag1_receiving_10,0.0006623795481711658,ext_hgb_all,2020
lag1_receiving_16,0.003139961303603167,ext_hgb_all,2020
lag1_receiving_20,0.0010243552456506988,ext_hgb_all,2020
lag1_receiving_40,0.00037395432632902903,ext_hgb_all,2020
lag1_special_teams_tds,0.0,ext_hgb_all,2020
lag1_fumbles_total,-0.0030886651757781047,ext_hgb_all,2020
lag1_fumbles_lost_total,-3.0892255599490603e-05,ext_hgb_all,2020
lag1_punt_returns,-0.00010041775391911312,ext_hgb_all,2020
lag1_punt_return_yards,0.00035320874747346576,ext_hgb_all,2020
lag1_kickoff_returns,-1.2416038221885195e-05,ext_hgb_all,2020
lag1_kickoff_return_yards,-0.00018573962513257491,ext_hgb_all,2020
lag1_fg_made,0.0,ext_hgb_all,2020
lag1_fg_att,0.0,ext_hgb_all,2020
lag1_fg_missed,0.0,ext_hgb_all,2020
lag1_fg_blocked,0.0,ext_hgb_all,2020
lag1_fg_made_0_19,0.0,ext_hgb_all,2020
lag1_fg_made_20_29,0.0,ext_hgb_all,2020
lag1_fg_made_30_39,0.0,ext_hgb_all,2020
lag1_fg_made_40_49,0.0,ext_hgb_all,2020
lag1_fg_made_50_59,0.0,ext_hgb_all,2020
lag1_fg_made_60_,0.0,ext_hgb_all,2020
lag1_fg_missed_0_19,0.0,ext_hgb_all,2020
lag1_fg_missed_20_29,0.0,ext_hgb_all,2020
lag1_fg_missed_30_39,0.0,ext_hgb_all,2020
lag1_fg_missed_40_49,0.0,ext_hgb_all,2020
lag1_fg_missed_50_59,0.0,ext_hgb_all,2020
lag1_fg_missed_60_,0.0,ext_hgb_all,2020
lag1_fg_made_distance,0.0,ext_hgb_all,2020
lag1_fg_missed_distance,0.0,ext_hgb_all,2020
lag1_pat_made,0.0,ext_hgb_all,2020
lag1_pat_att,0.0,ext_hgb_all,2020
lag1_pat_missed,0.0,ext_hgb_all,2020
lag1_pat_blocked,0.0,ext_hgb_all,2020
lag1_gwfg_made,0.0,ext_hgb_all,2020
lag1_gwfg_att,0.0,ext_hgb_all,2020
lag1_gwfg_missed,0.0,ext_hgb_all,2020
lag1_gwfg_blocked,0.0,ext_hgb_all,2020
lag1_gwfg_distance,0.0,ext_hgb_all,2020
lag1_targets,0.0005027075359472777,ext_hgb_all,2020
lag1_passing_air_yards,0.0017397681927119324,ext_hgb_all,2020
lag1_passing_yards_after_catch,0.0001052779365966483,ext_hgb_all,2020
lag1_receiving_air_yards,0.018870506757451055,ext_hgb_all,2020
lag1_receiving_yards_after_catch,0.0030648649000696304,ext_hgb_all,2020
lag1_games,0.02266201071694185,ext_hgb_all,2020
lag1_roster_weeks,0.0001292159241081947,ext_hgb_all,2020
lag1_offense_snaps,0.13727732119784652,ext_hgb_all,2020
lag2_history_available,6.521383102586764e-05,ext_hgb_all,2020
lag2_completions,-0.0011345264207290873,ext_hgb_all,2020
lag2_attempts,0.0013826148706405084,ext_hgb_all,2020
lag2_passing_yards,-0.001015285811117539,ext_hgb_all,2020
lag2_passing_tds,0.0027776187281634,ext_hgb_all,2020
lag2_passing_interceptions,0.0,ext_hgb_all,2020
lag2_sacks_suffered,0.0,ext_hgb_all,2020
lag2_sack_yards_lost,-0.0010868224326121556,ext_hgb_all,2020
lag2_sack_fumbles,0.0,ext_hgb_all,2020
lag2_sack_fumbles_lost,-2.483413735410167e-05,ext_hgb_all,2020
lag2_passing_first_downs,0.0015877587697635809,ext_hgb_all,2020
lag2_passing_10,-0.0005160822442950019,ext_hgb_all,2020
lag2_passing_16,0.0010805190055617198,ext_hgb_all,2020
lag2_passing_20,0.00017074205710221335,ext_hgb_all,2020
lag2_passing_40,-0.0023961450323751743,ext_hgb_all,2020
lag2_carries,5.945035884147298e-05,ext_hgb_all,2020
lag2_rushing_yards,-0.0005444530285518834,ext_hgb_all,2020
lag2_rushing_tds,0.00045948999142098046,ext_hgb_all,2020
lag2_rushing_fumbles,-0.005910637390746709,ext_hgb_all,2020
lag2_rushing_fumbles_lost,-3.0759402044333584e-06,ext_hgb_all,2020
lag2_rushing_first_downs,-0.0006155337253254123,ext_hgb_all,2020
lag2_rushing_10,0.0002912243720717411,ext_hgb_all,2020
lag2_rushing_12,0.0039090155572323315,ext_hgb_all,2020
lag2_rushing_20,-0.001221878318891756,ext_hgb_all,2020
lag2_rushing_40,-1.5769592592085324e-05,ext_hgb_all,2020
lag2_receptions,0.012860078649670648,ext_hgb_all,2020
lag2_receiving_yards,0.0002829489528307638,ext_hgb_all,2020
lag2_receiving_tds,-0.0007570575346712571,ext_hgb_all,2020
lag2_receiving_fumbles,0.0014903190427563162,ext_hgb_all,2020
lag2_receiving_fumbles_lost,-2.91021207402542e-05,ext_hgb_all,2020
lag2_receiving_first_downs,0.0037607654132882917,ext_hgb_all,2020
lag2_receiving_10,0.00024483164643418487,ext_hgb_all,2020
lag2_receiving_16,0.001708987772912951,ext_hgb_all,2020
lag2_receiving_20,-0.001192672418551699,ext_hgb_all,2020
lag2_receiving_40,-0.00020668976722149068,ext_hgb_all,2020
lag2_special_teams_tds,0.0,ext_hgb_all,2020
lag2_fumbles_total,0.0007912433525404383,ext_hgb_all,2020
lag2_fumbles_lost_total,0.00020317428586824615,ext_hgb_all,2020
lag2_punt_returns,0.00020220211065991034,ext_hgb_all,2020
lag2_punt_return_yards,5.12527019322917e-05,ext_hgb_all,2020
lag2_kickoff_returns,0.000452813796408269,ext_hgb_all,2020
lag2_kickoff_return_yards,-5.2060475449478005e-06,ext_hgb_all,2020
lag2_fg_made,0.0,ext_hgb_all,2020
lag2_fg_att,0.0,ext_hgb_all,2020
lag2_fg_missed,0.0,ext_hgb_all,2020
lag2_fg_blocked,0.0,ext_hgb_all,2020
lag2_fg_made_0_19,0.0,ext_hgb_all,2020
lag2_fg_made_20_29,0.0,ext_hgb_all,2020
lag2_fg_made_30_39,0.0,ext_hgb_all,2020
lag2_fg_made_40_49,0.0,ext_hgb_all,2020
lag2_fg_made_50_59,0.0,ext_hgb_all,2020
lag2_fg_made_60_,0.0,ext_hgb_all,2020
lag2_fg_missed_0_19,0.0,ext_hgb_all,2020
lag2_fg_missed_20_29,0.0,ext_hgb_all,2020
lag2_fg_missed_30_39,0.0,ext_hgb_all,2020
lag2_fg_missed_40_49,0.0,ext_hgb_all,2020
lag2_fg_missed_50_59,0.0,ext_hgb_all,2020
lag2_fg_missed_60_,0.0,ext_hgb_all,2020
lag2_fg_made_distance,0.0,ext_hgb_all,2020
lag2_fg_missed_distance,0.0,ext_hgb_all,2020
lag2_pat_made,0.0,ext_hgb_all,2020
lag2_pat_att,0.0,ext_hgb_all,2020
lag2_pat_missed,0.0,ext_hgb_all,2020
lag2_pat_blocked,0.0,ext_hgb_all,2020
lag2_gwfg_made,0.0,ext_hgb_all,2020
lag2_gwfg_att,0.0,ext_hgb_all,2020
lag2_gwfg_missed,0.0,ext_hgb_all,2020
lag2_gwfg_blocked,0.0,ext_hgb_all,2020
lag2_gwfg_distance,0.0,ext_hgb_all,2020
lag2_targets,-0.0005839795581376039,ext_hgb_all,2020
lag2_passing_air_yards,-0.00500421811565499,ext_hgb_all,2020
lag2_passing_yards_after_catch,-0.00043909995304414196,ext_hgb_all,2020
lag2_receiving_air_yards,0.001266616612460747,ext_hgb_all,2020
lag2_receiving_yards_after_catch,0.027035786774043502,ext_hgb_all,2020
lag2_games,-0.0012678128527879862,ext_hgb_all,2020
lag2_roster_weeks,-0.00022349188854398072,ext_hgb_all,2020
lag2_offense_snaps,0.010971211960061455,ext_hgb_all,2020
lag3_history_available,0.0,ext_hgb_all,2020
lag3_completions,0.0,ext_hgb_all,2020
lag3_attempts,-4.584683225761221e-05,ext_hgb_all,2020
lag3_passing_yards,0.0,ext_hgb_all,2020
lag3_passing_tds,-0.0005793111364732484,ext_hgb_all,2020
lag3_passing_interceptions,0.0007961024511508041,ext_hgb_all,2020
lag3_sacks_suffered,0.0023588732693239356,ext_hgb_all,2020
lag3_sack_yards_lost,-0.0003357718323645509,ext_hgb_all,2020
lag3_sack_fumbles,-0.0005884959447070015,ext_hgb_all,2020
lag3_sack_fumbles_lost,0.0,ext_hgb_all,2020
lag3_passing_first_downs,0.0,ext_hgb_all,2020
lag3_passing_10,-0.0007731977934996026,ext_hgb_all,2020
lag3_passing_16,-6.410232594622478e-06,ext_hgb_all,2020
lag3_passing_20,0.0,ext_hgb_all,2020
lag3_passing_40,0.0,ext_hgb_all,2020
lag3_carries,-0.00012876546872009342,ext_hgb_all,2020
lag3_rushing_yards,-0.0003561940225910165,ext_hgb_all,2020
lag3_rushing_tds,0.00013134892921251584,ext_hgb_all,2020
lag3_rushing_fumbles,0.000115857726132651,ext_hgb_all,2020
lag3_rushing_fumbles_lost,0.0,ext_hgb_all,2020
lag3_rushing_first_downs,-0.0002671510965602808,ext_hgb_all,2020
lag3_rushing_10,-0.0008323836918228134,ext_hgb_all,2020
lag3_rushing_12,-0.0006286249336769911,ext_hgb_all,2020
lag3_rushing_20,0.001060576894184595,ext_hgb_all,2020
lag3_rushing_40,0.0,ext_hgb_all,2020
lag3_receptions,-0.00022970603037708592,ext_hgb_all,2020
lag3_receiving_yards,-6.099146268612188e-05,ext_hgb_all,2020
lag3_receiving_tds,0.00021212456413022274,ext_hgb_all,2020
lag3_receiving_fumbles,2.3836066222249208e-05,ext_hgb_all,2020
lag3_receiving_fumbles_lost,-2.01814109228593e-05,ext_hgb_all,2020
lag3_receiving_first_downs,0.00048631282506839124,ext_hgb_all,2020
lag3_receiving_10,-0.0006784887933457551,ext_hgb_all,2020
lag3_receiving_16,-0.0002556014933585704,ext_hgb_all,2020
lag3_receiving_20,-0.000647867144344505,ext_hgb_all,2020
lag3_receiving_40,1.4852142082855124e-05,ext_hgb_all,2020
lag3_special_teams_tds,0.0,ext_hgb_all,2020
lag3_fumbles_total,0.00020801201218201282,ext_hgb_all,2020
lag3_fumbles_lost_total,0.0003335919437653656,ext_hgb_all,2020
lag3_punt_returns,0.00011059149826142534,ext_hgb_all,2020
lag3_punt_return_yards,0.0006376927413010991,ext_hgb_all,2020
lag3_kickoff_returns,0.0,ext_hgb_all,2020
lag3_kickoff_return_yards,0.0001174992549667353,ext_hgb_all,2020
lag3_fg_made,0.0,ext_hgb_all,2020
lag3_fg_att,0.0,ext_hgb_all,2020
lag3_fg_missed,0.0,ext_hgb_all,2020
lag3_fg_blocked,0.0,ext_hgb_all,2020
lag3_fg_made_0_19,0.0,ext_hgb_all,2020
lag3_fg_made_20_29,0.0,ext_hgb_all,2020
lag3_fg_made_30_39,0.0,ext_hgb_all,2020
lag3_fg_made_40_49,0.0,ext_hgb_all,2020
lag3_fg_made_50_59,0.0,ext_hgb_all,2020
lag3_fg_made_60_,0.0,ext_hgb_all,2020
lag3_fg_missed_0_19,0.0,ext_hgb_all,2020
lag3_fg_missed_20_29,0.0,ext_hgb_all,2020
lag3_fg_missed_30_39,0.0,ext_hgb_all,2020
lag3_fg_missed_40_49,0.0,ext_hgb_all,2020
lag3_fg_missed_50_59,0.0,ext_hgb_all,2020
lag3_fg_missed_60_,0.0,ext_hgb_all,2020
lag3_fg_made_distance,0.0,ext_hgb_all,2020
lag3_fg_missed_distance,0.0,ext_hgb_all,2020
lag3_pat_made,0.0,ext_hgb_all,2020
lag3_pat_att,0.0,ext_hgb_all,2020
lag3_pat_missed,0.0,ext_hgb_all,2020
lag3_pat_blocked,0.0,ext_hgb_all,2020
lag3_gwfg_made,0.0,ext_hgb_all,2020
lag3_gwfg_att,0.0,ext_hgb_all,2020
lag3_gwfg_missed,0.0,ext_hgb_all,2020
lag3_gwfg_blocked,0.0,ext_hgb_all,2020
lag3_gwfg_distance,0.0,ext_hgb_all,2020
lag3_targets,3.7456902477805976e-05,ext_hgb_all,2020
lag3_passing_air_yards,0.0004149706354151794,ext_hgb_all,2020
lag3_passing_yards_after_catch,-0.00013521850799347312,ext_hgb_all,2020
lag3_receiving_air_yards,-0.00010253055699116498,ext_hgb_all,2020
lag3_receiving_yards_after_catch,0.001075405670823204,ext_hgb_all,2020
lag3_games,6.001789555198922e-05,ext_hgb_all,2020
lag3_roster_weeks,-6.059777866818106e-05,ext_hgb_all,2020
lag3_offense_snaps,0.0003026020568771548,ext_hgb_all,2020
lag4_history_available,0.0,ext_hgb_all,2020
lag4_completions,-0.00013271408244464045,ext_hgb_all,2020
lag4_attempts,0.0,ext_hgb_all,2020
lag4_passing_yards,-0.0015254064047806049,ext_hgb_all,2020
lag4_passing_tds,0.004076966792263659,ext_hgb_all,2020
lag4_passing_interceptions,-0.00028968935706086274,ext_hgb_all,2020
lag4_sacks_suffered,-0.001456570558423742,ext_hgb_all,2020
lag4_sack_yards_lost,0.0006212736999775537,ext_hgb_all,2020
lag4_sack_fumbles,0.0006779257848867903,ext_hgb_all,2020
lag4_sack_fumbles_lost,0.00014061762220096696,ext_hgb_all,2020
lag4_passing_first_downs,0.00024068585320147218,ext_hgb_all,2020
lag4_passing_10,-0.00037604136555113854,ext_hgb_all,2020
lag4_passing_16,0.0010570048224629591,ext_hgb_all,2020
lag4_passing_20,-8.275553566439164e-05,ext_hgb_all,2020
lag4_passing_40,-0.0019498989316588666,ext_hgb_all,2020
lag4_carries,0.0007396516161970457,ext_hgb_all,2020
lag4_rushing_yards,-8.634308947930158e-05,ext_hgb_all,2020
lag4_rushing_tds,0.0,ext_hgb_all,2020
lag4_rushing_fumbles,-7.925002989395136e-05,ext_hgb_all,2020
lag4_rushing_fumbles_lost,-0.0001569025661740664,ext_hgb_all,2020
lag4_rushing_first_downs,0.00016469520212036848,ext_hgb_all,2020
lag4_rushing_10,-0.00034339900316437966,ext_hgb_all,2020
lag4_rushing_12,0.0,ext_hgb_all,2020
lag4_rushing_20,0.0,ext_hgb_all,2020
lag4_rushing_40,0.0,ext_hgb_all,2020
lag4_receptions,-0.0006556444747439771,ext_hgb_all,2020
lag4_receiving_yards,0.0,ext_hgb_all,2020
lag4_receiving_tds,-0.00024516510717342843,ext_hgb_all,2020
lag4_receiving_fumbles,0.00015377323833398737,ext_hgb_all,2020
lag4_receiving_fumbles_lost,-0.00010312709031157219,ext_hgb_all,2020
lag4_receiving_first_downs,-0.0003107065460538072,ext_hgb_all,2020
lag4_receiving_10,0.0013259776185950978,ext_hgb_all,2020
lag4_receiving_16,0.0006592428585353582,ext_hgb_all,2020
lag4_receiving_20,-0.00014117147463876822,ext_hgb_all,2020
lag4_receiving_40,-6.34105297440124e-05,ext_hgb_all,2020
lag4_special_teams_tds,0.0,ext_hgb_all,2020
lag4_fumbles_total,7.334202066777706e-05,ext_hgb_all,2020
lag4_fumbles_lost_total,4.075387392488139e-05,ext_hgb_all,2020
lag4_punt_returns,0.0,ext_hgb_all,2020
lag4_punt_return_yards,5.912313054579066e-06,ext_hgb_all,2020
lag4_kickoff_returns,7.451981029138466e-05,ext_hgb_all,2020
lag4_kickoff_return_yards,0.0,ext_hgb_all,2020
lag4_fg_made,0.0,ext_hgb_all,2020
lag4_fg_att,0.0,ext_hgb_all,2020
lag4_fg_missed,0.0,ext_hgb_all,2020
lag4_fg_blocked,0.0,ext_hgb_all,2020
lag4_fg_made_0_19,0.0,ext_hgb_all,2020
lag4_fg_made_20_29,0.0,ext_hgb_all,2020
lag4_fg_made_30_39,0.0,ext_hgb_all,2020
lag4_fg_made_40_49,0.0,ext_hgb_all,2020
lag4_fg_made_50_59,0.0,ext_hgb_all,2020
lag4_fg_made_60_,0.0,ext_hgb_all,2020
lag4_fg_missed_0_19,0.0,ext_hgb_all,2020
lag4_fg_missed_20_29,0.0,ext_hgb_all,2020
lag4_fg_missed_30_39,0.0,ext_hgb_all,2020
lag4_fg_missed_40_49,0.0,ext_hgb_all,2020
lag4_fg_missed_50_59,0.0,ext_hgb_all,2020
lag4_fg_missed_60_,0.0,ext_hgb_all,2020
lag4_fg_made_distance,0.0,ext_hgb_all,2020
lag4_fg_missed_distance,0.0,ext_hgb_all,2020
lag4_pat_made,0.0,ext_hgb_all,2020
lag4_pat_att,0.0,ext_hgb_all,2020
lag4_pat_missed,0.0,ext_hgb_all,2020
lag4_pat_blocked,0.0,ext_hgb_all,2020
lag4_gwfg_made,0.0,ext_hgb_all,2020
lag4_gwfg_att,0.0,ext_hgb_all,2020
lag4_gwfg_missed,0.0,ext_hgb_all,2020
lag4_gwfg_blocked,0.0,ext_hgb_all,2020
lag4_gwfg_distance,0.0,ext_hgb_all,2020
lag4_targets,-0.0007160756348432162,ext_hgb_all,2020
lag4_passing_air_yards,0.0,ext_hgb_all,2020
lag4_passing_yards_after_catch,0.0,ext_hgb_all,2020
lag4_receiving_air_yards,-0.0006047656299937865,ext_hgb_all,2020
lag4_receiving_yards_after_catch,-4.408423417334717e-05,ext_hgb_all,2020
lag4_games,0.00030347118182627586,ext_hgb_all,2020
lag4_roster_weeks,-0.00013772819013679882,ext_hgb_all,2020
lag4_offense_snaps,-0.0019183317211153295,ext_hgb_all,2020
lag1_completion_rate,-0.0003300884571053597,ext_hgb_all,2020
lag1_pass_yards_per_attempt,-0.0003776854392325557,ext_hgb_all,2020
lag1_pass_td_rate,0.0013321224286685363,ext_hgb_all,2020
lag1_interception_rate,-0.0006452098912841375,ext_hgb_all,2020
lag1_rush_yards_per_carry,0.001235091588338899,ext_hgb_all,2020
lag1_rush_first_down_rate,-0.00016042081307832134,ext_hgb_all,2020
lag1_rush_20_rate,0.022508223925902016,ext_hgb_all,2020
lag1_receiving_yards_per_reception,0.0010723884625434277,ext_hgb_all,2020
lag1_receiving_first_down_rate,-0.0003452456826250616,ext_hgb_all,2020
lag1_receiving_20_rate,0.0004994248815392011,ext_hgb_all,2020
lag1_field_goal_make_rate,0.0,ext_hgb_all,2020
lag1_made_field_goal_mean_distance,0.0,ext_hgb_all,2020
lag1_missed_field_goal_mean_distance,0.0,ext_hgb_all,2020
lag1_pat_make_rate,0.0,ext_hgb_all,2020
lag1_catch_rate,0.0059446105586326015,ext_hgb_all,2020
lag1_receiving_yards_per_target,0.0032900625635546854,ext_hgb_all,2020
lag1_receiving_air_yards_per_target,0.0012751746904957617,ext_hgb_all,2020
lag1_receiving_yards_after_catch_per_reception,0.0006911464310704885,ext_hgb_all,2020
lag1_passing_air_yards_per_attempt,-0.001968727156032135,ext_hgb_all,2020
lag1_passing_yards_after_catch_per_completion,0.004251772014524091,ext_hgb_all,2020
lag2_completion_rate,-1.719256209653519e-05,ext_hgb_all,2020
lag2_pass_yards_per_attempt,-0.0015883609450937364,ext_hgb_all,2020
lag2_pass_td_rate,-0.000242485263788228,ext_hgb_all,2020
lag2_interception_rate,-0.002544823455571721,ext_hgb_all,2020
lag2_rush_yards_per_carry,-0.0011665185910736398,ext_hgb_all,2020
lag2_rush_first_down_rate,0.00030437318723874895,ext_hgb_all,2020
lag2_rush_20_rate,-0.004583187005369749,ext_hgb_all,2020
lag2_receiving_yards_per_reception,0.00010647684363018772,ext_hgb_all,2020
lag2_receiving_first_down_rate,-0.0009298469408199894,ext_hgb_all,2020
lag2_receiving_20_rate,0.0011336057711709424,ext_hgb_all,2020
lag2_field_goal_make_rate,0.0,ext_hgb_all,2020
lag2_made_field_goal_mean_distance,0.0,ext_hgb_all,2020
lag2_missed_field_goal_mean_distance,0.0,ext_hgb_all,2020
lag2_pat_make_rate,0.0,ext_hgb_all,2020
lag2_catch_rate,-0.0006576636053744478,ext_hgb_all,2020
lag2_receiving_yards_per_target,0.00015208415350842497,ext_hgb_all,2020
lag2_receiving_air_yards_per_target,0.0006046710982597903,ext_hgb_all,2020
lag2_receiving_yards_after_catch_per_reception,0.0021983578394927372,ext_hgb_all,2020
lag2_passing_air_yards_per_attempt,-0.004608747600445162,ext_hgb_all,2020
lag2_passing_yards_after_catch_per_completion,-0.0012867734240236128,ext_hgb_all,2020
lag3_completion_rate,-6.240028481874216e-05,ext_hgb_all,2020
lag3_pass_yards_per_attempt,-0.0008154222883460793,ext_hgb_all,2020
lag3_pass_td_rate,0.0007904446801869636,ext_hgb_all,2020
lag3_interception_rate,0.0,ext_hgb_all,2020
lag3_rush_yards_per_carry,0.0007538917251941335,ext_hgb_all,2020
lag3_rush_first_down_rate,0.00040686614699991797,ext_hgb_all,2020
lag3_rush_20_rate,0.00019942510038706285,ext_hgb_all,2020
lag3_receiving_yards_per_reception,0.00021341193349933008,ext_hgb_all,2020
lag3_receiving_first_down_rate,0.0004233721026556392,ext_hgb_all,2020
lag3_receiving_20_rate,-0.00015703205024042433,ext_hgb_all,2020
lag3_field_goal_make_rate,0.0,ext_hgb_all,2020
lag3_made_field_goal_mean_distance,0.0,ext_hgb_all,2020
lag3_missed_field_goal_mean_distance,0.0,ext_hgb_all,2020
lag3_pat_make_rate,0.0,ext_hgb_all,2020
lag3_catch_rate,-0.00010026350846692456,ext_hgb_all,2020
lag3_receiving_yards_per_target,-0.000516588182023936,ext_hgb_all,2020
lag3_receiving_air_yards_per_target,0.0002332757649530226,ext_hgb_all,2020
lag3_receiving_yards_after_catch_per_reception,-0.000797194142839408,ext_hgb_all,2020
lag3_passing_air_yards_per_attempt,0.0,ext_hgb_all,2020
lag3_passing_yards_after_catch_per_completion,-0.0001100818146260174,ext_hgb_all,2020
lag4_completion_rate,0.0,ext_hgb_all,2020
lag4_pass_yards_per_attempt,0.0018421576837540643,ext_hgb_all,2020
lag4_pass_td_rate,-0.0002019170877640697,ext_hgb_all,2020
lag4_interception_rate,0.0,ext_hgb_all,2020
lag4_rush_yards_per_carry,0.00044435472079806804,ext_hgb_all,2020
lag4_rush_first_down_rate,0.0005164871970968488,ext_hgb_all,2020
lag4_rush_20_rate,0.0015440903622551128,ext_hgb_all,2020
lag4_receiving_yards_per_reception,0.00014589160397859846,ext_hgb_all,2020
lag4_receiving_first_down_rate,-0.0002762984708276628,ext_hgb_all,2020
lag4_receiving_20_rate,0.0002376045809501237,ext_hgb_all,2020
lag4_field_goal_make_rate,0.0,ext_hgb_all,2020
lag4_made_field_goal_mean_distance,0.0,ext_hgb_all,2020
lag4_missed_field_goal_mean_distance,0.0,ext_hgb_all,2020
lag4_pat_make_rate,0.0,ext_hgb_all,2020
lag4_catch_rate,-0.00014322427843749264,ext_hgb_all,2020
lag4_receiving_yards_per_target,-0.00014931706277199197,ext_hgb_all,2020
lag4_receiving_air_yards_per_target,0.0005476256060467088,ext_hgb_all,2020
lag4_receiving_yards_after_catch_per_reception,-0.0002680227067178853,ext_hgb_all,2020
lag4_passing_air_yards_per_attempt,-0.0021984625018701687,ext_hgb_all,2020
lag4_passing_yards_after_catch_per_completion,0.00015247773661763997,ext_hgb_all,2020
lag1_late6_attempts,0.00022502831888193686,ext_hgb_all,2020
lag1_weekly_slope_attempts,0.00227150093727857,ext_hgb_all,2020
lag1_late6_mean_delta_attempts,-0.0017439522735067658,ext_hgb_all,2020
lag1_late6_passing_yards,-0.0033952577608155066,ext_hgb_all,2020
lag1_weekly_slope_passing_yards,-0.0002734326342244131,ext_hgb_all,2020
lag1_late6_mean_delta_passing_yards,-0.00013347183919709682,ext_hgb_all,2020
lag1_late6_passing_first_downs,-0.00024394136205108108,ext_hgb_all,2020
lag1_weekly_slope_passing_first_downs,-0.0012931497362008715,ext_hgb_all,2020
lag1_late6_mean_delta_passing_first_downs,0.003500781646049611,ext_hgb_all,2020
lag1_late6_passing_20,0.005561278621321164,ext_hgb_all,2020
lag1_weekly_slope_passing_20,-0.0004100367549996209,ext_hgb_all,2020
lag1_late6_mean_delta_passing_20,-0.001742148746926686,ext_hgb_all,2020
lag1_late6_carries,-0.0010350311798078549,ext_hgb_all,2020
lag1_weekly_slope_carries,0.0006657752120756699,ext_hgb_all,2020
lag1_late6_mean_delta_carries,0.0031827960590400384,ext_hgb_all,2020
lag1_late6_rushing_yards,0.0003786367491989129,ext_hgb_all,2020
lag1_weekly_slope_rushing_yards,0.003871726962397126,ext_hgb_all,2020
lag1_late6_mean_delta_rushing_yards,0.0021101241727098374,ext_hgb_all,2020
lag1_late6_rushing_first_downs,-0.0018330362442927628,ext_hgb_all,2020
lag1_weekly_slope_rushing_first_downs,-0.002304202568636504,ext_hgb_all,2020
lag1_late6_mean_delta_rushing_first_downs,-0.0005125113279078608,ext_hgb_all,2020
lag1_late6_rushing_20,0.001542537752429296,ext_hgb_all,2020
lag1_weekly_slope_rushing_20,0.0014390465593855373,ext_hgb_all,2020
lag1_late6_mean_delta_rushing_20,0.000876738943799249,ext_hgb_all,2020
lag1_late6_receptions,-0.003867379162103446,ext_hgb_all,2020
lag1_weekly_slope_receptions,-0.0044323167945793385,ext_hgb_all,2020
lag1_late6_mean_delta_receptions,0.0022865936236043938,ext_hgb_all,2020
lag1_late6_receiving_yards,0.0035088736174351265,ext_hgb_all,2020
lag1_weekly_slope_receiving_yards,-0.0006218299933677951,ext_hgb_all,2020
lag1_late6_mean_delta_receiving_yards,-0.000344746436105825,ext_hgb_all,2020
lag1_late6_receiving_first_downs,-0.000866804160071788,ext_hgb_all,2020
lag1_weekly_slope_receiving_first_downs,-0.0016471037487191253,ext_hgb_all,2020
lag1_late6_mean_delta_receiving_first_downs,0.0025813088940256357,ext_hgb_all,2020
lag1_late6_receiving_20,-0.0005822291041807093,ext_hgb_all,2020
lag1_weekly_slope_receiving_20,0.001772415855269771,ext_hgb_all,2020
lag1_late6_mean_delta_receiving_20,0.0016860246306408255,ext_hgb_all,2020
lag1_late6_punt_return_yards,1.839451129670433e-05,ext_hgb_all,2020
lag1_weekly_slope_punt_return_yards,-0.0008108096111943963,ext_hgb_all,2020
lag1_late6_mean_delta_punt_return_yards,0.0,ext_hgb_all,2020
lag1_late6_kickoff_return_yards,0.00014868539841061956,ext_hgb_all,2020
lag1_weekly_slope_kickoff_return_yards,0.005345001058254417,ext_hgb_all,2020
lag1_late6_mean_delta_kickoff_return_yards,4.879620778697191e-05,ext_hgb_all,2020
lag1_late6_fg_made,0.0,ext_hgb_all,2020
lag1_weekly_slope_fg_made,0.0,ext_hgb_all,2020
lag1_late6_mean_delta_fg_made,0.0,ext_hgb_all,2020
lag1_late6_fg_att,0.0,ext_hgb_all,2020
lag1_weekly_slope_fg_att,0.0,ext_hgb_all,2020
lag1_late6_mean_delta_fg_att,0.0,ext_hgb_all,2020
lag1_late6_pat_att,0.0,ext_hgb_all,2020
lag1_weekly_slope_pat_att,0.0,ext_hgb_all,2020
lag1_late6_mean_delta_pat_att,0.0,ext_hgb_all,2020
lag1_late6_targets,0.00087463311332725,ext_hgb_all,2020
lag1_weekly_slope_targets,-0.0021123108084027953,ext_hgb_all,2020
lag1_late6_mean_delta_targets,-0.0004483086856653662,ext_hgb_all,2020
lag1_late6_passing_air_yards,0.0005345312931451796,ext_hgb_all,2020
lag1_weekly_slope_passing_air_yards,0.006892949022031525,ext_hgb_all,2020
lag1_late6_mean_delta_passing_air_yards,-0.0007758546760959772,ext_hgb_all,2020
lag1_late6_passing_yards_after_catch,0.0018950212670961752,ext_hgb_all,2020
lag1_weekly_slope_passing_yards_after_catch,0.00014756441892715966,ext_hgb_all,2020
lag1_late6_mean_delta_passing_yards_after_catch,-0.0023938546705392083,ext_hgb_all,2020
lag1_late6_receiving_air_yards,0.0004643389158808242,ext_hgb_all,2020
lag1_weekly_slope_receiving_air_yards,-0.0002558497476028432,ext_hgb_all,2020
lag1_late6_mean_delta_receiving_air_yards,0.00042561467008472853,ext_hgb_all,2020
lag1_late6_receiving_yards_after_catch,0.005109890160189812,ext_hgb_all,2020
lag1_weekly_slope_receiving_yards_after_catch,0.0028845597942764867,ext_hgb_all,2020
lag1_late6_mean_delta_receiving_yards_after_catch,0.0008950890142170875,ext_hgb_all,2020
position_K,0.0,ext_hgb_all,2020
injury_lag2_injury_reported,-3.852318875008365e-06,ext_hgb_all,2020
injury_lag2_injury_report_weeks,-0.001016007992664214,ext_hgb_all,2020
injury_lag2_designation_count,-0.0002518291943442996,ext_hgb_all,2020
injury_lag3_injury_reported,0.0,ext_hgb_all,2020
injury_lag3_injury_report_weeks,-0.000517333382089924,ext_hgb_all,2020
injury_lag3_designation_count,-0.003226434227443842,ext_hgb_all,2020
injury_lag4_injury_reported,-2.214315916349019e-05,ext_hgb_all,2020
injury_lag4_injury_report_weeks,0.00041333474875193676,ext_hgb_all,2020
injury_lag4_designation_count,0.0001035285897621474,ext_hgb_all,2020
injury_lag5_injury_reported,-0.0002652010972036267,ext_hgb_all,2020
injury_lag5_injury_report_weeks,-0.0008665706458974576,ext_hgb_all,2020
injury_lag5_designation_count,0.0011074181807756434,ext_hgb_all,2020
injury_lag1_reserve_weeks,0.0011817620713679977,ext_hgb_all,2020
injury_lag2_reserve_weeks,0.0,ext_hgb_all,2020
injury_lag3_reserve_weeks,0.0,ext_hgb_all,2020
injury_lag4_reserve_weeks,0.0,ext_hgb_all,2020
injury_lag2_absence_report_weeks,4.608588571730632e-05,ext_hgb_all,2020
injury_lag2_absence_reported,0.0,ext_hgb_all,2020
injury_lag3_absence_report_weeks,-0.0002031590723865495,ext_hgb_all,2020
injury_lag3_absence_reported,0.0,ext_hgb_all,2020
injury_lag4_absence_report_weeks,0.00010980235685520423,ext_hgb_all,2020
injury_lag4_absence_reported,0.0,ext_hgb_all,2020
injury_lag5_absence_report_weeks,0.0,ext_hgb_all,2020
injury_lag5_absence_reported,0.0,ext_hgb_all,2020
lag1_targets_per_game,-0.0006655950843966751,ext_hgb_all,2020
lag1_carries_per_game,0.0044208839961275,ext_hgb_all,2020
lag1_receptions_per_game,0.0017266818496050051,ext_hgb_all,2020
lag1_attempts_per_game,-0.0013209143976588011,ext_hgb_all,2020
lag1_receiving_yards_per_game,0.012940302589784625,ext_hgb_all,2020
lag1_rushing_yards_per_game,0.001321986589905455,ext_hgb_all,2020
lag1_passing_yards_per_game,0.004824497614601353,ext_hgb_all,2020
lag1_offense_snaps_per_game,0.0001413043732010344,ext_hgb_all,2020
lag1_share_targets_prior_team,-0.0004748106381867734,ext_hgb_all,2020
lag1_share_carries_prior_team,-0.0007586700794722789,ext_hgb_all,2020
lag1_share_receptions_prior_team,8.011938350982462e-05,ext_hgb_all,2020
lag1_share_attempts_prior_team,-5.455408417232022e-07,ext_hgb_all,2020
age,0.01993966850736051,ext_hgb_all,2021
missing_age,0.0,ext_hgb_all,2021
years_exp,0.0065988567638495255,ext_hgb_all,2021
missing_years_exp,0.0,ext_hgb_all,2021
height,0.00311930766382984,ext_hgb_all,2021
missing_height,0.0,ext_hgb_all,2021
weight,-0.0001370376478824209,ext_hgb_all,2021
missing_weight,0.0,ext_hgb_all,2021
draft_number,0.06380206260899679,ext_hgb_all,2021
missing_draft_number,0.027276971187251586,ext_hgb_all,2021
draft_round,-0.0009037142576089341,ext_hgb_all,2021
missing_draft_round,0.0,ext_hgb_all,2021
was_drafted,0.0,ext_hgb_all,2021
missing_was_drafted,0.0,ext_hgb_all,2021
is_rookie,0.00012975189920316765,ext_hgb_all,2021
missing_is_rookie,0.0,ext_hgb_all,2021
missing_team_changed,0.0,ext_hgb_all,2021
combine_forty,0.0024334880265357572,ext_hgb_all,2021
missing_combine_forty,0.0,ext_hgb_all,2021
combine_bench,1.1401953056267011e-05,ext_hgb_all,2021
missing_combine_bench,8.908480256142326e-06,ext_hgb_all,2021
combine_vertical,0.0006914645258109253,ext_hgb_all,2021
missing_combine_vertical,0.0,ext_hgb_all,2021
combine_broad_jump,-0.0007023805772307101,ext_hgb_all,2021
missing_combine_broad_jump,0.0,ext_hgb_all,2021
combine_cone,-0.0006992671215634294,ext_hgb_all,2021
missing_combine_cone,0.0,ext_hgb_all,2021
combine_shuttle,-6.250393174356272e-05,ext_hgb_all,2021
missing_combine_shuttle,0.0,ext_hgb_all,2021
position_QB,-0.0008642868806023607,ext_hgb_all,2021
position_RB,2.3884282190134165e-05,ext_hgb_all,2021
position_WR,2.477115885024528e-05,ext_hgb_all,2021
position_TE,-0.0008737870232726763,ext_hgb_all,2021
lag1_history_available,0.006447817352371099,ext_hgb_all,2021
lag1_completions,3.654772154404462e-05,ext_hgb_all,2021
lag1_attempts,0.0013011864969239006,ext_hgb_all,2021
lag1_passing_yards,-1.1105094090413381e-05,ext_hgb_all,2021
lag1_passing_tds,-0.0009776304001294367,ext_hgb_all,2021
lag1_passing_interceptions,0.004139270875476497,ext_hgb_all,2021
lag1_sacks_suffered,-0.0006527222595787974,ext_hgb_all,2021
lag1_sack_yards_lost,0.0020488897444798093,ext_hgb_all,2021
lag1_sack_fumbles,1.9032118296014033e-05,ext_hgb_all,2021
lag1_sack_fumbles_lost,0.00034341102001744783,ext_hgb_all,2021
lag1_passing_first_downs,0.0006663721596604777,ext_hgb_all,2021
lag1_passing_10,-0.0009618874133745514,ext_hgb_all,2021
lag1_passing_16,-0.0007481179611543709,ext_hgb_all,2021
lag1_passing_20,0.00010793360949867825,ext_hgb_all,2021
lag1_passing_40,0.0015073572391910428,ext_hgb_all,2021
lag1_carries,0.0019166202329827797,ext_hgb_all,2021
lag1_rushing_yards,-0.0014142789538911238,ext_hgb_all,2021
lag1_rushing_tds,0.001442621981678327,ext_hgb_all,2021
lag1_rushing_fumbles,0.00027727980871861124,ext_hgb_all,2021
lag1_rushing_fumbles_lost,0.00010840305960746477,ext_hgb_all,2021
lag1_rushing_first_downs,0.0028597402835432995,ext_hgb_all,2021
lag1_rushing_10,0.010063388991073174,ext_hgb_all,2021
lag1_rushing_12,-9.299603105494825e-05,ext_hgb_all,2021
lag1_rushing_20,-0.0001074792598361185,ext_hgb_all,2021
lag1_rushing_40,0.000466233888717027,ext_hgb_all,2021
lag1_receptions,0.006714739560622407,ext_hgb_all,2021
lag1_receiving_yards,0.0017317244296798373,ext_hgb_all,2021
lag1_receiving_tds,0.0025338591946134637,ext_hgb_all,2021
lag1_receiving_fumbles,7.606741226018343e-06,ext_hgb_all,2021
lag1_receiving_fumbles_lost,0.00028739395296906167,ext_hgb_all,2021
lag1_receiving_first_downs,-0.00013836291906055287,ext_hgb_all,2021
lag1_receiving_10,-0.0001467454165600124,ext_hgb_all,2021
lag1_receiving_16,0.0017811301752271858,ext_hgb_all,2021
lag1_receiving_20,0.002822591681825637,ext_hgb_all,2021
lag1_receiving_40,-0.00014865772006389388,ext_hgb_all,2021
lag1_special_teams_tds,0.0,ext_hgb_all,2021
lag1_fumbles_total,0.0022611725665975246,ext_hgb_all,2021
lag1_fumbles_lost_total,0.0004082900209099183,ext_hgb_all,2021
lag1_punt_returns,-0.0005478187371009691,ext_hgb_all,2021
lag1_punt_return_yards,0.0,ext_hgb_all,2021
lag1_kickoff_returns,-0.0003082109215319928,ext_hgb_all,2021
lag1_kickoff_return_yards,6.204413381627472e-05,ext_hgb_all,2021
lag1_fg_made,0.0,ext_hgb_all,2021
lag1_fg_att,0.0,ext_hgb_all,2021
lag1_fg_missed,0.0,ext_hgb_all,2021
lag1_fg_blocked,0.0,ext_hgb_all,2021
lag1_fg_made_0_19,0.0,ext_hgb_all,2021
lag1_fg_made_20_29,0.0,ext_hgb_all,2021
lag1_fg_made_30_39,0.0,ext_hgb_all,2021
lag1_fg_made_40_49,0.0,ext_hgb_all,2021
lag1_fg_made_50_59,0.0,ext_hgb_all,2021
lag1_fg_made_60_,0.0,ext_hgb_all,2021
lag1_fg_missed_0_19,0.0,ext_hgb_all,2021
lag1_fg_missed_20_29,0.0,ext_hgb_all,2021
lag1_fg_missed_30_39,0.0,ext_hgb_all,2021
lag1_fg_missed_40_49,0.0,ext_hgb_all,2021
lag1_fg_missed_50_59,0.0,ext_hgb_all,2021
lag1_fg_missed_60_,0.0,ext_hgb_all,2021
lag1_fg_made_distance,0.0,ext_hgb_all,2021
lag1_fg_missed_distance,0.0,ext_hgb_all,2021
lag1_pat_made,0.0,ext_hgb_all,2021
lag1_pat_att,0.0,ext_hgb_all,2021
lag1_pat_missed,0.0,ext_hgb_all,2021
lag1_pat_blocked,0.0,ext_hgb_all,2021
lag1_gwfg_made,0.0,ext_hgb_all,2021
lag1_gwfg_att,0.0,ext_hgb_all,2021
lag1_gwfg_missed,0.0,ext_hgb_all,2021
lag1_gwfg_blocked,0.0,ext_hgb_all,2021
lag1_gwfg_distance,0.0,ext_hgb_all,2021
lag1_targets,0.0020645113506708723,ext_hgb_all,2021
lag1_passing_air_yards,0.0004514884740073333,ext_hgb_all,2021
lag1_passing_yards_after_catch,-0.0007421469676955894,ext_hgb_all,2021
lag1_receiving_air_yards,0.002829591099565265,ext_hgb_all,2021
lag1_receiving_yards_after_catch,0.005238730999414187,ext_hgb_all,2021
lag1_games,0.004595416278101672,ext_hgb_all,2021
lag1_roster_weeks,0.00024633467537293896,ext_hgb_all,2021
lag1_offense_snaps,0.06095983148102646,ext_hgb_all,2021
lag2_history_available,0.0,ext_hgb_all,2021
lag2_completions,-0.00015368167440910074,ext_hgb_all,2021
lag2_attempts,0.0003615887196304346,ext_hgb_all,2021
lag2_passing_yards,0.0004694578434505381,ext_hgb_all,2021
lag2_passing_tds,0.0029977255943730574,ext_hgb_all,2021
lag2_passing_interceptions,-0.00013488309663678422,ext_hgb_all,2021
lag2_sacks_suffered,0.0035992230835679706,ext_hgb_all,2021
lag2_sack_yards_lost,0.001590695049450641,ext_hgb_all,2021
lag2_sack_fumbles,-0.00011529107236563085,ext_hgb_all,2021
lag2_sack_fumbles_lost,0.00029424218180473805,ext_hgb_all,2021
lag2_passing_first_downs,0.00019832397857089124,ext_hgb_all,2021
lag2_passing_10,0.0027651415969558446,ext_hgb_all,2021
lag2_passing_16,0.0011412519018593192,ext_hgb_all,2021
lag2_passing_20,-0.00011279416702691947,ext_hgb_all,2021
lag2_passing_40,0.0002611097540420326,ext_hgb_all,2021
lag2_carries,0.0007827007599561231,ext_hgb_all,2021
lag2_rushing_yards,-0.0005518337167516041,ext_hgb_all,2021
lag2_rushing_tds,0.0006714541912798966,ext_hgb_all,2021
lag2_rushing_fumbles,6.997016576582027e-05,ext_hgb_all,2021
lag2_rushing_fumbles_lost,-6.210203725087737e-05,ext_hgb_all,2021
lag2_rushing_first_downs,0.0003774169189372234,ext_hgb_all,2021
lag2_rushing_10,-0.0002233183340049072,ext_hgb_all,2021
lag2_rushing_12,0.0014002574409525126,ext_hgb_all,2021
lag2_rushing_20,-0.0002959781156355312,ext_hgb_all,2021
lag2_rushing_40,0.0,ext_hgb_all,2021
lag2_receptions,0.012427647503130967,ext_hgb_all,2021
lag2_receiving_yards,0.0029653613409842405,ext_hgb_all,2021
lag2_receiving_tds,-0.0031092225159907727,ext_hgb_all,2021
lag2_receiving_fumbles,3.154272540739633e-05,ext_hgb_all,2021
lag2_receiving_fumbles_lost,0.0005127259558356245,ext_hgb_all,2021
lag2_receiving_first_downs,0.004031112889968158,ext_hgb_all,2021
lag2_receiving_10,0.0012402698298067394,ext_hgb_all,2021
lag2_receiving_16,0.0033606656382166866,ext_hgb_all,2021
lag2_receiving_20,0.0036467652263386663,ext_hgb_all,2021
lag2_receiving_40,-0.000388946274644808,ext_hgb_all,2021
lag2_special_teams_tds,0.0,ext_hgb_all,2021
lag2_fumbles_total,-0.0004750725732394212,ext_hgb_all,2021
lag2_fumbles_lost_total,-0.0001616689884638145,ext_hgb_all,2021
lag2_punt_returns,0.0001242686078752886,ext_hgb_all,2021
lag2_punt_return_yards,0.0,ext_hgb_all,2021
lag2_kickoff_returns,0.0,ext_hgb_all,2021
lag2_kickoff_return_yards,0.00013844646657257265,ext_hgb_all,2021
lag2_fg_made,0.0,ext_hgb_all,2021
lag2_fg_att,0.0,ext_hgb_all,2021
lag2_fg_missed,0.0,ext_hgb_all,2021
lag2_fg_blocked,0.0,ext_hgb_all,2021
lag2_fg_made_0_19,0.0,ext_hgb_all,2021
lag2_fg_made_20_29,0.0,ext_hgb_all,2021
lag2_fg_made_30_39,0.0,ext_hgb_all,2021
lag2_fg_made_40_49,0.0,ext_hgb_all,2021
lag2_fg_made_50_59,0.0,ext_hgb_all,2021
lag2_fg_made_60_,0.0,ext_hgb_all,2021
lag2_fg_missed_0_19,0.0,ext_hgb_all,2021
lag2_fg_missed_20_29,0.0,ext_hgb_all,2021
lag2_fg_missed_30_39,0.0,ext_hgb_all,2021
lag2_fg_missed_40_49,0.0,ext_hgb_all,2021
lag2_fg_missed_50_59,0.0,ext_hgb_all,2021
lag2_fg_missed_60_,0.0,ext_hgb_all,2021
lag2_fg_made_distance,0.0,ext_hgb_all,2021
lag2_fg_missed_distance,0.0,ext_hgb_all,2021
lag2_pat_made,0.0,ext_hgb_all,2021
lag2_pat_att,0.0,ext_hgb_all,2021
lag2_pat_missed,0.0,ext_hgb_all,2021
lag2_pat_blocked,0.0,ext_hgb_all,2021
lag2_gwfg_made,0.0,ext_hgb_all,2021
lag2_gwfg_att,0.0,ext_hgb_all,2021
lag2_gwfg_missed,0.0,ext_hgb_all,2021
lag2_gwfg_blocked,0.0,ext_hgb_all,2021
lag2_gwfg_distance,0.0,ext_hgb_all,2021
lag2_targets,0.00074393980604337,ext_hgb_all,2021
lag2_passing_air_yards,-4.0598833564553516e-05,ext_hgb_all,2021
lag2_passing_yards_after_catch,0.0008972200458240431,ext_hgb_all,2021
lag2_receiving_air_yards,0.0009899622720855872,ext_hgb_all,2021
lag2_receiving_yards_after_catch,0.025485453984571693,ext_hgb_all,2021
lag2_games,-0.0005289197506634924,ext_hgb_all,2021
lag2_roster_weeks,-3.0841907211587305e-05,ext_hgb_all,2021
lag2_offense_snaps,0.00928174928067338,ext_hgb_all,2021
lag3_history_available,-2.740299138825897e-06,ext_hgb_all,2021
lag3_completions,0.0011350127696602152,ext_hgb_all,2021
lag3_attempts,0.0,ext_hgb_all,2021
lag3_passing_yards,0.0,ext_hgb_all,2021
lag3_passing_tds,0.00037355459963639426,ext_hgb_all,2021
lag3_passing_interceptions,0.001799634779525161,ext_hgb_all,2021
lag3_sacks_suffered,0.0005169717663158213,ext_hgb_all,2021
lag3_sack_yards_lost,-0.0001048163388959189,ext_hgb_all,2021
lag3_sack_fumbles,-0.0001627246114309644,ext_hgb_all,2021
lag3_sack_fumbles_lost,0.0,ext_hgb_all,2021
lag3_passing_first_downs,0.0,ext_hgb_all,2021
lag3_passing_10,0.0001746627698033798,ext_hgb_all,2021
lag3_passing_16,3.8064236591583978e-06,ext_hgb_all,2021
lag3_passing_20,0.0,ext_hgb_all,2021
lag3_passing_40,-0.0010051301475733077,ext_hgb_all,2021
lag3_carries,0.00011224920331287525,ext_hgb_all,2021
lag3_rushing_yards,-0.00028467361516448797,ext_hgb_all,2021
lag3_rushing_tds,0.00010874069088084859,ext_hgb_all,2021
lag3_rushing_fumbles,0.0,ext_hgb_all,2021
lag3_rushing_fumbles_lost,3.53730136601893e-05,ext_hgb_all,2021
lag3_rushing_first_downs,0.0007439708530633249,ext_hgb_all,2021
lag3_rushing_10,0.0022963482928853862,ext_hgb_all,2021
lag3_rushing_12,-6.948158698072415e-05,ext_hgb_all,2021
lag3_rushing_20,-7.290852774255452e-05,ext_hgb_all,2021
lag3_rushing_40,0.0,ext_hgb_all,2021
lag3_receptions,0.0032772998836523293,ext_hgb_all,2021
lag3_receiving_yards,-0.0006584394851000264,ext_hgb_all,2021
lag3_receiving_tds,-0.0002634891313655352,ext_hgb_all,2021
lag3_receiving_fumbles,-2.7295969498020156e-06,ext_hgb_all,2021
lag3_receiving_fumbles_lost,0.00011283426918173856,ext_hgb_all,2021
lag3_receiving_first_downs,-0.001466240753946968,ext_hgb_all,2021
lag3_receiving_10,-0.0011599255966358024,ext_hgb_all,2021
lag3_receiving_16,-0.0003625071396879953,ext_hgb_all,2021
lag3_receiving_20,-0.0008907989630702051,ext_hgb_all,2021
lag3_receiving_40,-0.00018454431739545196,ext_hgb_all,2021
lag3_special_teams_tds,0.0,ext_hgb_all,2021
lag3_fumbles_total,-0.00018274640043980384,ext_hgb_all,2021
lag3_fumbles_lost_total,-5.007296908665637e-06,ext_hgb_all,2021
lag3_punt_returns,3.412589230999963e-05,ext_hgb_all,2021
lag3_punt_return_yards,-0.0004292651842706663,ext_hgb_all,2021
lag3_kickoff_returns,0.0,ext_hgb_all,2021
lag3_kickoff_return_yards,7.380389134503673e-06,ext_hgb_all,2021
lag3_fg_made,0.0,ext_hgb_all,2021
lag3_fg_att,0.0,ext_hgb_all,2021
lag3_fg_missed,0.0,ext_hgb_all,2021
lag3_fg_blocked,0.0,ext_hgb_all,2021
lag3_fg_made_0_19,0.0,ext_hgb_all,2021
lag3_fg_made_20_29,0.0,ext_hgb_all,2021
lag3_fg_made_30_39,0.0,ext_hgb_all,2021
lag3_fg_made_40_49,0.0,ext_hgb_all,2021
lag3_fg_made_50_59,0.0,ext_hgb_all,2021
lag3_fg_made_60_,0.0,ext_hgb_all,2021
lag3_fg_missed_0_19,0.0,ext_hgb_all,2021
lag3_fg_missed_20_29,0.0,ext_hgb_all,2021
lag3_fg_missed_30_39,0.0,ext_hgb_all,2021
lag3_fg_missed_40_49,0.0,ext_hgb_all,2021
lag3_fg_missed_50_59,0.0,ext_hgb_all,2021
lag3_fg_missed_60_,0.0,ext_hgb_all,2021
lag3_fg_made_distance,0.0,ext_hgb_all,2021
lag3_fg_missed_distance,0.0,ext_hgb_all,2021
lag3_pat_made,0.0,ext_hgb_all,2021
lag3_pat_att,0.0,ext_hgb_all,2021
lag3_pat_missed,0.0,ext_hgb_all,2021
lag3_pat_blocked,0.0,ext_hgb_all,2021
lag3_gwfg_made,0.0,ext_hgb_all,2021
lag3_gwfg_att,0.0,ext_hgb_all,2021
lag3_gwfg_missed,0.0,ext_hgb_all,2021
lag3_gwfg_blocked,0.0,ext_hgb_all,2021
lag3_gwfg_distance,0.0,ext_hgb_all,2021
lag3_targets,0.001519269812266355,ext_hgb_all,2021
lag3_passing_air_yards,0.00019025675155770472,ext_hgb_all,2021
lag3_passing_yards_after_catch,0.0012360068069912078,ext_hgb_all,2021
lag3_receiving_air_yards,0.0005973395133462844,ext_hgb_all,2021
lag3_receiving_yards_after_catch,-0.0021357890278106417,ext_hgb_all,2021
lag3_games,-0.0005726445589191442,ext_hgb_all,2021
lag3_roster_weeks,-1.987415509274726e-05,ext_hgb_all,2021
lag3_offense_snaps,0.0014815144949698045,ext_hgb_all,2021
lag4_history_available,0.0,ext_hgb_all,2021
lag4_completions,9.516059148007017e-05,ext_hgb_all,2021
lag4_attempts,0.0,ext_hgb_all,2021
lag4_passing_yards,-0.0002034422319611151,ext_hgb_all,2021
lag4_passing_tds,0.0002507439981022097,ext_hgb_all,2021
lag4_passing_interceptions,-0.00011480301731536802,ext_hgb_all,2021
lag4_sacks_suffered,0.0,ext_hgb_all,2021
lag4_sack_yards_lost,0.0005751204278846567,ext_hgb_all,2021
lag4_sack_fumbles,0.0007503506068866628,ext_hgb_all,2021
lag4_sack_fumbles_lost,0.007764411180581021,ext_hgb_all,2021
lag4_passing_first_downs,0.0004122329193618768,ext_hgb_all,2021
lag4_passing_10,-0.0003440887042125418,ext_hgb_all,2021
lag4_passing_16,9.587222989082544e-05,ext_hgb_all,2021
lag4_passing_20,0.0003427572325558348,ext_hgb_all,2021
lag4_passing_40,0.0023933184664004514,ext_hgb_all,2021
lag4_carries,0.0008359995564669598,ext_hgb_all,2021
lag4_rushing_yards,-0.00023438738730940933,ext_hgb_all,2021
lag4_rushing_tds,1.709871656452311e-05,ext_hgb_all,2021
lag4_rushing_fumbles,-0.0001691642504793034,ext_hgb_all,2021
lag4_rushing_fumbles_lost,0.0,ext_hgb_all,2021
lag4_rushing_first_downs,6.742058765329961e-05,ext_hgb_all,2021
lag4_rushing_10,1.018210657566243e-05,ext_hgb_all,2021
lag4_rushing_12,0.0010161375535201467,ext_hgb_all,2021
lag4_rushing_20,0.00041640534597831014,ext_hgb_all,2021
lag4_rushing_40,0.0,ext_hgb_all,2021
lag4_receptions,0.00018879764574297742,ext_hgb_all,2021
lag4_receiving_yards,0.00023393519728276413,ext_hgb_all,2021
lag4_receiving_tds,-1.7641734623929928e-05,ext_hgb_all,2021
lag4_receiving_fumbles,0.0,ext_hgb_all,2021
lag4_receiving_fumbles_lost,-1.6503377389787133e-05,ext_hgb_all,2021
lag4_receiving_first_downs,0.0016699029430937706,ext_hgb_all,2021
lag4_receiving_10,-1.2671249372431248e-05,ext_hgb_all,2021
lag4_receiving_16,-0.0001788967839665423,ext_hgb_all,2021
lag4_receiving_20,-0.0013320152644065164,ext_hgb_all,2021
lag4_receiving_40,7.184314701524919e-05,ext_hgb_all,2021
lag4_special_teams_tds,0.0,ext_hgb_all,2021
lag4_fumbles_total,0.0005467036593618246,ext_hgb_all,2021
lag4_fumbles_lost_total,-0.0009180111367155241,ext_hgb_all,2021
lag4_punt_returns,0.0,ext_hgb_all,2021
lag4_punt_return_yards,0.0,ext_hgb_all,2021
lag4_kickoff_returns,0.0,ext_hgb_all,2021
lag4_kickoff_return_yards,-3.3622565421831396e-05,ext_hgb_all,2021
lag4_fg_made,0.0,ext_hgb_all,2021
lag4_fg_att,0.0,ext_hgb_all,2021
lag4_fg_missed,0.0,ext_hgb_all,2021
lag4_fg_blocked,0.0,ext_hgb_all,2021
lag4_fg_made_0_19,0.0,ext_hgb_all,2021
lag4_fg_made_20_29,0.0,ext_hgb_all,2021
lag4_fg_made_30_39,0.0,ext_hgb_all,2021
lag4_fg_made_40_49,0.0,ext_hgb_all,2021
lag4_fg_made_50_59,0.0,ext_hgb_all,2021
lag4_fg_made_60_,0.0,ext_hgb_all,2021
lag4_fg_missed_0_19,0.0,ext_hgb_all,2021
lag4_fg_missed_20_29,0.0,ext_hgb_all,2021
lag4_fg_missed_30_39,0.0,ext_hgb_all,2021
lag4_fg_missed_40_49,0.0,ext_hgb_all,2021
lag4_fg_missed_50_59,0.0,ext_hgb_all,2021
lag4_fg_missed_60_,0.0,ext_hgb_all,2021
lag4_fg_made_distance,0.0,ext_hgb_all,2021
lag4_fg_missed_distance,0.0,ext_hgb_all,2021
lag4_pat_made,0.0,ext_hgb_all,2021
lag4_pat_att,0.0,ext_hgb_all,2021
lag4_pat_missed,0.0,ext_hgb_all,2021
lag4_pat_blocked,0.0,ext_hgb_all,2021
lag4_gwfg_made,0.0,ext_hgb_all,2021
lag4_gwfg_att,0.0,ext_hgb_all,2021
lag4_gwfg_missed,0.0,ext_hgb_all,2021
lag4_gwfg_blocked,0.0,ext_hgb_all,2021
lag4_gwfg_distance,0.0,ext_hgb_all,2021
lag4_targets,0.00048506616945709347,ext_hgb_all,2021
lag4_passing_air_yards,0.0002503999034287885,ext_hgb_all,2021
lag4_passing_yards_after_catch,9.529365225724451e-05,ext_hgb_all,2021
lag4_receiving_air_yards,-0.0007719825586111062,ext_hgb_all,2021
lag4_receiving_yards_after_catch,9.33816918534669e-05,ext_hgb_all,2021
lag4_games,0.0001783921594373794,ext_hgb_all,2021
lag4_roster_weeks,0.0006421880376387135,ext_hgb_all,2021
lag4_offense_snaps,0.00047712227840290833,ext_hgb_all,2021
lag1_completion_rate,-0.0012321536370437647,ext_hgb_all,2021
lag1_pass_yards_per_attempt,0.0037057253759837927,ext_hgb_all,2021
lag1_pass_td_rate,0.0050331344286072,ext_hgb_all,2021
lag1_interception_rate,-0.0006363530023961728,ext_hgb_all,2021
lag1_rush_yards_per_carry,0.0004096188183342342,ext_hgb_all,2021
lag1_rush_first_down_rate,-0.00042644524459212185,ext_hgb_all,2021
lag1_rush_20_rate,0.0011292224700295561,ext_hgb_all,2021
lag1_receiving_yards_per_reception,0.0009623782508301204,ext_hgb_all,2021
lag1_receiving_first_down_rate,7.298623196561049e-05,ext_hgb_all,2021
lag1_receiving_20_rate,0.0010907316392743116,ext_hgb_all,2021
lag1_field_goal_make_rate,0.0,ext_hgb_all,2021
lag1_made_field_goal_mean_distance,0.0,ext_hgb_all,2021
lag1_missed_field_goal_mean_distance,0.0,ext_hgb_all,2021
lag1_pat_make_rate,0.0,ext_hgb_all,2021
lag1_catch_rate,0.002359487269641636,ext_hgb_all,2021
lag1_receiving_yards_per_target,0.0018444775126963409,ext_hgb_all,2021
lag1_receiving_air_yards_per_target,0.006361935838037902,ext_hgb_all,2021
lag1_receiving_yards_after_catch_per_reception,0.0006576122803076956,ext_hgb_all,2021
lag1_passing_air_yards_per_attempt,0.0004218376238372956,ext_hgb_all,2021
lag1_passing_yards_after_catch_per_completion,0.0005413151415283313,ext_hgb_all,2021
lag2_completion_rate,0.0002005366510594575,ext_hgb_all,2021
lag2_pass_yards_per_attempt,0.0009931454680478513,ext_hgb_all,2021
lag2_pass_td_rate,0.0014653111398754692,ext_hgb_all,2021
lag2_interception_rate,-9.171446848799114e-05,ext_hgb_all,2021
lag2_rush_yards_per_carry,0.0002453654087772872,ext_hgb_all,2021
lag2_rush_first_down_rate,0.0010877206495877312,ext_hgb_all,2021
lag2_rush_20_rate,9.738362363587161e-05,ext_hgb_all,2021
lag2_receiving_yards_per_reception,0.000362445615256779,ext_hgb_all,2021
lag2_receiving_first_down_rate,0.0012311793875040555,ext_hgb_all,2021
lag2_receiving_20_rate,8.598308301988045e-05,ext_hgb_all,2021
lag2_field_goal_make_rate,0.0,ext_hgb_all,2021
lag2_made_field_goal_mean_distance,0.0,ext_hgb_all,2021
lag2_missed_field_goal_mean_distance,0.0,ext_hgb_all,2021
lag2_pat_make_rate,0.0,ext_hgb_all,2021
lag2_catch_rate,0.0008051724478208566,ext_hgb_all,2021
lag2_receiving_yards_per_target,0.00039955422206028324,ext_hgb_all,2021
lag2_receiving_air_yards_per_target,0.0005305878115502427,ext_hgb_all,2021
lag2_receiving_yards_after_catch_per_reception,0.0008924124607592177,ext_hgb_all,2021
lag2_passing_air_yards_per_attempt,0.0011534233917143144,ext_hgb_all,2021
lag2_passing_yards_after_catch_per_completion,-0.00015700122683237616,ext_hgb_all,2021
lag3_completion_rate,0.0,ext_hgb_all,2021
lag3_pass_yards_per_attempt,0.0002627228164004958,ext_hgb_all,2021
lag3_pass_td_rate,-0.00029603755763885076,ext_hgb_all,2021
lag3_interception_rate,0.00046831035971195423,ext_hgb_all,2021
lag3_rush_yards_per_carry,-0.0003951421304931868,ext_hgb_all,2021
lag3_rush_first_down_rate,0.0005047615315314502,ext_hgb_all,2021
lag3_rush_20_rate,0.00032500246933553356,ext_hgb_all,2021
lag3_receiving_yards_per_reception,0.0002759340206334171,ext_hgb_all,2021
lag3_receiving_first_down_rate,4.7523405560800924e-06,ext_hgb_all,2021
lag3_receiving_20_rate,-0.0003938606785688359,ext_hgb_all,2021
lag3_field_goal_make_rate,0.0,ext_hgb_all,2021
lag3_made_field_goal_mean_distance,0.0,ext_hgb_all,2021
lag3_missed_field_goal_mean_distance,0.0,ext_hgb_all,2021
lag3_pat_make_rate,0.0,ext_hgb_all,2021
lag3_catch_rate,0.0015973399803179689,ext_hgb_all,2021
lag3_receiving_yards_per_target,0.0003920477071326367,ext_hgb_all,2021
lag3_receiving_air_yards_per_target,-0.0003973469799747331,ext_hgb_all,2021
lag3_receiving_yards_after_catch_per_reception,0.00011783058747361075,ext_hgb_all,2021
lag3_passing_air_yards_per_attempt,0.0,ext_hgb_all,2021
lag3_passing_yards_after_catch_per_completion,-0.000543418610357338,ext_hgb_all,2021
lag4_completion_rate,6.59989555259477e-05,ext_hgb_all,2021
lag4_pass_yards_per_attempt,-0.00021777417497459428,ext_hgb_all,2021
lag4_pass_td_rate,-0.00037050330018328914,ext_hgb_all,2021
lag4_interception_rate,1.6177300551589724e-05,ext_hgb_all,2021
lag4_rush_yards_per_carry,-0.00029978719906720297,ext_hgb_all,2021
lag4_rush_first_down_rate,-9.230577373564586e-05,ext_hgb_all,2021
lag4_rush_20_rate,0.0003799332050082871,ext_hgb_all,2021
lag4_receiving_yards_per_reception,0.00010320793079077184,ext_hgb_all,2021
lag4_receiving_first_down_rate,0.00028193402729537187,ext_hgb_all,2021
lag4_receiving_20_rate,0.0001441874154008982,ext_hgb_all,2021
lag4_field_goal_make_rate,0.0,ext_hgb_all,2021
lag4_made_field_goal_mean_distance,0.0,ext_hgb_all,2021
lag4_missed_field_goal_mean_distance,0.0,ext_hgb_all,2021
lag4_pat_make_rate,0.0,ext_hgb_all,2021
lag4_catch_rate,0.0002996546204746542,ext_hgb_all,2021
lag4_receiving_yards_per_target,4.795177457284083e-05,ext_hgb_all,2021
lag4_receiving_air_yards_per_target,-0.00031613459740320593,ext_hgb_all,2021
lag4_receiving_yards_after_catch_per_reception,0.0006154639540567608,ext_hgb_all,2021
lag4_passing_air_yards_per_attempt,6.692314284351131e-05,ext_hgb_all,2021
lag4_passing_yards_after_catch_per_completion,4.65545335199824e-05,ext_hgb_all,2021
lag1_late6_attempts,-0.00020872895722523488,ext_hgb_all,2021
lag1_weekly_slope_attempts,-0.0002378511716547571,ext_hgb_all,2021
lag1_late6_mean_delta_attempts,-0.0002743394721486103,ext_hgb_all,2021
lag1_late6_passing_yards,0.0048020691607886246,ext_hgb_all,2021
lag1_weekly_slope_passing_yards,-0.0007267261028237604,ext_hgb_all,2021
lag1_late6_mean_delta_passing_yards,-0.0001532010897119518,ext_hgb_all,2021
lag1_late6_passing_first_downs,0.0006597235609527852,ext_hgb_all,2021
lag1_weekly_slope_passing_first_downs,0.001511914671020631,ext_hgb_all,2021
lag1_late6_mean_delta_passing_first_downs,0.004883850630473807,ext_hgb_all,2021
lag1_late6_passing_20,0.001492208680056395,ext_hgb_all,2021
lag1_weekly_slope_passing_20,-0.0001293954273751119,ext_hgb_all,2021
lag1_late6_mean_delta_passing_20,-0.0010824293163429477,ext_hgb_all,2021
lag1_late6_carries,0.004388153193366495,ext_hgb_all,2021
lag1_weekly_slope_carries,0.0024297022640380472,ext_hgb_all,2021
lag1_late6_mean_delta_carries,0.011787092073408667,ext_hgb_all,2021
lag1_late6_rushing_yards,0.0006571926707221731,ext_hgb_all,2021
lag1_weekly_slope_rushing_yards,0.010284094202068772,ext_hgb_all,2021
lag1_late6_mean_delta_rushing_yards,0.0021654025238627694,ext_hgb_all,2021
lag1_late6_rushing_first_downs,0.0003852949230913616,ext_hgb_all,2021
lag1_weekly_slope_rushing_first_downs,-0.0009424343022470527,ext_hgb_all,2021
lag1_late6_mean_delta_rushing_first_downs,0.003981136888506653,ext_hgb_all,2021
lag1_late6_rushing_20,-3.28644483530427e-05,ext_hgb_all,2021
lag1_weekly_slope_rushing_20,0.003569142008706838,ext_hgb_all,2021
lag1_late6_mean_delta_rushing_20,0.0016814048713650331,ext_hgb_all,2021
lag1_late6_receptions,-0.0013445096563454717,ext_hgb_all,2021
lag1_weekly_slope_receptions,-0.001503656763934269,ext_hgb_all,2021
lag1_late6_mean_delta_receptions,5.32504492567476e-05,ext_hgb_all,2021
lag1_late6_receiving_yards,0.001169475711925383,ext_hgb_all,2021
lag1_weekly_slope_receiving_yards,0.0025360689017216442,ext_hgb_all,2021
lag1_late6_mean_delta_receiving_yards,-0.0011616284183603165,ext_hgb_all,2021
lag1_late6_receiving_first_downs,0.0002002215190475276,ext_hgb_all,2021
lag1_weekly_slope_receiving_first_downs,-0.0024732554335534784,ext_hgb_all,2021
lag1_late6_mean_delta_receiving_first_downs,0.0038928039198734554,ext_hgb_all,2021
lag1_late6_receiving_20,0.005557668791955406,ext_hgb_all,2021
lag1_weekly_slope_receiving_20,0.010081789800366336,ext_hgb_all,2021
lag1_late6_mean_delta_receiving_20,0.0010680375847350598,ext_hgb_all,2021
lag1_late6_punt_return_yards,9.844433023242782e-05,ext_hgb_all,2021
lag1_weekly_slope_punt_return_yards,0.0003961028922967458,ext_hgb_all,2021
lag1_late6_mean_delta_punt_return_yards,5.27286787777026e-06,ext_hgb_all,2021
lag1_late6_kickoff_return_yards,8.561515516036788e-05,ext_hgb_all,2021
lag1_weekly_slope_kickoff_return_yards,0.002129142732953504,ext_hgb_all,2021
lag1_late6_mean_delta_kickoff_return_yards,-0.00011631885898444327,ext_hgb_all,2021
lag1_late6_fg_made,0.0,ext_hgb_all,2021
lag1_weekly_slope_fg_made,0.0,ext_hgb_all,2021
lag1_late6_mean_delta_fg_made,0.0,ext_hgb_all,2021
lag1_late6_fg_att,0.0,ext_hgb_all,2021
lag1_weekly_slope_fg_att,0.0,ext_hgb_all,2021
lag1_late6_mean_delta_fg_att,0.0,ext_hgb_all,2021
lag1_late6_pat_att,0.0,ext_hgb_all,2021
lag1_weekly_slope_pat_att,0.0,ext_hgb_all,2021
lag1_late6_mean_delta_pat_att,0.0,ext_hgb_all,2021
lag1_late6_targets,0.00035409015491949525,ext_hgb_all,2021
lag1_weekly_slope_targets,-0.00021096245347262954,ext_hgb_all,2021
lag1_late6_mean_delta_targets,0.00039156879890911434,ext_hgb_all,2021
lag1_late6_passing_air_yards,0.002082810926776535,ext_hgb_all,2021
lag1_weekly_slope_passing_air_yards,0.00045333753241583175,ext_hgb_all,2021
lag1_late6_mean_delta_passing_air_yards,0.00020897136514652637,ext_hgb_all,2021
lag1_late6_passing_yards_after_catch,0.00026751478569586595,ext_hgb_all,2021
lag1_weekly_slope_passing_yards_after_catch,0.00039598233068005584,ext_hgb_all,2021
lag1_late6_mean_delta_passing_yards_after_catch,0.0020278319848131554,ext_hgb_all,2021
lag1_late6_receiving_air_yards,0.002290850736134331,ext_hgb_all,2021
lag1_weekly_slope_receiving_air_yards,-0.0010179959283057594,ext_hgb_all,2021
lag1_late6_mean_delta_receiving_air_yards,-0.0006734199828262177,ext_hgb_all,2021
lag1_late6_receiving_yards_after_catch,0.0018350971170408847,ext_hgb_all,2021
lag1_weekly_slope_receiving_yards_after_catch,-2.2037493777493644e-05,ext_hgb_all,2021
lag1_late6_mean_delta_receiving_yards_after_catch,0.0045201066405538,ext_hgb_all,2021
position_K,0.0,ext_hgb_all,2021
injury_lag2_injury_reported,-0.0002447492961088482,ext_hgb_all,2021
injury_lag2_injury_report_weeks,-0.00031899054608608424,ext_hgb_all,2021
injury_lag2_designation_count,0.0002381127266636307,ext_hgb_all,2021
injury_lag3_injury_reported,-4.8632956407335115e-05,ext_hgb_all,2021
injury_lag3_injury_report_weeks,-3.430267789061858e-05,ext_hgb_all,2021
injury_lag3_designation_count,-0.0003846304396901701,ext_hgb_all,2021
injury_lag4_injury_reported,7.555993985486342e-05,ext_hgb_all,2021
injury_lag4_injury_report_weeks,0.00033300354868859294,ext_hgb_all,2021
injury_lag4_designation_count,-0.0001676873717141314,ext_hgb_all,2021
injury_lag5_injury_reported,-1.083745996843799e-05,ext_hgb_all,2021
injury_lag5_injury_report_weeks,0.0009053715965188225,ext_hgb_all,2021
injury_lag5_designation_count,0.0012766291296595345,ext_hgb_all,2021
injury_lag1_reserve_weeks,0.0011377881716794214,ext_hgb_all,2021
injury_lag2_reserve_weeks,-9.32222096605706e-05,ext_hgb_all,2021
injury_lag3_reserve_weeks,9.04657494286143e-05,ext_hgb_all,2021
injury_lag4_reserve_weeks,-2.964044204389893e-05,ext_hgb_all,2021
injury_lag2_absence_report_weeks,-5.276834403233899e-05,ext_hgb_all,2021
injury_lag2_absence_reported,0.0,ext_hgb_all,2021
injury_lag3_absence_report_weeks,0.00013128802962614206,ext_hgb_all,2021
injury_lag3_absence_reported,0.0,ext_hgb_all,2021
injury_lag4_absence_report_weeks,1.6283644949655063e-05,ext_hgb_all,2021
injury_lag4_absence_reported,0.0,ext_hgb_all,2021
injury_lag5_absence_report_weeks,0.0,ext_hgb_all,2021
injury_lag5_absence_reported,0.0,ext_hgb_all,2021
lag1_targets_per_game,-0.002551650847910425,ext_hgb_all,2021
lag1_carries_per_game,0.002614748903076114,ext_hgb_all,2021
lag1_receptions_per_game,0.001490870345275841,ext_hgb_all,2021
lag1_attempts_per_game,0.010600877648878515,ext_hgb_all,2021
lag1_receiving_yards_per_game,0.004111458261416678,ext_hgb_all,2021
lag1_rushing_yards_per_game,-0.0005080622855810901,ext_hgb_all,2021
lag1_passing_yards_per_game,0.0012289052919854937,ext_hgb_all,2021
lag1_offense_snaps_per_game,0.003029167698051949,ext_hgb_all,2021
lag1_share_targets_prior_team,0.005344747256881277,ext_hgb_all,2021
lag1_share_carries_prior_team,0.004042479214187766,ext_hgb_all,2021
lag1_share_receptions_prior_team,0.011691364778200763,ext_hgb_all,2021
lag1_share_attempts_prior_team,0.0,ext_hgb_all,2021
age,0.03408526605446871,ext_xgb_all,2019
missing_age,0.0,ext_xgb_all,2019
years_exp,0.0012081959367326034,ext_xgb_all,2019
missing_years_exp,0.0,ext_xgb_all,2019
height,-0.00019193559860308795,ext_xgb_all,2019
missing_height,0.0,ext_xgb_all,2019
weight,-0.00011303289569408737,ext_xgb_all,2019
missing_weight,0.0,ext_xgb_all,2019
draft_number,0.06826708213093624,ext_xgb_all,2019
missing_draft_number,0.007586919515038981,ext_xgb_all,2019
draft_round,0.00035580201142904055,ext_xgb_all,2019
missing_draft_round,0.0,ext_xgb_all,2019
was_drafted,0.0,ext_xgb_all,2019
missing_was_drafted,0.0,ext_xgb_all,2019
is_rookie,0.0008656971377621892,ext_xgb_all,2019
missing_is_rookie,0.0,ext_xgb_all,2019
missing_team_changed,0.0,ext_xgb_all,2019
combine_forty,0.00029502892283372883,ext_xgb_all,2019
missing_combine_forty,0.0,ext_xgb_all,2019
combine_bench,0.0014742038138645386,ext_xgb_all,2019
missing_combine_bench,0.0,ext_xgb_all,2019
combine_vertical,0.000874758589363922,ext_xgb_all,2019
missing_combine_vertical,0.0,ext_xgb_all,2019
combine_broad_jump,0.0007021331825941557,ext_xgb_all,2019
missing_combine_broad_jump,0.0,ext_xgb_all,2019
combine_cone,-6.515679898022597e-05,ext_xgb_all,2019
missing_combine_cone,0.0,ext_xgb_all,2019
combine_shuttle,0.00018053345005764054,ext_xgb_all,2019
missing_combine_shuttle,0.0,ext_xgb_all,2019
position_QB,0.0,ext_xgb_all,2019
position_RB,0.0,ext_xgb_all,2019
position_WR,0.0,ext_xgb_all,2019
position_TE,0.0,ext_xgb_all,2019
lag1_history_available,0.007623677705477783,ext_xgb_all,2019
lag1_completions,-0.00014998896026596764,ext_xgb_all,2019
lag1_attempts,0.0,ext_xgb_all,2019
lag1_passing_yards,0.0001129759399008945,ext_xgb_all,2019
lag1_passing_tds,1.764576003127072e-05,ext_xgb_all,2019
lag1_passing_interceptions,-0.0011182377969795043,ext_xgb_all,2019
lag1_sacks_suffered,-0.00044821275353046364,ext_xgb_all,2019
lag1_sack_yards_lost,0.0019623918671033413,ext_xgb_all,2019
lag1_sack_fumbles,0.0,ext_xgb_all,2019
lag1_sack_fumbles_lost,-0.0001435188482544758,ext_xgb_all,2019
lag1_passing_first_downs,0.0008249004537889126,ext_xgb_all,2019
lag1_passing_10,0.0004175081056891905,ext_xgb_all,2019
lag1_passing_16,0.0,ext_xgb_all,2019
lag1_passing_20,0.0,ext_xgb_all,2019
lag1_passing_40,0.0,ext_xgb_all,2019
lag1_carries,0.0006613492341646099,ext_xgb_all,2019
lag1_rushing_yards,0.0021244029441517265,ext_xgb_all,2019
lag1_rushing_tds,-2.6846115111167634e-05,ext_xgb_all,2019
lag1_rushing_fumbles,0.0,ext_xgb_all,2019
lag1_rushing_fumbles_lost,0.000455374637929995,ext_xgb_all,2019
lag1_rushing_first_downs,-0.00013044510123949582,ext_xgb_all,2019
lag1_rushing_10,0.008888601760848824,ext_xgb_all,2019
lag1_rushing_12,0.0,ext_xgb_all,2019
lag1_rushing_20,0.0011926541134769097,ext_xgb_all,2019
lag1_rushing_40,0.00016020889585022235,ext_xgb_all,2019
lag1_receptions,0.013252976477180933,ext_xgb_all,2019
lag1_receiving_yards,0.003043506095089632,ext_xgb_all,2019
lag1_receiving_tds,0.013330659355608954,ext_xgb_all,2019
lag1_receiving_fumbles,3.2224500269295575e-06,ext_xgb_all,2019
lag1_receiving_fumbles_lost,0.0,ext_xgb_all,2019
lag1_receiving_first_downs,-1.0682486213831055e-05,ext_xgb_all,2019
lag1_receiving_10,0.0004756719807387233,ext_xgb_all,2019
lag1_receiving_16,7.612536692458427e-06,ext_xgb_all,2019
lag1_receiving_20,0.0003885437240321865,ext_xgb_all,2019
lag1_receiving_40,-1.192306509967267e-06,ext_xgb_all,2019
lag1_special_teams_tds,0.0,ext_xgb_all,2019
lag1_fumbles_total,-0.00024876998905576375,ext_xgb_all,2019
lag1_fumbles_lost_total,-0.000515223569533485,ext_xgb_all,2019
lag1_punt_returns,0.0,ext_xgb_all,2019
lag1_punt_return_yards,0.0,ext_xgb_all,2019
lag1_kickoff_returns,0.0,ext_xgb_all,2019
lag1_kickoff_return_yards,0.0,ext_xgb_all,2019
lag1_fg_made,0.0,ext_xgb_all,2019
lag1_fg_att,0.0,ext_xgb_all,2019
lag1_fg_missed,0.0,ext_xgb_all,2019
lag1_fg_blocked,0.0,ext_xgb_all,2019
lag1_fg_made_0_19,0.0,ext_xgb_all,2019
lag1_fg_made_20_29,0.0,ext_xgb_all,2019
lag1_fg_made_30_39,0.0,ext_xgb_all,2019
lag1_fg_made_40_49,0.0,ext_xgb_all,2019
lag1_fg_made_50_59,0.0,ext_xgb_all,2019
lag1_fg_made_60_,0.0,ext_xgb_all,2019
lag1_fg_missed_0_19,0.0,ext_xgb_all,2019
lag1_fg_missed_20_29,0.0,ext_xgb_all,2019
lag1_fg_missed_30_39,0.0,ext_xgb_all,2019
lag1_fg_missed_40_49,0.0,ext_xgb_all,2019
lag1_fg_missed_50_59,0.0,ext_xgb_all,2019
lag1_fg_missed_60_,0.0,ext_xgb_all,2019
lag1_fg_made_distance,0.0,ext_xgb_all,2019
lag1_fg_missed_distance,0.0,ext_xgb_all,2019
lag1_pat_made,0.0,ext_xgb_all,2019
lag1_pat_att,0.0,ext_xgb_all,2019
lag1_pat_missed,0.0,ext_xgb_all,2019
lag1_pat_blocked,0.0,ext_xgb_all,2019
lag1_gwfg_made,0.0,ext_xgb_all,2019
lag1_gwfg_att,0.0,ext_xgb_all,2019
lag1_gwfg_missed,0.0,ext_xgb_all,2019
lag1_gwfg_blocked,0.0,ext_xgb_all,2019
lag1_gwfg_distance,0.0,ext_xgb_all,2019
lag1_targets,0.004353289187095988,ext_xgb_all,2019
lag1_passing_air_yards,0.00018782659533433943,ext_xgb_all,2019
lag1_passing_yards_after_catch,-0.00046530163858893303,ext_xgb_all,2019
lag1_receiving_air_yards,0.001381099254913698,ext_xgb_all,2019
lag1_receiving_yards_after_catch,0.004477834811281278,ext_xgb_all,2019
lag1_games,0.004970880551208645,ext_xgb_all,2019
lag1_roster_weeks,0.00030829711238655744,ext_xgb_all,2019
lag1_offense_snaps,0.09998723563103629,ext_xgb_all,2019
lag2_history_available,0.0,ext_xgb_all,2019
lag2_completions,0.0,ext_xgb_all,2019
lag2_attempts,1.294022402298367e-05,ext_xgb_all,2019
lag2_passing_yards,0.0005880530709436727,ext_xgb_all,2019
lag2_passing_tds,0.0004128261092276597,ext_xgb_all,2019
lag2_passing_interceptions,-5.705462410121598e-05,ext_xgb_all,2019
lag2_sacks_suffered,0.0,ext_xgb_all,2019
lag2_sack_yards_lost,0.0002651244175208012,ext_xgb_all,2019
lag2_sack_fumbles,-0.0001864568643306086,ext_xgb_all,2019
lag2_sack_fumbles_lost,0.0,ext_xgb_all,2019
lag2_passing_first_downs,0.0,ext_xgb_all,2019
lag2_passing_10,0.0,ext_xgb_all,2019
lag2_passing_16,0.0,ext_xgb_all,2019
lag2_passing_20,-0.00047836302995130087,ext_xgb_all,2019
lag2_passing_40,0.0003093593884140322,ext_xgb_all,2019
lag2_carries,0.00043492050803040083,ext_xgb_all,2019
lag2_rushing_yards,3.755313052178355e-05,ext_xgb_all,2019
lag2_rushing_tds,3.684242497581369e-05,ext_xgb_all,2019
lag2_rushing_fumbles,0.0,ext_xgb_all,2019
lag2_rushing_fumbles_lost,-1.9711448966841516e-05,ext_xgb_all,2019
lag2_rushing_first_downs,-0.00013862961291899456,ext_xgb_all,2019
lag2_rushing_10,0.000113716091367011,ext_xgb_all,2019
lag2_rushing_12,0.0063650171224701735,ext_xgb_all,2019
lag2_rushing_20,6.204998303949161e-06,ext_xgb_all,2019
lag2_rushing_40,0.0,ext_xgb_all,2019
lag2_receptions,-0.0009724334906311416,ext_xgb_all,2019
lag2_receiving_yards,-0.0003881600832721377,ext_xgb_all,2019
lag2_receiving_tds,0.0005363293255339352,ext_xgb_all,2019
lag2_receiving_fumbles,3.815888765423825e-05,ext_xgb_all,2019
lag2_receiving_fumbles_lost,-3.261228448303566e-05,ext_xgb_all,2019
lag2_receiving_first_downs,-0.0009831565588508395,ext_xgb_all,2019
lag2_receiving_10,-0.001162419351315891,ext_xgb_all,2019
lag2_receiving_16,-0.0009579217221110659,ext_xgb_all,2019
lag2_receiving_20,0.00020568781700625038,ext_xgb_all,2019
lag2_receiving_40,-0.0006302310456175464,ext_xgb_all,2019
lag2_special_teams_tds,0.0,ext_xgb_all,2019
lag2_fumbles_total,-0.00022121345118708557,ext_xgb_all,2019
lag2_fumbles_lost_total,-0.0002920829878364506,ext_xgb_all,2019
lag2_punt_returns,0.0,ext_xgb_all,2019
lag2_punt_return_yards,-0.0002741533149255293,ext_xgb_all,2019
lag2_kickoff_returns,0.0,ext_xgb_all,2019
lag2_kickoff_return_yards,0.0,ext_xgb_all,2019
lag2_fg_made,0.0,ext_xgb_all,2019
lag2_fg_att,0.0,ext_xgb_all,2019
lag2_fg_missed,0.0,ext_xgb_all,2019
lag2_fg_blocked,0.0,ext_xgb_all,2019
lag2_fg_made_0_19,0.0,ext_xgb_all,2019
lag2_fg_made_20_29,0.0,ext_xgb_all,2019
lag2_fg_made_30_39,0.0,ext_xgb_all,2019
lag2_fg_made_40_49,0.0,ext_xgb_all,2019
lag2_fg_made_50_59,0.0,ext_xgb_all,2019
lag2_fg_made_60_,0.0,ext_xgb_all,2019
lag2_fg_missed_0_19,0.0,ext_xgb_all,2019
lag2_fg_missed_20_29,0.0,ext_xgb_all,2019
lag2_fg_missed_30_39,0.0,ext_xgb_all,2019
lag2_fg_missed_40_49,0.0,ext_xgb_all,2019
lag2_fg_missed_50_59,0.0,ext_xgb_all,2019
lag2_fg_missed_60_,0.0,ext_xgb_all,2019
lag2_fg_made_distance,0.0,ext_xgb_all,2019
lag2_fg_missed_distance,0.0,ext_xgb_all,2019
lag2_pat_made,0.0,ext_xgb_all,2019
lag2_pat_att,0.0,ext_xgb_all,2019
lag2_pat_missed,0.0,ext_xgb_all,2019
lag2_pat_blocked,0.0,ext_xgb_all,2019
lag2_gwfg_made,0.0,ext_xgb_all,2019
lag2_gwfg_att,0.0,ext_xgb_all,2019
lag2_gwfg_missed,0.0,ext_xgb_all,2019
lag2_gwfg_blocked,0.0,ext_xgb_all,2019
lag2_gwfg_distance,0.0,ext_xgb_all,2019
lag2_targets,0.0019435850299588386,ext_xgb_all,2019
lag2_passing_air_yards,0.0,ext_xgb_all,2019
lag2_passing_yards_after_catch,0.0,ext_xgb_all,2019
lag2_receiving_air_yards,0.00027553847627059813,ext_xgb_all,2019
lag2_receiving_yards_after_catch,-0.0026839674513255973,ext_xgb_all,2019
lag2_games,0.002480574050132911,ext_xgb_all,2019
lag2_roster_weeks,-0.0009005219535966891,ext_xgb_all,2019
lag2_offense_snaps,0.005211397213393032,ext_xgb_all,2019
lag3_history_available,4.55877426408513e-06,ext_xgb_all,2019
lag3_completions,0.00024248894540679355,ext_xgb_all,2019
lag3_attempts,4.646772938798893e-05,ext_xgb_all,2019
lag3_passing_yards,0.0,ext_xgb_all,2019
lag3_passing_tds,0.0,ext_xgb_all,2019
lag3_passing_interceptions,0.0,ext_xgb_all,2019
lag3_sacks_suffered,0.0,ext_xgb_all,2019
lag3_sack_yards_lost,0.0001363223324559737,ext_xgb_all,2019
lag3_sack_fumbles,-7.47003841324867e-05,ext_xgb_all,2019
lag3_sack_fumbles_lost,0.0,ext_xgb_all,2019
lag3_passing_first_downs,0.0,ext_xgb_all,2019
lag3_passing_10,-6.999484812408863e-05,ext_xgb_all,2019
lag3_passing_16,0.0,ext_xgb_all,2019
lag3_passing_20,0.0,ext_xgb_all,2019
lag3_passing_40,0.0,ext_xgb_all,2019
lag3_carries,0.00042410975572160226,ext_xgb_all,2019
lag3_rushing_yards,0.0020096965466478434,ext_xgb_all,2019
lag3_rushing_tds,-4.1173440073039025e-05,ext_xgb_all,2019
lag3_rushing_fumbles,0.0,ext_xgb_all,2019
lag3_rushing_fumbles_lost,0.0,ext_xgb_all,2019
lag3_rushing_first_downs,7.605574010771665e-05,ext_xgb_all,2019
lag3_rushing_10,0.00042568993761005203,ext_xgb_all,2019
lag3_rushing_12,0.0005053083600617958,ext_xgb_all,2019
lag3_rushing_20,0.0,ext_xgb_all,2019
lag3_rushing_40,-3.9382744337568276e-05,ext_xgb_all,2019
lag3_receptions,-0.0004612210124588234,ext_xgb_all,2019
lag3_receiving_yards,-3.0613275255886307e-06,ext_xgb_all,2019
lag3_receiving_tds,-3.09402361904354e-05,ext_xgb_all,2019
lag3_receiving_fumbles,0.0,ext_xgb_all,2019
lag3_receiving_fumbles_lost,0.0,ext_xgb_all,2019
lag3_receiving_first_downs,-0.0003795079396690104,ext_xgb_all,2019
lag3_receiving_10,0.0,ext_xgb_all,2019
lag3_receiving_16,-0.0001903286058676512,ext_xgb_all,2019
lag3_receiving_20,-0.0008597400551494383,ext_xgb_all,2019
lag3_receiving_40,0.0,ext_xgb_all,2019
lag3_special_teams_tds,0.0,ext_xgb_all,2019
lag3_fumbles_total,-1.0751918950169248e-05,ext_xgb_all,2019
lag3_fumbles_lost_total,4.768264649113174e-05,ext_xgb_all,2019
lag3_punt_returns,0.0,ext_xgb_all,2019
lag3_punt_return_yards,0.0,ext_xgb_all,2019
lag3_kickoff_returns,0.0,ext_xgb_all,2019
lag3_kickoff_return_yards,0.00012001548934825745,ext_xgb_all,2019
lag3_fg_made,0.0,ext_xgb_all,2019
lag3_fg_att,0.0,ext_xgb_all,2019
lag3_fg_missed,0.0,ext_xgb_all,2019
lag3_fg_blocked,0.0,ext_xgb_all,2019
lag3_fg_made_0_19,0.0,ext_xgb_all,2019
lag3_fg_made_20_29,0.0,ext_xgb_all,2019
lag3_fg_made_30_39,0.0,ext_xgb_all,2019
lag3_fg_made_40_49,0.0,ext_xgb_all,2019
lag3_fg_made_50_59,0.0,ext_xgb_all,2019
lag3_fg_made_60_,0.0,ext_xgb_all,2019
lag3_fg_missed_0_19,0.0,ext_xgb_all,2019
lag3_fg_missed_20_29,0.0,ext_xgb_all,2019
lag3_fg_missed_30_39,0.0,ext_xgb_all,2019
lag3_fg_missed_40_49,0.0,ext_xgb_all,2019
lag3_fg_missed_50_59,0.0,ext_xgb_all,2019
lag3_fg_missed_60_,0.0,ext_xgb_all,2019
lag3_fg_made_distance,0.0,ext_xgb_all,2019
lag3_fg_missed_distance,0.0,ext_xgb_all,2019
lag3_pat_made,0.0,ext_xgb_all,2019
lag3_pat_att,0.0,ext_xgb_all,2019
lag3_pat_missed,0.0,ext_xgb_all,2019
lag3_pat_blocked,0.0,ext_xgb_all,2019
lag3_gwfg_made,0.0,ext_xgb_all,2019
lag3_gwfg_att,0.0,ext_xgb_all,2019
lag3_gwfg_missed,0.0,ext_xgb_all,2019
lag3_gwfg_blocked,0.0,ext_xgb_all,2019
lag3_gwfg_distance,0.0,ext_xgb_all,2019
lag3_targets,9.210068489140522e-05,ext_xgb_all,2019
lag3_passing_air_yards,0.000386251140753191,ext_xgb_all,2019
lag3_passing_yards_after_catch,0.0,ext_xgb_all,2019
lag3_receiving_air_yards,0.00020327305623257796,ext_xgb_all,2019
lag3_receiving_yards_after_catch,0.000531658003218971,ext_xgb_all,2019
lag3_games,6.934024393345783e-05,ext_xgb_all,2019
lag3_roster_weeks,0.0,ext_xgb_all,2019
lag3_offense_snaps,0.000965610152317109,ext_xgb_all,2019
lag4_history_available,0.0,ext_xgb_all,2019
lag4_completions,0.0003699944156413393,ext_xgb_all,2019
lag4_attempts,0.0,ext_xgb_all,2019
lag4_passing_yards,0.0,ext_xgb_all,2019
lag4_passing_tds,0.0006113386317486702,ext_xgb_all,2019
lag4_passing_interceptions,2.117491203756927e-05,ext_xgb_all,2019
lag4_sacks_suffered,0.0,ext_xgb_all,2019
lag4_sack_yards_lost,0.0,ext_xgb_all,2019
lag4_sack_fumbles,0.0,ext_xgb_all,2019
lag4_sack_fumbles_lost,0.0,ext_xgb_all,2019
lag4_passing_first_downs,0.00025936156172645664,ext_xgb_all,2019
lag4_passing_10,0.0,ext_xgb_all,2019
lag4_passing_16,0.0,ext_xgb_all,2019
lag4_passing_20,-5.778177922000083e-05,ext_xgb_all,2019
lag4_passing_40,0.0,ext_xgb_all,2019
lag4_carries,-4.938672119481069e-06,ext_xgb_all,2019
lag4_rushing_yards,-0.0001902432431122314,ext_xgb_all,2019
lag4_rushing_tds,0.0,ext_xgb_all,2019
lag4_rushing_fumbles,0.0,ext_xgb_all,2019
lag4_rushing_fumbles_lost,0.0,ext_xgb_all,2019
lag4_rushing_first_downs,-1.6805076890391568e-05,ext_xgb_all,2019
lag4_rushing_10,3.8776524042272165e-05,ext_xgb_all,2019
lag4_rushing_12,4.530516675649299e-05,ext_xgb_all,2019
lag4_rushing_20,0.0,ext_xgb_all,2019
lag4_rushing_40,0.0,ext_xgb_all,2019
lag4_receptions,-0.00012006360594796206,ext_xgb_all,2019
lag4_receiving_yards,0.0,ext_xgb_all,2019
lag4_receiving_tds,2.2879395190633645e-06,ext_xgb_all,2019
lag4_receiving_fumbles,0.0,ext_xgb_all,2019
lag4_receiving_fumbles_lost,0.0,ext_xgb_all,2019
lag4_receiving_first_downs,-0.00015675272319282119,ext_xgb_all,2019
lag4_receiving_10,0.00030999788191277133,ext_xgb_all,2019
lag4_receiving_16,0.0,ext_xgb_all,2019
lag4_receiving_20,-4.5114300373239047e-07,ext_xgb_all,2019
lag4_receiving_40,0.0,ext_xgb_all,2019
lag4_special_teams_tds,0.0,ext_xgb_all,2019
lag4_fumbles_total,-3.01694314253087e-05,ext_xgb_all,2019
lag4_fumbles_lost_total,7.587676813458621e-05,ext_xgb_all,2019
lag4_punt_returns,0.0,ext_xgb_all,2019
lag4_punt_return_yards,0.0,ext_xgb_all,2019
lag4_kickoff_returns,0.0,ext_xgb_all,2019
lag4_kickoff_return_yards,0.0,ext_xgb_all,2019
lag4_fg_made,0.0,ext_xgb_all,2019
lag4_fg_att,0.0,ext_xgb_all,2019
lag4_fg_missed,0.0,ext_xgb_all,2019
lag4_fg_blocked,0.0,ext_xgb_all,2019
lag4_fg_made_0_19,0.0,ext_xgb_all,2019
lag4_fg_made_20_29,0.0,ext_xgb_all,2019
lag4_fg_made_30_39,0.0,ext_xgb_all,2019
lag4_fg_made_40_49,0.0,ext_xgb_all,2019
lag4_fg_made_50_59,0.0,ext_xgb_all,2019
lag4_fg_made_60_,0.0,ext_xgb_all,2019
lag4_fg_missed_0_19,0.0,ext_xgb_all,2019
lag4_fg_missed_20_29,0.0,ext_xgb_all,2019
lag4_fg_missed_30_39,0.0,ext_xgb_all,2019
lag4_fg_missed_40_49,0.0,ext_xgb_all,2019
lag4_fg_missed_50_59,0.0,ext_xgb_all,2019
lag4_fg_missed_60_,0.0,ext_xgb_all,2019
lag4_fg_made_distance,0.0,ext_xgb_all,2019
lag4_fg_missed_distance,0.0,ext_xgb_all,2019
lag4_pat_made,0.0,ext_xgb_all,2019
lag4_pat_att,0.0,ext_xgb_all,2019
lag4_pat_missed,0.0,ext_xgb_all,2019
lag4_pat_blocked,0.0,ext_xgb_all,2019
lag4_gwfg_made,0.0,ext_xgb_all,2019
lag4_gwfg_att,0.0,ext_xgb_all,2019
lag4_gwfg_missed,0.0,ext_xgb_all,2019
lag4_gwfg_blocked,0.0,ext_xgb_all,2019
lag4_gwfg_distance,0.0,ext_xgb_all,2019
lag4_targets,0.00048163894061936663,ext_xgb_all,2019
lag4_passing_air_yards,0.0,ext_xgb_all,2019
lag4_passing_yards_after_catch,9.627699693848246e-05,ext_xgb_all,2019
lag4_receiving_air_yards,-4.936288380485987e-05,ext_xgb_all,2019
lag4_receiving_yards_after_catch,-1.564983174373591e-05,ext_xgb_all,2019
lag4_games,-0.00022001306389196618,ext_xgb_all,2019
lag4_roster_weeks,0.0,ext_xgb_all,2019
lag4_offense_snaps,7.734819467319909e-05,ext_xgb_all,2019
lag1_completion_rate,-0.0009159166363025273,ext_xgb_all,2019
lag1_pass_yards_per_attempt,0.004465186046909264,ext_xgb_all,2019
lag1_pass_td_rate,-1.0210916033703832e-05,ext_xgb_all,2019
lag1_interception_rate,-2.47040640437568e-05,ext_xgb_all,2019
lag1_rush_yards_per_carry,0.0008718312866928812,ext_xgb_all,2019
lag1_rush_first_down_rate,-0.00010586703670123487,ext_xgb_all,2019
lag1_rush_20_rate,0.0015768416792550921,ext_xgb_all,2019
lag1_receiving_yards_per_reception,5.983133638631788e-05,ext_xgb_all,2019
lag1_receiving_first_down_rate,-0.00010875854794334394,ext_xgb_all,2019
lag1_receiving_20_rate,7.439666333863837e-05,ext_xgb_all,2019
lag1_field_goal_make_rate,0.0,ext_xgb_all,2019
lag1_made_field_goal_mean_distance,0.0,ext_xgb_all,2019
lag1_missed_field_goal_mean_distance,0.0,ext_xgb_all,2019
lag1_pat_make_rate,0.0,ext_xgb_all,2019
lag1_catch_rate,-4.335376353215015e-05,ext_xgb_all,2019
lag1_receiving_yards_per_target,0.011194641639011627,ext_xgb_all,2019
lag1_receiving_air_yards_per_target,0.000885849570003705,ext_xgb_all,2019
lag1_receiving_yards_after_catch_per_reception,4.287728328800089e-05,ext_xgb_all,2019
lag1_passing_air_yards_per_attempt,2.1612275910798395e-05,ext_xgb_all,2019
lag1_passing_yards_after_catch_per_completion,-0.0036251127060303867,ext_xgb_all,2019
lag2_completion_rate,0.0,ext_xgb_all,2019
lag2_pass_yards_per_attempt,-0.00013740336909828788,ext_xgb_all,2019
lag2_pass_td_rate,0.0,ext_xgb_all,2019
lag2_interception_rate,0.00018130833631468946,ext_xgb_all,2019
lag2_rush_yards_per_carry,4.476463062164093e-05,ext_xgb_all,2019
lag2_rush_first_down_rate,0.0,ext_xgb_all,2019
lag2_rush_20_rate,7.234761612828766e-05,ext_xgb_all,2019
lag2_receiving_yards_per_reception,1.4339620377556983e-05,ext_xgb_all,2019
lag2_receiving_first_down_rate,9.569200675518807e-06,ext_xgb_all,2019
lag2_receiving_20_rate,0.0,ext_xgb_all,2019
lag2_field_goal_make_rate,0.0,ext_xgb_all,2019
lag2_made_field_goal_mean_distance,0.0,ext_xgb_all,2019
lag2_missed_field_goal_mean_distance,0.0,ext_xgb_all,2019
lag2_pat_make_rate,0.0,ext_xgb_all,2019
lag2_catch_rate,5.556550166840868e-05,ext_xgb_all,2019
lag2_receiving_yards_per_target,9.988514170000684e-05,ext_xgb_all,2019
lag2_receiving_air_yards_per_target,0.00010819982901166814,ext_xgb_all,2019
lag2_receiving_yards_after_catch_per_reception,2.6535063102350875e-07,ext_xgb_all,2019
lag2_passing_air_yards_per_attempt,0.001671128535871369,ext_xgb_all,2019
lag2_passing_yards_after_catch_per_completion,-0.00021066557816695752,ext_xgb_all,2019
lag3_completion_rate,0.0,ext_xgb_all,2019
lag3_pass_yards_per_attempt,0.00016175280028674077,ext_xgb_all,2019
lag3_pass_td_rate,0.0,ext_xgb_all,2019
lag3_interception_rate,0.0,ext_xgb_all,2019
lag3_rush_yards_per_carry,-0.00014494991849078875,ext_xgb_all,2019
lag3_rush_first_down_rate,0.000277662879981877,ext_xgb_all,2019
lag3_rush_20_rate,0.0,ext_xgb_all,2019
lag3_receiving_yards_per_reception,0.00015043988075136294,ext_xgb_all,2019
lag3_receiving_first_down_rate,0.00012968864914464362,ext_xgb_all,2019
lag3_receiving_20_rate,-0.0001762545443653174,ext_xgb_all,2019
lag3_field_goal_make_rate,0.0,ext_xgb_all,2019
lag3_made_field_goal_mean_distance,0.0,ext_xgb_all,2019
lag3_missed_field_goal_mean_distance,0.0,ext_xgb_all,2019
lag3_pat_make_rate,0.0,ext_xgb_all,2019
lag3_catch_rate,-0.0001562850344611899,ext_xgb_all,2019
lag3_receiving_yards_per_target,-3.635280180758205e-05,ext_xgb_all,2019
lag3_receiving_air_yards_per_target,-0.00012646662732784808,ext_xgb_all,2019
lag3_receiving_yards_after_catch_per_reception,3.5349969132569825e-05,ext_xgb_all,2019
lag3_passing_air_yards_per_attempt,0.0,ext_xgb_all,2019
lag3_passing_yards_after_catch_per_completion,0.0,ext_xgb_all,2019
lag4_completion_rate,0.0,ext_xgb_all,2019
lag4_pass_yards_per_attempt,0.0008064616184719764,ext_xgb_all,2019
lag4_pass_td_rate,-0.0010766537434220291,ext_xgb_all,2019
lag4_interception_rate,0.0,ext_xgb_all,2019
lag4_rush_yards_per_carry,-4.9408128087624625e-05,ext_xgb_all,2019
lag4_rush_first_down_rate,-0.0002704920759061258,ext_xgb_all,2019
lag4_rush_20_rate,-0.00022897910129460186,ext_xgb_all,2019
lag4_receiving_yards_per_reception,6.672746666247509e-05,ext_xgb_all,2019
lag4_receiving_first_down_rate,9.832521924435511e-07,ext_xgb_all,2019
lag4_receiving_20_rate,2.1171156117105738e-05,ext_xgb_all,2019
lag4_field_goal_make_rate,0.0,ext_xgb_all,2019
lag4_made_field_goal_mean_distance,0.0,ext_xgb_all,2019
lag4_missed_field_goal_mean_distance,0.0,ext_xgb_all,2019
lag4_pat_make_rate,0.0,ext_xgb_all,2019
lag4_catch_rate,0.0004168216400368685,ext_xgb_all,2019
lag4_receiving_yards_per_target,-0.00012351918210573576,ext_xgb_all,2019
lag4_receiving_air_yards_per_target,-4.9303485412099946e-06,ext_xgb_all,2019
lag4_receiving_yards_after_catch_per_reception,6.179289616770056e-06,ext_xgb_all,2019
lag4_passing_air_yards_per_attempt,0.0002924114395966848,ext_xgb_all,2019
lag4_passing_yards_after_catch_per_completion,0.0,ext_xgb_all,2019
lag1_late6_attempts,-5.117270409071839e-05,ext_xgb_all,2019
lag1_weekly_slope_attempts,0.0005179423562126084,ext_xgb_all,2019
lag1_late6_mean_delta_attempts,0.0,ext_xgb_all,2019
lag1_late6_passing_yards,-0.00017351664030762493,ext_xgb_all,2019
lag1_weekly_slope_passing_yards,9.411072016685118e-06,ext_xgb_all,2019
lag1_late6_mean_delta_passing_yards,0.0,ext_xgb_all,2019
lag1_late6_passing_first_downs,8.2346880145856e-06,ext_xgb_all,2019
lag1_weekly_slope_passing_first_downs,0.0,ext_xgb_all,2019
lag1_late6_mean_delta_passing_first_downs,7.013583158710368e-05,ext_xgb_all,2019
lag1_late6_passing_20,0.0,ext_xgb_all,2019
lag1_weekly_slope_passing_20,0.0,ext_xgb_all,2019
lag1_late6_mean_delta_passing_20,0.0,ext_xgb_all,2019
lag1_late6_carries,1.7981831819668948e-05,ext_xgb_all,2019
lag1_weekly_slope_carries,-0.0009401740978443041,ext_xgb_all,2019
lag1_late6_mean_delta_carries,-0.0002678889953380281,ext_xgb_all,2019
lag1_late6_rushing_yards,0.0015343338603950318,ext_xgb_all,2019
lag1_weekly_slope_rushing_yards,-0.0004933830245876791,ext_xgb_all,2019
lag1_late6_mean_delta_rushing_yards,0.0049994709955495376,ext_xgb_all,2019
lag1_late6_rushing_first_downs,0.0,ext_xgb_all,2019
lag1_weekly_slope_rushing_first_downs,0.0005108009392184032,ext_xgb_all,2019
lag1_late6_mean_delta_rushing_first_downs,-0.0051877681577038315,ext_xgb_all,2019
lag1_late6_rushing_20,0.00313370921547107,ext_xgb_all,2019
lag1_weekly_slope_rushing_20,0.0014922782296179493,ext_xgb_all,2019
lag1_late6_mean_delta_rushing_20,0.00016832597664917515,ext_xgb_all,2019
lag1_late6_receptions,2.18103936899805e-06,ext_xgb_all,2019
lag1_weekly_slope_receptions,0.001296292429110002,ext_xgb_all,2019
lag1_late6_mean_delta_receptions,0.000333261605967472,ext_xgb_all,2019
lag1_late6_receiving_yards,-7.220347625169765e-05,ext_xgb_all,2019
lag1_weekly_slope_receiving_yards,0.00139415144009436,ext_xgb_all,2019
lag1_late6_mean_delta_receiving_yards,-0.0018888845708787683,ext_xgb_all,2019
lag1_late6_receiving_first_downs,1.6116903718277342e-06,ext_xgb_all,2019
lag1_weekly_slope_receiving_first_downs,3.794054041938999e-06,ext_xgb_all,2019
lag1_late6_mean_delta_receiving_first_downs,0.005840788875214664,ext_xgb_all,2019
lag1_late6_receiving_20,4.100066163137406e-06,ext_xgb_all,2019
lag1_weekly_slope_receiving_20,-0.0012245096066725303,ext_xgb_all,2019
lag1_late6_mean_delta_receiving_20,-0.0006627727906550751,ext_xgb_all,2019
lag1_late6_punt_return_yards,0.0,ext_xgb_all,2019
lag1_weekly_slope_punt_return_yards,0.0,ext_xgb_all,2019
lag1_late6_mean_delta_punt_return_yards,0.0,ext_xgb_all,2019
lag1_late6_kickoff_return_yards,0.0,ext_xgb_all,2019
lag1_weekly_slope_kickoff_return_yards,9.105029974720846e-05,ext_xgb_all,2019
lag1_late6_mean_delta_kickoff_return_yards,0.0,ext_xgb_all,2019
lag1_late6_fg_made,0.0,ext_xgb_all,2019
lag1_weekly_slope_fg_made,0.0,ext_xgb_all,2019
lag1_late6_mean_delta_fg_made,0.0,ext_xgb_all,2019
lag1_late6_fg_att,0.0,ext_xgb_all,2019
lag1_weekly_slope_fg_att,0.0,ext_xgb_all,2019
lag1_late6_mean_delta_fg_att,0.0,ext_xgb_all,2019
lag1_late6_pat_att,0.0,ext_xgb_all,2019
lag1_weekly_slope_pat_att,0.0,ext_xgb_all,2019
lag1_late6_mean_delta_pat_att,0.0,ext_xgb_all,2019
lag1_late6_targets,6.650370869876188e-05,ext_xgb_all,2019
lag1_weekly_slope_targets,-0.0035937133874567317,ext_xgb_all,2019
lag1_late6_mean_delta_targets,0.00042300341123524543,ext_xgb_all,2019
lag1_late6_passing_air_yards,-0.0001644437358014894,ext_xgb_all,2019
lag1_weekly_slope_passing_air_yards,5.819902942760802e-05,ext_xgb_all,2019
lag1_late6_mean_delta_passing_air_yards,0.0,ext_xgb_all,2019
lag1_late6_passing_yards_after_catch,0.0,ext_xgb_all,2019
lag1_weekly_slope_passing_yards_after_catch,-0.00048241166886620057,ext_xgb_all,2019
lag1_late6_mean_delta_passing_yards_after_catch,-0.0001030662725505227,ext_xgb_all,2019
lag1_late6_receiving_air_yards,4.9690818075487364e-05,ext_xgb_all,2019
lag1_weekly_slope_receiving_air_yards,-0.0009863136584807863,ext_xgb_all,2019
lag1_late6_mean_delta_receiving_air_yards,-0.00015376887221019153,ext_xgb_all,2019
lag1_late6_receiving_yards_after_catch,5.767856506433411e-05,ext_xgb_all,2019
lag1_weekly_slope_receiving_yards_after_catch,-0.000499409631322556,ext_xgb_all,2019
lag1_late6_mean_delta_receiving_yards_after_catch,0.00028740237094970755,ext_xgb_all,2019
position_K,0.0,ext_xgb_all,2019
injury_lag2_injury_reported,0.0,ext_xgb_all,2019
injury_lag2_injury_report_weeks,-7.186063559982969e-06,ext_xgb_all,2019
injury_lag2_designation_count,9.80910242531774e-06,ext_xgb_all,2019
injury_lag3_injury_reported,0.0,ext_xgb_all,2019
injury_lag3_injury_report_weeks,0.0002412907418894994,ext_xgb_all,2019
injury_lag3_designation_count,6.484760556479952e-05,ext_xgb_all,2019
injury_lag4_injury_reported,0.0,ext_xgb_all,2019
injury_lag4_injury_report_weeks,0.0,ext_xgb_all,2019
injury_lag4_designation_count,-5.3407246988324e-05,ext_xgb_all,2019
injury_lag5_injury_reported,0.0,ext_xgb_all,2019
injury_lag5_injury_report_weeks,0.0,ext_xgb_all,2019
injury_lag5_designation_count,-8.188077929349724e-06,ext_xgb_all,2019
injury_lag1_reserve_weeks,-0.0006406462194504803,ext_xgb_all,2019
injury_lag2_reserve_weeks,0.0,ext_xgb_all,2019
injury_lag3_reserve_weeks,6.238663252089438e-05,ext_xgb_all,2019
injury_lag4_reserve_weeks,0.0,ext_xgb_all,2019
injury_lag2_absence_report_weeks,0.000521726736663064,ext_xgb_all,2019
injury_lag2_absence_reported,-4.646716808243134e-05,ext_xgb_all,2019
injury_lag3_absence_report_weeks,0.00020404884838820525,ext_xgb_all,2019
injury_lag3_absence_reported,0.0,ext_xgb_all,2019
injury_lag4_absence_report_weeks,0.0,ext_xgb_all,2019
injury_lag4_absence_reported,0.0,ext_xgb_all,2019
injury_lag5_absence_report_weeks,0.0,ext_xgb_all,2019
injury_lag5_absence_reported,0.0,ext_xgb_all,2019
lag1_targets_per_game,2.4369036466631577e-05,ext_xgb_all,2019
lag1_carries_per_game,0.0026726247675971093,ext_xgb_all,2019
lag1_receptions_per_game,-0.0006417739058690586,ext_xgb_all,2019
lag1_attempts_per_game,0.0005427208995910648,ext_xgb_all,2019
lag1_receiving_yards_per_game,0.005810164782800276,ext_xgb_all,2019
lag1_rushing_yards_per_game,0.0007365151412600524,ext_xgb_all,2019
lag1_passing_yards_per_game,0.009611042973944328,ext_xgb_all,2019
lag1_offense_snaps_per_game,-0.002497924115842598,ext_xgb_all,2019
lag1_share_targets_prior_team,0.000895586971685014,ext_xgb_all,2019
lag1_share_carries_prior_team,0.00040184859966430064,ext_xgb_all,2019
lag1_share_receptions_prior_team,0.004718095842192183,ext_xgb_all,2019
lag1_share_attempts_prior_team,0.0002652450179615462,ext_xgb_all,2019
age,0.01655870000654791,ext_xgb_all,2020
missing_age,0.0,ext_xgb_all,2020
years_exp,0.004723555360785503,ext_xgb_all,2020
missing_years_exp,0.0,ext_xgb_all,2020
height,0.0,ext_xgb_all,2020
missing_height,0.0,ext_xgb_all,2020
weight,0.0011303372513222776,ext_xgb_all,2020
missing_weight,0.0,ext_xgb_all,2020
draft_number,0.07692986249262412,ext_xgb_all,2020
missing_draft_number,0.01646328396129615,ext_xgb_all,2020
draft_round,0.002813568409944067,ext_xgb_all,2020
missing_draft_round,0.0,ext_xgb_all,2020
was_drafted,0.0,ext_xgb_all,2020
missing_was_drafted,0.0,ext_xgb_all,2020
is_rookie,0.0,ext_xgb_all,2020
missing_is_rookie,0.0,ext_xgb_all,2020
missing_team_changed,0.0,ext_xgb_all,2020
combine_forty,0.00015172795739504252,ext_xgb_all,2020
missing_combine_forty,0.0,ext_xgb_all,2020
combine_bench,-5.5041421827550785e-05,ext_xgb_all,2020
missing_combine_bench,0.0,ext_xgb_all,2020
combine_vertical,-1.684076528329914e-05,ext_xgb_all,2020
missing_combine_vertical,0.0,ext_xgb_all,2020
combine_broad_jump,0.001205420037093563,ext_xgb_all,2020
missing_combine_broad_jump,0.0,ext_xgb_all,2020
combine_cone,-6.596359632271565e-05,ext_xgb_all,2020
missing_combine_cone,0.0,ext_xgb_all,2020
combine_shuttle,-1.0946920253163128e-05,ext_xgb_all,2020
missing_combine_shuttle,0.0,ext_xgb_all,2020
position_QB,0.0,ext_xgb_all,2020
position_RB,0.0,ext_xgb_all,2020
position_WR,0.0,ext_xgb_all,2020
position_TE,0.0,ext_xgb_all,2020
lag1_history_available,0.006937310975501099,ext_xgb_all,2020
lag1_completions,-5.244063453113679e-05,ext_xgb_all,2020
lag1_attempts,-9.534660823873331e-06,ext_xgb_all,2020
lag1_passing_yards,0.00037693575183062045,ext_xgb_all,2020
lag1_passing_tds,0.00017123460741030883,ext_xgb_all,2020
lag1_passing_interceptions,0.00017322770881478267,ext_xgb_all,2020
lag1_sacks_suffered,-0.00047117061054591236,ext_xgb_all,2020
lag1_sack_yards_lost,0.001014844217956723,ext_xgb_all,2020
lag1_sack_fumbles,0.0,ext_xgb_all,2020
lag1_sack_fumbles_lost,0.0,ext_xgb_all,2020
lag1_passing_first_downs,-0.00018230859557821777,ext_xgb_all,2020
lag1_passing_10,0.0001452547532003745,ext_xgb_all,2020
lag1_passing_16,-0.00011403445755897579,ext_xgb_all,2020
lag1_passing_20,-6.310789422636631e-05,ext_xgb_all,2020
lag1_passing_40,1.1071457363565074e-05,ext_xgb_all,2020
lag1_carries,-0.000205709239588181,ext_xgb_all,2020
lag1_rushing_yards,0.0026083583427806145,ext_xgb_all,2020
lag1_rushing_tds,0.00014120250355242892,ext_xgb_all,2020
lag1_rushing_fumbles,0.0,ext_xgb_all,2020
lag1_rushing_fumbles_lost,0.001565388614465868,ext_xgb_all,2020
lag1_rushing_first_downs,0.0005075385940325194,ext_xgb_all,2020
lag1_rushing_10,0.0035196895244400395,ext_xgb_all,2020
lag1_rushing_12,0.00027551982040652234,ext_xgb_all,2020
lag1_rushing_20,0.001610442039261084,ext_xgb_all,2020
lag1_rushing_40,-1.1191308313729387e-05,ext_xgb_all,2020
lag1_receptions,0.01161290579444485,ext_xgb_all,2020
lag1_receiving_yards,0.0008929415630029025,ext_xgb_all,2020
lag1_receiving_tds,0.007043602188733122,ext_xgb_all,2020
lag1_receiving_fumbles,0.0,ext_xgb_all,2020
lag1_receiving_fumbles_lost,0.0,ext_xgb_all,2020
lag1_receiving_first_downs,0.001701888068759927,ext_xgb_all,2020
lag1_receiving_10,0.0003225311943081399,ext_xgb_all,2020
lag1_receiving_16,-0.0005930904758464361,ext_xgb_all,2020
lag1_receiving_20,0.0001559671039164101,ext_xgb_all,2020
lag1_receiving_40,-1.784251181835561e-05,ext_xgb_all,2020
lag1_special_teams_tds,0.0,ext_xgb_all,2020
lag1_fumbles_total,-0.0014418679662171474,ext_xgb_all,2020
lag1_fumbles_lost_total,8.090776478342221e-06,ext_xgb_all,2020
lag1_punt_returns,0.0,ext_xgb_all,2020
lag1_punt_return_yards,0.0,ext_xgb_all,2020
lag1_kickoff_returns,0.0,ext_xgb_all,2020
lag1_kickoff_return_yards,0.0,ext_xgb_all,2020
lag1_fg_made,0.0,ext_xgb_all,2020
lag1_fg_att,0.0,ext_xgb_all,2020
lag1_fg_missed,0.0,ext_xgb_all,2020
lag1_fg_blocked,0.0,ext_xgb_all,2020
lag1_fg_made_0_19,0.0,ext_xgb_all,2020
lag1_fg_made_20_29,0.0,ext_xgb_all,2020
lag1_fg_made_30_39,0.0,ext_xgb_all,2020
lag1_fg_made_40_49,0.0,ext_xgb_all,2020
lag1_fg_made_50_59,0.0,ext_xgb_all,2020
lag1_fg_made_60_,0.0,ext_xgb_all,2020
lag1_fg_missed_0_19,0.0,ext_xgb_all,2020
lag1_fg_missed_20_29,0.0,ext_xgb_all,2020
lag1_fg_missed_30_39,0.0,ext_xgb_all,2020
lag1_fg_missed_40_49,0.0,ext_xgb_all,2020
lag1_fg_missed_50_59,0.0,ext_xgb_all,2020
lag1_fg_missed_60_,0.0,ext_xgb_all,2020
lag1_fg_made_distance,0.0,ext_xgb_all,2020
lag1_fg_missed_distance,0.0,ext_xgb_all,2020
lag1_pat_made,0.0,ext_xgb_all,2020
lag1_pat_att,0.0,ext_xgb_all,2020
lag1_pat_missed,0.0,ext_xgb_all,2020
lag1_pat_blocked,0.0,ext_xgb_all,2020
lag1_gwfg_made,0.0,ext_xgb_all,2020
lag1_gwfg_att,0.0,ext_xgb_all,2020
lag1_gwfg_missed,0.0,ext_xgb_all,2020
lag1_gwfg_blocked,0.0,ext_xgb_all,2020
lag1_gwfg_distance,0.0,ext_xgb_all,2020
lag1_targets,0.0026187332946282504,ext_xgb_all,2020
lag1_passing_air_yards,-2.6697050306778713e-05,ext_xgb_all,2020
lag1_passing_yards_after_catch,9.868373952670595e-05,ext_xgb_all,2020
lag1_receiving_air_yards,0.001686720463880187,ext_xgb_all,2020
lag1_receiving_yards_after_catch,0.003113084807778721,ext_xgb_all,2020
lag1_games,0.007414469827139003,ext_xgb_all,2020
lag1_roster_weeks,-0.0004001872040952925,ext_xgb_all,2020
lag1_offense_snaps,0.13987618466898466,ext_xgb_all,2020
lag2_history_available,0.0,ext_xgb_all,2020
lag2_completions,0.0,ext_xgb_all,2020
lag2_attempts,-7.437035442592332e-05,ext_xgb_all,2020
lag2_passing_yards,0.0,ext_xgb_all,2020
lag2_passing_tds,0.0003683785599448708,ext_xgb_all,2020
lag2_passing_interceptions,0.0,ext_xgb_all,2020
lag2_sacks_suffered,0.0,ext_xgb_all,2020
lag2_sack_yards_lost,0.0,ext_xgb_all,2020
lag2_sack_fumbles,0.0,ext_xgb_all,2020
lag2_sack_fumbles_lost,0.0,ext_xgb_all,2020
lag2_passing_first_downs,0.0,ext_xgb_all,2020
lag2_passing_10,0.0,ext_xgb_all,2020
lag2_passing_16,0.0003450420708194235,ext_xgb_all,2020
lag2_passing_20,0.0,ext_xgb_all,2020
lag2_passing_40,-0.00032454966482753367,ext_xgb_all,2020
lag2_carries,-0.00014597437306540506,ext_xgb_all,2020
lag2_rushing_yards,-0.00013469889240269595,ext_xgb_all,2020
lag2_rushing_tds,0.00025911807075085225,ext_xgb_all,2020
lag2_rushing_fumbles,-0.0012245059656373902,ext_xgb_all,2020
lag2_rushing_fumbles_lost,-2.0221840485445952e-05,ext_xgb_all,2020
lag2_rushing_first_downs,0.0,ext_xgb_all,2020
lag2_rushing_10,0.0,ext_xgb_all,2020
lag2_rushing_12,0.0013311500988540947,ext_xgb_all,2020
lag2_rushing_20,0.00017856673975624737,ext_xgb_all,2020
lag2_rushing_40,0.0002442830776200333,ext_xgb_all,2020
lag2_receptions,0.010315283038344392,ext_xgb_all,2020
lag2_receiving_yards,0.0005442842928390368,ext_xgb_all,2020
lag2_receiving_tds,-6.504897460324344e-05,ext_xgb_all,2020
lag2_receiving_fumbles,1.2187540096797456e-05,ext_xgb_all,2020
lag2_receiving_fumbles_lost,0.0,ext_xgb_all,2020
lag2_receiving_first_downs,0.0027290850976463554,ext_xgb_all,2020
lag2_receiving_10,0.00011658312902407264,ext_xgb_all,2020
lag2_receiving_16,0.0005003316832602467,ext_xgb_all,2020
lag2_receiving_20,-7.0147885455895675e-06,ext_xgb_all,2020
lag2_receiving_40,0.0005371793453552431,ext_xgb_all,2020
lag2_special_teams_tds,0.0,ext_xgb_all,2020
lag2_fumbles_total,0.0002913624000776549,ext_xgb_all,2020
lag2_fumbles_lost_total,0.0005973416865397985,ext_xgb_all,2020
lag2_punt_returns,0.0,ext_xgb_all,2020
lag2_punt_return_yards,-0.0005231463026333927,ext_xgb_all,2020
lag2_kickoff_returns,0.0,ext_xgb_all,2020
lag2_kickoff_return_yards,0.0,ext_xgb_all,2020
lag2_fg_made,0.0,ext_xgb_all,2020
lag2_fg_att,0.0,ext_xgb_all,2020
lag2_fg_missed,0.0,ext_xgb_all,2020
lag2_fg_blocked,0.0,ext_xgb_all,2020
lag2_fg_made_0_19,0.0,ext_xgb_all,2020
lag2_fg_made_20_29,0.0,ext_xgb_all,2020
lag2_fg_made_30_39,0.0,ext_xgb_all,2020
lag2_fg_made_40_49,0.0,ext_xgb_all,2020
lag2_fg_made_50_59,0.0,ext_xgb_all,2020
lag2_fg_made_60_,0.0,ext_xgb_all,2020
lag2_fg_missed_0_19,0.0,ext_xgb_all,2020
lag2_fg_missed_20_29,0.0,ext_xgb_all,2020
lag2_fg_missed_30_39,0.0,ext_xgb_all,2020
lag2_fg_missed_40_49,0.0,ext_xgb_all,2020
lag2_fg_missed_50_59,0.0,ext_xgb_all,2020
lag2_fg_missed_60_,0.0,ext_xgb_all,2020
lag2_fg_made_distance,0.0,ext_xgb_all,2020
lag2_fg_missed_distance,0.0,ext_xgb_all,2020
lag2_pat_made,0.0,ext_xgb_all,2020
lag2_pat_att,0.0,ext_xgb_all,2020
lag2_pat_missed,0.0,ext_xgb_all,2020
lag2_pat_blocked,0.0,ext_xgb_all,2020
lag2_gwfg_made,0.0,ext_xgb_all,2020
lag2_gwfg_att,0.0,ext_xgb_all,2020
lag2_gwfg_missed,0.0,ext_xgb_all,2020
lag2_gwfg_blocked,0.0,ext_xgb_all,2020
lag2_gwfg_distance,0.0,ext_xgb_all,2020
lag2_targets,-9.782538102509619e-05,ext_xgb_all,2020
lag2_passing_air_yards,-8.518886004182935e-05,ext_xgb_all,2020
lag2_passing_yards_after_catch,-9.153274390893973e-05,ext_xgb_all,2020
lag2_receiving_air_yards,0.00024483967297550535,ext_xgb_all,2020
lag2_receiving_yards_after_catch,0.017335712816223814,ext_xgb_all,2020
lag2_games,0.00045499126109449506,ext_xgb_all,2020
lag2_roster_weeks,0.0,ext_xgb_all,2020
lag2_offense_snaps,0.009070908899021735,ext_xgb_all,2020
lag3_history_available,0.0,ext_xgb_all,2020
lag3_completions,0.0,ext_xgb_all,2020
lag3_attempts,-0.00029280158755196073,ext_xgb_all,2020
lag3_passing_yards,0.0,ext_xgb_all,2020
lag3_passing_tds,0.0,ext_xgb_all,2020
lag3_passing_interceptions,0.0,ext_xgb_all,2020
lag3_sacks_suffered,0.0,ext_xgb_all,2020
lag3_sack_yards_lost,-6.388222751974038e-05,ext_xgb_all,2020
lag3_sack_fumbles,0.0,ext_xgb_all,2020
lag3_sack_fumbles_lost,0.0,ext_xgb_all,2020
lag3_passing_first_downs,0.0,ext_xgb_all,2020
lag3_passing_10,0.0,ext_xgb_all,2020
lag3_passing_16,0.0,ext_xgb_all,2020
lag3_passing_20,0.00040496178834692476,ext_xgb_all,2020
lag3_passing_40,0.0,ext_xgb_all,2020
lag3_carries,0.0004241291789477408,ext_xgb_all,2020
lag3_rushing_yards,0.00012125090451264864,ext_xgb_all,2020
lag3_rushing_tds,0.0,ext_xgb_all,2020
lag3_rushing_fumbles,0.0,ext_xgb_all,2020
lag3_rushing_fumbles_lost,0.0,ext_xgb_all,2020
lag3_rushing_first_downs,-0.00042846516213113084,ext_xgb_all,2020
lag3_rushing_10,-0.001095527693859788,ext_xgb_all,2020
lag3_rushing_12,0.00010479488626291555,ext_xgb_all,2020
lag3_rushing_20,0.0,ext_xgb_all,2020
lag3_rushing_40,-7.993791653060356e-07,ext_xgb_all,2020
lag3_receptions,3.050159938566832e-05,ext_xgb_all,2020
lag3_receiving_yards,-5.019669624406475e-07,ext_xgb_all,2020
lag3_receiving_tds,0.0,ext_xgb_all,2020
lag3_receiving_fumbles,4.086208849063411e-08,ext_xgb_all,2020
lag3_receiving_fumbles_lost,0.0,ext_xgb_all,2020
lag3_receiving_first_downs,-0.00011459185446238696,ext_xgb_all,2020
lag3_receiving_10,0.0005930260684434696,ext_xgb_all,2020
lag3_receiving_16,-0.00035293299148464463,ext_xgb_all,2020
lag3_receiving_20,0.0,ext_xgb_all,2020
lag3_receiving_40,0.0,ext_xgb_all,2020
lag3_special_teams_tds,0.0,ext_xgb_all,2020
lag3_fumbles_total,6.236190698682975e-05,ext_xgb_all,2020
lag3_fumbles_lost_total,0.0015205816365271296,ext_xgb_all,2020
lag3_punt_returns,0.0,ext_xgb_all,2020
lag3_punt_return_yards,7.031531751300335e-07,ext_xgb_all,2020
lag3_kickoff_returns,0.0,ext_xgb_all,2020
lag3_kickoff_return_yards,-5.0802816902173475e-06,ext_xgb_all,2020
lag3_fg_made,0.0,ext_xgb_all,2020
lag3_fg_att,0.0,ext_xgb_all,2020
lag3_fg_missed,0.0,ext_xgb_all,2020
lag3_fg_blocked,0.0,ext_xgb_all,2020
lag3_fg_made_0_19,0.0,ext_xgb_all,2020
lag3_fg_made_20_29,0.0,ext_xgb_all,2020
lag3_fg_made_30_39,0.0,ext_xgb_all,2020
lag3_fg_made_40_49,0.0,ext_xgb_all,2020
lag3_fg_made_50_59,0.0,ext_xgb_all,2020
lag3_fg_made_60_,0.0,ext_xgb_all,2020
lag3_fg_missed_0_19,0.0,ext_xgb_all,2020
lag3_fg_missed_20_29,0.0,ext_xgb_all,2020
lag3_fg_missed_30_39,0.0,ext_xgb_all,2020
lag3_fg_missed_40_49,0.0,ext_xgb_all,2020
lag3_fg_missed_50_59,0.0,ext_xgb_all,2020
lag3_fg_missed_60_,0.0,ext_xgb_all,2020
lag3_fg_made_distance,0.0,ext_xgb_all,2020
lag3_fg_missed_distance,0.0,ext_xgb_all,2020
lag3_pat_made,0.0,ext_xgb_all,2020
lag3_pat_att,0.0,ext_xgb_all,2020
lag3_pat_missed,0.0,ext_xgb_all,2020
lag3_pat_blocked,0.0,ext_xgb_all,2020
lag3_gwfg_made,0.0,ext_xgb_all,2020
lag3_gwfg_att,0.0,ext_xgb_all,2020
lag3_gwfg_missed,0.0,ext_xgb_all,2020
lag3_gwfg_blocked,0.0,ext_xgb_all,2020
lag3_gwfg_distance,0.0,ext_xgb_all,2020
lag3_targets,-8.211804152336022e-06,ext_xgb_all,2020
lag3_passing_air_yards,3.813864329571537e-06,ext_xgb_all,2020
lag3_passing_yards_after_catch,0.0,ext_xgb_all,2020
lag3_receiving_air_yards,-1.473295107534689e-05,ext_xgb_all,2020
lag3_receiving_yards_after_catch,0.0003242762739826821,ext_xgb_all,2020
lag3_games,0.0,ext_xgb_all,2020
lag3_roster_weeks,0.0,ext_xgb_all,2020
lag3_offense_snaps,0.0007064026458740713,ext_xgb_all,2020
lag4_history_available,0.0,ext_xgb_all,2020
lag4_completions,0.0,ext_xgb_all,2020
lag4_attempts,0.0,ext_xgb_all,2020
lag4_passing_yards,0.0,ext_xgb_all,2020
lag4_passing_tds,0.0,ext_xgb_all,2020
lag4_passing_interceptions,0.0,ext_xgb_all,2020
lag4_sacks_suffered,0.0,ext_xgb_all,2020
lag4_sack_yards_lost,0.0,ext_xgb_all,2020
lag4_sack_fumbles,0.0,ext_xgb_all,2020
lag4_sack_fumbles_lost,0.0,ext_xgb_all,2020
lag4_passing_first_downs,0.0,ext_xgb_all,2020
lag4_passing_10,-0.0021496125868690763,ext_xgb_all,2020
lag4_passing_16,-0.00012172306650715115,ext_xgb_all,2020
lag4_passing_20,0.0013543518177903113,ext_xgb_all,2020
lag4_passing_40,-0.00011254108202585211,ext_xgb_all,2020
lag4_carries,-0.00010774166730942447,ext_xgb_all,2020
lag4_rushing_yards,-6.164326635271777e-05,ext_xgb_all,2020
lag4_rushing_tds,0.0,ext_xgb_all,2020
lag4_rushing_fumbles,-2.667271034040297e-06,ext_xgb_all,2020
lag4_rushing_fumbles_lost,0.0,ext_xgb_all,2020
lag4_rushing_first_downs,0.0,ext_xgb_all,2020
lag4_rushing_10,-5.179501417096333e-06,ext_xgb_all,2020
lag4_rushing_12,-9.534660823873331e-06,ext_xgb_all,2020
lag4_rushing_20,-2.3618020791982275e-05,ext_xgb_all,2020
lag4_rushing_40,-0.00022253552751250183,ext_xgb_all,2020
lag4_receptions,0.0,ext_xgb_all,2020
lag4_receiving_yards,0.0,ext_xgb_all,2020
lag4_receiving_tds,0.0,ext_xgb_all,2020
lag4_receiving_fumbles,1.617252302743566e-06,ext_xgb_all,2020
lag4_receiving_fumbles_lost,0.0,ext_xgb_all,2020
lag4_receiving_first_downs,1.6818632556092616e-05,ext_xgb_all,2020
lag4_receiving_10,-0.0004149120855437838,ext_xgb_all,2020
lag4_receiving_16,0.00018191873112827217,ext_xgb_all,2020
lag4_receiving_20,6.481194096163989e-05,ext_xgb_all,2020
lag4_receiving_40,0.0,ext_xgb_all,2020
lag4_special_teams_tds,0.0,ext_xgb_all,2020
lag4_fumbles_total,-2.182809725748136e-06,ext_xgb_all,2020
lag4_fumbles_lost_total,0.0,ext_xgb_all,2020
lag4_punt_returns,0.0,ext_xgb_all,2020
lag4_punt_return_yards,0.0,ext_xgb_all,2020
lag4_kickoff_returns,0.0,ext_xgb_all,2020
lag4_kickoff_return_yards,0.0,ext_xgb_all,2020
lag4_fg_made,0.0,ext_xgb_all,2020
lag4_fg_att,0.0,ext_xgb_all,2020
lag4_fg_missed,0.0,ext_xgb_all,2020
lag4_fg_blocked,0.0,ext_xgb_all,2020
lag4_fg_made_0_19,0.0,ext_xgb_all,2020
lag4_fg_made_20_29,0.0,ext_xgb_all,2020
lag4_fg_made_30_39,0.0,ext_xgb_all,2020
lag4_fg_made_40_49,0.0,ext_xgb_all,2020
lag4_fg_made_50_59,0.0,ext_xgb_all,2020
lag4_fg_made_60_,0.0,ext_xgb_all,2020
lag4_fg_missed_0_19,0.0,ext_xgb_all,2020
lag4_fg_missed_20_29,0.0,ext_xgb_all,2020
lag4_fg_missed_30_39,0.0,ext_xgb_all,2020
lag4_fg_missed_40_49,0.0,ext_xgb_all,2020
lag4_fg_missed_50_59,0.0,ext_xgb_all,2020
lag4_fg_missed_60_,0.0,ext_xgb_all,2020
lag4_fg_made_distance,0.0,ext_xgb_all,2020
lag4_fg_missed_distance,0.0,ext_xgb_all,2020
lag4_pat_made,0.0,ext_xgb_all,2020
lag4_pat_att,0.0,ext_xgb_all,2020
lag4_pat_missed,0.0,ext_xgb_all,2020
lag4_pat_blocked,0.0,ext_xgb_all,2020
lag4_gwfg_made,0.0,ext_xgb_all,2020
lag4_gwfg_att,0.0,ext_xgb_all,2020
lag4_gwfg_missed,0.0,ext_xgb_all,2020
lag4_gwfg_blocked,0.0,ext_xgb_all,2020
lag4_gwfg_distance,0.0,ext_xgb_all,2020
lag4_targets,1.517988315713481e-05,ext_xgb_all,2020
lag4_passing_air_yards,0.0,ext_xgb_all,2020
lag4_passing_yards_after_catch,0.0,ext_xgb_all,2020
lag4_receiving_air_yards,-3.4007059388940775e-05,ext_xgb_all,2020
lag4_receiving_yards_after_catch,0.0009865250593007469,ext_xgb_all,2020
lag4_games,3.3167725781435564e-06,ext_xgb_all,2020
lag4_roster_weeks,0.0,ext_xgb_all,2020
lag4_offense_snaps,0.0,ext_xgb_all,2020
lag1_completion_rate,0.0,ext_xgb_all,2020
lag1_pass_yards_per_attempt,0.00037806847513477404,ext_xgb_all,2020
lag1_pass_td_rate,0.00041414673790574064,ext_xgb_all,2020
lag1_interception_rate,0.0,ext_xgb_all,2020
lag1_rush_yards_per_carry,0.006616447872381137,ext_xgb_all,2020
lag1_rush_first_down_rate,-8.264390712531267e-05,ext_xgb_all,2020
lag1_rush_20_rate,0.02460773967442076,ext_xgb_all,2020
lag1_receiving_yards_per_reception,0.0,ext_xgb_all,2020
lag1_receiving_first_down_rate,0.0,ext_xgb_all,2020
lag1_receiving_20_rate,-3.445425375248057e-05,ext_xgb_all,2020
lag1_field_goal_make_rate,0.0,ext_xgb_all,2020
lag1_made_field_goal_mean_distance,0.0,ext_xgb_all,2020
lag1_missed_field_goal_mean_distance,0.0,ext_xgb_all,2020
lag1_pat_make_rate,0.0,ext_xgb_all,2020
lag1_catch_rate,0.0017507241561054432,ext_xgb_all,2020
lag1_receiving_yards_per_target,0.011389093747965706,ext_xgb_all,2020
lag1_receiving_air_yards_per_target,-3.768008553928226e-05,ext_xgb_all,2020
lag1_receiving_yards_after_catch_per_reception,4.392153244459074e-05,ext_xgb_all,2020
lag1_passing_air_yards_per_attempt,-0.00023190505897330294,ext_xgb_all,2020
lag1_passing_yards_after_catch_per_completion,9.875559269856282e-05,ext_xgb_all,2020
lag2_completion_rate,0.00029629971689737467,ext_xgb_all,2020
lag2_pass_yards_per_attempt,0.0010659018410732468,ext_xgb_all,2020
lag2_pass_td_rate,5.339410061355743e-05,ext_xgb_all,2020
lag2_interception_rate,0.0,ext_xgb_all,2020
lag2_rush_yards_per_carry,5.600347680589923e-05,ext_xgb_all,2020
lag2_rush_first_down_rate,0.0,ext_xgb_all,2020
lag2_rush_20_rate,0.0,ext_xgb_all,2020
lag2_receiving_yards_per_reception,-5.783434865236359e-06,ext_xgb_all,2020
lag2_receiving_first_down_rate,-0.00030067563572189204,ext_xgb_all,2020
lag2_receiving_20_rate,4.5611664785338846e-05,ext_xgb_all,2020
lag2_field_goal_make_rate,0.0,ext_xgb_all,2020
lag2_made_field_goal_mean_distance,0.0,ext_xgb_all,2020
lag2_missed_field_goal_mean_distance,0.0,ext_xgb_all,2020
lag2_pat_make_rate,0.0,ext_xgb_all,2020
lag2_catch_rate,6.553027958955404e-05,ext_xgb_all,2020
lag2_receiving_yards_per_target,-6.6439901195147755e-06,ext_xgb_all,2020
lag2_receiving_air_yards_per_target,0.0,ext_xgb_all,2020
lag2_receiving_yards_after_catch_per_reception,-0.00013950165909393242,ext_xgb_all,2020
lag2_passing_air_yards_per_attempt,-0.0014626550857024245,ext_xgb_all,2020
lag2_passing_yards_after_catch_per_completion,0.0,ext_xgb_all,2020
lag3_completion_rate,-5.5301032778287684e-05,ext_xgb_all,2020
lag3_pass_yards_per_attempt,0.0,ext_xgb_all,2020
lag3_pass_td_rate,0.0,ext_xgb_all,2020
lag3_interception_rate,-1.906932164763564e-05,ext_xgb_all,2020
lag3_rush_yards_per_carry,-6.712648864592996e-05,ext_xgb_all,2020
lag3_rush_first_down_rate,-0.0005028096210368815,ext_xgb_all,2020
lag3_rush_20_rate,-1.5406216639757275e-05,ext_xgb_all,2020
lag3_receiving_yards_per_reception,2.004375693687166e-05,ext_xgb_all,2020
lag3_receiving_first_down_rate,3.0021194841856058e-05,ext_xgb_all,2020
lag3_receiving_20_rate,1.5996734733736417e-05,ext_xgb_all,2020
lag3_field_goal_make_rate,0.0,ext_xgb_all,2020
lag3_made_field_goal_mean_distance,0.0,ext_xgb_all,2020
lag3_missed_field_goal_mean_distance,0.0,ext_xgb_all,2020
lag3_pat_make_rate,0.0,ext_xgb_all,2020
lag3_catch_rate,7.264710297238963e-05,ext_xgb_all,2020
lag3_receiving_yards_per_target,-7.03153175685145e-08,ext_xgb_all,2020
lag3_receiving_air_yards_per_target,0.0,ext_xgb_all,2020
lag3_receiving_yards_after_catch_per_reception,0.0,ext_xgb_all,2020
lag3_passing_air_yards_per_attempt,-7.29401553024589e-05,ext_xgb_all,2020
lag3_passing_yards_after_catch_per_completion,-5.768469798428377e-05,ext_xgb_all,2020
lag4_completion_rate,0.0,ext_xgb_all,2020
lag4_pass_yards_per_attempt,-0.0001486262253427295,ext_xgb_all,2020
lag4_pass_td_rate,0.00012113763907506403,ext_xgb_all,2020
lag4_interception_rate,3.813864329571537e-06,ext_xgb_all,2020
lag4_rush_yards_per_carry,-2.8365034155597435e-05,ext_xgb_all,2020
lag4_rush_first_down_rate,0.00013501430210494103,ext_xgb_all,2020
lag4_rush_20_rate,-3.777590789733054e-05,ext_xgb_all,2020
lag4_receiving_yards_per_reception,0.0,ext_xgb_all,2020
lag4_receiving_first_down_rate,1.9336712315798366e-06,ext_xgb_all,2020
lag4_receiving_20_rate,0.0,ext_xgb_all,2020
lag4_field_goal_make_rate,0.0,ext_xgb_all,2020
lag4_made_field_goal_mean_distance,0.0,ext_xgb_all,2020
lag4_missed_field_goal_mean_distance,0.0,ext_xgb_all,2020
lag4_pat_make_rate,0.0,ext_xgb_all,2020
lag4_catch_rate,1.1714785820071683e-05,ext_xgb_all,2020
lag4_receiving_yards_per_target,1.7930405965538299e-06,ext_xgb_all,2020
lag4_receiving_air_yards_per_target,-1.177267497942669e-05,ext_xgb_all,2020
lag4_receiving_yards_after_catch_per_reception,7.543300417212073e-05,ext_xgb_all,2020
lag4_passing_air_yards_per_attempt,-0.0007237526715282439,ext_xgb_all,2020
lag4_passing_yards_after_catch_per_completion,0.0,ext_xgb_all,2020
lag1_late6_attempts,7.334380014556441e-05,ext_xgb_all,2020
lag1_weekly_slope_attempts,-0.0004976350410188513,ext_xgb_all,2020
lag1_late6_mean_delta_attempts,0.0,ext_xgb_all,2020
lag1_late6_passing_yards,0.00031110817963853066,ext_xgb_all,2020
lag1_weekly_slope_passing_yards,-6.197529535501012e-05,ext_xgb_all,2020
lag1_late6_mean_delta_passing_yards,0.00011054297861412543,ext_xgb_all,2020
lag1_late6_passing_first_downs,-0.00026116065657189047,ext_xgb_all,2020
lag1_weekly_slope_passing_first_downs,0.00035652247216111377,ext_xgb_all,2020
lag1_late6_mean_delta_passing_first_downs,-0.00012493017509396243,ext_xgb_all,2020
lag1_late6_passing_20,0.004805487740570991,ext_xgb_all,2020
lag1_weekly_slope_passing_20,0.00010952540990150084,ext_xgb_all,2020
lag1_late6_mean_delta_passing_20,-7.150995617877243e-05,ext_xgb_all,2020
lag1_late6_carries,-0.0001194204919581221,ext_xgb_all,2020
lag1_weekly_slope_carries,-2.778693772820251e-05,ext_xgb_all,2020
lag1_late6_mean_delta_carries,0.0008672352959794294,ext_xgb_all,2020
lag1_late6_rushing_yards,0.0021190587091383106,ext_xgb_all,2020
lag1_weekly_slope_rushing_yards,-2.327037815974542e-05,ext_xgb_all,2020
lag1_late6_mean_delta_rushing_yards,0.0016566998102286457,ext_xgb_all,2020
lag1_late6_rushing_first_downs,-7.993642792125666e-05,ext_xgb_all,2020
lag1_weekly_slope_rushing_first_downs,-0.0007417672740992476,ext_xgb_all,2020
lag1_late6_mean_delta_rushing_first_downs,-0.00012004529841691536,ext_xgb_all,2020
lag1_late6_rushing_20,0.00040178074441254985,ext_xgb_all,2020
lag1_weekly_slope_rushing_20,0.0004215388973829448,ext_xgb_all,2020
lag1_late6_mean_delta_rushing_20,0.0002349102995420349,ext_xgb_all,2020
lag1_late6_receptions,0.00010303270295619615,ext_xgb_all,2020
lag1_weekly_slope_receptions,0.0010869473651040629,ext_xgb_all,2020
lag1_late6_mean_delta_receptions,0.0010002069704031502,ext_xgb_all,2020
lag1_late6_receiving_yards,-0.0006543514803731831,ext_xgb_all,2020
lag1_weekly_slope_receiving_yards,-4.450077171436195e-05,ext_xgb_all,2020
lag1_late6_mean_delta_receiving_yards,-0.000183021601079858,ext_xgb_all,2020
lag1_late6_receiving_first_downs,0.00012191878515410703,ext_xgb_all,2020
lag1_weekly_slope_receiving_first_downs,-5.4720962327503564e-05,ext_xgb_all,2020
lag1_late6_mean_delta_receiving_first_downs,0.0007424076464235263,ext_xgb_all,2020
lag1_late6_receiving_20,0.000670018647549675,ext_xgb_all,2020
lag1_weekly_slope_receiving_20,-0.003045512742358092,ext_xgb_all,2020
lag1_late6_mean_delta_receiving_20,0.002365691671219583,ext_xgb_all,2020
lag1_late6_punt_return_yards,-1.822041268728647e-05,ext_xgb_all,2020
lag1_weekly_slope_punt_return_yards,0.0,ext_xgb_all,2020
lag1_late6_mean_delta_punt_return_yards,0.0,ext_xgb_all,2020
lag1_late6_kickoff_return_yards,0.00022540582283292476,ext_xgb_all,2020
lag1_weekly_slope_kickoff_return_yards,2.1074541629695354e-05,ext_xgb_all,2020
lag1_late6_mean_delta_kickoff_return_yards,0.0,ext_xgb_all,2020
lag1_late6_fg_made,0.0,ext_xgb_all,2020
lag1_weekly_slope_fg_made,0.0,ext_xgb_all,2020
lag1_late6_mean_delta_fg_made,0.0,ext_xgb_all,2020
lag1_late6_fg_att,0.0,ext_xgb_all,2020
lag1_weekly_slope_fg_att,0.0,ext_xgb_all,2020
lag1_late6_mean_delta_fg_att,0.0,ext_xgb_all,2020
lag1_late6_pat_att,0.0,ext_xgb_all,2020
lag1_weekly_slope_pat_att,0.0,ext_xgb_all,2020
lag1_late6_mean_delta_pat_att,0.0,ext_xgb_all,2020
lag1_late6_targets,1.7578829381026395e-07,ext_xgb_all,2020
lag1_weekly_slope_targets,-1.715748617636681e-05,ext_xgb_all,2020
lag1_late6_mean_delta_targets,7.993791652616267e-06,ext_xgb_all,2020
lag1_late6_passing_air_yards,0.0,ext_xgb_all,2020
lag1_weekly_slope_passing_air_yards,0.0,ext_xgb_all,2020
lag1_late6_mean_delta_passing_air_yards,-6.197529535501012e-05,ext_xgb_all,2020
lag1_late6_passing_yards_after_catch,0.0,ext_xgb_all,2020
lag1_weekly_slope_passing_yards_after_catch,-6.86256923619899e-05,ext_xgb_all,2020
lag1_late6_mean_delta_passing_yards_after_catch,9.534660823873331e-06,ext_xgb_all,2020
lag1_late6_receiving_air_yards,-0.000843899486777433,ext_xgb_all,2020
lag1_weekly_slope_receiving_air_yards,0.0013360480878427117,ext_xgb_all,2020
lag1_late6_mean_delta_receiving_air_yards,0.0016678096795172959,ext_xgb_all,2020
lag1_late6_receiving_yards_after_catch,0.004243238549251571,ext_xgb_all,2020
lag1_weekly_slope_receiving_yards_after_catch,-0.0008300799722245067,ext_xgb_all,2020
lag1_late6_mean_delta_receiving_yards_after_catch,-1.8738081431157738e-05,ext_xgb_all,2020
position_K,0.0,ext_xgb_all,2020
injury_lag2_injury_reported,0.0,ext_xgb_all,2020
injury_lag2_injury_report_weeks,0.0009444461585537134,ext_xgb_all,2020
injury_lag2_designation_count,3.841415203309495e-05,ext_xgb_all,2020
injury_lag3_injury_reported,0.0,ext_xgb_all,2020
injury_lag3_injury_report_weeks,0.00011566726872491717,ext_xgb_all,2020
injury_lag3_designation_count,3.3116410453226663e-05,ext_xgb_all,2020
injury_lag4_injury_reported,2.250090160416107e-06,ext_xgb_all,2020
injury_lag4_injury_report_weeks,-6.388222751974038e-05,ext_xgb_all,2020
injury_lag4_designation_count,-0.00010074167045082127,ext_xgb_all,2020
injury_lag5_injury_reported,0.0,ext_xgb_all,2020
injury_lag5_injury_report_weeks,-0.0005160475711615264,ext_xgb_all,2020
injury_lag5_designation_count,0.000536844134069181,ext_xgb_all,2020
injury_lag1_reserve_weeks,0.0007380571943524927,ext_xgb_all,2020
injury_lag2_reserve_weeks,0.0,ext_xgb_all,2020
injury_lag3_reserve_weeks,0.0,ext_xgb_all,2020
injury_lag4_reserve_weeks,0.0,ext_xgb_all,2020
injury_lag2_absence_report_weeks,0.00034423221724455555,ext_xgb_all,2020
injury_lag2_absence_reported,0.0,ext_xgb_all,2020
injury_lag3_absence_report_weeks,-0.00036208993247832666,ext_xgb_all,2020
injury_lag3_absence_reported,0.0,ext_xgb_all,2020
injury_lag4_absence_report_weeks,0.00015220823412476214,ext_xgb_all,2020
injury_lag4_absence_reported,0.0,ext_xgb_all,2020
injury_lag5_absence_report_weeks,0.0,ext_xgb_all,2020
injury_lag5_absence_reported,0.0,ext_xgb_all,2020
lag1_targets_per_game,-5.813666656973027e-07,ext_xgb_all,2020
lag1_carries_per_game,0.005562077649415409,ext_xgb_all,2020
lag1_receptions_per_game,0.00035892403820514396,ext_xgb_all,2020
lag1_attempts_per_game,-0.0006666119113707403,ext_xgb_all,2020
lag1_receiving_yards_per_game,0.010786336228401416,ext_xgb_all,2020
lag1_rushing_yards_per_game,0.0007512756950781574,ext_xgb_all,2020
lag1_passing_yards_per_game,-0.0003064192990087644,ext_xgb_all,2020
lag1_offense_snaps_per_game,0.002774603867030323,ext_xgb_all,2020
lag1_share_targets_prior_team,0.0010610604142220481,ext_xgb_all,2020
lag1_share_carries_prior_team,0.000740561584809285,ext_xgb_all,2020
lag1_share_receptions_prior_team,0.005913031060676643,ext_xgb_all,2020
lag1_share_attempts_prior_team,0.0003546764273687497,ext_xgb_all,2020
age,0.0020456152676471273,ext_xgb_all,2021
missing_age,0.0028114891530464092,ext_xgb_all,2021
years_exp,0.005612320255154457,ext_xgb_all,2021
missing_years_exp,0.0,ext_xgb_all,2021
height,0.0001550561519738647,ext_xgb_all,2021
missing_height,0.0,ext_xgb_all,2021
weight,0.0012568798939902592,ext_xgb_all,2021
missing_weight,0.0,ext_xgb_all,2021
draft_number,0.07560253836868225,ext_xgb_all,2021
missing_draft_number,0.002969035438157741,ext_xgb_all,2021
draft_round,0.0014855868756453727,ext_xgb_all,2021
missing_draft_round,0.0,ext_xgb_all,2021
was_drafted,0.0,ext_xgb_all,2021
missing_was_drafted,0.0,ext_xgb_all,2021
is_rookie,0.0016627811860351338,ext_xgb_all,2021
missing_is_rookie,0.0,ext_xgb_all,2021
missing_team_changed,0.0,ext_xgb_all,2021
combine_forty,-0.00010730721701923684,ext_xgb_all,2021
missing_combine_forty,0.0,ext_xgb_all,2021
combine_bench,-4.264650503094103e-05,ext_xgb_all,2021
missing_combine_bench,0.0,ext_xgb_all,2021
combine_vertical,0.0005086307280134372,ext_xgb_all,2021
missing_combine_vertical,0.0,ext_xgb_all,2021
combine_broad_jump,-0.00211688173335578,ext_xgb_all,2021
missing_combine_broad_jump,0.0,ext_xgb_all,2021
combine_cone,-0.0006868753935072025,ext_xgb_all,2021
missing_combine_cone,0.0,ext_xgb_all,2021
combine_shuttle,-0.00010178257569326554,ext_xgb_all,2021
missing_combine_shuttle,0.0,ext_xgb_all,2021
position_QB,0.0,ext_xgb_all,2021
position_RB,0.0,ext_xgb_all,2021
position_WR,0.0,ext_xgb_all,2021
position_TE,0.0,ext_xgb_all,2021
lag1_history_available,-0.01637401083553447,ext_xgb_all,2021
lag1_completions,2.2829736604168538e-05,ext_xgb_all,2021
lag1_attempts,0.0,ext_xgb_all,2021
lag1_passing_yards,1.9024780503196226e-06,ext_xgb_all,2021
lag1_passing_tds,-0.00032400962458567495,ext_xgb_all,2021
lag1_passing_interceptions,0.0014736443169295343,ext_xgb_all,2021
lag1_sacks_suffered,-0.0005030323085908339,ext_xgb_all,2021
lag1_sack_yards_lost,-0.00031276761132625897,ext_xgb_all,2021
lag1_sack_fumbles,-9.892613580197995e-06,ext_xgb_all,2021
lag1_sack_fumbles_lost,0.0,ext_xgb_all,2021
lag1_passing_first_downs,0.0004349909347226566,ext_xgb_all,2021
lag1_passing_10,0.00016823378983654713,ext_xgb_all,2021
lag1_passing_16,0.0,ext_xgb_all,2021
lag1_passing_20,9.512390252153224e-07,ext_xgb_all,2021
lag1_passing_40,-0.0017052197714756412,ext_xgb_all,2021
lag1_carries,0.0012086165911452396,ext_xgb_all,2021
lag1_rushing_yards,0.0008331535985226513,ext_xgb_all,2021
lag1_rushing_tds,0.002408682357007086,ext_xgb_all,2021
lag1_rushing_fumbles,-0.00012868394593534838,ext_xgb_all,2021
lag1_rushing_fumbles_lost,2.5617780887388086e-05,ext_xgb_all,2021
lag1_rushing_first_downs,-0.00040025153824696513,ext_xgb_all,2021
lag1_rushing_10,0.007888456133920974,ext_xgb_all,2021
lag1_rushing_12,-3.4781591300325765e-05,ext_xgb_all,2021
lag1_rushing_20,-0.001425743074708885,ext_xgb_all,2021
lag1_rushing_40,-2.4861667964448664e-05,ext_xgb_all,2021
lag1_receptions,0.005711916240002446,ext_xgb_all,2021
lag1_receiving_yards,-0.0005004564338092488,ext_xgb_all,2021
lag1_receiving_tds,0.007928217718077946,ext_xgb_all,2021
lag1_receiving_fumbles,0.0,ext_xgb_all,2021
lag1_receiving_fumbles_lost,0.0,ext_xgb_all,2021
lag1_receiving_first_downs,-0.0037422446194950165,ext_xgb_all,2021
lag1_receiving_10,4.005569464371472e-05,ext_xgb_all,2021
lag1_receiving_16,-5.7843836852145e-05,ext_xgb_all,2021
lag1_receiving_20,0.0,ext_xgb_all,2021
lag1_receiving_40,0.0,ext_xgb_all,2021
lag1_special_teams_tds,0.0,ext_xgb_all,2021
lag1_fumbles_total,-3.907227677779623e-05,ext_xgb_all,2021
lag1_fumbles_lost_total,0.00011694017238439436,ext_xgb_all,2021
lag1_punt_returns,0.0,ext_xgb_all,2021
lag1_punt_return_yards,0.0,ext_xgb_all,2021
lag1_kickoff_returns,0.0,ext_xgb_all,2021
lag1_kickoff_return_yards,0.0,ext_xgb_all,2021
lag1_fg_made,0.0,ext_xgb_all,2021
lag1_fg_att,0.0,ext_xgb_all,2021
lag1_fg_missed,0.0,ext_xgb_all,2021
lag1_fg_blocked,0.0,ext_xgb_all,2021
lag1_fg_made_0_19,0.0,ext_xgb_all,2021
lag1_fg_made_20_29,0.0,ext_xgb_all,2021
lag1_fg_made_30_39,0.0,ext_xgb_all,2021
lag1_fg_made_40_49,0.0,ext_xgb_all,2021
lag1_fg_made_50_59,0.0,ext_xgb_all,2021
lag1_fg_made_60_,0.0,ext_xgb_all,2021
lag1_fg_missed_0_19,0.0,ext_xgb_all,2021
lag1_fg_missed_20_29,0.0,ext_xgb_all,2021
lag1_fg_missed_30_39,0.0,ext_xgb_all,2021
lag1_fg_missed_40_49,0.0,ext_xgb_all,2021
lag1_fg_missed_50_59,0.0,ext_xgb_all,2021
lag1_fg_missed_60_,0.0,ext_xgb_all,2021
lag1_fg_made_distance,0.0,ext_xgb_all,2021
lag1_fg_missed_distance,0.0,ext_xgb_all,2021
lag1_pat_made,0.0,ext_xgb_all,2021
lag1_pat_att,0.0,ext_xgb_all,2021
lag1_pat_missed,0.0,ext_xgb_all,2021
lag1_pat_blocked,0.0,ext_xgb_all,2021
lag1_gwfg_made,0.0,ext_xgb_all,2021
lag1_gwfg_att,0.0,ext_xgb_all,2021
lag1_gwfg_missed,0.0,ext_xgb_all,2021
lag1_gwfg_blocked,0.0,ext_xgb_all,2021
lag1_gwfg_distance,0.0,ext_xgb_all,2021
lag1_targets,0.0021157486474322473,ext_xgb_all,2021
lag1_passing_air_yards,-0.0003813248110632328,ext_xgb_all,2021
lag1_passing_yards_after_catch,0.0,ext_xgb_all,2021
lag1_receiving_air_yards,5.588628390207351e-05,ext_xgb_all,2021
lag1_receiving_yards_after_catch,0.003580865616176876,ext_xgb_all,2021
lag1_games,0.003902097310537922,ext_xgb_all,2021
lag1_roster_weeks,-0.0015313696474198446,ext_xgb_all,2021
lag1_offense_snaps,0.07674247066220119,ext_xgb_all,2021
lag2_history_available,0.0,ext_xgb_all,2021
lag2_completions,0.0,ext_xgb_all,2021
lag2_attempts,0.00016789580155596173,ext_xgb_all,2021
lag2_passing_yards,0.0,ext_xgb_all,2021
lag2_passing_tds,0.004035213086891698,ext_xgb_all,2021
lag2_passing_interceptions,0.0,ext_xgb_all,2021
lag2_sacks_suffered,0.0,ext_xgb_all,2021
lag2_sack_yards_lost,-0.0003623908836917211,ext_xgb_all,2021
lag2_sack_fumbles,0.0,ext_xgb_all,2021
lag2_sack_fumbles_lost,0.0,ext_xgb_all,2021
lag2_passing_first_downs,0.0,ext_xgb_all,2021
lag2_passing_10,0.0,ext_xgb_all,2021
lag2_passing_16,0.0007780002232546934,ext_xgb_all,2021
lag2_passing_20,0.0,ext_xgb_all,2021
lag2_passing_40,-0.0006654195146480468,ext_xgb_all,2021
lag2_carries,-7.258332306125936e-05,ext_xgb_all,2021
lag2_rushing_yards,0.0004002770325202132,ext_xgb_all,2021
lag2_rushing_tds,0.0009173463323195463,ext_xgb_all,2021
lag2_rushing_fumbles,0.0,ext_xgb_all,2021
lag2_rushing_fumbles_lost,0.0008972627306991221,ext_xgb_all,2021
lag2_rushing_first_downs,-0.0001581283803711031,ext_xgb_all,2021
lag2_rushing_10,-6.01170012137775e-06,ext_xgb_all,2021
lag2_rushing_12,0.0005809742219634595,ext_xgb_all,2021
lag2_rushing_20,-3.184321506255472e-06,ext_xgb_all,2021
lag2_rushing_40,-3.382561134168682e-05,ext_xgb_all,2021
lag2_receptions,4.3857470258146236e-05,ext_xgb_all,2021
lag2_receiving_yards,9.681976651532143e-05,ext_xgb_all,2021
lag2_receiving_tds,0.0001425065636846412,ext_xgb_all,2021
lag2_receiving_fumbles,4.189880068328211e-05,ext_xgb_all,2021
lag2_receiving_fumbles_lost,0.0,ext_xgb_all,2021
lag2_receiving_first_downs,0.0011166597267614486,ext_xgb_all,2021
lag2_receiving_10,0.0004276389044364226,ext_xgb_all,2021
lag2_receiving_16,0.0002878132937617073,ext_xgb_all,2021
lag2_receiving_20,-6.16496676275613e-06,ext_xgb_all,2021
lag2_receiving_40,-0.00024797350479,ext_xgb_all,2021
lag2_special_teams_tds,0.0,ext_xgb_all,2021
lag2_fumbles_total,0.0009091751335126297,ext_xgb_all,2021
lag2_fumbles_lost_total,0.0,ext_xgb_all,2021
lag2_punt_returns,-4.252599932808021e-05,ext_xgb_all,2021
lag2_punt_return_yards,0.0,ext_xgb_all,2021
lag2_kickoff_returns,0.0,ext_xgb_all,2021
lag2_kickoff_return_yards,0.0,ext_xgb_all,2021
lag2_fg_made,0.0,ext_xgb_all,2021
lag2_fg_att,0.0,ext_xgb_all,2021
lag2_fg_missed,0.0,ext_xgb_all,2021
lag2_fg_blocked,0.0,ext_xgb_all,2021
lag2_fg_made_0_19,0.0,ext_xgb_all,2021
lag2_fg_made_20_29,0.0,ext_xgb_all,2021
lag2_fg_made_30_39,0.0,ext_xgb_all,2021
lag2_fg_made_40_49,0.0,ext_xgb_all,2021
lag2_fg_made_50_59,0.0,ext_xgb_all,2021
lag2_fg_made_60_,0.0,ext_xgb_all,2021
lag2_fg_missed_0_19,0.0,ext_xgb_all,2021
lag2_fg_missed_20_29,0.0,ext_xgb_all,2021
lag2_fg_missed_30_39,0.0,ext_xgb_all,2021
lag2_fg_missed_40_49,0.0,ext_xgb_all,2021
lag2_fg_missed_50_59,0.0,ext_xgb_all,2021
lag2_fg_missed_60_,0.0,ext_xgb_all,2021
lag2_fg_made_distance,0.0,ext_xgb_all,2021
lag2_fg_missed_distance,0.0,ext_xgb_all,2021
lag2_pat_made,0.0,ext_xgb_all,2021
lag2_pat_att,0.0,ext_xgb_all,2021
lag2_pat_missed,0.0,ext_xgb_all,2021
lag2_pat_blocked,0.0,ext_xgb_all,2021
lag2_gwfg_made,0.0,ext_xgb_all,2021
lag2_gwfg_att,0.0,ext_xgb_all,2021
lag2_gwfg_missed,0.0,ext_xgb_all,2021
lag2_gwfg_blocked,0.0,ext_xgb_all,2021
lag2_gwfg_distance,0.0,ext_xgb_all,2021
lag2_targets,0.00030027278244726396,ext_xgb_all,2021
lag2_passing_air_yards,2.8800979127496795e-05,ext_xgb_all,2021
lag2_passing_yards_after_catch,-0.00014506865141128422,ext_xgb_all,2021
lag2_receiving_air_yards,-2.256880139217543e-06,ext_xgb_all,2021
lag2_receiving_yards_after_catch,0.009555890524507449,ext_xgb_all,2021
lag2_games,5.577418102187259e-05,ext_xgb_all,2021
lag2_roster_weeks,0.0,ext_xgb_all,2021
lag2_offense_snaps,0.004774754550705862,ext_xgb_all,2021
lag3_history_available,0.0,ext_xgb_all,2021
lag3_completions,0.0,ext_xgb_all,2021
lag3_attempts,0.00012059414945575497,ext_xgb_all,2021
lag3_passing_yards,0.0,ext_xgb_all,2021
lag3_passing_tds,0.0,ext_xgb_all,2021
lag3_passing_interceptions,0.0,ext_xgb_all,2021
lag3_sacks_suffered,0.0,ext_xgb_all,2021
lag3_sack_yards_lost,0.0,ext_xgb_all,2021
lag3_sack_fumbles,0.0,ext_xgb_all,2021
lag3_sack_fumbles_lost,0.0,ext_xgb_all,2021
lag3_passing_first_downs,0.0,ext_xgb_all,2021
lag3_passing_10,0.0,ext_xgb_all,2021
lag3_passing_16,0.00010198682155482253,ext_xgb_all,2021
lag3_passing_20,5.70743415106989e-06,ext_xgb_all,2021
lag3_passing_40,0.0,ext_xgb_all,2021
lag3_carries,5.564748297248734e-05,ext_xgb_all,2021
lag3_rushing_yards,0.0,ext_xgb_all,2021
lag3_rushing_tds,2.1878497578953215e-05,ext_xgb_all,2021
lag3_rushing_fumbles,1.795101750412531e-05,ext_xgb_all,2021
lag3_rushing_fumbles_lost,0.0,ext_xgb_all,2021
lag3_rushing_first_downs,-5.70843265201848e-06,ext_xgb_all,2021
lag3_rushing_10,0.002451363660576966,ext_xgb_all,2021
lag3_rushing_12,4.2244542052705114e-05,ext_xgb_all,2021
lag3_rushing_20,0.0,ext_xgb_all,2021
lag3_rushing_40,0.0,ext_xgb_all,2021
lag3_receptions,0.000200402803399502,ext_xgb_all,2021
lag3_receiving_yards,3.591505553013352e-05,ext_xgb_all,2021
lag3_receiving_tds,-0.00014712586568177421,ext_xgb_all,2021
lag3_receiving_fumbles,0.0,ext_xgb_all,2021
lag3_receiving_fumbles_lost,0.0,ext_xgb_all,2021
lag3_receiving_first_downs,-0.002748037636143952,ext_xgb_all,2021
lag3_receiving_10,0.0,ext_xgb_all,2021
lag3_receiving_16,-0.0004483413828385574,ext_xgb_all,2021
lag3_receiving_20,1.312662072305848e-05,ext_xgb_all,2021
lag3_receiving_40,0.0,ext_xgb_all,2021
lag3_special_teams_tds,0.0,ext_xgb_all,2021
lag3_fumbles_total,0.0,ext_xgb_all,2021
lag3_fumbles_lost_total,4.373322341821861e-06,ext_xgb_all,2021
lag3_punt_returns,0.0,ext_xgb_all,2021
lag3_punt_return_yards,0.0,ext_xgb_all,2021
lag3_kickoff_returns,0.0,ext_xgb_all,2021
lag3_kickoff_return_yards,0.0,ext_xgb_all,2021
lag3_fg_made,0.0,ext_xgb_all,2021
lag3_fg_att,0.0,ext_xgb_all,2021
lag3_fg_missed,0.0,ext_xgb_all,2021
lag3_fg_blocked,0.0,ext_xgb_all,2021
lag3_fg_made_0_19,0.0,ext_xgb_all,2021
lag3_fg_made_20_29,0.0,ext_xgb_all,2021
lag3_fg_made_30_39,0.0,ext_xgb_all,2021
lag3_fg_made_40_49,0.0,ext_xgb_all,2021
lag3_fg_made_50_59,0.0,ext_xgb_all,2021
lag3_fg_made_60_,0.0,ext_xgb_all,2021
lag3_fg_missed_0_19,0.0,ext_xgb_all,2021
lag3_fg_missed_20_29,0.0,ext_xgb_all,2021
lag3_fg_missed_30_39,0.0,ext_xgb_all,2021
lag3_fg_missed_40_49,0.0,ext_xgb_all,2021
lag3_fg_missed_50_59,0.0,ext_xgb_all,2021
lag3_fg_missed_60_,0.0,ext_xgb_all,2021
lag3_fg_made_distance,0.0,ext_xgb_all,2021
lag3_fg_missed_distance,0.0,ext_xgb_all,2021
lag3_pat_made,0.0,ext_xgb_all,2021
lag3_pat_att,0.0,ext_xgb_all,2021
lag3_pat_missed,0.0,ext_xgb_all,2021
lag3_pat_blocked,0.0,ext_xgb_all,2021
lag3_gwfg_made,0.0,ext_xgb_all,2021
lag3_gwfg_att,0.0,ext_xgb_all,2021
lag3_gwfg_missed,0.0,ext_xgb_all,2021
lag3_gwfg_blocked,0.0,ext_xgb_all,2021
lag3_gwfg_distance,0.0,ext_xgb_all,2021
lag3_targets,2.6508617021470116e-06,ext_xgb_all,2021
lag3_passing_air_yards,0.0,ext_xgb_all,2021
lag3_passing_yards_after_catch,0.0,ext_xgb_all,2021
lag3_receiving_air_yards,-6.128865947296891e-05,ext_xgb_all,2021
lag3_receiving_yards_after_catch,-5.158654087811243e-05,ext_xgb_all,2021
lag3_games,0.0,ext_xgb_all,2021
lag3_roster_weeks,0.0,ext_xgb_all,2021
lag3_offense_snaps,0.001368759182025392,ext_xgb_all,2021
lag4_history_available,0.0,ext_xgb_all,2021
lag4_completions,6.167884416630187e-05,ext_xgb_all,2021
lag4_attempts,-0.00046234538761735777,ext_xgb_all,2021
lag4_passing_yards,0.0,ext_xgb_all,2021
lag4_passing_tds,0.0,ext_xgb_all,2021
lag4_passing_interceptions,-0.00030371710434906607,ext_xgb_all,2021
lag4_sacks_suffered,0.0,ext_xgb_all,2021
lag4_sack_yards_lost,0.00011860383013284626,ext_xgb_all,2021
lag4_sack_fumbles,0.0,ext_xgb_all,2021
lag4_sack_fumbles_lost,0.0,ext_xgb_all,2021
lag4_passing_first_downs,0.0005279502851358586,ext_xgb_all,2021
lag4_passing_10,-0.0003207387240609094,ext_xgb_all,2021
lag4_passing_16,0.0004788441681654598,ext_xgb_all,2021
lag4_passing_20,0.00032496741281706765,ext_xgb_all,2021
lag4_passing_40,0.0,ext_xgb_all,2021
lag4_carries,0.00019417910352381718,ext_xgb_all,2021
lag4_rushing_yards,0.0,ext_xgb_all,2021
lag4_rushing_tds,0.0,ext_xgb_all,2021
lag4_rushing_fumbles,0.0,ext_xgb_all,2021
lag4_rushing_fumbles_lost,1.339628171947993e-06,ext_xgb_all,2021
lag4_rushing_first_downs,0.0,ext_xgb_all,2021
lag4_rushing_10,0.0,ext_xgb_all,2021
lag4_rushing_12,0.0,ext_xgb_all,2021
lag4_rushing_20,0.0002255795168628616,ext_xgb_all,2021
lag4_rushing_40,0.00030111453381254094,ext_xgb_all,2021
lag4_receptions,0.0,ext_xgb_all,2021
lag4_receiving_yards,0.0,ext_xgb_all,2021
lag4_receiving_tds,5.7100825004430256e-05,ext_xgb_all,2021
lag4_receiving_fumbles,8.083923901569534e-05,ext_xgb_all,2021
lag4_receiving_fumbles_lost,0.00015443312654450647,ext_xgb_all,2021
lag4_receiving_first_downs,-2.674184933493251e-05,ext_xgb_all,2021
lag4_receiving_10,0.00025432001342806654,ext_xgb_all,2021
lag4_receiving_16,-1.023355912910251e-05,ext_xgb_all,2021
lag4_receiving_20,6.126077421009235e-05,ext_xgb_all,2021
lag4_receiving_40,0.0,ext_xgb_all,2021
lag4_special_teams_tds,0.0,ext_xgb_all,2021
lag4_fumbles_total,3.389259275032863e-05,ext_xgb_all,2021
lag4_fumbles_lost_total,-0.0002857637271966862,ext_xgb_all,2021
lag4_punt_returns,0.0,ext_xgb_all,2021
lag4_punt_return_yards,0.0,ext_xgb_all,2021
lag4_kickoff_returns,0.0,ext_xgb_all,2021
lag4_kickoff_return_yards,0.0,ext_xgb_all,2021
lag4_fg_made,0.0,ext_xgb_all,2021
lag4_fg_att,0.0,ext_xgb_all,2021
lag4_fg_missed,0.0,ext_xgb_all,2021
lag4_fg_blocked,0.0,ext_xgb_all,2021
lag4_fg_made_0_19,0.0,ext_xgb_all,2021
lag4_fg_made_20_29,0.0,ext_xgb_all,2021
lag4_fg_made_30_39,0.0,ext_xgb_all,2021
lag4_fg_made_40_49,0.0,ext_xgb_all,2021
lag4_fg_made_50_59,0.0,ext_xgb_all,2021
lag4_fg_made_60_,0.0,ext_xgb_all,2021
lag4_fg_missed_0_19,0.0,ext_xgb_all,2021
lag4_fg_missed_20_29,0.0,ext_xgb_all,2021
lag4_fg_missed_30_39,0.0,ext_xgb_all,2021
lag4_fg_missed_40_49,0.0,ext_xgb_all,2021
lag4_fg_missed_50_59,0.0,ext_xgb_all,2021
lag4_fg_missed_60_,0.0,ext_xgb_all,2021
lag4_fg_made_distance,0.0,ext_xgb_all,2021
lag4_fg_missed_distance,0.0,ext_xgb_all,2021
lag4_pat_made,0.0,ext_xgb_all,2021
lag4_pat_att,0.0,ext_xgb_all,2021
lag4_pat_missed,0.0,ext_xgb_all,2021
lag4_pat_blocked,0.0,ext_xgb_all,2021
lag4_gwfg_made,0.0,ext_xgb_all,2021
lag4_gwfg_att,0.0,ext_xgb_all,2021
lag4_gwfg_missed,0.0,ext_xgb_all,2021
lag4_gwfg_blocked,0.0,ext_xgb_all,2021
lag4_gwfg_distance,0.0,ext_xgb_all,2021
lag4_targets,0.0,ext_xgb_all,2021
lag4_passing_air_yards,0.00013418313265656234,ext_xgb_all,2021
lag4_passing_yards_after_catch,0.0,ext_xgb_all,2021
lag4_receiving_air_yards,0.0,ext_xgb_all,2021
lag4_receiving_yards_after_catch,0.0,ext_xgb_all,2021
lag4_games,-0.00017433280780054794,ext_xgb_all,2021
lag4_roster_weeks,-0.0001126637594917046,ext_xgb_all,2021
lag4_offense_snaps,-0.00011339574255475604,ext_xgb_all,2021
lag1_completion_rate,0.00016836930745511847,ext_xgb_all,2021
lag1_pass_yards_per_attempt,0.004644835997291041,ext_xgb_all,2021
lag1_pass_td_rate,0.002136922989263046,ext_xgb_all,2021
lag1_interception_rate,0.0002419769125303617,ext_xgb_all,2021
lag1_rush_yards_per_carry,0.0035259320028808716,ext_xgb_all,2021
lag1_rush_first_down_rate,-0.00029363785241831586,ext_xgb_all,2021
lag1_rush_20_rate,-0.0017961366893397557,ext_xgb_all,2021
lag1_receiving_yards_per_reception,7.100029311368772e-06,ext_xgb_all,2021
lag1_receiving_first_down_rate,-1.8293995436402533e-05,ext_xgb_all,2021
lag1_receiving_20_rate,7.796960812933573e-05,ext_xgb_all,2021
lag1_field_goal_make_rate,0.0,ext_xgb_all,2021
lag1_made_field_goal_mean_distance,0.0,ext_xgb_all,2021
lag1_missed_field_goal_mean_distance,0.0,ext_xgb_all,2021
lag1_pat_make_rate,0.0,ext_xgb_all,2021
lag1_catch_rate,-0.0001855110533646176,ext_xgb_all,2021
lag1_receiving_yards_per_target,0.009553634901294239,ext_xgb_all,2021
lag1_receiving_air_yards_per_target,-1.0788390647498147e-06,ext_xgb_all,2021
lag1_receiving_yards_after_catch_per_reception,1.2930656791088069e-05,ext_xgb_all,2021
lag1_passing_air_yards_per_attempt,0.00020233995666718574,ext_xgb_all,2021
lag1_passing_yards_after_catch_per_completion,-0.00021545988777216252,ext_xgb_all,2021
lag2_completion_rate,0.00024958327912238953,ext_xgb_all,2021
lag2_pass_yards_per_attempt,-0.0010318418809814878,ext_xgb_all,2021
lag2_pass_td_rate,0.0006346356442642476,ext_xgb_all,2021
lag2_interception_rate,-9.797761959251527e-05,ext_xgb_all,2021
lag2_rush_yards_per_carry,-7.402177441961921e-05,ext_xgb_all,2021
lag2_rush_first_down_rate,0.0002310778288301396,ext_xgb_all,2021
lag2_rush_20_rate,4.554735784645381e-06,ext_xgb_all,2021
lag2_receiving_yards_per_reception,-4.747014405959149e-05,ext_xgb_all,2021
lag2_receiving_first_down_rate,0.0011316269134615808,ext_xgb_all,2021
lag2_receiving_20_rate,0.0,ext_xgb_all,2021
lag2_field_goal_make_rate,0.0,ext_xgb_all,2021
lag2_made_field_goal_mean_distance,0.0,ext_xgb_all,2021
lag2_missed_field_goal_mean_distance,0.0,ext_xgb_all,2021
lag2_pat_make_rate,0.0,ext_xgb_all,2021
lag2_catch_rate,0.00013474258296530817,ext_xgb_all,2021
lag2_receiving_yards_per_target,0.00010629478824830674,ext_xgb_all,2021
lag2_receiving_air_yards_per_target,-0.00016317181357239363,ext_xgb_all,2021
lag2_receiving_yards_after_catch_per_reception,4.0971591148686315e-06,ext_xgb_all,2021
lag2_passing_air_yards_per_attempt,-0.00016117091109069115,ext_xgb_all,2021
lag2_passing_yards_after_catch_per_completion,-0.00023780975629261736,ext_xgb_all,2021
lag3_completion_rate,-0.00014791766841393272,ext_xgb_all,2021
lag3_pass_yards_per_attempt,0.0,ext_xgb_all,2021
lag3_pass_td_rate,-0.0001139191948387186,ext_xgb_all,2021
lag3_interception_rate,0.0004039323347163615,ext_xgb_all,2021
lag3_rush_yards_per_carry,0.00018025543253119558,ext_xgb_all,2021
lag3_rush_first_down_rate,-7.642578720956639e-05,ext_xgb_all,2021
lag3_rush_20_rate,0.0,ext_xgb_all,2021
lag3_receiving_yards_per_reception,3.531763204844829e-05,ext_xgb_all,2021
lag3_receiving_first_down_rate,3.401739765718226e-05,ext_xgb_all,2021
lag3_receiving_20_rate,-8.512396410065293e-05,ext_xgb_all,2021
lag3_field_goal_make_rate,0.0,ext_xgb_all,2021
lag3_made_field_goal_mean_distance,0.0,ext_xgb_all,2021
lag3_missed_field_goal_mean_distance,0.0,ext_xgb_all,2021
lag3_pat_make_rate,0.0,ext_xgb_all,2021
lag3_catch_rate,-3.873670161791409e-05,ext_xgb_all,2021
lag3_receiving_yards_per_target,-9.796707510667524e-06,ext_xgb_all,2021
lag3_receiving_air_yards_per_target,-1.3396281717259484e-07,ext_xgb_all,2021
lag3_receiving_yards_after_catch_per_reception,0.0,ext_xgb_all,2021
lag3_passing_air_yards_per_attempt,0.0,ext_xgb_all,2021
lag3_passing_yards_after_catch_per_completion,0.0,ext_xgb_all,2021
lag4_completion_rate,0.0,ext_xgb_all,2021
lag4_pass_yards_per_attempt,0.0,ext_xgb_all,2021
lag4_pass_td_rate,-4.617168928811033e-05,ext_xgb_all,2021
lag4_interception_rate,0.0,ext_xgb_all,2021
lag4_rush_yards_per_carry,8.106607358626672e-05,ext_xgb_all,2021
lag4_rush_first_down_rate,0.0,ext_xgb_all,2021
lag4_rush_20_rate,-0.0001553379106594699,ext_xgb_all,2021
lag4_receiving_yards_per_reception,0.0,ext_xgb_all,2021
lag4_receiving_first_down_rate,0.0,ext_xgb_all,2021
lag4_receiving_20_rate,8.32247278537146e-07,ext_xgb_all,2021
lag4_field_goal_make_rate,0.0,ext_xgb_all,2021
lag4_made_field_goal_mean_distance,0.0,ext_xgb_all,2021
lag4_missed_field_goal_mean_distance,0.0,ext_xgb_all,2021
lag4_pat_make_rate,0.0,ext_xgb_all,2021
lag4_catch_rate,0.0,ext_xgb_all,2021
lag4_receiving_yards_per_target,5.116779564495744e-06,ext_xgb_all,2021
lag4_receiving_air_yards_per_target,0.0,ext_xgb_all,2021
lag4_receiving_yards_after_catch_per_reception,3.3634652437442014e-05,ext_xgb_all,2021
lag4_passing_air_yards_per_attempt,0.00044319476911713895,ext_xgb_all,2021
lag4_passing_yards_after_catch_per_completion,0.0,ext_xgb_all,2021
lag1_late6_attempts,-7.076022987362318e-05,ext_xgb_all,2021
lag1_weekly_slope_attempts,-3.0865392022239035e-05,ext_xgb_all,2021
lag1_late6_mean_delta_attempts,-2.6500183349265072e-05,ext_xgb_all,2021
lag1_late6_passing_yards,-0.00011067939157105577,ext_xgb_all,2021
lag1_weekly_slope_passing_yards,0.0,ext_xgb_all,2021
lag1_late6_mean_delta_passing_yards,0.0,ext_xgb_all,2021
lag1_late6_passing_first_downs,0.0004099701428950109,ext_xgb_all,2021
lag1_weekly_slope_passing_first_downs,0.0,ext_xgb_all,2021
lag1_late6_mean_delta_passing_first_downs,0.0003236273623831165,ext_xgb_all,2021
lag1_late6_passing_20,0.0015861256092334353,ext_xgb_all,2021
lag1_weekly_slope_passing_20,-0.00027043248194291714,ext_xgb_all,2021
lag1_late6_mean_delta_passing_20,-0.0006142759772186368,ext_xgb_all,2021
lag1_late6_carries,0.0002722016866392174,ext_xgb_all,2021
lag1_weekly_slope_carries,0.0018832249804086043,ext_xgb_all,2021
lag1_late6_mean_delta_carries,0.0023719927477534597,ext_xgb_all,2021
lag1_late6_rushing_yards,-0.0005168972663269766,ext_xgb_all,2021
lag1_weekly_slope_rushing_yards,0.00046429074016418603,ext_xgb_all,2021
lag1_late6_mean_delta_rushing_yards,0.000758209746641203,ext_xgb_all,2021
lag1_late6_rushing_first_downs,0.00033347717916487607,ext_xgb_all,2021
lag1_weekly_slope_rushing_first_downs,-0.0015935656616533622,ext_xgb_all,2021
lag1_late6_mean_delta_rushing_first_downs,-0.000992988283145202,ext_xgb_all,2021
lag1_late6_rushing_20,0.00011670276364339482,ext_xgb_all,2021
lag1_weekly_slope_rushing_20,0.000549581245052555,ext_xgb_all,2021
lag1_late6_mean_delta_rushing_20,-0.0014169912965067422,ext_xgb_all,2021
lag1_late6_receptions,-3.970681359932726e-06,ext_xgb_all,2021
lag1_weekly_slope_receptions,0.0003137254061676975,ext_xgb_all,2021
lag1_late6_mean_delta_receptions,3.741279422264654e-06,ext_xgb_all,2021
lag1_late6_receiving_yards,-0.0007857225241716392,ext_xgb_all,2021
lag1_weekly_slope_receiving_yards,0.000288505016001972,ext_xgb_all,2021
lag1_late6_mean_delta_receiving_yards,-0.0016580132539081305,ext_xgb_all,2021
lag1_late6_receiving_first_downs,-0.00011015609848574748,ext_xgb_all,2021
lag1_weekly_slope_receiving_first_downs,-4.027484386881497e-06,ext_xgb_all,2021
lag1_late6_mean_delta_receiving_first_downs,-3.062333187486832e-05,ext_xgb_all,2021
lag1_late6_receiving_20,3.1479692646385615e-05,ext_xgb_all,2021
lag1_weekly_slope_receiving_20,-0.00030825561615377417,ext_xgb_all,2021
lag1_late6_mean_delta_receiving_20,-0.0004287251543911852,ext_xgb_all,2021
lag1_late6_punt_return_yards,0.0,ext_xgb_all,2021
lag1_weekly_slope_punt_return_yards,0.0,ext_xgb_all,2021
lag1_late6_mean_delta_punt_return_yards,0.0,ext_xgb_all,2021
lag1_late6_kickoff_return_yards,0.0,ext_xgb_all,2021
lag1_weekly_slope_kickoff_return_yards,0.0,ext_xgb_all,2021
lag1_late6_mean_delta_kickoff_return_yards,0.0,ext_xgb_all,2021
lag1_late6_fg_made,0.0,ext_xgb_all,2021
lag1_weekly_slope_fg_made,0.0,ext_xgb_all,2021
lag1_late6_mean_delta_fg_made,0.0,ext_xgb_all,2021
lag1_late6_fg_att,0.0,ext_xgb_all,2021
lag1_weekly_slope_fg_att,0.0,ext_xgb_all,2021
lag1_late6_mean_delta_fg_att,0.0,ext_xgb_all,2021
lag1_late6_pat_att,0.0,ext_xgb_all,2021
lag1_weekly_slope_pat_att,0.0,ext_xgb_all,2021
lag1_late6_mean_delta_pat_att,0.0,ext_xgb_all,2021
lag1_late6_targets,0.0,ext_xgb_all,2021
lag1_weekly_slope_targets,-5.996156498211391e-05,ext_xgb_all,2021
lag1_late6_mean_delta_targets,0.0001809299457411484,ext_xgb_all,2021
lag1_late6_passing_air_yards,9.512390251709135e-06,ext_xgb_all,2021
lag1_weekly_slope_passing_air_yards,0.0,ext_xgb_all,2021
lag1_late6_mean_delta_passing_air_yards,0.0,ext_xgb_all,2021
lag1_late6_passing_yards_after_catch,0.0,ext_xgb_all,2021
lag1_weekly_slope_passing_yards_after_catch,0.0,ext_xgb_all,2021
lag1_late6_mean_delta_passing_yards_after_catch,0.0,ext_xgb_all,2021
lag1_late6_receiving_air_yards,-0.00020746437268448492,ext_xgb_all,2021
lag1_weekly_slope_receiving_air_yards,-9.377397203191862e-07,ext_xgb_all,2021
lag1_late6_mean_delta_receiving_air_yards,0.0008727224356127605,ext_xgb_all,2021
lag1_late6_receiving_yards_after_catch,-0.0007196652698768791,ext_xgb_all,2021
lag1_weekly_slope_receiving_yards_after_catch,-0.00022653913537951098,ext_xgb_all,2021
lag1_late6_mean_delta_receiving_yards_after_catch,-3.0377938791570358e-05,ext_xgb_all,2021
position_K,0.0,ext_xgb_all,2021
injury_lag2_injury_reported,0.0,ext_xgb_all,2021
injury_lag2_injury_report_weeks,-0.00029393884395778613,ext_xgb_all,2021
injury_lag2_designation_count,-0.00026765161493380596,ext_xgb_all,2021
injury_lag3_injury_reported,0.0,ext_xgb_all,2021
injury_lag3_injury_report_weeks,-2.8640806443602784e-05,ext_xgb_all,2021
injury_lag3_designation_count,0.0,ext_xgb_all,2021
injury_lag4_injury_reported,0.0,ext_xgb_all,2021
injury_lag4_injury_report_weeks,0.0,ext_xgb_all,2021
injury_lag4_designation_count,0.0,ext_xgb_all,2021
injury_lag5_injury_reported,0.0,ext_xgb_all,2021
injury_lag5_injury_report_weeks,0.004728060033999504,ext_xgb_all,2021
injury_lag5_designation_count,0.0,ext_xgb_all,2021
injury_lag1_reserve_weeks,0.0025763047381024418,ext_xgb_all,2021
injury_lag2_reserve_weeks,0.0,ext_xgb_all,2021
injury_lag3_reserve_weeks,-7.397753587490286e-07,ext_xgb_all,2021
injury_lag4_reserve_weeks,0.0,ext_xgb_all,2021
injury_lag2_absence_report_weeks,0.0003849384180087956,ext_xgb_all,2021
injury_lag2_absence_reported,0.0,ext_xgb_all,2021
injury_lag3_absence_report_weeks,-2.82703986888011e-05,ext_xgb_all,2021
injury_lag3_absence_reported,0.0,ext_xgb_all,2021
injury_lag4_absence_report_weeks,0.0,ext_xgb_all,2021
injury_lag4_absence_reported,0.0,ext_xgb_all,2021
injury_lag5_absence_report_weeks,0.0,ext_xgb_all,2021
injury_lag5_absence_reported,0.0,ext_xgb_all,2021
lag1_targets_per_game,6.726780307131364e-05,ext_xgb_all,2021
lag1_carries_per_game,0.0015934121197356266,ext_xgb_all,2021
lag1_receptions_per_game,0.0003857553248360901,ext_xgb_all,2021
lag1_attempts_per_game,0.0016192066091272883,ext_xgb_all,2021
lag1_receiving_yards_per_game,-0.0020799779013778164,ext_xgb_all,2021
lag1_rushing_yards_per_game,0.0026677000937253004,ext_xgb_all,2021
lag1_passing_yards_per_game,0.0008973814210849751,ext_xgb_all,2021
lag1_offense_snaps_per_game,0.0008214515015869672,ext_xgb_all,2021
lag1_share_targets_prior_team,0.0,ext_xgb_all,2021
lag1_share_carries_prior_team,0.003448445502239217,ext_xgb_all,2021
lag1_share_receptions_prior_team,0.0026292008455193194,ext_xgb_all,2021
lag1_share_attempts_prior_team,-9.101526736710053e-05,ext_xgb_all,2021
