target_season,player_id,model_position,team,candidate_name,roster_status,available_for_draft,is_rookie,age,predicted_points,points_p10,points_p90,points_source,injury_probability,health_probability,points_percentile,position_points_rank,draft_score,replacement_points,vorp,overall_value,relative_health,overall_draft_score,risk_band,points_confidence,current_injury_listing,current_injury_or_designation,current_injury_status,expected_return,evidence_date,source_publisher,source_tier,source_url,status_as_of
2026,00-0038543,WR,SEA,Jaxon Smith-Njigba,ACT,True,no,24.54533576965332,249.73826764870932,181.9464481929781,332.01904953151177,ext_et_all,0.46595868274766633,0.5340413172523337,1.0,1,90.68,122.48557493000283,127.25,1.0,0.28689484714708535,85.74,higher,standard,False,,,,,,,,2026-08-14
2026,00-0036963,WR,DET,Amon-Ra St. Brown,ACT,True,no,26.856130599975586,231.91780623728135,164.12598678155013,314.19858812008374,ext_et_all,0.43314402918519096,0.5668559708148091,0.9973958333333334,2,91.13,122.48557493000283,109.43,0.86,0.3197095007095607,75.19,higher,standard,False,,,,,,,,2026-08-14
2026,00-0039075,WR,LA,Puka Nacua,ACT,True,no,25.259929656982422,231.2673156525575,163.47549619682627,313.54809753535994,ext_et_all,0.46033058853895353,0.5396694114610465,0.9947916666666666,3,90.38,122.48557493000283,108.78,0.8549,0.29252294135579815,74.24,higher,standard,True,Groin,Questionable,"Aug 22, 2026",2026-08-14,MyFantasyLeague,Documented public injury API,https://api.myfantasyleague.com/2026/export?TYPE=injuries&JSON=1,2026-08-14
2026,00-0038542,RB,ATL,Bijan Robinson,ACT,True,no,24.58640480041504,264.68582791005304,195.5262462279108,379.653723648379,ext_et_all,0.5877634725085631,0.4122365274914369,1.0,1,88.24,156.9957177199209,107.69,0.8463,0.21567286603727698,72.02,higher,standard,False,,,,,,,,2026-08-14
2026,00-0037744,TE,AZ,Trey McBride,ACT,True,no,26.776729583740234,226.95632714846886,183.20547549737424,299.83354708481664,ext_et_all,0.46235352205772295,0.537646477942277,1.0,1,90.75,124.92868260243878,102.03,0.8018,0.32240832995168944,70.59,higher,standard,False,,,,,,,,2026-08-14
2026,00-0034857,QB,BUF,Josh Allen,ACT,True,no,30.281251907348633,322.7420576278662,213.08296054721833,463.31789829146084,ext_et_all,0.4342095540743498,0.5657904459256502,1.0,1,91.32,219.7920156860182,102.95,0.809,0.28356423994375113,70.39,higher,standard,False,,,,,,,,2026-08-14
2026,00-0036900,WR,CIN,Ja'Marr Chase,ACT,True,no,26.502939224243164,215.27921233365407,147.48739287792284,297.5599942164565,ext_et_all,0.3781906096186752,0.6218093903813249,0.9921875,4,91.81,122.48557493000283,92.79,0.7292,0.3746629202760765,65.83,higher,standard,False,,,,,,,,2026-08-14
2026,00-0037247,WR,DAL,George Pickens,ACT,True,no,25.495389938354492,212.4020716963592,144.61025224062797,294.6828535791616,ext_et_all,0.38547724399523,0.61452275600477,0.9869791666666666,6,91.25,122.48557493000283,89.92,0.7066,0.36737628589952165,63.88,higher,standard,False,,,,,,,,2026-08-14
2026,00-0036322,WR,MIN,Justin Jefferson,ACT,True,no,27.21205711364746,213.0041360659819,145.21231661025064,295.2849179487843,ext_et_all,0.4070598982591081,0.592940101740892,0.9895833333333334,5,91.03,122.48557493000283,90.52,0.7114,0.3457936316356436,63.83,higher,standard,False,,,,,,,,2026-08-14
2026,00-0039064,WR,BAL,Zay Flowers,ACT,True,no,25.971786499023438,206.67380875410402,138.8819892983728,288.95459063690646,ext_et_all,0.44443044261637815,0.5555695573836219,0.9817708333333334,8,89.65,122.48557493000283,84.19,0.6616,0.30842308727837353,59.1,higher,standard,False,,,,,,,,2026-08-14
2026,00-0036358,WR,DAL,CeeDee Lamb,ACT,True,no,27.40097427368164,206.97139594271584,139.17957648698462,289.2521778255183,ext_et_all,0.4862173844909251,0.5137826155090749,0.984375,7,89.03,122.48557493000283,84.49,0.664,0.2666361454038265,58.45,higher,standard,False,,,,,,,,2026-08-14
2026,00-0039139,RB,DET,Jahmyr Gibbs,ACT,True,no,24.452247619628906,240.46440492640076,171.30482324425853,355.43230066472677,ext_et_all,0.5893528974574498,0.4106471025425502,0.9952380952380953,2,87.83,156.9957177199209,83.47,0.656,0.21408344108839028,56.76,higher,standard,True,Back,Questionable,"Aug 22, 2026",2026-08-14,MyFantasyLeague,Documented public injury API,https://api.myfantasyleague.com/2026/export?TYPE=injuries&JSON=1,2026-08-14
2026,00-0037240,WR,DET,Jameson Williams,ACT,True,no,25.435155868530273,200.48119873697385,132.68937928124262,282.7619806197763,ext_et_all,0.47008000772483666,0.5299199922751634,0.9791666666666666,9,88.93,122.48557493000283,78.0,0.613,0.282773522169915,54.7,higher,standard,False,,,,,,,,2026-08-14
2026,00-0032764,RB,BAL,Derrick Henry,ACT,True,no,32.657752990722656,230.26794761904765,161.10836593690541,345.2358433573736,ext_et_all,0.4758257920688058,0.5241742079311942,0.9857142857142858,4,89.34,156.9957177199209,73.27,0.5758,0.32761054647703425,52.62,higher,standard,False,,,,,,,,2026-08-14
2026,00-0037238,WR,ATL,Drake London,ACT,True,no,25.10660743713379,197.9819032314273,130.19008377569605,280.2626851142297,ext_et_all,0.521636409912418,0.478363590087582,0.9765625,10,87.69,122.48557493000283,75.5,0.5933,0.23121711998233363,52.09,higher,standard,False,,,,,,,,2026-08-14
2026,00-0039040,RB,MIA,De'Von Achane,ACT,True,no,24.884836196899414,231.74679397693532,162.5872122947931,346.71468971526133,ext_et_all,0.5883875869878946,0.4116124130121054,0.9904761904761905,3,87.47,156.9957177199209,74.75,0.5874,0.21504875155794545,51.29,higher,standard,False,,,,,,,,2026-08-14
2026,00-0040122,RB,LV,Ashton Jeanty,ACT,True,no,22.749269485473633,223.3720499682708,154.21246828612857,338.3399457065968,ext_et_all,0.5405445752304243,0.4594554247695757,0.9809523809523809,5,87.67,156.9957177199209,66.38,0.5217,0.26289176331541575,46.99,higher,standard,False,,,,,,,,2026-08-14
2026,00-0040124,WR,CAR,Tetairoa McMillan,ACT,True,no,23.40910530090332,184.22470280682288,116.43288335109163,266.5054846896253,ext_et_all,0.5339665085908684,0.46603349140913164,0.9739583333333334,11,87.24,122.48557493000283,61.74,0.4852,0.21888702130388327,43.19,higher,standard,False,,,,,,,,2026-08-14
2026,00-0037239,WR,NO,Chris Olave,ACT,True,no,26.179866790771484,178.7378839497408,110.94606449400955,261.0186658325432,ext_et_all,0.38199550964600976,0.6180044903539903,0.96875,13,89.86,122.48557493000283,56.25,0.442,0.3708580202487419,42.78,higher,standard,False,,,,,,,,2026-08-14
2026,00-0038597,RB,CIN,Chase Brown,ACT,True,no,26.44818115234375,214.105780731701,144.94619904955877,329.07367647002695,ext_et_all,0.5452144636938423,0.4547855363061577,0.9761904761904762,6,87.19,156.9957177199209,57.11,0.4488,0.25822187485199777,41.07,higher,standard,False,,,,,,,,2026-08-14
2026,00-0036554,WR,HOU,Nico Collins,ACT,True,no,27.455732345581055,179.2704775985121,111.47865814278084,261.5512594813145,ext_et_all,0.48793958066379944,0.5120604193362006,0.9713541666666666,12,87.95,122.48557493000283,56.78,0.4462,0.26491394923095224,40.99,higher,standard,False,,,,,,,,2026-08-14
2026,00-0036613,WR,DEN,Jaylen Waddle,ACT,True,no,27.767852783203125,178.02172867516205,110.22990921943081,260.30251055796447,ext_et_all,0.47908948024858433,0.5209105197514157,0.9661458333333334,14,87.71,122.48557493000283,55.54,0.4365,0.2737640496461673,40.4,higher,standard,True,Leg,Questionable,"Aug 14, 2026",2026-08-14,MyFantasyLeague,Documented public injury API,https://api.myfantasyleague.com/2026/export?TYPE=injuries&JSON=1,2026-08-14
2026,00-0035676,WR,NE,A.J. Brown,ACT,True,no,29.172399520874023,176.48153797140463,108.68971851567339,258.762319854207,ext_et_all,0.4712981733663394,0.5287018266336606,0.9635416666666666,15,87.66,122.48557493000283,54.0,0.4244,0.28155535652841224,39.58,higher,standard,False,,,,,,,,2026-08-14
2026,00-0036912,WR,PHI,DeVonta Smith,ACT,True,no,27.797969818115234,174.96751717024003,107.17569771450879,257.24829905304244,ext_et_all,0.46928457192276474,0.5307154280772353,0.9609375,16,87.49,122.48557493000283,52.48,0.4124,0.2835689579719869,38.66,higher,standard,True,Hamstring,Questionable,"Aug 22, 2026",2026-08-14,MyFantasyLeague,Documented public injury API,https://api.myfantasyleague.com/2026/export?TYPE=injuries&JSON=1,2026-08-14
2026,00-0039851,QB,NE,Drake Maye,ACT,True,no,24.00596809387207,272.0919580999175,162.43286101926967,412.66779876351217,ext_et_all,0.4482451399794929,0.5517548600205071,0.9915966386554622,2,90.36,219.7920156860182,52.3,0.411,0.26952865403860804,38.27,higher,standard,False,,,,,,,,2026-08-14
2026,00-0038117,WR,TEN,Wan'Dale Robinson,ACT,True,no,25.65418815612793,171.6519934994004,103.86017404366915,253.9327753822028,ext_et_all,0.4895478081437035,0.5104521918562965,0.9583333333333334,17,86.88,122.48557493000283,49.17,0.3864,0.26330572175104816,36.18,higher,standard,False,,,,,,,,2026-08-14
2026,00-0036389,QB,PHI,Jalen Hurts,ACT,True,no,28.06902313232422,267.55491507936523,157.89581799871738,408.1307557429599,ext_et_all,0.47105393529024636,0.5289460647097537,0.9831932773109243,3,89.23,219.7920156860182,47.76,0.3753,0.24671985872785462,34.96,higher,standard,False,,,,,,,,2026-08-14
2026,00-0040129,WR,TB,Emeka Egbuka,ACT,True,no,23.882762908935547,168.97355004050493,101.18173058477369,251.25433192330735,ext_et_all,0.5329632424212195,0.4670367575787805,0.9557291666666666,18,85.8,122.48557493000283,46.49,0.3653,0.21989028747353212,33.62,higher,standard,True,Toe,Questionable,"Aug 17, 2026",2026-08-14,MyFantasyLeague,Documented public injury API,https://api.myfantasyleague.com/2026/export?TYPE=injuries&JSON=1,2026-08-14
2026,00-0039918,QB,CHI,Caleb Williams,ACT,True,no,24.786272048950195,263.4687700315604,153.80967295091253,404.04461069515503,ext_et_all,0.42488997202998885,0.5751100279700112,0.9747899159663865,4,89.49,219.7920156860182,43.68,0.3433,0.29288382198811214,33.32,higher,standard,False,,,,,,,,2026-08-14
2026,00-0040663,TE,CLE,Harold Fannin Jr.,ACT,True,no,22.11681365966797,168.40830431848136,124.65745266738674,241.28552425482917,ext_et_all,0.4980349390679754,0.5019650609320245,0.9897435897435898,3,89.22,124.92868260243878,43.48,0.3417,0.28672691294143693,33.07,higher,standard,False,,,,,,,,2026-08-14
2026,00-0036970,TE,ATL,Kyle Pitts,ACT,True,no,25.903337478637695,168.98124552675526,125.23039387566064,241.85846546310307,ext_et_all,0.5197083871012937,0.48029161289870625,0.9948717948717949,2,89.2,124.92868260243878,44.05,0.3462,0.26505346490811865,33.0,higher,standard,False,,,,,,,,2026-08-14
2026,00-0030506,TE,KC,Travis Kelce,ACT,True,no,36.906986236572266,162.60426046722907,118.85340881613445,235.48148040357688,ext_et_all,0.3669574577428909,0.6330425422571091,0.9794871794871794,5,91.02,124.92868260243878,37.68,0.2961,0.4178043942665215,32.04,higher,standard,False,,,,,,,,2026-08-14
2026,00-0037840,RB,LA,Kyren Williams,ACT,True,no,26.015592575073242,197.75366267806262,128.5940809959204,312.7215584163886,ext_et_all,0.49950467397430287,0.5004953260256971,0.9714285714285714,7,87.72,156.9957177199209,40.76,0.3203,0.3039316645715372,31.7,higher,standard,False,,,,,,,,2026-08-14
2026,00-0038559,WR,AZ,Michael Wilson,ACT,True,no,26.522104263305664,165.04876968581473,97.25695023008349,247.32955156861715,ext_et_all,0.518454988672174,0.481545011327826,0.953125,19,85.88,122.48557493000283,42.56,0.3345,0.23439854122257764,31.45,higher,standard,False,,,,,,,,2026-08-14
2026,00-0031381,WR,LA,Davante Adams,ACT,True,no,33.68720626831055,162.30290146033306,94.51108200460182,244.58368334313548,ext_et_all,0.44855853491471953,0.5514414650852805,0.9453125,22,86.65,122.48557493000283,39.82,0.3129,0.3042949949800321,31.12,higher,standard,False,,,,,,,,2026-08-14
2026,00-0036252,WR,PIT,Michael Pittman,ACT,True,no,28.906822204589844,163.57811544171778,95.78629598598654,245.8588973245202,ext_et_all,0.49104256258976825,0.5089574374102317,0.9505208333333334,20,86.22,122.48557493000283,41.09,0.3229,0.2618109673049833,31.07,higher,standard,True,Leg,Questionable,"Aug 21, 2026",2026-08-14,MyFantasyLeague,Documented public injury API,https://api.myfantasyleague.com/2026/export?TYPE=injuries&JSON=1,2026-08-14
2026,00-0034348,WR,DEN,Courtland Sutton,ACT,True,no,30.894542694091797,162.54173010237014,94.7499106466389,244.82251198517255,ext_et_all,0.48727470596376155,0.5127252940362385,0.9479166666666666,21,86.09,122.48557493000283,40.06,0.3148,0.2655788239309901,30.5,higher,standard,False,,,,,,,,2026-08-14
2026,00-0037248,RB,BUF,James Cook,ACT,True,no,26.935529708862305,196.59144337201138,127.43186168986915,311.55933911033736,ext_et_all,0.566825998003996,0.433174001996004,0.9619047619047619,9,85.62,156.9957177199209,39.6,0.3112,0.23661034054184404,29.63,higher,standard,False,,,,,,,,2026-08-14
2026,00-0038120,RB,NYJ,Breece Hall,ACT,True,no,25.254453659057617,196.62305764496497,127.46347596282274,311.590953383291,ext_et_all,0.5961596148705447,0.4038403851294553,0.9666666666666667,8,85.41,156.9957177199209,39.63,0.3114,0.20727672367529537,29.06,higher,standard,False,,,,,,,,2026-08-14
2026,00-0039732,QB,DEN,Bo Nix,ACT,True,no,26.516630172729492,256.3709152513835,146.71181817073565,396.94675591497816,ext_et_all,0.41847221849012234,0.5815277815098776,0.9663865546218487,5,88.94,219.7920156860182,36.58,0.2875,0.29930157552797854,28.99,higher,standard,False,,,,,,,,2026-08-14
2026,00-0040128,TE,IND,Tyler Warren,ACT,True,no,24.27428436279297,162.62030696262696,118.86945531153233,235.49752689897474,ext_et_all,0.5228460405845028,0.4771539594154972,0.9846153846153847,4,88.31,124.92868260243878,37.69,0.2962,0.2619158114249096,28.93,higher,standard,False,,,,,,,,2026-08-14
2026,00-0034960,WR,JAX,Jakobi Meyers,ACT,True,no,29.810331344604492,159.52830721888353,91.73648776315228,241.80908910168594,ext_et_all,0.5234903745040566,0.47650962549594345,0.9427083333333334,23,84.95,122.48557493000283,37.04,0.2911,0.22936315539069507,27.88,higher,standard,False,,,,,,,,2026-08-14
2026,00-0036275,RB,CHI,D'Andre Swift,ACT,True,no,27.630956649780273,191.17045897984664,122.01087729770441,306.13835471817265,ext_et_all,0.5238125827761996,0.4761874172238004,0.9571428571428572,10,86.1,156.9957177199209,34.17,0.2685,0.2796237557696405,27.07,higher,standard,False,,,,,,,,2026-08-14
2026,00-0036410,WR,CIN,Tee Higgins,ACT,True,no,27.620006561279297,155.11222942423237,87.32040996850112,237.39301130703478,ext_et_all,0.49202690333336707,0.5079730966666329,0.9375,25,85.16,122.48557493000283,32.63,0.2564,0.26082662656138456,25.73,higher,standard,False,,,,,,,,2026-08-14
2026,00-0037224,K,LAC,Cameron Dicker,ACT,True,no,26.322237014770508,141.69835637188822,49.20033159360017,182.32159453239206,phase2_production_kicker,0.11754743693959666,0.8824525630604033,1.0,1,97.65,117.20593632592522,24.49,0.1925,0.5154677406892539,25.71,lower,low (kicker),False,,,,,,,,2026-08-14
2026,00-0033106,QB,DET,Jared Goff,ACT,True,no,31.88292694091797,244.90236353415105,135.2432664535032,385.4782041977457,ext_et_all,0.22253455661222268,0.7774654433877773,0.9411764705882353,8,90.84,219.7920156860182,25.11,0.1973,0.4952392374058783,25.69,moderate,standard,False,,,,,,,,2026-08-14
2026,00-0035640,WR,PIT,DK Metcalf,ACT,True,no,28.715167999267578,155.88554137061064,88.0937219148794,238.16632325341305,ext_et_all,0.5360480493823776,0.4639519506176224,0.9401041666666666,24,84.49,122.48557493000283,33.4,0.2625,0.21680548051237403,25.34,higher,standard,True,Undisclosed,Questionable,"Aug 21, 2026",2026-08-14,MyFantasyLeague,Documented public injury API,https://api.myfantasyleague.com/2026/export?TYPE=injuries&JSON=1,2026-08-14
2026,00-0036355,QB,LAC,Justin Herbert,ACT,True,no,28.47970962524414,248.61333077601412,138.95423369536627,389.1891714396088,ext_et_all,0.41010254270588603,0.589897457294114,0.957983193277311,6,88.44,219.7920156860182,28.82,0.2265,0.30767125131221496,24.27,higher,standard,False,,,,,,,,2026-08-14
2026,00-0033280,RB,SF,Christian McCaffrey,ACT,True,no,30.23470687866211,187.6353588835211,118.47577720137886,302.6032546218471,ext_et_all,0.5858942454406337,0.41410575455936627,0.9523809523809523,11,84.47,156.9957177199209,30.64,0.2408,0.21754209310520634,23.61,higher,standard,True,Undisclosed,Questionable,"Aug 20, 2026",2026-08-14,MyFantasyLeague,Documented public injury API,https://api.myfantasyleague.com/2026/export?TYPE=injuries&JSON=1,2026-08-14
2026,00-0039915,WR,LAC,Ladd McConkey,ACT,True,no,24.805437088012695,151.61636092510096,83.82454146936972,233.89714280790338,ext_et_all,0.5314760902845406,0.46852390971545943,0.9348958333333334,26,84.16,122.48557493000283,29.13,0.2289,0.22137743961021106,22.74,higher,standard,False,,,,,,,,2026-08-14
2026,00-0032726,K,HOU,Ka'imi Fairbairn,ACT,True,no,32.58930587768555,137.02055892188116,44.522534143593106,177.643797082385,phase2_production_kicker,0.13479601980069864,0.8652039801993013,0.9767441860465116,2,95.44,117.20593632592522,19.81,0.1557,0.49821915782815196,22.42,lower,low (kicker),False,,,,,,,,2026-08-14
2026,00-0034855,QB,TB,Baker Mayfield,ACT,True,no,31.384628295898438,245.48501021843072,135.82591313778286,386.06085088202536,ext_et_all,0.44861376945068127,0.5513862305493187,0.9495798319327731,7,86.99,219.7920156860182,25.69,0.2019,0.2691600245674196,21.54,higher,standard,False,,,,,,,,2026-08-14
2026,00-0037261,WR,BUF,Khalil Shakir,ACT,True,no,26.57686424255371,144.87718769269114,77.0853682369599,227.15796957549355,ext_et_all,0.4026670960178742,0.5973329039821258,0.9296875,28,86.32,122.48557493000283,22.39,0.176,0.3501864338768774,21.08,higher,standard,False,,,,,,,,2026-08-14
2026,00-0037664,WR,IND,Alec Pierce,ACT,True,no,26.333189010620117,145.68724637748875,77.8954269217575,227.96802826029116,ext_et_all,0.44261609919785305,0.557383900802147,0.9322916666666666,27,85.73,122.48557493000283,23.2,0.1823,0.3102374306968986,20.79,higher,standard,True,Ankle,Out,"Aug 29, 2026",2026-08-14,MyFantasyLeague,Documented public injury API,https://api.myfantasyleague.com/2026/export?TYPE=injuries&JSON=1,2026-08-14
2026,00-0039404,K,MIN,Will Reichard,ACT,True,no,25.64323616027832,133.2053193740802,40.70729459579215,173.82855753458404,phase2_production_kicker,0.14709952354118902,0.852900476458811,0.9534883720930233,3,93.34,117.20593632592522,16.0,0.1257,0.4859156540876616,19.77,lower,low (kicker),False,,,,,,,,2026-08-14
2026,00-0034827,WR,BUF,DJ Moore,ACT,True,no,29.38321876525879,143.98792679934698,76.19610734361574,226.2687086821494,ext_et_all,0.4659506175389059,0.5340493824610941,0.9270833333333334,29,84.85,122.48557493000283,21.5,0.169,0.28690291235584575,19.26,higher,standard,False,,,,,,,,2026-08-14
2026,00-0039338,TE,LV,Brock Bowers,ACT,True,no,23.718488693237305,146.47860338018307,102.72775172908845,219.35582331653086,ext_et_all,0.5683544293599463,0.4316455706400537,0.9743589743589743,6,86.58,124.92868260243878,21.55,0.1694,0.2164074226494661,17.88,higher,standard,False,,,,,,,,2026-08-14
2026,00-0040734,RB,NE,TreVeyon Henderson,ACT,True,no,23.860858917236328,176.16169333606848,107.00211165392625,291.12958907439446,ext_et_all,0.5243461720135341,0.47565382798646594,0.9428571428571428,13,84.94,156.9957177199209,19.17,0.1506,0.279090166532306,17.63,higher,standard,False,,,,,,,,2026-08-14
2026,00-0031492,K,SEA,Jason Myers,ACT,True,no,35.308048248291016,128.308076412459,35.81005163417095,168.93131457296283,phase2_production_kicker,0.10072831569477739,0.8992716843052226,0.9302325581395349,4,92.4,117.20593632592522,11.1,0.0872,0.5322868619340733,17.62,lower,low (kicker),False,,,,,,,,2026-08-14
2026,00-0033873,QB,KC,Patrick Mahomes,ACT,True,no,30.9575138092041,235.99425542328046,126.33515834263261,376.5700960868751,ext_et_all,0.367523588713975,0.632476411286025,0.9327731092436975,9,87.27,219.7920156860182,16.2,0.1273,0.350250205304126,17.19,higher,standard,True,Knee - ACL,Questionable,"Aug 22, 2026",2026-08-14,MyFantasyLeague,Documented public injury API,https://api.myfantasyleague.com/2026/export?TYPE=injuries&JSON=1,2026-08-14
2026,00-0034844,RB,PHI,Saquon Barkley,ACT,True,no,29.55844497680664,176.87905994268073,107.7194782605385,291.8469556810067,ext_et_all,0.5753315724350818,0.4246684275649182,0.9476190476190476,12,84.3,156.9957177199209,19.88,0.1562,0.22810476611075825,17.06,higher,standard,False,,,,,,,,2026-08-14
2026,00-0034869,QB,SEA,Sam Darnold,ACT,True,no,29.240846633911133,234.66665452229248,125.00755744164462,375.24249518588715,ext_et_all,0.3676966888035565,0.6323033111964436,0.9243697478991597,10,86.6,219.7920156860182,14.87,0.1169,0.3500771052145445,16.35,higher,standard,False,,,,,,,,2026-08-14
2026,00-0041231,RB,IND,Lincoln Pare,ACT,True,no,,0.04611728351441139,0.0,0.04611728351441139,ext_et_all,2.5485981077136645e-08,0.9999999745140189,0.009523809523809525,208,20.76,156.9957177199209,-156.95,0.0,0.803436313059859,16.07,lower,standard,False,,,,,,,,2026-08-14
2026,00-0041273,RB,BUF,Desmond Reid,ACT,True,no,,0.04611728351441139,0.0,0.04611728351441139,ext_et_all,2.5485981077136645e-08,0.9999999745140189,0.009523809523809525,208,20.76,156.9957177199209,-156.95,0.0,0.803436313059859,16.07,lower,standard,False,,,,,,,,2026-08-14
2026,00-0041350,RB,MIN,Kejon Owens,ACT,True,no,,0.04611728351441139,0.0,0.04611728351441139,ext_et_all,2.5485981077136645e-08,0.9999999745140189,0.009523809523809525,208,20.76,156.9957177199209,-156.95,0.0,0.803436313059859,16.07,lower,standard,False,,,,,,,,2026-08-14
2026,00-0037692,K,DAL,Brandon Aubrey,ACT,True,no,31.46950340270996,127.89220208718247,35.39417730889441,168.51544024768629,phase2_production_kicker,0.1727865218732312,0.8272134781267688,0.9069767441860465,5,89.1,117.20593632592522,10.69,0.084,0.46022865575561944,15.92,lower,low (kicker),False,,,,,,,,2026-08-14
2026,00-0038134,RB,KC,Kenneth Walker III,ACT,True,no,25.865007400512695,175.02580996472673,105.8662282825845,289.9937057030527,ext_et_all,0.5797509585775669,0.42024904142243313,0.9380952380952381,14,83.45,156.9957177199209,18.03,0.1417,0.2236853799682732,15.81,higher,standard,False,,,,,,,,2026-08-14
2026,00-0041357,TE,SF,Khalil Dinkins,ACT,True,no,,0.04611728351441139,0.0,-0.08029707025664806,ext_et_all,2.5485981077136645e-08,0.9999999745140189,0.007692307692307693,194,20.62,124.92868260243878,-124.88,0.0,0.7847618265234313,15.7,lower,standard,False,,,,,,,,2026-08-14
2026,00-0041535,TE,HOU,Louis Hansen,ACT,True,no,,0.04611728351441139,0.0,-0.08029707025664806,ext_et_all,2.5485981077136645e-08,0.9999999745140189,0.007692307692307693,194,20.62,124.92868260243878,-124.88,0.0,0.7847618265234313,15.7,lower,standard,False,,,,,,,,2026-08-14
2026,00-0039652,RB,DET,Jabari Small,ACT,True,no,24.583667755126953,1.71141539571646,0.0,1.71141539571646,ext_et_all,0.023579595303527837,0.9764204046964722,0.01904761904761905,207,21.05,156.9957177199209,-155.28,0.0,0.7798567432423122,15.6,lower,standard,False,,,,,,,,2026-08-14
2026,00-0040260,RB,CLE,Ahmani Marshall,ACT,True,no,24.449508666992188,1.9123126356150506,0.0,1.9123126356150506,ext_et_all,0.04259798541915922,0.9574020145808407,0.023809523809523808,206,21.05,156.9957177199209,-155.08,0.0,0.7608383531266808,15.22,lower,standard,False,,,,,,,,2026-08-14
2026,00-0040394,RB,CAR,Anthony Tyus III,ACT,True,no,23.452911376953125,1.9824079678968227,0.0,1.9824079678968227,ext_et_all,0.04521728624384809,0.9547827137561519,0.0380952380952381,203,22.14,156.9957177199209,-155.01,0.0,0.7582190523019919,15.16,lower,standard,False,,,,,,,,2026-08-14
2026,00-0039230,RB,NYG,Dante Miller,ACT,True,no,27.30240821838379,2.000110833308538,0.0,2.000110833308538,ext_et_all,0.049414009040012516,0.9505859909599875,0.04285714285714286,202,22.44,156.9957177199209,-155.0,0.0,0.7540223295058276,15.08,lower,standard,False,,,,,,,,2026-08-14
2026,00-0040788,WR,NO,Damien Alford,ACT,True,no,,0.0611172835144114,0.0,-0.017874414647175096,ext_et_all,2.5485981077136645e-08,0.9999999745140189,0.010416666666666666,378,20.83,122.48557493000283,-122.42,0.0,0.7528535044087705,15.06,lower,standard,False,,,,,,,,2026-08-14
2026,00-0041022,WR,LV,Jonathan Brady,ACT,True,no,,0.0611172835144114,0.0,-0.017874414647175096,ext_et_all,2.5485981077136645e-08,0.9999999745140189,0.010416666666666666,378,20.83,122.48557493000283,-122.42,0.0,0.7528535044087705,15.06,lower,standard,False,,,,,,,,2026-08-14
2026,00-0041215,WR,JAX,Ben Patterson,ACT,True,no,,0.0611172835144114,0.0,-0.017874414647175096,ext_et_all,2.5485981077136645e-08,0.9999999745140189,0.010416666666666666,378,20.83,122.48557493000283,-122.42,0.0,0.7528535044087705,15.06,lower,standard,False,,,,,,,,2026-08-14
2026,00-0041222,WR,BUF,Gabriel Benyard,ACT,True,no,,0.0611172835144114,0.0,-0.017874414647175096,ext_et_all,2.5485981077136645e-08,0.9999999745140189,0.010416666666666666,378,20.83,122.48557493000283,-122.42,0.0,0.7528535044087705,15.06,lower,standard,False,,,,,,,,2026-08-14
2026,00-0041311,WR,NYJ,Jalen Walthall,ACT,True,no,,0.0611172835144114,0.0,-0.017874414647175096,ext_et_all,2.5485981077136645e-08,0.9999999745140189,0.010416666666666666,378,20.83,122.48557493000283,-122.42,0.0,0.7528535044087705,15.06,lower,standard,True,Undisclosed,Reserve/Injured,,2026-07-31,NFL,Official reserve transaction,https://www.nfl.com/transactions/league/reserve-list/2026/7,2026-08-14
2026,00-0041356,WR,MIN,Luke Wysong,ACT,True,no,,0.0611172835144114,0.0,-0.017874414647175096,ext_et_all,2.5485981077136645e-08,0.9999999745140189,0.010416666666666666,378,20.83,122.48557493000283,-122.42,0.0,0.7528535044087705,15.06,lower,standard,False,,,,,,,,2026-08-14
2026,00-0041516,WR,DAL,Romello Brinson,ACT,True,no,,0.0611172835144114,0.0,-0.017874414647175096,ext_et_all,2.5485981077136645e-08,0.9999999745140189,0.010416666666666666,378,20.83,122.48557493000283,-122.42,0.0,0.7528535044087705,15.06,lower,standard,False,,,,,,,,2026-08-14
2026,00-0038996,TE,GB,Tucker Kraft,ACT,True,no,25.826677322387695,142.7733418576364,99.02249020654179,215.6505617939842,ext_et_all,0.5957973293342738,0.40420267066572624,0.9692307692307692,7,85.62,124.92868260243878,17.84,0.1402,0.18896452267513864,15.0,higher,standard,True,Knee - ACL,Questionable,"Aug 21, 2026",2026-08-14,MyFantasyLeague,Documented public injury API,https://api.myfantasyleague.com/2026/export?TYPE=injuries&JSON=1,2026-08-14
2026,00-0040126,TE,CHI,Colston Loveland,ACT,True,no,22.396080017089844,138.96956625435334,95.21871460325872,211.84678619070115,ext_et_all,0.47700521371029597,0.522994786289704,0.958974358974359,9,87.18,124.92868260243878,14.04,0.1103,0.30775663829911637,14.98,higher,standard,False,,,,,,,,2026-08-14
2026,00-0039471,RB,BUF,Frank Gore Jr.,ACT,True,no,24.471412658691406,2.119013010025033,0.0,2.119013010025033,ext_et_all,0.05726233844870048,0.9427376615512996,0.06666666666666667,197,24.19,156.9957177199209,-154.88,0.0,0.7461740000971396,14.92,lower,standard,False,,,,,,,,2026-08-14
2026,00-0040730,RB,DEN,RJ Harvey,ACT,True,no,25.572052001953125,171.83337018283027,102.67378850068803,286.80126592115624,ext_et_all,0.5281325509086159,0.4718674490913841,0.9333333333333333,15,84.1,156.9957177199209,14.84,0.1166,0.2753037876372242,14.83,higher,standard,False,,,,,,,,2026-08-14
2026,00-0037078,TE,MIA,Cole Turner,ACT,True,no,26.461872100830078,3.1020488804705804,0.19158815866131906,2.9756345266995208,ext_et_all,0.04408821866219911,0.9559117813378009,0.29743589743589743,138,42.91,124.92868260243878,-121.83,0.0,0.7406736333472133,14.81,lower,standard,False,,,,,,,,2026-08-14
2026,00-0036032,TE,IND,Sean McKeon,ACT,True,no,28.676837921142578,2.1306837282225426,0.0,2.004269374451483,ext_et_all,0.04609671684944473,0.9539032831505553,0.2205128205128205,153,36.72,124.92868260243878,-122.8,0.0,0.7386651351599677,14.77,lower,standard,True,Undisclosed,IR,"Feb 15, 2027",2026-08-14,MyFantasyLeague,Documented public injury API,https://api.myfantasyleague.com/2026/export?TYPE=injuries&JSON=1,2026-08-14
2026,00-0038930,RB,MIA,Carlos Washington,ACT,True,no,27.6829776763916,1.9589873495613466,0.0,1.9589873495613466,ext_et_all,0.06518558786193993,0.93481441213806,0.02857142857142857,205,20.98,156.9957177199209,-155.04,0.0,0.7382507506839001,14.77,lower,standard,False,,,,,,,,2026-08-14
2026,00-0038409,RB,PIT,Lew Nichols III,ACT,True,no,25.043636322021484,4.889290868633019,0.0,4.889290868633019,ext_et_all,0.0663856495679813,0.9336143504320187,0.1380952380952381,182,29.72,156.9957177199209,-152.11,0.0,0.7370506889778587,14.74,lower,standard,False,,,,,,,,2026-08-14
2026,00-0039244,RB,LV,Chris Collier,ACT,True,no,26.43996810913086,2.1401455138520937,0.0,2.1401455138520937,ext_et_all,0.0671130038780981,0.932886996121902,0.0761904761904762,195,24.75,156.9957177199209,-154.86,0.0,0.736323334667742,14.73,lower,standard,True,Undisclosed,IR,"Feb 15, 2027",2026-08-14,MyFantasyLeague,Documented public injury API,https://api.myfantasyleague.com/2026/export?TYPE=injuries&JSON=1,2026-08-14
2026,00-0037387,WR,BUF,Jalen Virgil,ACT,True,no,28.137470245361328,1.113012742934469,0.0,1.0340210447728824,ext_et_all,0.016296691427908457,0.9837033085720915,0.020833333333333332,377,21.34,122.48557493000283,-121.37,0.0,0.7365568384668432,14.73,lower,standard,False,,,,,,,,2026-08-14
2026,00-0038389,RB,DAL,Israel Abanikanda,ACT,True,no,23.90740394592285,3.7100849754193943,0.0,3.7100849754193943,ext_et_all,0.06752077730818311,0.9324792226918169,0.11428571428571428,187,27.79,156.9957177199209,-153.29,0.0,0.735915561237657,14.72,lower,standard,False,,,,,,,,2026-08-14
2026,00-0036145,TE,WAS,Lawrence Cager,ACT,True,no,29.032766342163086,2.0216293657826685,0.0,1.8952150120116091,ext_et_all,0.04980154639784482,0.9501984536021552,0.19487179487179487,158,34.59,124.92868260243878,-122.91,0.0,0.7349603056115676,14.7,lower,standard,False,,,,,,,,2026-08-14
2026,00-0036569,RB,CIN,Gary Brightwell,ACT,True,no,28.50708770751953,6.25246509595958,0.7253432504108526,6.25246509595958,ext_et_all,0.06901992470632129,0.9309800752936788,0.17142857142857143,175,32.33,156.9957177199209,-150.74,0.0,0.7344164138395188,14.69,lower,standard,False,,,,,,,,2026-08-14
2026,00-0035973,RB,SF,Patrick Taylor,ACT,True,no,28.34281349182129,3.4151286424240768,0.0,3.4151286424240768,ext_et_all,0.06909220527153478,0.9309077947284652,0.10952380952380952,188,27.38,156.9957177199209,-153.58,0.0,0.7343441332743053,14.69,lower,standard,False,,,,,,,,2026-08-14
2026,00-0037509,RB,SF,Sincere McCormick,ACT,True,no,25.974523544311523,2.386797990666163,0.0,2.386797990666163,ext_et_all,0.07116626064662268,0.9288337393533773,0.09523809523809523,191,26.2,156.9957177199209,-154.61,0.0,0.7322700778992174,14.65,lower,standard,False,,,,,,,,2026-08-14
2026,00-0032569,K,DEN,Wil Lutz,ACT,True,no,32.15398025512695,123.48417302019817,30.986148241910115,164.107411180702,phase2_production_kicker,0.10216081961577403,0.8978391803842259,0.8372093023255814,8,84.93,117.20593632592522,6.28,0.0494,0.5308543580130766,14.57,lower,low (kicker),False,,,,,,,,2026-08-14
2026,00-0040618,RB,PIT,Max Hurleman,ACT,True,no,24.868410110473633,2.037712759953948,0.0,2.037712759953948,ext_et_all,0.07544353785750493,0.9245564621424951,0.05238095238095238,200,22.68,156.9957177199209,-154.96,0.0,0.7279928006883352,14.56,lower,standard,False,,,,,,,,2026-08-14
2026,00-0037422,WR,CIN,Kendric Pryor,ACT,True,no,28.652196884155273,1.9226628834353918,0.0,1.8436711852738052,ext_et_all,0.02780840354503011,0.9721915964549699,0.0546875,364,23.82,122.48557493000283,-120.56,0.0,0.7250451263497215,14.5,lower,standard,False,,,,,,,,2026-08-14
2026,00-0036020,RB,CHI,Salvon Ahmed,ACT,True,no,27.67476463317871,2.279233291506666,0.0,2.279233291506666,ext_et_all,0.07953034146311566,0.9204696585368843,0.09047619047619047,192,25.65,156.9957177199209,-154.72,0.0,0.7239059970827244,14.48,lower,standard,False,,,,,,,,2026-08-14
2026,00-0037708,WR,CHI,Maurice Alexander,ACT,True,no,29.640581130981445,2.0216293657826685,0.0,1.942637667621082,ext_et_all,0.030616059029808393,0.9693839409701916,0.08333333333333333,353,26.05,122.48557493000283,-120.46,0.0,0.7222374708649433,14.44,lower,standard,False,,,,,,,,2026-08-14
2026,00-0035976,WR,CAR,Dan Chisena,ACT,True,no,29.514636993408203,1.9963085133763903,0.0,1.9173168152148037,ext_et_all,0.0313790085709297,0.9686209914290703,0.06510416666666667,360,24.58,122.48557493000283,-120.49,0.0,0.721474521323822,14.43,lower,standard,True,Undisclosed,IR,,2026-07-29,CBS Sports,"Secondary public tracker, independently reviewed",https://www.cbssports.com/nfl/injuries/,2026-08-14
2026,00-0040400,RB,MIA,Donovan Edwards,ACT,True,no,23.51588249206543,2.1146779779881157,0.0,2.1146779779881157,ext_et_all,0.08220104055141163,0.9177989594485884,0.06190476190476191,198,23.31,156.9957177199209,-154.88,0.0,0.7212352979944284,14.42,lower,standard,False,,,,,,,,2026-08-14
2026,00-0031136,K,PIT,Chris Boswell,ACT,True,no,35.464111328125,123.4372986834141,30.939273905126043,164.06053684391793,phase2_production_kicker,0.10880129446576664,0.8911987055342334,0.813953488372093,9,82.94,117.20593632592522,6.23,0.049,0.524213883163084,14.4,lower,low (kicker),False,,,,,,,,2026-08-14
2026,00-0036567,RB,PHI,Elijah Mitchell,ACT,True,no,28.3346004486084,5.531079092166003,0.0039572466172757,5.531079092166003,ext_et_all,0.08338407722949553,0.9166159227705044,0.1619047619047619,177,31.28,156.9957177199209,-151.46,0.0,0.7200522613163445,14.4,lower,standard,False,,,,,,,,2026-08-14
2026,00-0037031,TE,CHI,Nikola Kalinic,ACT,True,no,29.610464096069336,3.5999194647028476,0.6894587428935863,3.473505110931788,ext_et_all,0.06477005997212346,0.9352299400278765,0.3282051282051282,132,44.96,124.92868260243878,-121.33,0.0,0.7199917920372889,14.4,lower,standard,False,,,,,,,,2026-08-14
2026,00-0040617,WR,CLE,Luke Floriea,ACT,True,no,24.857458114624023,1.8938199479646909,0.0,1.8148282498031043,ext_et_all,0.033668681908791055,0.966331318091209,0.052083333333333336,365,23.49,122.48557493000283,-120.59,0.0,0.7191848479859606,14.38,lower,standard,False,,,,,,,,2026-08-14
2026,00-0037570,WR,TB,Dennis Houston,ACT,True,no,27.357166290283203,1.9473025969742588,0.0,1.8683108988126722,ext_et_all,0.03474465132791654,0.9652553486720834,0.057291666666666664,363,23.89,122.48557493000283,-120.54,0.0,0.718108878566835,14.36,lower,standard,False,,,,,,,,2026-08-14
2026,00-0040985,QB,BAL,Diego Pavia,ACT,True,no,,0.04611728351441139,0.0,1.902163723341176,ext_et_all,2.5485981077136645e-08,0.9999999745140189,0.012605042016806723,118,21.01,219.7920156860182,-219.75,0.0,0.7177737685321198,14.36,lower,standard,False,,,,,,,,2026-08-14
2026,00-0041156,QB,MIA,Mark Gronowski,ACT,True,no,,0.04611728351441139,0.0,1.902163723341176,ext_et_all,2.5485981077136645e-08,0.9999999745140189,0.012605042016806723,118,21.01,219.7920156860182,-219.75,0.0,0.7177737685321198,14.36,lower,standard,False,,,,,,,,2026-08-14
2026,00-0036816,K,MIA,Riley Patterson,ACT,True,no,26.984811782836914,123.93598761475847,31.43796283647042,164.5592257752623,phase2_production_kicker,0.12722829095399063,0.8727717090460094,0.8604651162790697,7,86.29,117.20593632592522,6.73,0.0529,0.50578688667486,14.35,lower,low (kicker),False,,,,,,,,2026-08-14
2026,00-0040637,RB,BAL,Lucas Scott,ACT,True,no,23.020322799682617,2.1545327576689823,0.0,2.1545327576689823,ext_et_all,0.08646662318947862,0.9135333768105214,0.08095238095238096,194,24.75,156.9957177199209,-154.84,0.0,0.7169697153563614,14.34,lower,standard,False,,,,,,,,2026-08-14
2026,00-0037055,WR,TEN,Lance McCutcheon,ACT,True,no,27.50775146484375,1.5639409448615953,0.0,1.4849492467000087,ext_et_all,0.03581122962116717,0.9641887703788328,0.044270833333333336,368,22.83,122.48557493000283,-120.92,0.0,0.7170423002735844,14.34,lower,standard,False,,,,,,,,2026-08-14
2026,00-0037828,WR,PHI,Danny Gray,ACT,True,no,27.42013931274414,3.7118355078150795,0.0,3.632843809653493,ext_et_all,0.03715242393051078,0.9628475760694892,0.15625,325,31.76,122.48557493000283,-118.77,0.0,0.7157011059642409,14.31,lower,standard,True,Concussion,Questionable,"Aug 15, 2026",2026-08-14,MyFantasyLeague,Documented public injury API,https://api.myfantasyleague.com/2026/export?TYPE=injuries&JSON=1,2026-08-14
2026,00-0040429,RB,TB,Josh Williams,ACT,True,no,26.229148864746094,4.95663788745729,0.0,4.95663788745729,ext_et_all,0.08894353661722618,0.9110564633827738,0.14285714285714285,181,29.65,156.9957177199209,-152.04,0.0,0.7144928019286139,14.29,lower,standard,False,,,,,,,,2026-08-14
2026,00-0040547,RB,ATL,Nate Carter,ACT,True,no,24.27975845336914,11.521175273254705,0.0,39.8496313919798,ext_et_all,0.08960613813677443,0.9103938618632256,0.4142857142857143,124,51.35,156.9957177199209,-145.47,0.0,0.7138302004090656,14.28,lower,standard,False,,,,,,,,2026-08-14
2026,00-0039703,RB,DEN,Cody Schrader,ACT,True,no,26.982072830200195,2.01728964367687,0.0,2.01728964367687,ext_et_all,0.08924555285825636,0.9107544471417437,0.047619047619047616,201,22.02,156.9957177199209,-154.98,0.0,0.7141907856875838,14.28,lower,standard,False,,,,,,,,2026-08-14
2026,00-0039325,RB,PHI,Carson Steele,ACT,True,no,23.863597869873047,2.853525766100811,0.0,2.853525766100811,ext_et_all,0.09069452839713506,0.9093054716028649,0.10476190476190476,189,26.57,156.9957177199209,-154.14,0.0,0.712741810148705,14.25,lower,standard,False,,,,,,,,2026-08-14
2026,00-0040568,RB,NE,Lan Larison,ACT,True,no,24.89031219482422,2.0642938394403267,0.0,2.0642938394403267,ext_et_all,0.09115637581004465,0.9088436241899553,0.05714285714285714,199,22.75,156.9957177199209,-154.93,0.0,0.7122799627357954,14.25,lower,standard,False,,,,,,,,2026-08-14
2026,00-0039473,WR,CIN,Xavier Johnson,ACT,True,no,27.310623168945312,1.3057899510309037,0.0,1.226798252869317,ext_et_all,0.04325072892614913,0.9567492710738509,0.03125,373,21.63,122.48557493000283,-121.18,0.0,0.7096028009686025,14.19,lower,standard,False,,,,,,,,2026-08-14
2026,00-0038489,RB,BUF,Ben VanSumeren,ACT,True,no,26.324975967407227,1.9740907147068483,0.0,1.9740907147068483,ext_et_all,0.09450744773849878,0.9054925522615012,0.03333333333333333,204,20.78,156.9957177199209,-155.02,0.0,0.7089288908073412,14.18,lower,standard,False,,,,,,,,2026-08-14
2026,00-0037156,WR,SEA,Irvin Charles,ACT,True,no,29.385955810546875,1.9706114277880717,0.0,1.8916197296264852,ext_et_all,0.04451573292310785,0.9554842670768922,0.059895833333333336,362,23.9,122.48557493000283,-120.51,0.0,0.7083377969716438,14.17,lower,standard,False,,,,,,,,2026-08-14
2026,00-0037382,WR,LV,Brandon Johnson,ACT,True,no,28.101877212524414,2.229199073794491,0.0,2.1502073756329043,ext_et_all,0.04477432760637469,0.9552256723936253,0.1328125,334,29.73,122.48557493000283,-120.26,0.0,0.708079202288377,14.16,lower,standard,False,,,,,,,,2026-08-14
2026,00-0040393,RB,DET,Kye Robichaux,ACT,True,no,23.904666900634766,2.125473652102194,0.0,2.125473652102194,ext_et_all,0.09547642689168159,0.9045235731083184,0.07142857142857142,196,23.8,156.9957177199209,-154.87,0.0,0.7079599116541585,14.16,lower,standard,True,Undisclosed,Questionable,,2026-07-31,CBS Sports,"Secondary public tracker, independently reviewed",https://www.cbssports.com/nfl/injuries/,2026-08-14
2026,00-0035358,K,TB,Chase McLaughlin,ACT,True,no,30.396244049072266,125.38594703194968,32.88792225366163,166.00918519245351,phase2_production_kicker,0.18313300508664523,0.8168669949133548,0.8837209302325582,6,87.04,117.20593632592522,8.18,0.0643,0.4498821725422054,14.14,lower,low (kicker),False,,,,,,,,2026-08-14
2026,00-0040567,RB,NE,Brock Lampe,ACT,True,no,23.422794342041016,2.181113837155361,0.0,2.181113837155361,ext_et_all,0.0970563482572256,0.9029436517427744,0.08571428571428572,193,24.92,156.9957177199209,-154.81,0.0,0.7063799902886144,14.13,lower,standard,False,,,,,,,,2026-08-14
2026,00-0040383,WR,AZ,Bryson Green,ACT,True,no,23.67194366455078,1.5880078469608565,0.0,1.50901614879927,ext_et_all,0.04632909724598562,0.9536709027540143,0.046875,367,22.82,122.48557493000283,-120.9,0.0,0.706524432648766,14.13,lower,standard,False,,,,,,,,2026-08-14
2026,00-0036271,WR,PHI,Quez Watkins,ACT,True,no,28.230558395385742,3.8384325985853747,0.04933033840706891,3.759440900423788,ext_et_all,0.04678789761373605,0.953212102386264,0.16145833333333334,323,31.98,122.48557493000283,-118.65,0.0,0.7060656322810156,14.12,lower,standard,False,,,,,,,,2026-08-14
2026,00-0040461,WR,LAC,Luke Grimm,ACT,True,no,25.06553840637207,1.7552865529565183,0.0,1.6762948547949317,ext_et_all,0.0466299436543321,0.9533700563456678,0.049479166666666664,366,23.03,122.48557493000283,-120.73,0.0,0.7062235862404195,14.12,lower,standard,False,,,,,,,,2026-08-14
2026,00-0037300,WR,DEN,Mike Woods,ACT,True,no,26.453657150268555,3.1294885235823076,0.0,3.050496825420721,ext_et_all,0.04734873566824922,0.9526512643317507,0.140625,331,30.3,122.48557493000283,-119.36,0.0,0.7055047942265024,14.11,lower,standard,False,,,,,,,,2026-08-14
2026,00-0036775,WR,PIT,Brandon Smith,ACT,True,no,27.726783752441406,2.1314175757411156,0.0,2.052425877579529,ext_et_all,0.047518023614552,0.952481976385448,0.125,337,29.05,122.48557493000283,-120.35,0.0,0.7053355062801996,14.11,lower,standard,False,,,,,,,,2026-08-14
2026,00-0039626,WR,PIT,Cole Burgess,ACT,True,no,26.554960250854492,1.1303854318393283,0.0,1.0513937336777417,ext_et_all,0.047482723419536244,0.9525172765804637,0.0234375,376,20.93,122.48557493000283,-121.36,0.0,0.7053708064752153,14.11,lower,standard,True,Undisclosed,IR,"Feb 15, 2027",2026-08-14,MyFantasyLeague,Documented public injury API,https://api.myfantasyleague.com/2026/export?TYPE=injuries&JSON=1,2026-08-14
2026,00-0034867,WR,SF,Malik Turner,ACT,True,no,30.5878963470459,4.209517902225013,0.4204156420467071,4.130526204063426,ext_et_all,0.05038606091099703,0.9496139390890029,0.18229166666666666,315,33.58,122.48557493000283,-118.28,0.0,0.7024674689837546,14.05,lower,standard,False,,,,,,,,2026-08-14
2026,00-0040405,WR,NYJ,Jamaal Pritchett,ACT,True,no,23.228403091430664,2.1135900001377497,0.0,2.034598301976163,ext_et_all,0.051897055041150705,0.9481029449588493,0.12239583333333333,338,28.75,122.48557493000283,-120.37,0.0,0.7009564748536009,14.02,lower,standard,False,,,,,,,,2026-08-14
2026,00-0040621,WR,SEA,Montorie Foster Jr,ACT,True,no,25.079227447509766,1.2538674652942816,0.0,1.174875767132695,ext_et_all,0.05327721491297527,0.9467227850870248,0.028645833333333332,374,21.23,122.48557493000283,-121.23,0.0,0.6995763149817764,13.99,lower,standard,False,,,,,,,,2026-08-14
2026,00-0040597,WR,LA,Brennan Presley,ACT,True,no,24.57819175720215,2.0426085096640665,0.0,1.96361681150248,ext_et_all,0.053819404672794065,0.9461805953272059,0.10416666666666667,345,27.26,122.48557493000283,-120.44,0.0,0.6990341252219575,13.98,lower,standard,False,,,,,,,,2026-08-14
2026,00-0038632,WR,SF,Colton Dowell,ACT,True,no,27.37085723876953,3.014385344556116,0.0,2.9353936463945294,ext_et_all,0.05512380328202349,0.9448761967179765,0.13802083333333334,332,29.94,122.48557493000283,-119.47,0.0,0.6977297266127281,13.95,lower,standard,False,,,,,,,,2026-08-14
2026,00-0040302,WR,MIA,A.J. Henning,ACT,True,no,24.97792625427246,2.037712759953948,0.0,1.9587210617923616,ext_et_all,0.055186767167735094,0.9448132328322649,0.09765625,346,26.71,122.48557493000283,-120.45,0.0,0.6976667627270166,13.95,lower,standard,False,,,,,,,,2026-08-14
2026,00-0040352,WR,IND,Coleman Owen,ACT,True,no,25.443368911743164,6.053082893578652,0.0,27.964136143692745,ext_et_all,0.055943257047090016,0.94405674295291,0.2421875,292,38.26,122.48557493000283,-116.43,0.0,0.6969102728476616,13.94,lower,standard,False,,,,,,,,2026-08-14
2026,00-0036345,WR,TEN,K.J. Osborn,ACT,True,no,29.227157592773438,3.376800809230232,0.0,3.2978091110686454,ext_et_all,0.056248689486471166,0.9437513105135288,0.1484375,328,30.75,122.48557493000283,-119.11,0.0,0.6966048404082804,13.93,lower,standard,False,,,,,,,,2026-08-14
2026,00-0037228,RB,PIT,Jaylen Warren,ACT,True,no,27.83356285095215,170.84951356020517,101.68993187806294,285.8174092985312,ext_et_all,0.5426420186651638,0.4573579813348362,0.9285714285714286,16,83.43,156.9957177199209,13.85,0.1088,0.26079431988067625,13.92,higher,standard,False,,,,,,,,2026-08-14
2026,00-0036955,WR,MIA,Terrace Marshall Jr.,ACT,True,no,26.229148864746094,4.233771380126582,0.44466911994827596,4.154779681964995,ext_et_all,0.0571265142006938,0.9428734857993062,0.18489583333333334,314,33.65,122.48557493000283,-118.25,0.0,0.6957270156940578,13.91,lower,standard,False,,,,,,,,2026-08-14
2026,00-0033757,TE,PIT,Robert Tonyan,ACT,True,no,32.34015655517578,4.071749491533909,0.0,22.17651263422853,ext_et_all,0.0899666407137358,0.9100333592862642,0.3435897435897436,129,45.69,124.92868260243878,-120.86,0.0,0.6947952112956766,13.9,lower,standard,False,,,,,,,,2026-08-14
2026,00-0039259,WR,BAL,Dayton Wade,ACT,True,no,25.979999542236328,2.0315612858724226,0.0,1.952569587710836,ext_et_all,0.05802121683040744,0.9419787831695926,0.09114583333333333,350,26.13,122.48557493000283,-120.45,0.0,0.6948323130643442,13.9,lower,standard,True,Undisclosed,Questionable,"Aug 15, 2026",2026-08-14,MyFantasyLeague,Documented public injury API,https://api.myfantasyleague.com/2026/export?TYPE=injuries&JSON=1,2026-08-14
2026,00-0035261,RB,TEN,Tony Pollard,ACT,True,no,29.33941078186035,170.5208302689594,101.36124858681717,285.4887260072854,ext_et_all,0.5339914795064233,0.46600852049357666,0.9238095238095239,17,83.22,156.9957177199209,13.53,0.1063,0.26944485903941673,13.89,higher,standard,False,,,,,,,,2026-08-14
2026,00-0040039,RB,LAC,Amar Johnson,ACT,True,no,23.584331512451172,4.616243929240355,0.0,4.616243929240355,ext_et_all,0.10912507950588747,0.8908749204941125,0.12857142857142856,184,28.1,156.9957177199209,-152.38,0.0,0.6943112590399526,13.89,lower,standard,False,,,,,,,,2026-08-14
2026,00-0036387,WR,MIA,Jalen Reagor,ACT,True,no,27.6638126373291,3.852016149087498,0.06291388890919203,3.773024450925911,ext_et_all,0.05942860090083567,0.9405713990991643,0.1640625,322,31.94,122.48557493000283,-118.63,0.0,0.693424928993916,13.87,lower,standard,False,,,,,,,,2026-08-14
2026,00-0040275,WR,CHI,JP Richardson,ACT,True,no,24.444034576416016,2.060526543268404,0.0,1.9815348451068173,ext_et_all,0.06017507516350204,0.9398249248364979,0.11197916666666667,342,27.75,122.48557493000283,-120.43,0.0,0.6926784547312496,13.85,lower,standard,False,,,,,,,,2026-08-14
2026,00-0040445,WR,TEN,Courtney Jackson,ACT,True,no,25.470748901367188,2.0108335367973393,0.0,1.9318418386357528,ext_et_all,0.06140008787570283,0.9385999121242972,0.0703125,358,24.4,122.48557493000283,-120.47,0.0,0.6914534420190488,13.83,lower,standard,False,,,,,,,,2026-08-14
2026,00-0040570,WR,NE,Jeremiah Webb,ACT,True,no,25.29278564453125,2.012384058720091,0.0,1.9333923605585044,ext_et_all,0.062297912377320394,0.9377020876226796,0.07552083333333333,355,24.8,122.48557493000283,-120.47,0.0,0.6905556175174312,13.81,lower,standard,True,Arm,IR,,2026-07-26,CBS Sports,"Secondary public tracker, independently reviewed",https://www.cbssports.com/nfl/injuries/,2026-08-14
2026,00-0040419,WR,TB,Garrett Greene,ACT,True,no,24.887575149536133,2.037712759953948,0.0,1.9587210617923616,ext_et_all,0.06260937884180724,0.9373906211581927,0.09765625,346,26.56,122.48557493000283,-120.45,0.0,0.6902441510529443,13.8,lower,standard,False,,,,,,,,2026-08-14
2026,00-0040337,WR,IND,Eli Pancol,ACT,True,no,26.15248680114746,1.4688053099573968,0.0,1.3898136117958102,ext_et_all,0.06391843549174009,0.9360815645082599,0.041666666666666664,369,22.05,122.48557493000283,-121.02,0.0,0.6889350944030115,13.78,lower,standard,False,,,,,,,,2026-08-14
2026,00-0040571,WR,NYJ,Gee Scott Jr.,ACT,True,no,25.67609214782715,1.4627347496343894,0.0,1.3837430514728029,ext_et_all,0.06441453983272705,0.935585460167273,0.0390625,370,21.84,122.48557493000283,-121.02,0.0,0.6884389900620246,13.77,lower,standard,True,Undisclosed,Reserve/Injured,,2026-08-01,NFL,Official reserve transaction,https://www.nfl.com/transactions/league/reserve-list/2026/8,2026-08-14
2026,00-0040067,RB,SEA,Jacardia Wright,ACT,True,no,25.93071746826172,6.380592207637647,0.8534703620889195,6.380592207637647,ext_et_all,0.11623260827188726,0.8837673917281127,0.1761904761904762,174,31.77,156.9957177199209,-150.62,0.0,0.6872037302739528,13.74,lower,standard,False,,,,,,,,2026-08-14
2026,00-0040651,RB,GB,Damien Martinez,ACT,True,no,22.58499526977539,4.44426619913722,0.0,4.44426619913722,ext_et_all,0.11671830538926035,0.8832816946107397,0.12380952380952381,185,27.57,156.9957177199209,-152.55,0.0,0.6867180331565798,13.73,lower,standard,False,,,,,,,,2026-08-14
2026,00-0040375,WR,CIN,Jordan Moore,ACT,True,no,24.372848510742188,2.0541481924961067,0.0,1.9751564943345201,ext_et_all,0.06637976444047655,0.9336202355595234,0.109375,343,27.42,122.48557493000283,-120.43,0.0,0.6864737654542751,13.73,lower,standard,False,,,,,,,,2026-08-14
2026,00-0040298,WR,KC,Andrew Armstrong,ACT,True,no,25.834890365600586,1.1813053968330949,0.0,1.1023136986715083,ext_et_all,0.06748352366156023,0.9325164763384398,0.026041666666666668,375,20.73,122.48557493000283,-121.3,0.0,0.6853700062331914,13.71,lower,standard,False,,,,,,,,2026-08-14
2026,00-0041013,RB,KC,Emmett Johnson,ACT,True,yes,22.894378662109375,9.727959974587828,0.0,38.05641609331292,ext_et_all,0.1189944654776662,0.8810055345223338,0.3238095238095238,143,43.52,156.9957177199209,-147.27,0.0,0.6844418730681738,13.69,lower,standard,False,,,,,,,,2026-08-14
2026,00-0032208,WR,LV,Phillip Dorsett,ACT,True,no,33.654354095458984,4.102482455066568,0.31338019488826196,4.023490756904981,ext_et_all,0.06826270272581872,0.9317372972741813,0.171875,319,32.38,122.48557493000283,-118.38,0.0,0.6845908271689329,13.69,lower,standard,False,,,,,,,,2026-08-14
2026,00-0039722,WR,LAC,JaQuae Jackson,ACT,True,no,26.587814331054688,2.1084218242726602,0.0,2.0294301261110737,ext_et_all,0.07358140348419714,0.9264185965158028,0.11979166666666667,339,28.11,122.48557493000283,-120.38,0.0,0.6792721264105545,13.59,lower,standard,False,,,,,,,,2026-08-14
2026,00-0040049,WR,HOU,Josh Kelly,ACT,True,no,25.169578552246094,2.03065541900028,0.0,1.9516637208386935,ext_et_all,0.07402842225241162,0.9259715777475884,0.08723958333333333,351,25.5,122.48557493000283,-120.45,0.0,0.67882510764234,13.58,lower,standard,False,,,,,,,,2026-08-14
2026,00-0040323,WR,JAX,Chandler Brayboy,ACT,True,no,25.032684326171875,2.03065541900028,0.0,1.9516637208386935,ext_et_all,0.07383989382267823,0.9261601061773218,0.08723958333333333,351,25.5,122.48557493000283,-120.45,0.0,0.6790136360720734,13.58,lower,standard,False,,,,,,,,2026-08-14
2026,00-0039679,WR,IND,Ben Nikkel,ACT,True,no,26.93826675415039,1.9835258659882766,0.0,1.90453416782669,ext_et_all,0.07378000661654477,0.9262199933834552,0.0625,361,23.52,122.48557493000283,-120.5,0.0,0.6790735232782068,13.58,lower,standard,False,,,,,,,,2026-08-14
2026,00-0040361,WR,BUF,Stephen Gosnell,ACT,True,no,24.86019515991211,2.037712759953948,0.0,1.9587210617923616,ext_et_all,0.07414040950931486,0.9258595904906851,0.09765625,346,26.33,122.48557493000283,-120.45,0.0,0.6787131203854367,13.57,lower,standard,False,,,,,,,,2026-08-14
2026,00-0040120,WR,KC,Jimmy Holiday,ACT,True,no,24.709609985351562,2.13547027589626,0.0,2.0564785777346732,ext_et_all,0.07495555304741097,0.925044446952589,0.13020833333333334,335,28.92,122.48557493000283,-120.35,0.0,0.6778979768473407,13.56,lower,standard,False,,,,,,,,2026-08-14
2026,00-0037277,TE,AZ,Teagan Quitoriano,ACT,True,no,26.464609146118164,7.138969112703492,0.0,25.243732255398115,ext_et_all,0.1082967963794386,0.8917032036205614,0.4666666666666667,105,55.17,124.92868260243878,-117.79,0.0,0.6764650556299738,13.53,lower,standard,False,,,,,,,,2026-08-14
2026,00-0039275,TE,GB,Messiah Swinson,ACT,True,no,26.366044998168945,1.9835258659882766,0.0,1.8571115122172173,ext_et_all,0.10854526325351349,0.8914547367464865,0.1641025641025641,164,30.96,124.92868260243878,-122.95,0.0,0.6762165887558989,13.52,lower,standard,False,,,,,,,,2026-08-14
2026,00-0040265,WR,CAR,Ja'Seem Reed,ACT,True,no,23.45017433166504,2.0845074231893324,0.0,2.0055157250277458,ext_et_all,0.07839924538275728,0.9216007546172427,0.1171875,340,27.81,122.48557493000283,-120.4,0.0,0.6744542845119943,13.49,lower,standard,False,,,,,,,,2026-08-14
2026,00-0040390,WR,DET,Jackson Meeks,ACT,True,no,23.441959381103516,2.3890920034208807,0.0,2.310100305259294,ext_et_all,0.08008124319203645,0.9199187568079635,0.13541666666666666,333,29.23,122.48557493000283,-120.1,0.0,0.6727722867027152,13.46,lower,standard,False,,,,,,,,2026-08-14
2026,00-0028986,QB,CHI,Case Keenum,ACT,True,no,38.538780212402344,2.458377880170308,0.0,4.314424319997072,ext_et_all,0.045819045631397395,0.9541809543686026,0.20168067226890757,96,35.22,219.7920156860182,-217.33,0.0,0.6719547483867035,13.44,lower,standard,False,,,,,,,,2026-08-14
2026,00-0038391,QB,CIN,Sean Clifford,ACT,True,no,28.134733200073242,4.46762772757069,0.0,6.323674167397455,ext_et_all,0.04638025154349501,0.953619748456505,0.3025210084033613,84,43.27,219.7920156860182,-215.32,0.0,0.6713935424746059,13.43,lower,standard,False,,,,,,,,2026-08-14
2026,00-0040431,WR,NYG,Dalen Cambre,ACT,True,no,25.394086837768555,4.734625646622671,0.0,26.645678896736765,ext_et_all,0.08232268559833104,0.917677314401669,0.19791666666666666,309,34.19,122.48557493000283,-117.75,0.0,0.6705308442964206,13.41,lower,standard,False,,,,,,,,2026-08-14
2026,00-0037329,RB,CHI,Brittain Brown,ACT,True,no,28.89313316345215,12.574089239814352,0.0,40.90254535853944,ext_et_all,0.13340350000555154,0.8665964999944484,0.45714285714285713,115,53.9,156.9957177199209,-144.42,0.0,0.6700328385402885,13.4,lower,standard,False,,,,,,,,2026-08-14
2026,00-0040498,WR,MIN,Dontae Fleming,ACT,True,no,24.758893966674805,2.037712759953948,0.0,1.9587210617923616,ext_et_all,0.08265800595512453,0.9173419940448755,0.09765625,346,26.16,122.48557493000283,-120.45,0.0,0.6701955239396271,13.4,lower,standard,False,,,,,,,,2026-08-14
2026,00-0036463,WR,ATL,Chris Blair,ACT,True,no,28.904085159301758,3.639410204341788,0.0,3.5604185061802016,ext_et_all,0.08326698916826351,0.9167330108317365,0.15364583333333334,326,30.63,122.48557493000283,-118.85,0.0,0.6695865407264882,13.39,lower,standard,False,,,,,,,,2026-08-14
2026,00-0040887,TE,BAL,Josh Cuevas,ACT,True,yes,23.934783935546875,3.58754503262333,0.6770843108140685,3.46113067885227,ext_et_all,0.11635104797844663,0.8836489520215534,0.31794871794871793,134,43.11,124.92868260243878,-121.34,0.0,0.6684108040309658,13.37,lower,standard,False,,,,,,,,2026-08-14
2026,00-0039843,TE,CHI,Qadir Ismail,ACT,True,no,26.538532257080078,1.575710963339381,0.0,1.4492966095683217,ext_et_all,0.11822687190381517,0.8817731280961848,0.02564102564102564,191,19.69,124.92868260243878,-123.35,0.0,0.6665349801055972,13.33,lower,standard,False,,,,,,,,2026-08-14
2026,00-0039065,TE,DET,Sam LaPorta,ACT,True,no,25.63502311706543,140.18927448053486,96.43842282944024,213.06649441688268,ext_et_all,0.5981173633692021,0.40188263663079793,0.9641025641025641,8,85.17,124.92868260243878,15.26,0.1199,0.18664448864021033,13.32,higher,standard,False,,,,,,,,2026-08-14
2026,00-0040697,TE,DET,Thomas Gordon,ACT,True,no,25.98821258544922,1.2174548551238356,0.0,1.0910405013527762,ext_et_all,0.11888354757637004,0.8811164524236299,0.015384615384615385,193,18.85,124.92868260243878,-123.71,0.0,0.6658783044330423,13.32,lower,standard,False,,,,,,,,2026-08-14
2026,00-0039415,WR,GB,Brenden Rice,ACT,True,no,24.45772361755371,3.9700838536713685,0.18098159349306275,3.891092155509782,ext_et_all,0.08875725138821679,0.9112427486117832,0.16666666666666666,321,31.56,122.48557493000283,-118.52,0.0,0.6640962785065349,13.28,lower,standard,False,,,,,,,,2026-08-14
2026,00-0040753,WR,GB,Will Sheppard,ACT,True,no,24.553550720214844,2.0461465164988315,0.0,1.967154818337245,ext_et_all,0.08871860709922312,0.9112813929007769,0.10677083333333333,344,26.77,122.48557493000283,-120.44,0.0,0.6641349227955285,13.28,lower,standard,False,,,,,,,,2026-08-14
2026,00-0036556,TE,HOU,Brevin Jordan,ACT,True,no,26.127845764160156,5.540471817761238,0.0,23.64523496045586,ext_et_all,0.12123771258963074,0.8787622874103692,0.4,118,49.58,124.92868260243878,-119.39,0.0,0.6635241394197816,13.27,lower,standard,True,Knee,Questionable,"Aug 20, 2026",2026-08-14,MyFantasyLeague,Documented public injury API,https://api.myfantasyleague.com/2026/export?TYPE=injuries&JSON=1,2026-08-14
2026,00-0039437,WR,BAL,Cornelius Johnson,ACT,True,no,25.755491256713867,4.188959432151834,0.3998571719735282,4.109967733990247,ext_et_all,0.08916903554209188,0.9108309644579081,0.17708333333333334,317,32.38,122.48557493000283,-118.3,0.0,0.6636844943526597,13.27,lower,standard,False,,,,,,,,2026-08-14
2026,00-0037098,WR,PHI,Samori Toure,ACT,True,no,28.441377639770508,5.569901439888259,0.0,27.480954690002353,ext_et_all,0.08971112116344217,0.9102888788365578,0.22135416666666666,300,35.91,122.48557493000283,-116.92,0.0,0.6631424087313095,13.26,lower,standard,False,,,,,,,,2026-08-14
2026,00-0039710,WR,MIN,Jeshaun Jones,ACT,True,no,26.69459342956543,3.3268501690463177,0.0,3.247858470884731,ext_et_all,0.08973650399043219,0.9102634960095678,0.14583333333333334,329,29.87,122.48557493000283,-119.16,0.0,0.6631170259043194,13.26,lower,standard,False,,,,,,,,2026-08-14
2026,00-0039534,QB,JAX,Carter Bradley,ACT,True,no,26.481037139892578,1.8731065598417782,0.0,3.7291529996685426,ext_et_all,0.05469217518328071,0.9453078248167193,0.15126050420168066,102,31.01,219.7920156860182,-217.92,0.0,0.6630816188348202,13.26,lower,standard,False,,,,,,,,2026-08-14
2026,00-0040609,WR,LA,Tru Edwards,ACT,True,no,25.229812622070312,2.012384058720091,0.0,1.9333923605585044,ext_et_all,0.09043802014508277,0.9095619798549173,0.07552083333333333,355,24.23,122.48557493000283,-120.47,0.0,0.6624155097496689,13.25,lower,standard,False,,,,,,,,2026-08-14
2026,00-0040769,WR,DAL,Jaden Smith,ACT,True,no,24.717824935913086,2.1337240342067454,0.0,2.054732336045159,ext_et_all,0.09154762283868849,0.9084523771613116,0.12760416666666666,336,28.38,122.48557493000283,-120.35,0.0,0.6613059070560632,13.23,lower,standard,False,,,,,,,,2026-08-14
2026,00-0039397,WR,AZ,Tejhaun Palmer,ACT,True,no,26.286645889282227,4.631951408295134,0.0,26.543004658409227,ext_et_all,0.09224587154152064,0.9077541284584794,0.1953125,310,33.78,122.48557493000283,-117.85,0.0,0.660607658353231,13.21,lower,standard,False,,,,,,,,2026-08-14
2026,00-0040476,RB,IND,Ulysses Bentley IV,ACT,True,no,25.670616149902344,4.052024226053485,0.0,4.052024226053485,ext_et_all,0.1434820327573448,0.8565179672426552,0.11904761904761904,186,26.65,156.9957177199209,-152.94,0.0,0.6599543057884952,13.2,lower,standard,False,,,,,,,,2026-08-14
2026,00-0041558,TE,CHI,Sam Roush,RES,True,yes,22.98746681213379,2.970044390462162,0.059583668652900545,2.8436300366911023,ext_et_all,0.12452339257725607,0.8754766074227439,0.28717948717948716,140,40.48,124.92868260243878,-121.96,0.0,0.6602384594321563,13.2,lower,standard,False,,,,,,,,2026-08-14
2026,00-0039023,TE,TEN,Joel Wilson,ACT,True,no,26.1962947845459,1.9580077517429142,0.0,1.8315933979718548,ext_et_all,0.12497678255296654,0.8750232174470335,0.15384615384615385,166,29.81,124.92868260243878,-122.97,0.0,0.6597850694564459,13.2,lower,standard,False,,,,,,,,2026-08-14
2026,00-0040558,WR,GB,Isaiah Neyor,ACT,True,no,25.235288619995117,2.012384058720091,0.0,1.9333923605585044,ext_et_all,0.09362763537644149,0.9063723646235585,0.07552083333333333,355,24.17,122.48557493000283,-120.47,0.0,0.6592258945183102,13.18,lower,standard,False,,,,,,,,2026-08-14
2026,00-0039420,TE,PIT,Jaheim Bell,ACT,True,no,25.216123580932617,3.2330217735329883,0.32256105172372695,3.1066074197619287,ext_et_all,0.12697417593306606,0.873025824066934,0.30256410256410254,137,41.67,124.92868260243878,-121.7,0.0,0.6577876760763464,13.16,lower,standard,False,,,,,,,,2026-08-14
2026,00-0038911,WR,DET,Malik Cunningham,ACT,True,no,27.904748916625977,3.4907228144856415,0.0,3.411731116324055,ext_et_all,0.09552450968172893,0.904475490318271,0.15104166666666666,327,30.17,122.48557493000283,-118.99,0.0,0.6573290202130226,13.15,lower,standard,False,,,,,,,,2026-08-14
2026,00-0039677,QB,WAS,Sam Hartman,ACT,True,no,27.094327926635742,2.149124223462598,0.0,4.005170663289363,ext_et_all,0.06024832139944139,0.9397516786005586,0.19327731092436976,97,34.26,219.7920156860182,-217.64,0.0,0.6575254726186596,13.15,lower,standard,False,,,,,,,,2026-08-14
2026,00-0040551,WR,WAS,Nick Nash,ACT,True,no,27.151823043823242,2.0124160108220317,0.0,1.9334243126604451,ext_et_all,0.09533477431963777,0.9046652256803622,0.08072916666666667,354,24.55,122.48557493000283,-120.47,0.0,0.6575187555751139,13.15,lower,standard,False,,,,,,,,2026-08-14
2026,00-0040053,WR,SEA,Tyrone Broden,ACT,True,no,25.511817932128906,2.0007259543407137,0.0,1.921734256179127,ext_et_all,0.09521249759391798,0.9047875024060821,0.06770833333333333,359,23.51,122.48557493000283,-120.48,0.0,0.6576410323008337,13.15,lower,standard,False,,,,,,,,2026-08-14
2026,00-0035282,QB,IND,Easton Stick,ACT,True,no,30.97941780090332,4.272296435695527,0.0,6.128342875522291,ext_et_all,0.061449144042124836,0.9385508559578751,0.25210084033613445,90,38.94,219.7920156860182,-215.52,0.0,0.6563246499759761,13.13,lower,standard,False,,,,,,,,2026-08-14
2026,00-0040048,WR,DAL,Traeshon Holden,ACT,True,no,24.969711303710938,2.0666029047877026,0.0,1.987611206626116,ext_et_all,0.09654335315449866,0.9034566468455013,0.11458333333333333,341,27.24,122.48557493000283,-120.42,0.0,0.6563101767402529,13.13,lower,standard,False,,,,,,,,2026-08-14
2026,00-0038550,QB,TEN,Hendon Hooker,ACT,True,no,28.633031845092773,4.364946818138771,0.0,6.220993257965535,ext_et_all,0.061656394710952384,0.9383436052890476,0.2689075630252101,88,40.28,219.7920156860182,-215.43,0.0,0.6561173993071485,13.12,lower,standard,False,,,,,,,,2026-08-14
2026,00-0034577,QB,BUF,Kyle Allen,ACT,True,no,30.483856201171875,4.824560199189072,0.0,6.680606639015837,ext_et_all,0.06209214427939137,0.9379078557206086,0.31932773109243695,82,44.3,219.7920156860182,-214.97,0.0,0.6556816497387096,13.11,lower,standard,False,,,,,,,,2026-08-14
2026,00-0035039,TE,CHI,Stephen Carlson,ACT,True,no,29.719980239868164,2.4299082055396286,0.0,2.303493851768569,ext_et_all,0.12953242714769933,0.8704675728523007,0.2564102564102564,146,37.92,124.92868260243878,-122.5,0.0,0.6552294248617131,13.1,lower,standard,False,,,,,,,,2026-08-14
2026,00-0040528,TE,PIT,JJ Galbreath,ACT,True,no,25.07375144958496,1.2605916276778755,0.0,1.134177273906816,ext_et_all,0.13000166525128418,0.8699983347487158,0.020512820512820513,192,19.04,124.92868260243878,-123.67,0.0,0.6547601867581282,13.1,lower,standard,False,,,,,,,,2026-08-14
2026,00-0040629,WR,LAC,Dalevon Campbell,ACT,True,no,24.739727020263672,3.7463301575736856,0.0,3.667338459412099,ext_et_all,0.09875189490522585,0.9012481050947742,0.15885416666666666,324,30.73,122.48557493000283,-118.74,0.0,0.6541016349895258,13.08,lower,standard,False,,,,,,,,2026-08-14
2026,00-0036679,QB,BUF,Shane Buechele,ACT,True,no,28.64672088623047,12.385683760989455,0.0,56.76282187323616,ext_et_all,0.06468781998886479,0.9353121800111353,0.44537815126050423,67,54.34,219.7920156860182,-207.41,0.0,0.6530859740292362,13.06,lower,standard,False,,,,,,,,2026-08-14
2026,00-0039893,WR,JAX,Brian Thomas Jr.,ACT,True,no,23.89919090270996,134.66058020970206,66.86876075397082,216.94136209250448,ext_et_all,0.48292553144010136,0.5170744685598987,0.9244791666666666,30,84.3,122.48557493000283,12.18,0.0957,0.2699279984546503,13.05,higher,standard,False,,,,,,,,2026-08-14
2026,00-0039518,TE,NO,Treyton Welch,ACT,True,no,25.640499114990234,2.3418405366984354,0.0,2.215426182927376,ext_et_all,0.1327777905687355,0.8672222094312645,0.2512820512820513,147,37.45,124.92868260243878,-122.59,0.0,0.6519840614406769,13.04,lower,standard,False,,,,,,,,2026-08-14
2026,00-0039305,RB,NE,Jack Westover,ACT,True,no,27.23122215270996,7.198732033366558,0.0,35.527188152091654,ext_et_all,0.15218268496201015,0.8478173150379898,0.2,169,32.96,156.9957177199209,-149.8,0.0,0.6512536535838299,13.03,lower,standard,False,,,,,,,,2026-08-14
2026,00-0035251,QB,CAR,Will Grier,ACT,True,no,31.414745330810547,4.401849048040621,0.0,6.257895487867385,ext_et_all,0.06606927794101966,0.9339307220589803,0.2857142857142857,86,41.54,219.7920156860182,-215.39,0.0,0.6517045160770812,13.03,lower,standard,False,,,,,,,,2026-08-14
2026,00-0038612,WR,PIT,A.T. Perry,ACT,True,no,26.85065460205078,4.118252590477852,0.32915033029954666,4.039260892316266,ext_et_all,0.10157359138434498,0.898426408615655,0.17447916666666666,318,31.93,122.48557493000283,-118.37,0.0,0.6512799385104067,13.03,lower,standard,False,,,,,,,,2026-08-14
2026,00-0038941,WR,LA,Tyler Scott,ACT,True,no,24.887575149536133,4.315837939933437,0.5267356797551312,4.23684624177185,ext_et_all,0.10197640951037348,0.8980235904896265,0.19010416666666666,312,33.17,122.48557493000283,-118.17,0.0,0.6508771203843782,13.02,lower,standard,False,,,,,,,,2026-08-14
2026,00-0040415,QB,TB,Connor Bazelak,ACT,True,no,25.941669464111328,2.036111912374708,0.0,3.892158352201472,ext_et_all,0.06849469817871677,0.9315053018212832,0.16806722689075632,100,32.08,219.7920156860182,-217.76,0.0,0.6492790958393841,12.99,lower,standard,False,,,,,,,,2026-08-14
2026,00-0038098,RB,GB,Pierre Strong,ACT,True,no,27.726783752441406,4.640821127729014,0.0,4.640821127729014,ext_et_all,0.1551047947778691,0.8448952052221309,0.13333333333333333,183,27.56,156.9957177199209,-152.35,0.0,0.648331543767971,12.97,lower,standard,False,,,,,,,,2026-08-14
2026,00-0039489,TE,SF,Hayden Rucci,ACT,True,no,25.59395408630371,4.1244530634267464,0.0,22.229216206121368,ext_et_all,0.13775348085766675,0.8622465191423332,0.3487179487179487,128,45.14,124.92868260243878,-120.8,0.0,0.6470083711517456,12.94,lower,standard,False,,,,,,,,2026-08-14
2026,00-0041472,TE,HOU,Marlin Klein,ACT,True,yes,23.95668601989746,3.5984717876721986,0.6880110658629373,3.472057433901139,ext_et_all,0.13757407772437555,0.8624259222756244,0.3230769230769231,133,43.09,124.92868260243878,-121.33,0.0,0.6471877742850368,12.94,lower,standard,False,,,,,,,,2026-08-14
2026,00-0031235,WR,NYG,Odell Beckham Jr.,ACT,True,no,33.82136535644531,63.63416696168042,0.0,145.91494884448284,ext_et_all,0.10711534478454525,0.8928846552154548,0.7786458333333334,86,80.15,122.48557493000283,-58.85,0.0,0.6457381851102064,12.91,lower,standard,False,,,,,,,,2026-08-14
2026,00-0040504,TE,MIN,Bryson Nesbit,ACT,True,no,23.934783935546875,2.1812719864365255,0.0,2.054857632665466,ext_et_all,0.1390894844335511,0.8609105155664489,0.23076923076923078,151,35.68,124.92868260243878,-122.75,0.0,0.6456723675758613,12.91,lower,standard,False,,,,,,,,2026-08-14
2026,00-0040464,QB,LAC,DJ Uiagalelei,ACT,True,no,25.374921798706055,2.053277413454274,0.0,3.9093238532810384,ext_et_all,0.07250265340359956,0.9274973465964005,0.17647058823529413,99,32.67,219.7920156860182,-217.74,0.0,0.6452711406145014,12.91,lower,standard,False,,,,,,,,2026-08-14
2026,00-0032156,QB,ATL,Trevor Siemian,ACT,True,no,34.683807373046875,4.113574906808305,0.0,5.969621346635069,ext_et_all,0.0736023516871189,0.9263976483128811,0.24369747899159663,91,38.02,219.7920156860182,-215.68,0.0,0.644171442330982,12.88,lower,standard,False,,,,,,,,2026-08-14
2026,00-0040081,TE,KC,Jake Briningstool,ACT,True,no,23.729440689086914,2.201896373645596,0.0,2.0754820198745363,ext_et_all,0.14198338676374841,0.8580166132362516,0.2358974358974359,150,36.03,124.92868260243878,-122.73,0.0,0.642778465245664,12.86,lower,standard,False,,,,,,,,2026-08-14
2026,00-0036635,WR,AZ,Ihmir Smith-Marsette,ACT,True,no,27.00945281982422,4.053761351002855,0.2646590908245492,3.9747696528412684,ext_et_all,0.1105868503729403,0.8894131496270596,0.16927083333333334,320,31.33,122.48557493000283,-118.43,0.0,0.6422666795218113,12.85,lower,standard,False,,,,,,,,2026-08-14
2026,00-0038476,QB,NE,Tommy DeVito,ACT,True,no,28.06902313232422,4.498199089604948,0.0,6.354245529431712,ext_et_all,0.07662799861477051,0.9233720013852295,0.31092436974789917,83,43.34,219.7920156860182,-215.29,0.0,0.6411457954033304,12.82,lower,standard,False,,,,,,,,2026-08-14
2026,00-0039107,QB,LA,Stetson Bennett,ACT,True,no,28.84385108947754,4.374232321809874,0.0,6.230278761636638,ext_et_all,0.07664379932796035,0.9233562006720396,0.2773109243697479,87,40.65,219.7920156860182,-215.42,0.0,0.6411299946901405,12.82,lower,standard,False,,,,,,,,2026-08-14
2026,00-0039392,WR,HOU,Jha'Quan Jackson,ACT,True,no,26.297595977783203,3.21485227254916,0.0,3.1358605743875736,ext_et_all,0.11314238144732464,0.8868576185526753,0.14322916666666666,330,29.2,122.48557493000283,-119.27,0.0,0.6397111484474269,12.79,lower,standard,False,,,,,,,,2026-08-14
2026,00-0038492,WR,KC,Jason Brownlee,ACT,True,no,27.58715057373047,4.99584977395006,0.0,26.906903024064153,ext_et_all,0.1156790180644238,0.8843209819355762,0.20572916666666666,306,34.14,122.48557493000283,-117.49,0.0,0.6371745118303278,12.74,lower,standard,False,,,,,,,,2026-08-14
2026,00-0038108,QB,NYJ,Bailey Zappe,ACT,True,no,27.3516902923584,4.446971469677116,0.0,6.303017909503881,ext_et_all,0.08321156563047186,0.9167884343695282,0.29411764705882354,85,41.87,219.7920156860182,-215.35,0.0,0.6345622283876291,12.69,lower,standard,False,,,,,,,,2026-08-14
2026,00-0037077,QB,DAL,Sam Howell,ACT,True,no,25.95809555053711,7.463458137921399,0.0,51.840596250168105,ext_et_all,0.08379068277617643,0.9162093172238236,0.40336134453781514,72,50.59,219.7920156860182,-212.33,0.0,0.6339831112419245,12.68,lower,standard,False,,,,,,,,2026-08-14
2026,00-0041174,K,CHI,Gabriel Plascencia,ACT,True,no,,39.15269140476904,0.0,109.79351330198321,phase2_production_kicker,2.5485981077136645e-08,0.9999999745140189,0.1744186046511628,33,33.95,117.20593632592522,-78.05,0.0,0.6330151521428695,12.66,lower,low (kicker),False,,,,,,,,2026-08-14
2026,00-0041333,K,NO,Mason Shipley,ACT,True,no,,39.15269140476904,0.0,109.79351330198321,phase2_production_kicker,2.5485981077136645e-08,0.9999999745140189,0.1744186046511628,33,33.95,117.20593632592522,-78.05,0.0,0.6330151521428695,12.66,lower,low (kicker),False,,,,,,,,2026-08-14
2026,00-0040566,TE,NE,CJ Dippre,ACT,True,no,24.342731475830078,2.6485200833541067,0.0,2.522105729583047,ext_et_all,0.15267876591903706,0.8473212340809629,0.2717948717948718,143,38.69,124.92868260243878,-122.28,0.0,0.6320830860903753,12.64,lower,standard,False,,,,,,,,2026-08-14
2026,00-0038735,TE,DAL,Princeton Fant,ACT,True,no,27.47763442993164,3.3106567720677536,0.40019605025849225,3.184242418296694,ext_et_all,0.15461606397033914,0.8453839360296609,0.3076923076923077,136,41.52,124.92868260243878,-121.62,0.0,0.6301457880390733,12.6,lower,standard,True,ACL and MCL knee,IR,,2026-08-06,CBS Sports,"Secondary public tracker, independently reviewed",https://www.cbssports.com/nfl/injuries/,2026-08-14
2026,00-0037755,TE,NYJ,Jelani Woods,ACT,True,no,27.896533966064453,7.065257682421274,0.0,25.1700208251159,ext_et_all,0.1555071549759716,0.8444928450240284,0.4564102564102564,107,53.4,124.92868260243878,-117.86,0.0,0.6292546970334408,12.59,lower,standard,False,,,,,,,,2026-08-14
2026,00-0036425,RB,JAX,DeeJay Dallas,ACT,True,no,27.95950698852539,9.526313415052547,0.0,37.85476953377764,ext_et_all,0.17585584583291772,0.8241441541670823,0.2904761904761905,150,39.72,156.9957177199209,-147.47,0.0,0.6275804927129224,12.55,lower,standard,False,,,,,,,,2026-08-14
2026,00-0032951,WR,IND,Laquon Treadwell,ACT,True,no,31.217615127563477,6.646232798173867,0.0,28.55728604828796,ext_et_all,0.1259042454123981,0.8740957545876019,0.2864583333333333,275,40.4,122.48557493000283,-115.84,0.0,0.6269492844823535,12.54,lower,standard,True,Hamstring,Questionable,"Aug 22, 2026",2026-08-14,MyFantasyLeague,Documented public injury API,https://api.myfantasyleague.com/2026/export?TYPE=injuries&JSON=1,2026-08-14
2026,00-0033376,RB,NYG,Patrick Ricard,ACT,True,no,32.2662353515625,6.531198968329222,1.0040771227804948,6.531198968329222,ext_et_all,0.17765790351220745,0.8223420964877926,0.18095238095238095,173,30.92,156.9957177199209,-150.46,0.0,0.6257784350336326,12.52,lower,standard,False,,,,,,,,2026-08-14
2026,00-0038498,TE,PHI,E.J. Jenkins,ACT,True,no,27.828086853027344,3.656472258033602,0.7460115362243407,3.5300579042625424,ext_et_all,0.15913006766427729,0.8408699323357227,0.3333333333333333,131,43.48,124.92868260243878,-121.27,0.0,0.6256317843451351,12.51,lower,standard,False,,,,,,,,2026-08-14
2026,00-0039868,WR,DEN,Troy Franklin,ACT,True,no,23.567903518676758,133.6114152400936,65.81959578436236,215.89219712289602,ext_et_all,0.4788309400660313,0.5211690599339687,0.921875,31,84.17,122.48557493000283,11.13,0.0875,0.2740225898287203,12.48,higher,standard,False,,,,,,,,2026-08-14
2026,00-0041179,WR,WAS,Chris Hilton,ACT,True,yes,23.890975952148438,6.374779206222756,0.0,28.28583245633685,ext_et_all,0.12871437418811177,0.8712856258118882,0.2682291666666667,282,38.88,122.48557493000283,-116.11,0.0,0.6241391557066398,12.48,lower,standard,False,,,,,,,,2026-08-14
2026,00-0036497,WR,JAX,Tim Jones,ACT,True,no,28.299007415771484,4.320776104665916,0.5316738444876106,4.24178440650433,ext_et_all,0.1290102808564751,0.870989719143525,0.19270833333333334,311,32.84,122.48557493000283,-118.16,0.0,0.6238432490382766,12.48,lower,standard,False,,,,,,,,2026-08-14
2026,00-0040331,TE,JAX,Patrick Herbert,ACT,True,no,25.8704833984375,1.9952185576405246,0.0,1.8688042038694652,ext_et_all,0.16122804001680335,0.8387719599831966,0.17435897435897435,162,30.72,124.92868260243878,-122.93,0.0,0.623533811992609,12.47,lower,standard,False,,,,,,,,2026-08-14
2026,00-0040552,TE,ATL,Joshua Simon,ACT,True,no,25.760967254638672,2.0007259543407137,0.0,1.8743116005696543,ext_et_all,0.1617052226869282,0.8382947773130718,0.18717948717948718,159,31.74,124.92868260243878,-122.93,0.0,0.6230566293224842,12.46,lower,standard,False,,,,,,,,2026-08-14
2026,00-0038658,QB,SF,Adrian Martinez,ACT,True,no,26.650787353515625,3.494741741492907,0.0,5.350788181319672,ext_et_all,0.09528342456142223,0.9047165754385778,0.23529411764705882,92,36.92,219.7920156860182,-216.3,0.0,0.6224903694566787,12.45,lower,standard,False,,,,,,,,2026-08-14
2026,00-0041133,TE,DEN,Dallen Bentley,ACT,True,yes,25.667879104614258,3.033670842488965,0.12321012067970383,2.9072564887179055,ext_et_all,0.16252859860851002,0.83747140139149,0.2923076923076923,139,40.13,124.92868260243878,-121.9,0.0,0.6222332534009024,12.44,lower,standard,False,,,,,,,,2026-08-14
2026,00-0035264,QB,DEN,Jarrett Stidham,ACT,True,no,30.064956665039062,5.189615296939118,0.2889855482395012,7.045661736765882,ext_et_all,0.09626985155898655,0.9037301484410134,0.3445378151260504,79,45.64,219.7920156860182,-214.6,0.0,0.6215039424591143,12.43,lower,standard,False,,,,,,,,2026-08-14
2026,00-0037745,RB,SEA,Velus Jones Jr.,ACT,True,no,29.309293746948242,16.007938913044676,0.0,44.33639503176977,ext_et_all,0.18242534515919184,0.8175746548408082,0.5333333333333333,99,59.02,156.9957177199209,-140.99,0.0,0.6210109933866482,12.42,lower,standard,False,,,,,,,,2026-08-14
2026,00-0038564,TE,PHI,Cameron Latu,ACT,True,no,26.519367218017578,9.028446010920204,0.0,27.13320915361483,ext_et_all,0.16401386651310537,0.8359861334868947,0.5230769230769231,94,58.57,124.92868260243878,-115.9,0.0,0.620747985496307,12.41,lower,standard,False,,,,,,,,2026-08-14
2026,00-0040292,TE,CAR,Bryce Pierre,RES,True,no,25.599430084228516,2.0007259543407137,0.0,1.8743116005696543,ext_et_all,0.1641573115598629,0.8358426884401371,0.18717948717948718,159,31.69,124.92868260243878,-122.93,0.0,0.6206045404495495,12.41,lower,standard,False,,,,,,,,2026-08-14
2026,00-0038396,RB,NYG,Eric Gray,ACT,True,no,26.826013565063477,7.6176271917212315,0.0,35.946083310446326,ext_et_all,0.18344019738870143,0.8165598026112986,0.21428571428571427,166,33.47,156.9957177199209,-149.38,0.0,0.6199961411571386,12.4,lower,standard,False,,,,,,,,2026-08-14
2026,00-0038416,QB,CHI,Tyson Bagent,ACT,True,no,26.231887817382812,7.082951758140193,0.0,51.460089870386895,ext_et_all,0.09781412873927585,0.9021858712607241,0.3865546218487395,74,48.97,219.7920156860182,-212.71,0.0,0.6199596652788251,12.4,lower,standard,False,,,,,,,,2026-08-14
2026,00-0041503,TE,JAX,Nate Boerkircher,ACT,True,yes,24.991615295410156,1.9211268833781412,0.0,1.7947125296070818,ext_et_all,0.16489880584645883,0.8351011941535411,0.11794871794871795,173,26.14,124.92868260243878,-123.01,0.0,0.6198630461629535,12.4,lower,standard,False,,,,,,,,2026-08-14
2026,00-0036879,QB,DEN,Sam Ehlinger,ACT,True,no,27.921175003051758,4.345274990247,0.0,6.201321430073764,ext_et_all,0.09896455638311874,0.9010354436168813,0.2605042016806723,89,38.86,219.7920156860182,-215.45,0.0,0.6188092376349822,12.38,lower,standard,False,,,,,,,,2026-08-14
2026,00-0040601,RB,LA,Jordan Waters,ACT,True,yes,25.70347023010254,2.416378467545018,0.0,2.416378467545018,ext_et_all,0.18637531429245788,0.8136246857075421,0.1,190,24.27,156.9957177199209,-154.58,0.0,0.6170610242533822,12.34,lower,standard,False,,,,,,,,2026-08-14
2026,00-0040388,WR,GB,Jakobie Keeney-James,ACT,True,no,25.93071746826172,11.627353566639295,0.0,33.53840681675339,ext_et_all,0.13652478081947428,0.8634752191805257,0.5703125,166,62.89,122.48557493000283,-110.86,0.0,0.6163287490752773,12.33,lower,standard,False,,,,,,,,2026-08-14
2026,00-0040177,RB,SF,Jordan James,ACT,True,no,22.426197052001953,6.878422539928518,1.3513006943797912,6.878422539928518,ext_et_all,0.18708142930293703,0.812918570697063,0.19523809523809524,170,31.88,156.9957177199209,-150.12,0.0,0.616354909242903,12.33,lower,standard,True,Ribs,Questionable,"Aug 20, 2026",2026-08-14,MyFantasyLeague,Documented public injury API,https://api.myfantasyleague.com/2026/export?TYPE=injuries&JSON=1,2026-08-14
2026,00-0041180,TE,WAS,Quentin Moore,ACT,True,yes,26.015592575073242,1.93787680719292,0.0,1.8114624534218606,ext_et_all,0.16936938298590087,0.8306306170140991,0.13846153846153847,169,27.69,124.92868260243878,-122.99,0.0,0.6153924690235115,12.31,lower,standard,False,,,,,,,,2026-08-14
2026,00-0041042,WR,NYG,Malachi Fields,ACT,True,yes,23.0175838470459,6.13625368672104,0.0,28.047306936835135,ext_et_all,0.1378924920432467,0.8621075079567533,0.2526041666666667,288,37.45,122.48557493000283,-116.35,0.0,0.6149610378515049,12.3,lower,standard,False,,,,,,,,2026-08-14
2026,00-0040387,TE,DET,Zach Horton,ACT,True,no,23.748605728149414,2.6308166595964133,0.0,2.5044023058253537,ext_et_all,0.1705626815648435,0.8294373184351564,0.26666666666666666,144,37.92,124.92868260243878,-122.3,0.0,0.6141991704445688,12.28,lower,standard,False,,,,,,,,2026-08-14
2026,00-0041237,TE,NYJ,Chase Curtis,ACT,True,yes,26.834226608276367,1.8459041383024972,0.0,1.7194897845314379,ext_et_all,0.17097005388787975,0.8290299461121202,0.07179487179487179,182,22.32,124.92868260243878,-123.08,0.0,0.6137917981215326,12.28,lower,standard,False,,,,,,,,2026-08-14
2026,00-0040488,TE,LV,Carter Runyon,ACT,True,no,25.109344482421875,8.02043946019017,0.0,26.12520260288479,ext_et_all,0.17217433353205208,0.827825666467948,0.49230769230769234,100,55.94,124.92868260243878,-116.91,0.0,0.6125875184773604,12.25,lower,standard,False,,,,,,,,2026-08-14
2026,00-0039631,TE,CIN,Cam Grandy,ACT,True,no,26.784944534301758,6.839915463660577,0.0,24.9446786063552,ext_et_all,0.17205092724640353,0.8279490727535965,0.441025641025641,110,51.84,124.92868260243878,-118.09,0.0,0.6127109247630089,12.25,lower,standard,False,,,,,,,,2026-08-14
2026,00-0041397,WR,PIT,Kaden Wetjen,ACT,True,yes,24.482364654541016,7.345523543525649,0.0,29.256576793639745,ext_et_all,0.14098116680423986,0.8590188331957601,0.3072916666666667,267,41.76,122.48557493000283,-115.14,0.0,0.6118723630905117,12.24,lower,standard,False,,,,,,,,2026-08-14
2026,00-0037311,TE,TB,Ko Kieft,ACT,True,no,28.613866806030273,6.675084926428709,0.0,24.779848069123332,ext_et_all,0.17376939785371778,0.8262306021462822,0.4358974358974359,111,51.4,124.92868260243878,-118.25,0.0,0.6109924541556946,12.22,lower,standard,False,,,,,,,,2026-08-14
2026,00-0040853,TE,IND,Carson Towt,ACT,True,yes,25.25171661376953,1.8311993763977354,0.0,1.704785022626676,ext_et_all,0.17418432718835186,0.8258156728116481,0.06153846153846154,184,21.44,124.92868260243878,-123.1,0.0,0.6105775248210605,12.21,lower,standard,False,,,,,,,,2026-08-14
2026,00-0031484,TE,NYG,Chris Manhertz,ACT,True,no,34.39358901977539,5.44706090481257,0.0,23.551824047507193,ext_et_all,0.17452457869488036,0.8254754213051196,0.39487179487179486,119,48.1,124.92868260243878,-119.48,0.0,0.610237273314532,12.2,lower,standard,False,,,,,,,,2026-08-14
2026,00-0041170,TE,CHI,Hayden Large,ACT,True,yes,24.433082580566406,2.060016593337608,0.0,1.9336022395665486,ext_et_all,0.17508677194011169,0.8249132280598883,0.21025641025641026,155,33.32,124.92868260243878,-122.87,0.0,0.6096750800693007,12.19,lower,standard,False,,,,,,,,2026-08-14
2026,00-0040938,TE,DAL,D.J. Rogers,ACT,True,yes,24.808176040649414,2.058642916088931,0.0,1.9322285623178714,ext_et_all,0.175240586578641,0.824759413421359,0.20512820512820512,156,32.91,124.92868260243878,-122.87,0.0,0.6095212654307713,12.19,lower,standard,False,,,,,,,,2026-08-14
2026,00-0041579,TE,MIA,Seydou Traore,E14,True,yes,24.05525016784668,1.940405035558296,0.0,1.8139906817872367,ext_et_all,0.17643560298254685,0.8235643970174531,0.14358974358974358,168,27.96,124.92868260243878,-122.99,0.0,0.6083262490268655,12.17,lower,standard,False,,,,,,,,2026-08-14
2026,00-0041452,TE,LAC,Johnny Pascuzzi,ACT,True,yes,24.29344940185547,1.9342780514313123,0.0,1.807863697660253,ext_et_all,0.1761445560412362,0.8238554439587638,0.13333333333333333,170,27.14,124.92868260243878,-122.99,0.0,0.6086172959681762,12.17,lower,standard,False,,,,,,,,2026-08-14
2026,00-0041422,TE,LA,Dan Villari,ACT,True,yes,24.175718307495117,1.9257002736535347,0.0,1.7992859198824753,ext_et_all,0.1761445560412362,0.8238554439587638,0.1282051282051282,171,26.73,124.92868260243878,-123.0,0.0,0.6086172959681762,12.17,lower,standard,False,,,,,,,,2026-08-14
2026,00-0041016,TE,LV,Patrick Gurd,ACT,True,yes,24.53438377380371,1.9224595329127936,0.0,1.7960451791417342,ext_et_all,0.17639241075523626,0.8236075892447637,0.12307692307692308,172,26.32,124.92868260243878,-123.01,0.0,0.6083694412541761,12.17,lower,standard,False,,,,,,,,2026-08-14
2026,00-0040939,TE,DAL,Michael Trigg,ACT,True,yes,24.181194305419922,1.904881931501859,0.0,1.7784675777307997,ext_et_all,0.17613295985364938,0.8238670401463506,0.1076923076923077,175,25.09,124.92868260243878,-123.02,0.0,0.608628892155763,12.17,lower,standard,False,,,,,,,,2026-08-14
2026,00-0039266,RB,CIN,Kendall Milton,ACT,True,no,24.55628776550293,5.1207517505131115,0.0,5.1207517505131115,ext_et_all,0.195405458105211,0.804594541894789,0.14761904761904762,180,27.9,156.9957177199209,-151.87,0.0,0.608030880440629,12.16,lower,standard,False,,,,,,,,2026-08-14
2026,00-0040598,TE,LA,Mark Redman,ACT,True,no,24.613784790039062,2.127242631908862,0.0,2.0008282781378024,ext_et_all,0.17700026549475023,0.8229997345052498,0.2153846153846154,154,33.69,124.92868260243878,-122.8,0.0,0.6077615865146622,12.16,lower,standard,False,,,,,,,,2026-08-14
2026,00-0041489,WR,PIT,Germie Bernard,ACT,True,yes,22.749269485473633,7.023721872496798,0.0,28.93477512261089,ext_et_all,0.14521637457498582,0.8547836254250142,0.2994791666666667,270,41.05,122.48557493000283,-115.46,0.0,0.6076371553197658,12.15,lower,standard,False,,,,,,,,2026-08-14
2026,00-0040955,TE,KC,John Michael Gyllenborg,ACT,True,yes,24.068941116333008,1.8514866493149102,0.0,1.7250722955438509,ext_et_all,0.1772634411199679,0.8227365588800322,0.08461538461538462,179,23.22,124.92868260243878,-123.08,0.0,0.6074984108894446,12.15,lower,standard,True,Knee,IR,"Feb 15, 2027",2026-08-14,MyFantasyLeague,Documented public injury API,https://api.myfantasyleague.com/2026/export?TYPE=injuries&JSON=1,2026-08-14
2026,00-0041087,TE,CLE,Joe Royer,ACT,True,yes,24.51521873474121,1.8514866493149102,0.0,1.7250722955438509,ext_et_all,0.17722013273665327,0.8227798672633467,0.08461538461538462,179,23.22,124.92868260243878,-123.08,0.0,0.6075417192727591,12.15,lower,standard,False,,,,,,,,2026-08-14
2026,00-0041314,TE,NE,Tanner Arkin,ACT,True,yes,23.15447998046875,1.967848790003138,0.0,1.8414344362320787,ext_et_all,0.17787695477385024,0.8221230452261498,0.15897435897435896,165,29.16,124.92868260243878,-122.96,0.0,0.6068848972355622,12.14,lower,standard,False,,,,,,,,2026-08-14
2026,00-0041403,TE,LA,Rohan Jones,ACT,True,yes,24.901264190673828,1.9410493870310792,0.0,1.8146350332600198,ext_et_all,0.17775770612383152,0.8222422938761684,0.14871794871794872,167,28.34,124.92868260243878,-122.99,0.0,0.6070041458855808,12.14,lower,standard,False,,,,,,,,2026-08-14
2026,00-0041524,TE,MIA,Will Kacmarek,ACT,True,yes,23.551475524902344,1.909245174482856,0.0,1.7828308207117967,ext_et_all,0.1777808337450413,0.8222191662549587,0.11282051282051282,174,25.47,124.92868260243878,-123.02,0.0,0.6069810182643711,12.14,lower,standard,False,,,,,,,,2026-08-14
2026,00-0035140,WR,BUF,Mecole Hardman,ACT,True,no,28.474233627319336,9.562063459755937,0.0,31.47311670987003,ext_et_all,0.14610737758937462,0.8538926224106254,0.5390625,178,60.2,122.48557493000283,-112.92,0.0,0.606746152305377,12.13,lower,standard,False,,,,,,,,2026-08-14
2026,00-0041207,TE,JAX,Ethan Conner,ACT,True,yes,23.414581298828125,1.85596302587462,0.0,1.7295486721035607,ext_et_all,0.17845601360346994,0.82154398639653,0.09230769230769231,178,23.82,124.92868260243878,-123.07,0.0,0.6063058384059424,12.13,lower,standard,False,,,,,,,,2026-08-14
2026,00-0041366,TE,AZ,Jameson Geers,ACT,True,yes,23.74039077758789,1.828466451919713,0.0,1.7020520981486535,ext_et_all,0.17823200294010622,0.8217679970598938,0.05641025641025641,185,20.95,124.92868260243878,-123.1,0.0,0.6065298490693062,12.13,lower,standard,False,,,,,,,,2026-08-14
2026,00-0041327,TE,NO,Cody Hardy,ACT,True,yes,22.804027557373047,1.8939661892057282,0.0,1.7675518354346689,ext_et_all,0.1790038986048957,0.8209961013951043,0.10256410256410256,176,24.63,124.92868260243878,-123.03,0.0,0.6057579534045167,12.12,lower,standard,False,,,,,,,,2026-08-14
2026,00-0041457,TE,DET,Miles Kitselman,ACT,True,yes,23.934783935546875,3.9255877348074217,0.0,22.030350877502045,ext_et_all,0.17903663242119777,0.8209633675788022,0.3384615384615385,130,43.5,124.92868260243878,-121.0,0.0,0.6057252195882146,12.11,lower,standard,False,,,,,,,,2026-08-14
2026,00-0040792,TE,HOU,Layne Pryor,ACT,True,yes,23.729440689086914,2.0535867293138903,0.0,1.927172375542831,ext_et_all,0.1793340209026233,0.8206659790973767,0.2,157,32.41,124.92868260243878,-122.88,0.0,0.6054278311067891,12.11,lower,standard,False,,,,,,,,2026-08-14
2026,00-0040927,TE,PHI,Dae'Quan Wright,ACT,True,yes,22.94639778137207,1.8492577789610396,0.0,1.7228434251899802,ext_et_all,0.17932593430749572,0.8206740656925042,0.07692307692307693,181,22.57,124.92868260243878,-123.08,0.0,0.6054359177019166,12.11,lower,standard,False,,,,,,,,2026-08-14
2026,00-0041384,TE,LAC,Evan Svoboda,ACT,True,yes,23.422794342041016,1.7817494015359958,0.0,1.6553350477649365,ext_et_all,0.17919427859048398,0.820805721409516,0.035897435897435895,189,19.29,124.92868260243878,-123.15,0.0,0.6055675734189284,12.11,lower,standard,False,,,,,,,,2026-08-14
2026,00-0041510,TE,LA,Max Klare,ACT,True,yes,23.15174102783203,1.8077760770210047,0.0,1.6813617232499454,ext_et_all,0.17974070990304172,0.8202592900969583,0.05128205128205128,186,20.51,124.92868260243878,-123.12,0.0,0.6050211421063707,12.1,lower,standard,False,,,,,,,,2026-08-14
2026,00-0037539,TE,DEN,Lucas Krull,ACT,True,no,28.142946243286133,5.736221980520603,0.0,23.840985123215226,ext_et_all,0.18025730381303212,0.8197426961869678,0.40512820512820513,117,48.81,124.92868260243878,-119.19,0.0,0.6045045481963802,12.09,lower,standard,False,,,,,,,,2026-08-14
2026,00-0041131,TE,CLE,Carsen Ryan,ACT,True,yes,23.031272888183594,1.9976352334979146,0.0,1.8712208797268552,ext_et_all,0.18021457397139462,0.8197854260286054,0.1794871794871795,161,30.75,124.92868260243878,-122.93,0.0,0.6045472780380178,12.09,lower,standard,False,,,,,,,,2026-08-14
2026,00-0041246,TE,CIN,Josh Kattus,ACT,True,yes,22.486431121826172,1.9871842300368345,0.0,1.8607698762657752,ext_et_all,0.1802231709885404,0.8197768290114595,0.16923076923076924,163,29.93,124.92868260243878,-122.94,0.0,0.6045386810208719,12.09,lower,standard,False,,,,,,,,2026-08-14
2026,00-0041041,TE,NO,Oscar Delp,ACT,True,yes,23.077817916870117,1.8006279288728566,0.0,1.6742135751017972,ext_et_all,0.18012043678988326,0.8198795632101168,0.046153846153846156,187,20.09,124.92868260243878,-123.13,0.0,0.6046414152195292,12.09,lower,standard,False,,,,,,,,2026-08-14
2026,00-0041195,TE,ATL,Jack Velling,ACT,True,yes,22.842357635498047,1.787288758410544,0.0,1.6608744046394845,ext_et_all,0.18012043678988326,0.8198795632101168,0.041025641025641026,188,19.68,124.92868260243878,-123.14,0.0,0.6046414152195292,12.09,lower,standard,False,,,,,,,,2026-08-14
2026,00-0038397,RB,HOU,Evan Hull,ACT,True,no,25.84857940673828,9.942712513898343,0.0,38.271168632623436,ext_et_all,0.1996656028457433,0.8003343971542567,0.3333333333333333,141,42.67,156.9957177199209,-147.05,0.0,0.6037707357000968,12.08,lower,standard,False,,,,,,,,2026-08-14
2026,00-0040086,WR,BUF,Mac Dalena,ACT,True,yes,24.90947723388672,1.322188718321401,0.0,1.2431970201598144,ext_et_all,0.14883495667971605,0.851165043320284,0.036458333333333336,371,19.94,122.48557493000283,-121.16,0.0,0.6040185732150356,12.08,lower,standard,False,,,,,,,,2026-08-14
2026,00-0038643,TE,SF,Brayden Willis,ACT,True,no,26.806846618652344,6.91719023192022,0.0,25.021953374614842,ext_et_all,0.1812077113638276,0.8187922886361724,0.4461538461538462,109,52.07,124.92868260243878,-118.01,0.0,0.6035541406455848,12.07,lower,standard,False,,,,,,,,2026-08-14
2026,00-0040974,TE,SEA,Lance Mason,ACT,True,yes,22.951873779296875,1.8607855804805078,0.0,1.7343712267094484,ext_et_all,0.18140031025553446,0.8185996897444655,0.09743589743589744,177,24.17,124.92868260243878,-123.07,0.0,0.6033615417538779,12.07,lower,standard,False,,,,,,,,2026-08-14
2026,00-0041252,TE,TB,Kenny Fletcher,ACT,True,yes,22.743793487548828,1.83641819132331,0.0,1.7100038375522506,ext_et_all,0.18138851608828263,0.8186114839117173,0.06666666666666667,183,21.71,124.92868260243878,-123.09,0.0,0.6033733359211297,12.07,lower,standard,False,,,,,,,,2026-08-14
2026,00-0039650,WR,TEN,Bryce Oliver,ACT,True,no,26.286645889282227,6.864933866958442,0.0,28.775987117072535,ext_et_all,0.14989860658011947,0.8501013934198806,0.2942708333333333,272,40.54,122.48557493000283,-115.62,0.0,0.6029549233146322,12.06,lower,standard,False,,,,,,,,2026-08-14
2026,00-0041398,TE,PIT,Riley Nowakowski,ACT,True,yes,24.17298126220703,4.42777940403296,0.0,22.532542546727583,ext_et_all,0.18151446775490832,0.8184855322450917,0.36923076923076925,124,45.91,124.92868260243878,-120.5,0.0,0.6032473842545041,12.06,lower,standard,False,,,,,,,,2026-08-14
2026,00-0041084,TE,JAX,Tanner Koziol,ACT,True,yes,22.59320831298828,4.167969382533271,0.0,22.272732525227894,ext_et_all,0.18161450923224634,0.8183854907677537,0.35384615384615387,127,44.68,124.92868260243878,-120.76,0.0,0.6031473427771661,12.06,lower,standard,False,,,,,,,,2026-08-14
2026,00-0033455,TE,WAS,Anthony Firkser,ACT,True,no,31.532474517822266,7.560522864356018,0.0,25.66528600705064,ext_et_all,0.1822213715047313,0.8177786284952687,0.4717948717948718,104,54.1,124.92868260243878,-117.37,0.0,0.6025404805046811,12.05,lower,standard,False,,,,,,,,2026-08-14
2026,00-0040628,TE,GB,Drake Dabney,ACT,True,no,24.30166244506836,6.940975988656986,0.0,25.04573913135161,ext_et_all,0.182281419835882,0.817718580164118,0.4512820512820513,108,52.46,124.92868260243878,-117.99,0.0,0.6024804321735304,12.05,lower,standard,False,,,,,,,,2026-08-14
2026,00-0031595,RB,CLE,Michael Burton,ACT,True,no,34.58250427246094,5.442059870094759,0.0,5.442059870094759,ext_et_all,0.20072029795203822,0.7992797020479618,0.1523809523809524,179,28.18,156.9957177199209,-151.55,0.0,0.6027160405938019,12.05,moderate,standard,False,,,,,,,,2026-08-14
2026,00-0040094,TE,KC,Tre Watson,ACT,True,no,23.88823890686035,2.238233150949747,0.0,2.1118187971786875,ext_et_all,0.18215151483609662,0.8178484851639034,0.24615384615384617,148,36.05,124.92868260243878,-122.69,0.0,0.6026103371733158,12.05,lower,standard,False,,,,,,,,2026-08-14
2026,00-0041077,TE,DEN,Justin Joly,ACT,True,yes,22.146930694580078,2.2275028694990557,0.0,2.101088515727996,ext_et_all,0.18219577667285194,0.8178042233271481,0.24102564102564103,149,35.64,124.92868260243878,-122.7,0.0,0.6025660753365605,12.05,lower,standard,False,,,,,,,,2026-08-14
2026,00-0040046,TE,AZ,Rivaldo Fairweather,ACT,True,no,24.120960235595703,2.1641600310464217,0.0,2.037745677275362,ext_et_all,0.18215077888233033,0.8178492211176697,0.22564102564102564,152,34.41,124.92868260243878,-122.76,0.0,0.6026110731270821,12.05,lower,standard,False,,,,,,,,2026-08-14
2026,00-0041263,TE,PIT,Lake McRee,ACT,True,yes,23.992279052734375,1.7249630745826097,0.0,1.5985487208115503,ext_et_all,0.18203699962839906,0.817963000371601,0.03076923076923077,190,18.82,124.92868260243878,-123.2,0.0,0.6027248523810134,12.05,lower,standard,False,,,,,,,,2026-08-14
2026,00-0032434,QB,NYG,Brandon Allen,ACT,True,no,33.98837661743164,7.536641441872802,0.0,51.91377955411951,ext_et_all,0.11608542835491993,0.88391457164508,0.4117647058823529,71,50.62,219.7920156860182,-212.26,0.0,0.601688365663181,12.03,lower,standard,False,,,,,,,,2026-08-14
2026,00-0034487,WR,BUF,Trent Sherfield,ACT,True,no,30.513973236083984,4.874646912079978,0.0,26.785700162194072,ext_et_all,0.15115714281793638,0.8488428571820636,0.20052083333333334,308,33.02,122.48557493000283,-117.61,0.0,0.6016963870768153,12.03,lower,standard,False,,,,,,,,2026-08-14
2026,00-0041483,TE,PHI,Eli Stowers,ACT,True,yes,23.381725311279297,4.604473841456605,0.0,22.70923698415123,ext_et_all,0.18339195293424862,0.8166080470657514,0.37435897435897436,123,46.28,124.92868260243878,-120.32,0.0,0.6013698990751638,12.03,lower,standard,False,,,,,,,,2026-08-14
2026,00-0037013,QB,NO,Zach Wilson,ACT,True,no,27.080638885498047,13.56808333265688,0.0,57.94522144490358,ext_et_all,0.11734208308635014,0.8826579169136499,0.46218487394957986,65,54.63,219.7920156860182,-206.22,0.0,0.6004317109317509,12.01,lower,standard,False,,,,,,,,2026-08-14
2026,00-0041116,TE,CIN,Jack Endries,ACT,True,yes,22.434410095214844,4.229051828982058,0.0,22.33381497167668,ext_et_all,0.18426006929405675,0.8157399307059432,0.358974358974359,126,45.03,124.92868260243878,-120.7,0.0,0.6005017827153556,12.01,lower,standard,False,,,,,,,,2026-08-14
2026,00-0039577,QB,AZ,Kedon Slovis,ACT,True,no,25.39134979248047,5.052643903194793,0.15201415449517697,6.908690343021558,ext_et_all,0.1180944368125595,0.8819055631874405,0.3277310924369748,81,43.86,219.7920156860182,-214.74,0.0,0.5996793572055414,11.99,lower,standard,False,,,,,,,,2026-08-14
2026,00-0040099,WR,BAL,Xavier Guillory,ACT,True,yes,25.1367244720459,1.3167835571099453,0.0,1.2377918589483587,ext_et_all,0.15344063035373226,0.8465593696462678,0.033854166666666664,372,19.64,122.48557493000283,-121.17,0.0,0.5994128995410194,11.99,lower,standard,False,,,,,,,,2026-08-14
2026,00-0036973,RB,NO,Travis Etienne,ACT,True,no,27.598102569580078,169.18908960437705,100.02950792223481,284.156985342703,ext_et_all,0.5881296905516228,0.4118703094483772,0.919047619047619,18,81.76,156.9957177199209,12.19,0.0958,0.21530664799421728,11.97,higher,standard,False,,,,,,,,2026-08-14
2026,00-0031237,QB,DET,Teddy Bridgewater,ACT,True,no,33.807674407958984,11.963510233935226,0.0,56.34064834618193,ext_et_all,0.11914986200979322,0.8808501379902067,0.4369747899159664,68,52.57,219.7920156860182,-207.83,0.0,0.5986239320083077,11.97,lower,standard,False,,,,,,,,2026-08-14
2026,00-0038728,WR,HOU,Jared Wayne,ACT,True,no,25.90060043334961,5.37165013921432,0.0,27.282703389328415,ext_et_all,0.1543940917067575,0.8456059082932426,0.21614583333333334,302,34.2,122.48557493000283,-117.11,0.0,0.5984594381879942,11.97,lower,standard,False,,,,,,,,2026-08-14
2026,00-0040945,TE,GB,R.J. Maryland,ACT,True,yes,22.146930694580078,4.411872544893644,0.0,22.516635687588266,ext_et_all,0.18610545549983842,0.8138945445001615,0.3641025641025641,125,45.41,124.92868260243878,-120.52,0.0,0.5986563965095739,11.97,lower,standard,True,Hamstring,Questionable,,2026-08-13,CBS Sports,"Secondary public tracker, independently reviewed",https://www.cbssports.com/nfl/injuries/,2026-08-14
2026,00-0040879,TE,BAL,Matthew Hibner,ACT,True,yes,24.482364654541016,2.8425354099633195,0.0,2.71612105619226,ext_et_all,0.186470967479664,0.813529032520336,0.27692307692307694,142,38.42,124.92868260243878,-122.09,0.0,0.5982908845297484,11.97,lower,standard,False,,,,,,,,2026-08-14
2026,00-0041094,TE,TB,Bauer Sharp,ACT,True,yes,23.332443237304688,2.601690231845999,0.0,2.4752758780749393,ext_et_all,0.1868091135505267,0.8131908864494732,0.26153846153846155,145,37.19,124.92868260243878,-122.33,0.0,0.5979527384588856,11.96,lower,standard,False,,,,,,,,2026-08-14
2026,00-0041395,TE,NE,Eli Raridon,ACT,True,yes,22.552139282226562,2.9461040750482446,0.035643353238983266,2.819689721277185,ext_et_all,0.18807820953870844,0.8119217904612915,0.28205128205128205,141,38.8,124.92868260243878,-121.98,0.0,0.5966836424707039,11.93,lower,standard,False,,,,,,,,2026-08-14
2026,00-0041438,WR,TEN,Carnell Tate,ACT,True,yes,21.61577606201172,9.789255099079565,0.0,31.70030834919366,ext_et_all,0.15906847322315193,0.840931526776848,0.5416666666666666,177,60.15,122.48557493000283,-112.7,0.0,0.5937850566715996,11.88,lower,standard,False,,,,,,,,2026-08-14
2026,00-0041032,TE,NYJ,Kenyon Sadiq,ACT,True,yes,21.49530792236328,5.082572070694714,0.0,23.187335213389336,ext_et_all,0.19077229275058777,0.8092277072494123,0.37948717948717947,122,46.54,124.92868260243878,-119.85,0.0,0.5939895592588247,11.88,lower,standard,True,Abdomen,Questionable,"Aug 21, 2026",2026-08-14,MyFantasyLeague,Documented public injury API,https://api.myfantasyleague.com/2026/export?TYPE=injuries&JSON=1,2026-08-14
2026,00-0041185,WR,ATL,Vinny Anthony,ACT,True,yes,23.18185806274414,4.209022402605234,0.4199201424269279,4.130030704443647,ext_et_all,0.1586342746488471,0.8413657253511528,0.1796875,316,31.2,122.48557493000283,-118.28,0.0,0.5942192552459045,11.88,lower,standard,False,,,,,,,,2026-08-14
2026,00-0041318,WR,NE,Kyle Dixon,ACT,True,yes,25.963571548461914,8.716202377841146,0.0,30.62725562795524,ext_et_all,0.15984081863263558,0.8401591813673644,0.5078125,190,57.43,122.48557493000283,-113.77,0.0,0.5930127112621161,11.86,lower,standard,False,,,,,,,,2026-08-14
2026,00-0038097,K,NYJ,Cade York,ACT,True,no,25.59395408630371,9.41498288295961,0.0,79.33360176528764,phase2_production_kicker,0.040454938199477576,0.9595450618005225,0.023255813953488372,43,21.05,117.20593632592522,-107.79,0.0,0.5925602394293731,11.85,lower,low (kicker),False,,,,,,,,2026-08-14
2026,00-0040901,TE,TEN,Jaren Kanak,ACT,True,yes,22.557615280151367,3.3767463237377626,0.4662856019285013,3.250331969966703,ext_et_all,0.192374829337323,0.807625170662677,0.3128205128205128,135,41.18,124.92868260243878,-121.55,0.0,0.5923870226720894,11.85,lower,standard,True,Pectoral,Questionable,"Aug 23, 2026",2026-08-14,MyFantasyLeague,Documented public injury API,https://api.myfantasyleague.com/2026/export?TYPE=injuries&JSON=1,2026-08-14
2026,00-0041201,WR,NYJ,D.T. Sheffield,ACT,True,yes,25.51729393005371,8.122997470966306,0.0,30.034050721080398,ext_et_all,0.16246524807944598,0.837534751920554,0.4296875,220,51.13,122.48557493000283,-114.36,0.0,0.5903882818153057,11.81,lower,standard,False,,,,,,,,2026-08-14
2026,00-0040785,WR,CIN,Dohnte Meyers,ACT,True,yes,26.15522575378418,8.054375183853693,0.0,29.965428433967787,ext_et_all,0.1624996951184046,0.8375003048815954,0.4114583333333333,227,49.67,122.48557493000283,-114.43,0.0,0.5903538347763471,11.81,lower,standard,False,,,,,,,,2026-08-14
2026,00-0036534,TE,BUF,Shane Zylstra,ACT,True,no,29.791166305541992,6.130776230181437,0.0,24.235539372876058,ext_et_all,0.1943956139968653,0.8056043860031347,0.4205128205128205,114,49.75,124.92868260243878,-118.8,0.0,0.5903662380125471,11.81,lower,standard,False,,,,,,,,2026-08-14
2026,00-0037324,QB,KC,Chris Oladokun,ACT,True,no,28.994434356689453,12.805790882802269,0.0,57.182928995048975,ext_et_all,0.12766449066156427,0.8723355093384357,0.453781512605042,66,53.75,219.7920156860182,-206.99,0.0,0.5901093033565367,11.8,lower,standard,False,,,,,,,,2026-08-14
2026,00-0040977,WR,BAL,Cortez Braham,ACT,True,yes,26.48925018310547,9.005019786755792,0.0,30.916073036869886,ext_et_all,0.16279181899003803,0.837208181009962,0.5234375,184,58.62,122.48557493000283,-113.48,0.0,0.5900617109047136,11.8,lower,standard,False,,,,,,,,2026-08-14
2026,00-0041407,WR,CHI,Kyron Hudson,ACT,True,yes,24.296186447143555,8.239382909820362,0.0,30.150436159934458,ext_et_all,0.16261058108874363,0.8373894189112564,0.4661458333333333,206,54.04,122.48557493000283,-114.25,0.0,0.590242948806008,11.8,lower,standard,True,Undisclosed,IR,,2026-08-11,CBS Sports,"Secondary public tracker, independently reviewed",https://www.cbssports.com/nfl/injuries/,2026-08-14
2026,00-0038590,WR,LV,Justin Shorter,RES,True,no,26.374258041381836,6.540251429299715,0.0,28.45130467941381,ext_et_all,0.1629717789552,0.8370282210448,0.2786458333333333,278,39.03,122.48557493000283,-115.95,0.0,0.5898817509395516,11.8,lower,standard,True,Undisclosed,IR,"Feb 15, 2027",2026-08-14,MyFantasyLeague,Documented public injury API,https://api.myfantasyleague.com/2026/export?TYPE=injuries&JSON=1,2026-08-14
2026,00-0040970,WR,MIN,Michael Briscoe,ACT,True,yes,24.107271194458008,8.585394917494375,0.0,30.49644816760847,ext_et_all,0.1631436683545847,0.8368563316454153,0.4921875,196,56.11,122.48557493000283,-113.9,0.0,0.5897098615401669,11.79,lower,standard,False,,,,,,,,2026-08-14
2026,00-0041317,WR,NE,Nick DeGennaro,ACT,True,yes,25.67335319519043,8.183873835864501,0.0,30.094927085978597,ext_et_all,0.16314588007050257,0.8368541199294974,0.4635416666666667,207,53.82,122.48557493000283,-114.3,0.0,0.5897076498242491,11.79,lower,standard,False,,,,,,,,2026-08-14
2026,00-0041229,WR,IND,E.J. Horton,ACT,True,yes,26.001903533935547,8.156007178402355,0.0,30.06706042851645,ext_et_all,0.16336160928071633,0.8366383907192837,0.4479166666666667,213,52.57,122.48557493000283,-114.33,0.0,0.5894919206140353,11.79,lower,standard,False,,,,,,,,2026-08-14
2026,00-0041005,WR,LV,Corey Rucker,RES,True,yes,24.23047637939453,8.049429629672911,0.0,29.960482879787005,ext_et_all,0.16331386496296313,0.8366861350370369,0.4088541666666667,228,49.44,122.48557493000283,-114.44,0.0,0.5895396649317886,11.79,lower,standard,True,Undisclosed,IR,,2026-07-23,CBS Sports,"Secondary public tracker, independently reviewed",https://www.cbssports.com/nfl/injuries/,2026-08-14
2026,00-0040986,WR,BAL,Ty Pezza,ACT,True,yes,23.953948974609375,8.044680160994991,0.0,29.955733411109087,ext_et_all,0.16343563280706336,0.8365643671929366,0.40625,229,49.23,122.48557493000283,-114.44,0.0,0.5894178970876882,11.79,lower,standard,False,,,,,,,,2026-08-14
2026,00-0041451,WR,NO,Brock Rechsteiner,ACT,True,yes,24.030609130859375,7.9923291920814155,0.0,29.903382442195507,ext_et_all,0.16339113650338455,0.8366088634966155,0.3932291666666667,234,48.19,122.48557493000283,-114.49,0.0,0.5894623933913671,11.79,lower,standard,False,,,,,,,,2026-08-14
2026,00-0040919,WR,TEN,Tyren Montgomery,ACT,True,yes,25.16410255432129,8.249843837572348,0.0,30.160897087686443,ext_et_all,0.16382228235877747,0.8361777176412225,0.46875,205,54.22,122.48557493000283,-114.24,0.0,0.5890312475359741,11.78,lower,standard,False,,,,,,,,2026-08-14
2026,00-0041299,WR,DEN,Cam Ross,ACT,True,yes,25.043636322021484,8.171165138633974,0.0,30.082218388748068,ext_et_all,0.16360632995273636,0.8363936700472636,0.4544270833333333,210,53.08,122.48557493000283,-114.31,0.0,0.5892471999420152,11.78,lower,standard,False,,,,,,,,2026-08-14
2026,00-0041266,WR,ATL,Keelan Marion,ACT,True,yes,26.19355583190918,8.130277019672196,0.0,30.04133026978629,ext_et_all,0.16384430351090234,0.8361556964890977,0.4322916666666667,219,51.31,122.48557493000283,-114.36,0.0,0.5890092263838493,11.78,lower,standard,False,,,,,,,,2026-08-14
2026,00-0041368,WR,AZ,Harrison Wallace,ACT,True,yes,23.35982322692871,7.803782177374142,0.0,29.714835427488236,ext_et_all,0.16381508874409517,0.8361849112559048,0.3515625,250,44.85,122.48557493000283,-114.68,0.0,0.5890384411506564,11.78,lower,standard,False,,,,,,,,2026-08-14
2026,00-0033537,QB,CLE,Deshaun Watson,ACT,True,no,30.965728759765625,20.022341997264185,0.0,64.39948010951089,ext_et_all,0.12914609511854847,0.8708539048814515,0.5126050420168067,59,58.43,219.7920156860182,-199.77,0.0,0.5886276988995525,11.77,lower,standard,False,,,,,,,,2026-08-14
2026,00-0040967,WR,KC,Jacob De Jesus,ACT,True,yes,24.471412658691406,8.51396636640309,0.0,30.425019616517183,ext_et_all,0.1645728361566054,0.8354271638433945,0.4869791666666667,198,55.67,122.48557493000283,-113.97,0.0,0.5882806937381462,11.77,lower,standard,False,,,,,,,,2026-08-14
2026,00-0041069,WR,CIN,Colbie Young,ACT,True,yes,24.107271194458008,8.395176048336216,0.0,30.30622929845031,ext_et_all,0.1643843022668857,0.8356156977331143,0.4791666666666667,201,55.05,122.48557493000283,-114.09,0.0,0.5884692276278659,11.77,lower,standard,False,,,,,,,,2026-08-14
2026,00-0041272,WR,BUF,Ja'Mori Maclin,ACT,True,yes,24.942333221435547,8.102542851521362,0.0,30.013596101635457,ext_et_all,0.16445561925397278,0.8355443807460272,0.4270833333333333,221,50.88,122.48557493000283,-114.38,0.0,0.5883979106407788,11.77,lower,standard,False,,,,,,,,2026-08-14
2026,00-0041294,WR,DEN,Joseph Manjack,ACT,True,yes,23.795148849487305,7.976099212874731,0.0,29.887152462988823,ext_et_all,0.16438648193401595,0.835613518065984,0.3854166666666667,237,47.55,122.48557493000283,-114.51,0.0,0.5884670479607357,11.77,lower,standard,False,,,,,,,,2026-08-14
2026,00-0041550,WR,LAC,Brenen Thompson,RES,True,yes,23.10519790649414,7.939503673451522,0.0,29.850556923565616,ext_et_all,0.16449115569693143,0.8355088443030686,0.375,241,46.71,122.48557493000283,-114.55,0.0,0.5883623741978202,11.77,lower,standard,False,,,,,,,,2026-08-14
2026,00-0041380,WR,LAC,Devonte Ross,ACT,True,yes,23.97859001159668,7.624480502282668,0.0,29.535533752396763,ext_et_all,0.1645728361566054,0.8354271638433945,0.34375,253,44.21,122.48557493000283,-114.86,0.0,0.5882806937381462,11.77,lower,standard,False,,,,,,,,2026-08-14
2026,00-0041399,WR,LA,C.J. Daniels,ACT,True,yes,24.657590866088867,9.05318745442346,0.0,30.964240704537552,ext_et_all,0.1648551303462921,0.8351448696537079,0.5338541666666666,180,59.41,122.48557493000283,-113.43,0.0,0.5879983995484596,11.76,lower,standard,False,,,,,,,,2026-08-14
2026,00-0041474,WR,LAC,Mante Morrow,ACT,True,yes,24.627473831176758,9.014286530948596,0.0,30.92533978106269,ext_et_all,0.1646862266540514,0.8353137733459486,0.5286458333333334,182,59.0,122.48557493000283,-113.47,0.0,0.5881673032407002,11.76,lower,standard,False,,,,,,,,2026-08-14
2026,00-0041011,WR,LV,E.J. Williams,ACT,True,yes,24.797224044799805,8.907291821953889,0.0,30.818345072067984,ext_et_all,0.16506976400155493,0.8349302359984451,0.5182291666666666,186,58.16,122.48557493000283,-113.58,0.0,0.5877837658931967,11.76,lower,standard,False,,,,,,,,2026-08-14
2026,00-0040948,WR,GB,J.Michael Sturdivant,ACT,True,yes,23.98680305480957,8.135250968526488,0.0,30.046304218640582,ext_et_all,0.1646653166402198,0.8353346833597802,0.4375,216,51.71,122.48557493000283,-114.35,0.0,0.5881882132545319,11.76,lower,standard,False,,,,,,,,2026-08-14
2026,00-0041035,WR,SF,De'Zhaun Stribling,ACT,True,yes,23.70479965209961,8.056172094021552,0.0,29.967225344135645,ext_et_all,0.1649095546797588,0.8350904453202412,0.4140625,226,49.83,122.48557493000283,-114.43,0.0,0.5879439752149929,11.76,lower,standard,False,,,,,,,,2026-08-14
2026,00-0041233,WR,IND,Raylen Sharpe,ACT,True,yes,24.433082580566406,7.99713635600087,0.0,29.908189606114963,ext_et_all,0.1649782613635376,0.8350217386364625,0.3984375,232,48.58,122.48557493000283,-114.49,0.0,0.5878752685312141,11.76,lower,standard,False,,,,,,,,2026-08-14
2026,00-0041373,WR,LAC,Jerand Bradley,ACT,True,yes,23.893714904785156,7.843280922125871,0.0,29.754334172239965,ext_et_all,0.16478178545380495,0.835218214546195,0.3619791666666667,246,45.66,122.48557493000283,-114.64,0.0,0.5880717444409467,11.76,lower,standard,False,,,,,,,,2026-08-14
2026,00-0033319,QB,JAX,Nick Mullens,ACT,True,no,31.45033836364746,9.170216423056495,0.0,53.5473545353032,ext_et_all,0.13030708109094988,0.8696929189090501,0.42016806722689076,70,51.01,219.7920156860182,-210.62,0.0,0.587466712927151,11.75,lower,standard,False,,,,,,,,2026-08-14
2026,00-0041216,WR,JAX,Trebor Pena,ACT,True,yes,24.52617073059082,8.171165138633974,0.0,30.082218388748068,ext_et_all,0.16531968961720642,0.8346803103827936,0.4544270833333333,210,53.05,122.48557493000283,-114.31,0.0,0.5875338402775452,11.75,lower,standard,False,,,,,,,,2026-08-14
2026,00-0041309,WR,HOU,Daniel Sobkowicz,ACT,True,yes,23.95942497253418,8.135250968526488,0.0,30.046304218640582,ext_et_all,0.1654681745483702,0.8345318254516298,0.4375,216,51.69,122.48557493000283,-114.35,0.0,0.5873853553463815,11.75,lower,standard,False,,,,,,,,2026-08-14
2026,00-0041475,WR,MIN,Trayvon Rudolph,ACT,True,yes,24.298925399780273,8.023958780957736,0.0,29.935012031071828,ext_et_all,0.16531968961720642,0.8346803103827936,0.4010416666666667,231,48.78,122.48557493000283,-114.46,0.0,0.5875338402775452,11.75,lower,standard,False,,,,,,,,2026-08-14
2026,00-0041106,WR,JAX,C.J. Williams,ACT,True,yes,23.858121871948242,7.604813525500974,0.0,29.515866775615066,ext_et_all,0.16536827802213727,0.8346317219778627,0.3385416666666667,255,43.78,122.48557493000283,-114.88,0.0,0.5874852518726144,11.75,lower,standard,False,,,,,,,,2026-08-14
2026,00-0041542,WR,CAR,Malick Meiga,ACT,True,yes,25.437894821166992,8.827874755536822,0.0,30.738928005650916,ext_et_all,0.16597764342580626,0.8340223565741938,0.515625,187,57.93,122.48557493000283,-113.66,0.0,0.5868758864689454,11.74,lower,standard,True,Undisclosed,Questionable,,2026-08-12,CBS Sports,"Secondary public tracker, independently reviewed",https://www.cbssports.com/nfl/injuries/,2026-08-14
2026,00-0041292,WR,DEN,Kolbe Katsis,ACT,True,yes,24.676755905151367,8.268512403003069,0.0,30.179565653117162,ext_et_all,0.16590516874059444,0.8340948312594055,0.4739583333333333,203,54.6,122.48557493000283,-114.22,0.0,0.5869483611541572,11.74,lower,standard,False,,,,,,,,2026-08-14
2026,00-0041199,WR,NYJ,Caullin Lacy,ACT,True,yes,24.69318389892578,8.140212757681592,0.0,30.051266007795686,ext_et_all,0.16566693929984797,0.834333060700152,0.4427083333333333,215,52.1,122.48557493000283,-114.35,0.0,0.5871865905949036,11.74,lower,standard,False,,,,,,,,2026-08-14
2026,00-0040876,WR,BAL,Elijah Sarratt,ACT,True,yes,23.263996124267578,7.987766292615752,0.0,29.898819542729846,ext_et_all,0.16584814715845764,0.8341518528415424,0.390625,235,47.93,122.48557493000283,-114.5,0.0,0.587005382736294,11.74,lower,standard,False,,,,,,,,2026-08-14
2026,00-0041158,WR,MIA,Donaven McCulley,ACT,True,yes,23.628137588500977,7.981510299785818,0.0,29.89256354989991,ext_et_all,0.1659134514960156,0.8340865485039843,0.3880208333333333,236,47.72,122.48557493000283,-114.5,0.0,0.586940078398736,11.74,lower,standard,False,,,,,,,,2026-08-14
2026,00-0041536,WR,DET,Kyre Duplessis,ACT,True,yes,24.123699188232422,7.834895576737539,0.0,29.74594882685163,ext_et_all,0.16572052231442366,0.8342794776855763,0.359375,247,45.44,122.48557493000283,-114.65,0.0,0.5871330075803279,11.74,lower,standard,False,,,,,,,,2026-08-14
2026,00-0041220,WR,JAX,Michael Wortham,ACT,True,yes,24.181194305419922,7.818977617372253,0.0,29.73003086748635,ext_et_all,0.16566693929984797,0.834333060700152,0.3541666666666667,249,45.02,122.48557493000283,-114.67,0.0,0.5871865905949036,11.74,lower,standard,False,,,,,,,,2026-08-14
2026,00-0041100,WR,JAX,Josh Cameron,ACT,True,yes,23.45838737487793,7.379312537402753,0.0,29.290365787516848,ext_et_all,0.16563077690740194,0.8343692230925981,0.3125,265,41.69,122.48557493000283,-115.11,0.0,0.5872227529873497,11.74,lower,standard,False,,,,,,,,2026-08-14
2026,00-0040900,WR,DAL,Anthony Smith,ACT,True,yes,24.504268646240234,9.007110013346018,0.0,30.918163263460112,ext_et_all,0.16611057521213354,0.8338894247878664,0.5260416666666666,183,58.76,122.48557493000283,-113.48,0.0,0.5867429546826181,11.73,lower,standard,False,,,,,,,,2026-08-14
2026,00-0041435,WR,TB,Dean Patterson,ACT,True,yes,24.285234451293945,8.718843049609175,0.0,30.62989629972327,ext_et_all,0.16611057521213354,0.8338894247878664,0.5104166666666666,189,57.51,122.48557493000283,-113.77,0.0,0.5867429546826181,11.73,lower,standard,False,,,,,,,,2026-08-14
2026,00-0041187,WR,ATL,Le'Meke Brockington,ACT,True,yes,24.898527145385742,8.178444687339866,0.0,30.08949793745396,ext_et_all,0.16615163269202424,0.8338483673079757,0.4583333333333333,209,53.34,122.48557493000283,-114.31,0.0,0.5867018972027274,11.73,lower,standard,False,,,,,,,,2026-08-14
2026,00-0041067,WR,NO,Bryce Lance,ACT,True,yes,24.033348083496094,8.135250968526488,0.0,30.046304218640582,ext_et_all,0.16628117513106916,0.8337188248689309,0.4375,216,51.67,122.48557493000283,-114.35,0.0,0.5865723547636825,11.73,lower,standard,False,,,,,,,,2026-08-14
2026,00-0041205,WR,JAX,Brady Boyd,ACT,True,yes,24.238691329956055,8.08846477548556,0.0,29.999518025599656,ext_et_all,0.1663388330230668,0.8336611669769332,0.4244791666666667,222,50.63,122.48557493000283,-114.4,0.0,0.5865146968716848,11.73,lower,standard,False,,,,,,,,2026-08-14
2026,00-0041267,WR,NYJ,Malik McClain,ACT,True,yes,23.89919090270996,7.928937837213357,0.0,29.83999108732745,ext_et_all,0.16643604544187265,0.8335639545581274,0.3723958333333333,242,46.46,122.48557493000283,-114.56,0.0,0.586417484452879,11.73,lower,standard,False,,,,,,,,2026-08-14
2026,00-0041132,WR,IND,Deion Burks,ACT,True,yes,23.647302627563477,7.425344627709142,0.0,29.336397877823238,ext_et_all,0.16629003357987218,0.8337099664201278,0.3255208333333333,260,42.72,122.48557493000283,-115.06,0.0,0.5865634963148795,11.73,lower,standard,False,,,,,,,,2026-08-14
2026,00-0041037,WR,CLE,Denzel Boston,ACT,True,yes,22.738317489624023,6.079323624213678,0.0,27.990376874327772,ext_et_all,0.16650246324246865,0.8334975367575314,0.25,289,36.67,122.48557493000283,-116.41,0.0,0.586351066652283,11.73,lower,standard,False,,,,,,,,2026-08-14
2026,00-0041293,WR,DEN,Dane Key,ACT,True,yes,23.17090606689453,7.974015590791109,0.0,29.885068840905202,ext_et_all,0.1670997427013508,0.8329002572986492,0.3802083333333333,239,47.07,122.48557493000283,-114.51,0.0,0.5857537871934009,11.72,lower,standard,False,,,,,,,,2026-08-14
2026,00-0041342,WR,MIN,Dillon Bell,ACT,True,yes,22.82045555114746,7.8793936899163315,0.0,29.790446940030424,ext_et_all,0.167090308309684,0.832909691690316,0.3671875,244,46.03,122.48557493000283,-114.61,0.0,0.5857632215850677,11.72,lower,standard,False,,,,,,,,2026-08-14
2026,00-0040603,WR,LA,Mario Williams,ACT,True,yes,23.611709594726562,7.437219047583563,0.0,29.348272297697655,ext_et_all,0.16673720800433178,0.8332627919956682,0.328125,259,42.92,122.48557493000283,-115.05,0.0,0.5861163218904198,11.72,lower,standard,False,,,,,,,,2026-08-14
2026,00-0040890,WR,KC,Cyrus Allen,ACT,True,yes,23.554214477539062,7.40646152194003,0.0,29.317514772054125,ext_et_all,0.16702988483233736,0.8329701151676626,0.3151041666666667,264,41.87,122.48557493000283,-115.08,0.0,0.5858236450624142,11.72,lower,standard,False,,,,,,,,2026-08-14
2026,00-0041228,WR,IND,Sahmir Hagans,ACT,True,yes,23.71027374267578,7.283800178308808,0.0,29.194853428422903,ext_et_all,0.1666867407029433,0.8333132592970567,0.3020833333333333,269,40.83,122.48557493000283,-115.2,0.0,0.5861667891918083,11.72,lower,standard,False,,,,,,,,2026-08-14
2026,00-0041525,WR,MIA,Chris Bell,ACT,True,yes,22.234542846679688,8.62280877106133,0.0,30.533862021175423,ext_et_all,0.16723839402615606,0.832761605973844,0.4947916666666667,195,56.24,122.48557493000283,-113.86,0.0,0.5856151358685956,11.71,lower,standard,True,Knee - ACL,Out,"Aug 15, 2026",2026-08-14,MyFantasyLeague,Documented public injury API,https://api.myfantasyleague.com/2026/export?TYPE=injuries&JSON=1,2026-08-14
2026,00-0041374,WR,LAC,Sincere Brown,ACT,True,yes,24.73151397705078,8.572758828712562,0.0,30.483812078826656,ext_et_all,0.1671604476262216,0.8328395523737784,0.4895833333333333,197,55.82,122.48557493000283,-113.91,0.0,0.58569308226853,11.71,lower,standard,False,,,,,,,,2026-08-14
2026,00-0040894,WR,LV,Malik Benson,ACT,True,yes,23.874549865722656,7.414405717831013,0.0,29.325458967945107,ext_et_all,0.1674111897149423,0.8325888102850577,0.3203125,262,42.28,122.48557493000283,-115.07,0.0,0.5854423401798093,11.71,lower,standard,False,,,,,,,,2026-08-14
2026,00-0041361,WR,SF,Will Pauling,ACT,True,yes,23.49671745300293,7.40649883339347,0.0,29.317552083507564,ext_et_all,0.167628543765072,0.832371456234928,0.3177083333333333,263,42.06,122.48557493000283,-115.08,0.0,0.5852249861296797,11.7,lower,standard,False,,,,,,,,2026-08-14
2026,00-0040989,WR,BAL,Octavian Smith,ACT,True,yes,23.307802200317383,7.377852418861048,0.0,29.28890566897514,ext_et_all,0.16792210024168058,0.8320778997583194,0.3098958333333333,266,41.43,122.48557493000283,-115.11,0.0,0.584931429653071,11.7,lower,standard,False,,,,,,,,2026-08-14
2026,00-0041020,WR,KC,Xavier Loyd,ACT,True,yes,23.47755241394043,7.742676200608993,0.0,29.653729450723088,ext_et_all,0.1685630393567101,0.8314369606432899,0.3463541666666667,252,44.34,122.48557493000283,-114.74,0.0,0.5842904905380415,11.69,lower,standard,False,,,,,,,,2026-08-14
2026,00-0037282,TE,CAR,James Mitchell,ACT,True,no,27.058734893798828,7.839523300451959,0.0,25.94428644314658,ext_et_all,0.2007006445640558,0.7992993554359442,0.48205128205128206,102,54.55,124.92868260243878,-117.09,0.0,0.5840612074453566,11.68,moderate,standard,False,,,,,,,,2026-08-14
2026,00-0040895,WR,SEA,Emmanuel Henderson,ACT,True,yes,23.45017433166504,7.488135462406246,0.0,29.399188712520342,ext_et_all,0.16870040419616353,0.8312995958038365,0.3333333333333333,257,43.29,122.48557493000283,-115.0,0.0,0.5841531256985881,11.68,lower,standard,False,,,,,,,,2026-08-14
2026,00-0041287,WR,CLE,Kole Wilson,ACT,True,yes,22.710939407348633,8.159527176674091,0.0,30.070580426788183,ext_et_all,0.16914973063381386,0.8308502693661861,0.4505208333333333,212,52.66,122.48557493000283,-114.33,0.0,0.5837037992609377,11.67,lower,standard,False,,,,,,,,2026-08-14
2026,00-0040912,WR,TEN,Hank Beatty,ACT,True,yes,22.94913673400879,7.475331824925661,0.0,29.386385075039755,ext_et_all,0.16914973063381386,0.8308502693661861,0.3307291666666667,258,43.08,122.48557493000283,-115.01,0.0,0.5837037992609377,11.67,lower,standard,False,,,,,,,,2026-08-14
2026,00-0041467,WR,HOU,Lewis Bond,ACT,True,yes,23.26125717163086,7.318275329283959,0.0,29.229328579398054,ext_et_all,0.16934618229453843,0.8306538177054615,0.3046875,268,40.99,122.48557493000283,-115.17,0.0,0.5835073476002132,11.67,lower,standard,False,,,,,,,,2026-08-14
2026,00-0041547,WR,CLE,K.C. Concepcion,ACT,True,yes,21.936111450195312,8.964798746555887,0.0,30.87585199666998,ext_et_all,0.16993076317525543,0.8300692368247445,0.5208333333333334,185,58.27,122.48557493000283,-113.52,0.0,0.5829227667194962,11.66,lower,standard,False,,,,,,,,2026-08-14
2026,00-0036423,TE,LV,Albert Okwuegbunam,ACT,True,no,28.3537654876709,8.906447077596997,0.0,27.01121022029162,ext_et_all,0.2019368367519383,0.7980631632480617,0.5128205128205128,96,56.99,124.92868260243878,-116.02,0.0,0.5828250152574741,11.66,moderate,standard,False,,,,,,,,2026-08-14
2026,00-0041476,WR,SEA,Rashad Rochelle,ACT,True,yes,22.39060401916504,7.995048225728258,0.0,29.906101475842352,ext_et_all,0.16996837488300406,0.8300316251169959,0.3958333333333333,233,48.27,122.48557493000283,-114.49,0.0,0.5828851550117475,11.66,lower,standard,False,,,,,,,,2026-08-14
2026,00-0041152,WR,CAR,Kobe Prentice,ACT,True,yes,22.47821617126465,7.975078140706832,0.0,29.886131390820925,ext_et_all,0.1699140219410185,0.8300859780589815,0.3828125,238,47.23,122.48557493000283,-114.51,0.0,0.5829395079537332,11.66,lower,standard,False,,,,,,,,2026-08-14
2026,00-0041322,WR,NE,Jimmy Kibble,ACT,True,yes,22.69451141357422,7.925693112715755,0.0,29.83674636282985,ext_et_all,0.1700971997220227,0.8299028002779774,0.3697916666666667,243,46.18,122.48557493000283,-114.56,0.0,0.582756330172729,11.66,lower,standard,True,Undisclosed,IR,,2026-07-25,CBS Sports,"Secondary public tracker, independently reviewed",https://www.cbssports.com/nfl/injuries/,2026-08-14
2026,00-0040934,WR,DAL,Jordan Hudson,ACT,True,yes,22.776647567749023,7.833316248838892,0.0,29.744369498952985,ext_et_all,0.1700971997220227,0.8299028002779774,0.3567708333333333,248,45.14,122.48557493000283,-114.65,0.0,0.582756330172729,11.66,lower,standard,False,,,,,,,,2026-08-14
2026,00-0041176,WR,WAS,Jaden Bradley,ACT,True,yes,23.43922233581543,7.609082244816097,0.0,29.52013549493019,ext_et_all,0.16962160949937619,0.8303783905006238,0.3411458333333333,254,43.9,122.48557493000283,-114.88,0.0,0.5832319203953754,11.66,lower,standard,False,,,,,,,,2026-08-14
2026,00-0041081,RB,MIN,Max Bredeson,ACT,True,yes,23.910140991210938,9.658485836691156,0.0,37.98694195541625,ext_et_all,0.22104448123491285,0.7789555187650872,0.30952380952380953,146,40.34,156.9957177199209,-147.34,0.0,0.5823918573109272,11.65,moderate,standard,False,,,,,,,,2026-08-14
2026,00-0041436,RB,MIA,D.J. Herman,ACT,True,yes,24.460460662841797,9.62052155097687,0.0,37.94897766970196,ext_et_all,0.22104448123491285,0.7789555187650872,0.29523809523809524,149,39.2,156.9957177199209,-147.38,0.0,0.5823918573109272,11.65,moderate,standard,False,,,,,,,,2026-08-14
2026,00-0040930,WR,DAL,Camden Brown,ACT,True,yes,22.322154998779297,8.704899787363631,0.0,30.615953037477723,ext_et_all,0.17010392360293425,0.8298960763970658,0.5026041666666666,192,56.81,122.48557493000283,-113.78,0.0,0.5827496062918174,11.65,lower,standard,False,,,,,,,,2026-08-14
2026,00-0041070,WR,AZ,Reggie Virgil,ACT,True,yes,22.30025291442871,8.450146335568512,0.0,30.361199585682606,ext_et_all,0.1703710688296684,0.8296289311703315,0.484375,199,55.34,122.48557493000283,-114.04,0.0,0.5824824610650832,11.65,lower,standard,False,,,,,,,,2026-08-14
2026,00-0041359,WR,SF,Wesley Grimes,ACT,True,yes,22.480955123901367,8.255134794072323,0.0,30.166188044186416,ext_et_all,0.1704445186820052,0.8295554813179948,0.4713541666666667,204,54.3,122.48557493000283,-114.23,0.0,0.5824090112127465,11.65,lower,standard,False,,,,,,,,2026-08-14
2026,00-0041191,RB,ATL,Cash Jones,ACT,True,yes,26.407114028930664,8.799710504084988,0.0,37.128166622810085,ext_et_all,0.22122998464611815,0.7787700153538819,0.24761904761904763,159,35.38,156.9957177199209,-148.2,0.0,0.582206353899722,11.64,moderate,standard,False,,,,,,,,2026-08-14
2026,00-0041446,WR,DET,Kendrick Law,ACT,True,yes,22.218114852905273,8.641037573445836,0.0,30.55209082355993,ext_et_all,0.1708215431909187,0.8291784568090813,0.5,193,56.58,122.48557493000283,-113.84,0.0,0.5820319867038329,11.64,lower,standard,True,Knee - ACL,IR,"Feb 15, 2027",2026-08-14,MyFantasyLeague,Documented public injury API,https://api.myfantasyleague.com/2026/export?TYPE=injuries&JSON=1,2026-08-14
2026,00-0041352,WR,MIN,Marcus Sanders,ACT,True,yes,22.13323974609375,8.629751694809368,0.0,30.54080494492346,ext_et_all,0.1710353826977993,0.8289646173022007,0.4973958333333333,194,56.37,122.48557493000283,-113.86,0.0,0.5818181471969524,11.64,lower,standard,False,,,,,,,,2026-08-14
2026,00-0040867,WR,PHI,Makai Lemon,ACT,True,yes,22.248231887817383,8.337070965106244,0.0,30.248124215220336,ext_et_all,0.17074222929445454,0.8292577707055455,0.4765625,202,54.71,122.48557493000283,-114.15,0.0,0.5821113006002971,11.64,lower,standard,True,Hamstring,Questionable,"Aug 22, 2026",2026-08-14,MyFantasyLeague,Documented public injury API,https://api.myfantasyleague.com/2026/export?TYPE=injuries&JSON=1,2026-08-14
2026,00-0041048,WR,TB,Ted Hurst,ACT,True,yes,22.166095733642578,8.080250774050928,0.0,29.99130402416502,ext_et_all,0.17063555286522303,0.829364447134777,0.421875,223,50.34,122.48557493000283,-114.41,0.0,0.5822179770295286,11.64,lower,standard,False,,,,,,,,2026-08-14
2026,00-0041308,WR,HOU,Treyvhon Saunders,ACT,True,yes,22.31941795349121,8.077671322784663,0.0,29.988724572898757,ext_et_all,0.1706142270490257,0.8293857729509743,0.4192708333333333,224,50.13,122.48557493000283,-114.41,0.0,0.5822393028457259,11.64,lower,standard,False,,,,,,,,2026-08-14
2026,00-0041319,WR,NE,Cameron Dorner,ACT,True,yes,22.57404327392578,7.940545043278895,0.0,29.85159829339299,ext_et_all,0.17070744239660518,0.8292925576033948,0.3776041666666667,240,46.79,122.48557493000283,-114.55,0.0,0.5821460874981464,11.64,lower,standard,False,,,,,,,,2026-08-14
2026,00-0041047,WR,CAR,Chris Brazzell,ACT,True,yes,22.85878562927246,7.86136829481234,0.0,29.772421544926434,ext_et_all,0.17098976847302128,0.8290102315269787,0.3645833333333333,245,45.75,122.48557493000283,-114.62,0.0,0.5818637614217304,11.64,lower,standard,True,Knee,IR,"Feb 15, 2027",2026-08-14,MyFantasyLeague,Documented public injury API,https://api.myfantasyleague.com/2026/export?TYPE=injuries&JSON=1,2026-08-14
2026,00-0040954,WR,KC,Omari Evans,ACT,True,yes,22.669870376586914,7.743214597975086,0.0,29.65426784808918,ext_et_all,0.1707391820274581,0.8292608179725419,0.3489583333333333,251,44.5,122.48557493000283,-114.74,0.0,0.5821143478672935,11.64,lower,standard,False,,,,,,,,2026-08-14
2026,00-0041168,WR,CHI,Omari Kelly,ACT,True,yes,22.85878562927246,7.550313924574413,0.0,29.461367174688505,ext_et_all,0.17066566022722043,0.8293343397727796,0.3359375,256,43.46,122.48557493000283,-114.94,0.0,0.5821878696675312,11.64,lower,standard,False,,,,,,,,2026-08-14
2026,00-0041481,WR,MIN,Terrill Davis,ACT,True,yes,23.058652877807617,7.415933117483414,0.0,29.326986367597506,ext_et_all,0.1707391820274581,0.8292608179725419,0.3229166666666667,261,42.42,122.48557493000283,-115.07,0.0,0.5821143478672935,11.64,lower,standard,False,,,,,,,,2026-08-14
2026,00-0041248,WR,CIN,Noah Thomas,ACT,True,yes,22.63427734375,8.04194454118313,0.0,29.95299779129722,ext_et_all,0.1714300282559774,0.8285699717440226,0.4036458333333333,230,48.86,122.48557493000283,-114.44,0.0,0.5814235016387742,11.63,lower,standard,False,,,,,,,,2026-08-14
2026,00-0041200,RB,NYJ,Sam Scott,ACT,True,yes,23.688371658325195,10.265735681073352,0.0,38.594191799798445,ext_et_all,0.22241744924638632,0.7775825507536137,0.36666666666666664,134,44.88,156.9957177199209,-146.73,0.0,0.5810188892994538,11.62,moderate,standard,False,,,,,,,,2026-08-14
2026,00-0037340,TE,NO,Zaire Mitchell-Paden,ACT,True,no,27.034093856811523,5.212674754277744,0.0,23.317437896972365,ext_et_all,0.20375377215072682,0.7962462278492732,0.38974358974358975,120,47.1,124.92868260243878,-119.72,0.0,0.5810080798586856,11.62,moderate,standard,False,,,,,,,,2026-08-14
2026,00-0040937,RB,DAL,Dominic Richardson,ACT,True,yes,25.38861083984375,10.245524180845058,0.0,38.57398029957015,ext_et_all,0.2229745569554708,0.7770254430445291,0.35714285714285715,136,44.11,156.9957177199209,-146.75,0.0,0.5804617815903692,11.61,moderate,standard,False,,,,,,,,2026-08-14
2026,00-0041433,RB,TB,Kadarius Calloway,ACT,True,yes,24.572715759277344,9.632312880258759,0.0,37.96076899898385,ext_et_all,0.22405852077931157,0.7759414792206885,0.3047619047619048,147,39.9,156.9957177199209,-147.36,0.0,0.5793778177665285,11.59,moderate,standard,False,,,,,,,,2026-08-14
2026,00-0040998,RB,LV,Roman Hemby,ACT,True,yes,24.044300079345703,9.389281735477615,0.0,37.71773785420271,ext_et_all,0.22405852077931157,0.7759414792206885,0.2714285714285714,154,37.23,156.9957177199209,-147.61,0.0,0.5793778177665285,11.59,moderate,standard,False,,,,,,,,2026-08-14
2026,00-0041376,RB,LAC,Gregory Desrosiers,ACT,True,yes,25.432418823242188,8.693775863562113,0.0,37.02223198228721,ext_et_all,0.22384066228838337,0.7761593377116166,0.23333333333333334,162,34.19,156.9957177199209,-148.3,0.0,0.5795956762574567,11.59,moderate,standard,False,,,,,,,,2026-08-14
2026,00-0035704,QB,SEA,Drew Lock,ACT,True,no,29.807594299316406,17.16456783898701,0.0,61.541705951233716,ext_et_all,0.13890930959045425,0.8610906904095458,0.5042016806722689,60,57.56,219.7920156860182,-202.63,0.0,0.5788644844276467,11.58,lower,standard,False,,,,,,,,2026-08-14
2026,00-0041052,RB,SF,Kaelon Black,ACT,True,yes,24.873886108398438,10.171178421690847,0.0,38.49963454041594,ext_et_all,0.22441403134804996,0.7755859686519501,0.3523809523809524,137,43.7,156.9957177199209,-146.82,0.0,0.5790223071977901,11.58,moderate,standard,True,Thigh,Questionable,"Aug 20, 2026",2026-08-14,MyFantasyLeague,Documented public injury API,https://api.myfantasyleague.com/2026/export?TYPE=injuries&JSON=1,2026-08-14
2026,00-0041485,RB,CAR,Miles Davis,ACT,True,yes,24.58640480041504,9.892071593164214,0.0,38.220527711889304,ext_et_all,0.22453105524545194,0.7754689447545481,0.32857142857142857,142,41.8,156.9957177199209,-147.1,0.0,0.5789052833003882,11.58,moderate,standard,False,,,,,,,,2026-08-14
2026,00-0041221,RB,BUF,Jackson Acker,ACT,True,yes,23.95668601989746,9.724205436776316,0.0,38.05266155550141,ext_et_all,0.2244409100504005,0.7755590899495994,0.319047619047619,144,41.03,156.9957177199209,-147.27,0.0,0.5789954284954395,11.58,moderate,standard,False,,,,,,,,2026-08-14
2026,00-0040964,RB,KC,E.J. Smith,ACT,True,yes,24.298925399780273,9.424323697541318,0.0,37.75277981626641,ext_et_all,0.22453105524545194,0.7754689447545481,0.2761904761904762,153,37.6,156.9957177199209,-147.57,0.0,0.5789052833003882,11.58,moderate,standard,False,,,,,,,,2026-08-14
2026,00-0040984,RB,BAL,Dontae McMillan,ACT,True,yes,25.07649040222168,8.801549522283693,0.0,37.130005641008786,ext_et_all,0.2245186766004556,0.7754813233995443,0.2523809523809524,158,35.7,156.9957177199209,-148.19,0.0,0.5789176619453844,11.58,moderate,standard,False,,,,,,,,2026-08-14
2026,00-0041040,WR,WAS,Antonio Williams,ACT,True,yes,22.13323974609375,6.063609936161629,0.0,27.974663186275723,ext_et_all,0.17375805520336168,0.8262419447966383,0.24739583333333334,290,36.32,122.48557493000283,-116.42,0.0,0.5790954746913899,11.58,lower,standard,False,,,,,,,,2026-08-14
2026,00-0041486,RB,IND,Anderson Castle,ACT,True,yes,24.591880798339844,10.293691848512724,0.0,38.622147967237815,ext_et_all,0.22490271175194088,0.7750972882480591,0.3761904761904762,132,45.6,156.9957177199209,-146.7,0.0,0.5785336267938992,11.57,moderate,standard,False,,,,,,,,2026-08-14
2026,00-0041029,WR,NO,Jordyn Tyson,ACT,True,yes,22.05384063720703,6.322265766786335,0.0,28.233319016900428,ext_et_all,0.1743839726571186,0.8256160273428814,0.265625,283,37.76,122.48557493000283,-116.16,0.0,0.578469557237633,11.57,lower,standard,True,Hamstring,Questionable,"Aug 15, 2026",2026-08-14,MyFantasyLeague,Documented public injury API,https://api.myfantasyleague.com/2026/export?TYPE=injuries&JSON=1,2026-08-14
2026,00-0041239,RB,NYJ,Chip Trayanum,ACT,True,yes,24.663066864013672,9.985937995280617,0.0,38.31439411400571,ext_et_all,0.2252260721711862,0.7747739278288138,0.3380952380952381,140,42.54,156.9957177199209,-147.01,0.0,0.5782102663746539,11.56,moderate,standard,False,,,,,,,,2026-08-14
2026,00-0041241,RB,CIN,Kentrel Bullock,ACT,True,yes,24.422130584716797,8.890659090184927,0.0,37.21911520891002,ext_et_all,0.22546584152903362,0.7745341584709664,0.2571428571428571,157,36.06,156.9957177199209,-148.11,0.0,0.5779704970168065,11.56,moderate,standard,False,,,,,,,,2026-08-14
2026,00-0041326,RB,NO,C.J. Donaldson,ACT,True,yes,22.146930694580078,14.718926143570235,0.0,43.04738226229533,ext_et_all,0.22610771526517587,0.7738922847348242,0.5095238095238095,104,56.24,156.9957177199209,-142.28,0.0,0.5773286232806643,11.55,moderate,standard,False,,,,,,,,2026-08-14
2026,00-0040959,RB,KC,Jaydn Ott,ACT,True,yes,23.71027374267578,9.443985253577875,0.0,37.772441372302964,ext_et_all,0.22610421956815818,0.7738957804318418,0.2857142857142857,151,38.34,156.9957177199209,-147.55,0.0,0.5773321189776819,11.55,moderate,standard,False,,,,,,,,2026-08-14
2026,00-0041165,RB,CHI,Coleman Bennett,ACT,True,yes,23.912879943847656,9.032125155161404,0.0,37.360581273886496,ext_et_all,0.22577343879896863,0.7742265612010314,0.2619047619047619,156,36.44,156.9957177199209,-147.96,0.0,0.5776628997468715,11.55,moderate,standard,False,,,,,,,,2026-08-14
2026,00-0041244,RB,CIN,Jamal Haynes,ACT,True,yes,23.90740394592285,12.859497243943297,0.0,41.18795336266839,ext_et_all,0.22619125696656103,0.7738087430334389,0.47619047619047616,111,53.57,156.9957177199209,-144.14,0.0,0.577245081579279,11.54,moderate,standard,False,,,,,,,,2026-08-14
2026,00-0041277,RB,CLE,Davon Booth,ACT,True,yes,24.60556983947754,12.693417217488268,0.0,41.02187333621336,ext_et_all,0.22619125696656103,0.7738087430334389,0.46190476190476193,114,52.43,156.9957177199209,-144.3,0.0,0.577245081579279,11.54,moderate,standard,False,,,,,,,,2026-08-14
2026,00-0041096,RB,WAS,Kaytron Allen,ACT,True,yes,23.647302627563477,10.65337496889161,0.0,38.981831087616705,ext_et_all,0.2266091547179124,0.7733908452820876,0.38571428571428573,130,46.32,156.9957177199209,-146.34,0.0,0.5768271838279276,11.54,moderate,standard,False,,,,,,,,2026-08-14
2026,00-0040946,RB,GB,Jaden Nixon,ACT,True,yes,23.951210021972656,8.772893147340556,0.0,37.10134926606565,ext_et_all,0.22652886156358581,0.7734711384364141,0.24285714285714285,160,34.9,156.9957177199209,-148.22,0.0,0.5769074769822542,11.54,moderate,standard,False,,,,,,,,2026-08-14
2026,00-0040317,WR,WAS,Jacoby Jones,ACT,True,no,25.123035430908203,6.680511284493616,0.0,28.59156453460771,ext_et_all,0.17597456354066734,0.8240254364593327,0.2890625,274,39.61,122.48557493000283,-115.81,0.0,0.5768789663540843,11.54,lower,standard,False,,,,,,,,2026-08-14
2026,00-0041511,WR,NYJ,Omar Cooper,ACT,True,yes,22.716413497924805,6.154743796358159,0.0,28.06579704647225,ext_et_all,0.1757315812640166,0.8242684187359834,0.2552083333333333,287,36.9,122.48557493000283,-116.33,0.0,0.5771219486307351,11.54,lower,standard,False,,,,,,,,2026-08-14
2026,00-0041004,WR,LV,Chase Roberts,ACT,True,yes,25.610382080078125,5.928639022933985,0.0,27.83969227304808,ext_et_all,0.17579251032354842,0.8242074896764515,0.23697916666666666,294,35.44,122.48557493000283,-116.56,0.0,0.5770610195712031,11.54,lower,standard,False,,,,,,,,2026-08-14
2026,00-0040530,K,NYG,Ben Sauls,ACT,True,no,25.08744239807129,19.158157713890944,0.0,89.07677659621898,phase2_production_kicker,0.056703992960459026,0.943296007039541,0.046511627906976744,42,22.59,117.20593632592522,-98.05,0.0,0.5763111846683916,11.53,lower,low (kicker),False,,,,,,,,2026-08-14
2026,00-0041307,RB,HOU,Josh Pitsenberger,ACT,True,yes,22.88890266418457,12.084893452205721,0.0,40.41334957093081,ext_et_all,0.22719110231293005,0.77280889768707,0.43333333333333335,120,50.12,156.9957177199209,-144.91,0.0,0.57624523623291,11.52,moderate,standard,False,,,,,,,,2026-08-14
2026,00-0040991,RB,BAL,Elijah Tau-Tolliver,ACT,True,yes,23.296850204467773,10.25951166009602,0.0,38.58796777882111,ext_et_all,0.22723401187620793,0.772765988123792,0.3619047619047619,135,44.41,156.9957177199209,-146.74,0.0,0.5762023266696321,11.52,moderate,standard,False,,,,,,,,2026-08-14
2026,00-0041051,WR,CHI,Zavion Thomas,ACT,True,yes,22.546663284301758,6.189262517517104,0.0,28.100315767631198,ext_et_all,0.17664721772739903,0.823352782272601,0.2578125,286,37.09,122.48557493000283,-116.3,0.0,0.5762063121673526,11.52,lower,standard,True,Knee,Questionable,"Aug 15, 2026",2026-08-14,MyFantasyLeague,Documented public injury API,https://api.myfantasyleague.com/2026/export?TYPE=injuries&JSON=1,2026-08-14
2026,00-0037258,RB,PHI,Dameon Pierce,ACT,True,no,26.533056259155273,14.824441670233663,0.0,43.152897788958754,ext_et_all,0.2281319045470184,0.7718680954529816,0.5190476190476191,102,56.96,156.9957177199209,-142.17,0.0,0.5753044339988217,11.51,moderate,standard,True,Hamstring,Questionable,"Aug 15, 2026",2026-08-14,MyFantasyLeague,Documented public injury API,https://api.myfantasyleague.com/2026/export?TYPE=injuries&JSON=1,2026-08-14
2026,00-0040886,RB,TEN,Nicholas Singleton,ACT,True,yes,22.6534423828125,13.479196168008437,0.0,41.80765228673353,ext_et_all,0.2279194972138582,0.7720805027861418,0.49047619047619045,108,54.68,156.9957177199209,-143.52,0.0,0.5755168413319819,11.51,moderate,standard,False,,,,,,,,2026-08-14
2026,00-0041415,RB,LA,Dean Connors,ACT,True,yes,23.009370803833008,10.935245913557242,0.0,39.26370203228234,ext_et_all,0.22787992817731262,0.7721200718226874,0.3952380952380952,128,47.06,156.9957177199209,-146.06,0.0,0.5755564103685274,11.51,moderate,standard,False,,,,,,,,2026-08-14
2026,00-0041323,RB,NE,Myles Montgomery,ACT,True,yes,23.411842346191406,9.664844481586007,0.0,37.9933006003111,ext_et_all,0.22782568271068743,0.7721743172893125,0.3142857142857143,145,40.59,156.9957177199209,-147.33,0.0,0.5756106558351526,11.51,moderate,standard,True,Undisclosed,IR,"Feb 15, 2027",2026-08-14,MyFantasyLeague,Documented public injury API,https://api.myfantasyleague.com/2026/export?TYPE=injuries&JSON=1,2026-08-14
2026,00-0041139,RB,NYG,Damon Bankston,ACT,True,yes,23.354347229003906,9.435993882656978,0.0,37.76445000138207,ext_et_all,0.22855579857027133,0.7714442014297287,0.28095238095238095,152,37.91,156.9957177199209,-147.56,0.0,0.5748805399755688,11.5,moderate,standard,False,,,,,,,,2026-08-14
2026,00-0040058,TE,SEA,Nick Kallerup,ACT,True,no,25.432418823242188,5.778669253001271,0.0,23.883432395695895,ext_et_all,0.20995682976785665,0.7900431702321433,0.41025641025641024,116,48.62,124.92868260243878,-119.15,0.0,0.5748050222415557,11.5,moderate,standard,False,,,,,,,,2026-08-14
2026,00-0041281,RB,CLE,T.J. Harden,ACT,True,yes,22.35774803161621,14.350562631674933,0.0,42.679018750400026,ext_et_all,0.22883175306741507,0.7711682469325849,0.5047619047619047,105,55.8,156.9957177199209,-142.65,0.0,0.574604585478425,11.49,moderate,standard,False,,,,,,,,2026-08-14
2026,00-0039811,RB,GB,MarShawn Lloyd,ACT,True,no,25.65418815612793,7.682262794305231,0.0,36.010718913030324,ext_et_all,0.22903309655272955,0.7709669034472705,0.21904761904761905,165,32.94,156.9957177199209,-149.31,0.0,0.5744032419931105,11.49,moderate,standard,False,,,,,,,,2026-08-14
2026,00-0041157,RB,MIA,Anthony Hankerson,ACT,True,yes,22.576780319213867,14.004379039036273,0.0,42.332835157761366,ext_et_all,0.22966092829788984,0.7703390717021101,0.49523809523809526,107,55.03,156.9957177199209,-142.99,0.0,0.5737754102479502,11.48,moderate,standard,False,,,,,,,,2026-08-14
2026,00-0041129,RB,NE,Jam Miller,ACT,True,yes,22.34132194519043,12.133904895111856,0.0,40.46236101383695,ext_et_all,0.2292210657552088,0.7707789342447912,0.4380952380952381,119,50.46,156.9957177199209,-144.86,0.0,0.5742152727906312,11.48,moderate,standard,False,,,,,,,,2026-08-14
2026,00-0040981,QB,BAL,Joe Fagnano,ACT,True,yes,25.421466827392578,2.7553765928965244,0.0,4.611423032723289,ext_et_all,0.14573175391388277,0.8542682460861173,0.2184873949579832,94,34.56,219.7920156860182,-217.04,0.0,0.5720420401042182,11.44,lower,standard,False,,,,,,,,2026-08-14
2026,00-0040953,WR,KC,Jeff Caldwell,ACT,True,yes,23.502193450927734,5.00320886499956,0.0,26.914262115113655,ext_et_all,0.18207201202243253,0.8179279879775675,0.20833333333333334,305,33.03,122.48557493000283,-117.48,0.0,0.5707815178723191,11.42,lower,standard,False,,,,,,,,2026-08-14
2026,00-0036755,RB,LAC,Jaret Patterson,ACT,True,no,26.69185447692871,18.588094144099532,0.0,46.91655026282463,ext_et_all,0.23288933480368718,0.7671106651963129,0.5476190476190477,96,59.15,156.9957177199209,-138.41,0.0,0.570547003742153,11.41,moderate,standard,False,,,,,,,,2026-08-14
2026,00-0040870,WR,BAL,Ja'Kobi Lane,ACT,True,yes,22.07300567626953,6.422864109139562,0.0,28.333917359253654,ext_et_all,0.18300825268380674,0.8169917473161933,0.2734375,280,38.21,122.48557493000283,-116.06,0.0,0.5698452772109449,11.4,lower,standard,False,,,,,,,,2026-08-14
2026,00-0037327,QB,BAL,Skylar Thompson,ACT,True,no,29.24358558654785,5.616369590472334,0.7157398417727174,7.472416030299098,ext_et_all,0.14841662622414978,0.8515833737758502,0.36134453781512604,77,45.94,219.7920156860182,-214.18,0.0,0.5693571677939512,11.39,lower,standard,True,Undisclosed,IR,"Feb 15, 2027",2026-08-14,MyFantasyLeague,Documented public injury API,https://api.myfantasyleague.com/2026/export?TYPE=injuries&JSON=1,2026-08-14
2026,00-0041523,WR,MIA,Caleb Douglas,ACT,True,yes,22.9792537689209,6.031233028900963,0.0,27.942286279015057,ext_et_all,0.18447422612481965,0.8155257738751803,0.23958333333333334,293,35.48,122.48557493000283,-116.45,0.0,0.568379303769932,11.37,lower,standard,False,,,,,,,,2026-08-14
2026,00-0027973,QB,PHI,Andy Dalton,ACT,True,no,38.84268569946289,35.65812284946661,1.0167175904910692,80.0352609617133,ext_et_all,0.1497934992654945,0.8502065007345054,0.5966386554621849,49,64.74,219.7920156860182,-184.13,0.0,0.5679802947526064,11.36,lower,standard,False,,,,,,,,2026-08-14
2026,00-0034771,QB,PIT,Mason Rudolph,ACT,True,no,31.12726402282715,27.041443812586255,0.0,71.41858192483296,ext_et_all,0.1495391631066087,0.8504608368933912,0.5378151260504201,56,60.03,219.7920156860182,-192.75,0.0,0.5682346309114922,11.36,lower,standard,False,,,,,,,,2026-08-14
2026,00-0038400,QB,PHI,Tanner McKee,ACT,True,no,26.346879959106445,14.752528514057447,0.0,59.12966662630415,ext_et_all,0.15083774009874956,0.8491622599012505,0.4789915966386555,63,55.3,219.7920156860182,-205.04,0.0,0.5669360539193514,11.34,lower,standard,False,,,,,,,,2026-08-14
2026,00-0038152,K,GB,Lucas Havrisik,ACT,True,no,26.924577713012695,21.310431536074656,0.0,91.2290504184027,phase2_production_kicker,0.06668910667519445,0.9333108933248055,0.06976744186046512,41,24.25,117.20593632592522,-95.9,0.0,0.5663260709536562,11.33,lower,low (kicker),False,,,,,,,,2026-08-14
2026,00-0041251,QB,TB,Jalon Daniels,ACT,True,yes,23.841693878173828,1.615963193786101,0.0,3.472009633612865,ext_et_all,0.15188495447350248,0.8481150455264975,0.04201680672268908,115,20.32,219.7920156860182,-218.18,0.0,0.5658888395445985,11.32,lower,standard,False,,,,,,,,2026-08-14
2026,00-0040653,WR,SEA,Ricky White III,ACT,True,no,24.56723976135254,6.311794182384472,0.0,28.222847432498565,ext_et_all,0.18805631681290905,0.811943683187091,0.2630208333333333,284,37.28,122.48557493000283,-116.17,0.0,0.5647972130818426,11.3,lower,standard,False,,,,,,,,2026-08-14
2026,00-0039757,RB,NE,Terrell Jennings,ACT,True,no,25.659664154052734,19.27694866069911,0.0,47.605404779424205,ext_et_all,0.24034151388898944,0.7596584861110105,0.5571428571428572,94,59.76,156.9957177199209,-137.72,0.0,0.5630948246568506,11.26,moderate,standard,True,Undisclosed,IR,"Feb 15, 2027",2026-08-14,MyFantasyLeague,Documented public injury API,https://api.myfantasyleague.com/2026/export?TYPE=injuries&JSON=1,2026-08-14
2026,00-0041491,WR,CLE,Aaron Anderson,ACT,True,yes,23.748605728149414,6.4220839804341585,0.0,28.333137230548253,ext_et_all,0.19027310097259686,0.8097268990274031,0.2708333333333333,281,37.86,122.48557493000283,-116.06,0.0,0.5625804289221548,11.25,lower,standard,False,,,,,,,,2026-08-14
2026,00-0034419,WR,NYG,Braxton Berrios,ACT,True,no,30.905494689941406,11.177932508162076,0.0,33.088985758276166,ext_et_all,0.19106772731316388,0.8089322726868361,0.5625,169,61.18,122.48557493000283,-111.31,0.0,0.5617858025815877,11.24,lower,standard,False,,,,,,,,2026-08-14
2026,00-0041443,WR,BUF,Skyler Bell,ACT,True,yes,24.159292221069336,5.881538647822522,0.0,27.792591897936617,ext_et_all,0.19100866442743064,0.8089913355725693,0.23177083333333334,296,34.72,122.48557493000283,-116.6,0.0,0.5618448654673209,11.24,lower,standard,False,,,,,,,,2026-08-14
2026,00-0034959,RB,NYJ,Andrew Beck,ACT,True,no,30.297677993774414,8.183651533550421,0.0,36.51210765227552,ext_et_all,0.24173878349029837,0.7582612165097016,0.22857142857142856,163,33.45,156.9957177199209,-148.81,0.0,0.5616975550555416,11.23,moderate,standard,False,,,,,,,,2026-08-14
2026,00-0041257,WR,TB,Eric Rivers,ACT,True,yes,23.95668601989746,5.044231939614685,0.0,26.955285189728777,ext_et_all,0.19125022888243445,0.8087497711175655,0.2109375,304,33.05,122.48557493000283,-117.44,0.0,0.5616033010123171,11.23,lower,standard,False,,,,,,,,2026-08-14
2026,00-0041149,QB,CAR,Haynes King,ACT,True,yes,25.64323616027832,1.7737157734178763,0.0,3.629762213244641,ext_et_all,0.15612231714765215,0.8438776828523479,0.10084033613445378,108,24.94,219.7920156860182,-218.02,0.0,0.5616514768704488,11.23,lower,standard,True,Hamstring,Questionable,"Aug 21, 2026",2026-08-14,MyFantasyLeague,Documented public injury API,https://api.myfantasyleague.com/2026/export?TYPE=injuries&JSON=1,2026-08-14
2026,00-0040996,QB,LV,Jacob Clark,ACT,True,yes,25.8321533203125,1.547118108428545,0.0,3.4031645482553095,ext_et_all,0.1560476684330644,0.8439523315669356,0.03361344537815126,116,19.57,219.7920156860182,-218.24,0.0,0.5617261255850365,11.23,lower,standard,False,,,,,,,,2026-08-14
2026,00-0036187,RB,NE,Reggie Gilliam,ACT,True,no,29.032766342163086,7.980951862295212,0.0,36.30940798102031,ext_et_all,0.24290643141366372,0.7570935685863363,0.22380952380952382,164,33.05,156.9957177199209,-149.01,0.0,0.5605299071321763,11.21,moderate,standard,False,,,,,,,,2026-08-14
2026,00-0041044,WR,ATL,Zachariah Branch,ACT,True,yes,22.426197052001953,4.942442570763065,0.0,26.853495820877157,ext_et_all,0.19220230347759676,0.8077976965224032,0.203125,307,32.41,122.48557493000283,-117.54,0.0,0.5606512264171548,11.21,lower,standard,False,,,,,,,,2026-08-14
2026,00-0041312,RB,HOU,Noah Whittington,ACT,True,yes,24.717824935913086,15.770825677495472,0.0,44.099281796220566,ext_et_all,0.24386394573234174,0.7561360542676583,0.5238095238095238,101,57.03,156.9957177199209,-141.22,0.0,0.5595723928134984,11.19,moderate,standard,False,,,,,,,,2026-08-14
2026,00-0041123,QB,NE,Behren Morton,ACT,True,yes,24.621997833251953,1.9253128590531976,0.0,3.781359298879962,ext_et_all,0.15813288429092687,0.8418671157090731,0.15966386554621848,101,29.61,219.7920156860182,-217.87,0.0,0.5596409097271741,11.19,lower,standard,False,,,,,,,,2026-08-14
2026,00-0041172,QB,CHI,Miller Moss,ACT,True,yes,24.454984664916992,1.796768997976003,0.0,3.6528154378027677,ext_et_all,0.1584221112698937,0.8415778887301063,0.12605042016806722,105,26.92,219.7920156860182,-218.0,0.0,0.5593516827482072,11.19,lower,standard,False,,,,,,,,2026-08-14
2026,00-0041203,QB,JAX,Joey Aguilar,ACT,True,yes,25.210647583007812,1.7697388541909571,0.0,3.6257852940177218,ext_et_all,0.1583532832093637,0.8416467167906363,0.09243697478991597,109,24.23,219.7920156860182,-218.02,0.0,0.5594205108087372,11.19,lower,standard,False,,,,,,,,2026-08-14
2026,00-0041561,QB,AZ,Carson Beck,RES,True,yes,24.78353500366211,1.6482733266719989,0.0,3.5043197664987633,ext_et_all,0.15831335103486657,0.8416866489651335,0.05042016806722689,114,20.87,219.7920156860182,-218.14,0.0,0.5594604429832344,11.19,lower,standard,True,Ribs,Questionable,"Aug 22, 2026",2026-08-14,MyFantasyLeague,Documented public injury API,https://api.myfantasyleague.com/2026/export?TYPE=injuries&JSON=1,2026-08-14
2026,00-0040891,QB,PHI,Cole Payton,ACT,True,yes,23.84990882873535,1.659189620254959,0.0,3.5152360600817234,ext_et_all,0.15892673453063844,0.8410732654693616,0.06722689075630252,112,22.2,219.7920156860182,-218.13,0.0,0.5588470594874625,11.18,lower,standard,False,,,,,,,,2026-08-14
2026,00-0041496,RB,DEN,Jonah Coleman,ACT,True,yes,23.034011840820312,20.559399385307003,0.0,48.887855504032096,ext_et_all,0.24559631072949134,0.7544036892705086,0.5714285714285714,91,60.8,156.9957177199209,-136.44,0.0,0.5578400278163487,11.16,moderate,standard,False,,,,,,,,2026-08-14
2026,00-0035594,RB,PIT,Travis Homer,ACT,True,no,28.06902313232422,6.583138832972774,1.056016987424047,6.583138832972774,ext_et_all,0.2452010606501554,0.7547989393498447,0.18571428571428572,172,29.95,156.9957177199209,-150.41,0.0,0.5582352778956847,11.16,moderate,standard,False,,,,,,,,2026-08-14
2026,00-0038636,RB,SEA,Kenny McIntosh,ACT,True,no,26.49746322631836,5.458311949293857,0.0,5.458311949293857,ext_et_all,0.24526599350169143,0.7547340064983086,0.15714285714285714,178,27.67,156.9957177199209,-151.54,0.0,0.5581703450441486,11.16,moderate,standard,False,,,,,,,,2026-08-14
2026,00-0041568,QB,LA,Ty Simpson,RES,True,yes,23.696584701538086,1.821054547611553,0.0,3.677100987438317,ext_et_all,0.15989746513090206,0.8401025348690979,0.14285714285714285,103,28.23,219.7920156860182,-217.97,0.0,0.5578763288871988,11.16,lower,standard,False,,,,,,,,2026-08-14
2026,00-0041529,WR,MIA,Kevin Coleman,ACT,True,yes,22.97651481628418,5.156497979686322,0.0,27.067551229800415,ext_et_all,0.1951149144323561,0.8048850855676439,0.21354166666666666,303,33.18,122.48557493000283,-117.33,0.0,0.5577386154623956,11.15,lower,standard,True,Undisclosed,Questionable,"Aug 14, 2026",2026-08-14,MyFantasyLeague,Documented public injury API,https://api.myfantasyleague.com/2026/export?TYPE=injuries&JSON=1,2026-08-14
2026,00-0040906,QB,KC,Garrett Nussmeier,ACT,True,yes,24.56723976135254,1.7934508762828814,0.0,3.649497316109646,ext_et_all,0.1600405573076229,0.8399594426923771,0.11764705882352941,106,26.21,219.7920156860182,-218.0,0.0,0.557733236710478,11.15,lower,standard,False,,,,,,,,2026-08-14
2026,00-0033217,TE,IND,Mo Alie-Cox,ACT,True,no,32.95071029663086,22.085779305750712,7.9658541633714535,40.190542448445335,ext_et_all,0.22775396807815135,0.7722460319218487,0.6666666666666666,66,68.78,124.92868260243878,-102.84,0.0,0.5570078839312611,11.14,moderate,standard,False,,,,,,,,2026-08-14
2026,00-0036265,RB,CAR,AJ Dillon,ACT,True,no,28.3346004486084,10.596078292129334,0.0,38.92453441085443,ext_et_all,0.24683710517459084,0.7531628948254092,0.38095238095238093,131,45.54,156.9957177199209,-146.4,0.0,0.5565992333712493,11.13,moderate,standard,False,,,,,,,,2026-08-14
2026,00-0041414,QB,LA,Matthew Caldwell,ACT,True,yes,23.277685165405273,1.6565795505448897,0.0,3.512625990371654,ext_et_all,0.1613703468286728,0.8386296531713272,0.058823529411764705,113,21.48,219.7920156860182,-218.14,0.0,0.5564034471894281,11.13,lower,standard,False,,,,,,,,2026-08-14
2026,00-0033246,TE,PHI,Johnny Mundt,ACT,True,no,31.77341079711914,19.51785011641373,5.397924974034471,37.62261325910835,ext_et_all,0.22851527617120124,0.7714847238287987,0.6358974358974359,72,66.3,124.92868260243878,-105.41,0.0,0.5562465758382111,11.12,moderate,standard,False,,,,,,,,2026-08-14
2026,00-0035298,WR,CHI,Scott Miller,ACT,True,no,29.0875244140625,15.322720676025698,0.0,37.23377392613979,ext_et_all,0.19707973808965137,0.8029202619103486,0.6119791666666666,150,65.02,122.48557493000283,-107.16,0.0,0.5557737918051002,11.12,lower,standard,False,,,,,,,,2026-08-14
2026,00-0037557,RB,LA,Ronnie Rivers,ACT,True,no,27.584413528442383,9.162215392866383,0.0,37.49067151159147,ext_et_all,0.24750208085631456,0.7524979191436855,0.26666666666666666,155,36.38,156.9957177199209,-147.83,0.0,0.5559342576895255,11.12,moderate,standard,False,,,,,,,,2026-08-14
2026,00-0040942,QB,GB,Kyron Drones,ACT,True,yes,23.107934951782227,1.71549458462659,0.0,3.5715410244533548,ext_et_all,0.16186337053011118,0.8381366294698889,0.08403361344537816,110,23.49,219.7920156860182,-218.08,0.0,0.5559104234879898,11.12,lower,standard,False,,,,,,,,2026-08-14
2026,00-0041117,QB,WAS,Athan Kaliakmanis,ACT,True,yes,23.034011840820312,1.6594883004369727,0.0,3.515534740263737,ext_et_all,0.16197065894855936,0.8380293410514407,0.07563025210084033,111,22.81,219.7920156860182,-218.13,0.0,0.5558031350695416,11.12,lower,standard,False,,,,,,,,2026-08-14
2026,00-0041562,QB,LV,Fernando Mendoza,RES,True,yes,22.91901969909668,1.5065019993923383,0.0,3.3625484392191027,ext_et_all,0.16182278905606576,0.8381772109439343,0.025210084033613446,117,18.78,219.7920156860182,-218.29,0.0,0.5559510049620352,11.12,lower,standard,False,,,,,,,,2026-08-14
2026,00-0033869,QB,TEN,Mitchell Trubisky,ACT,True,no,32.033512115478516,33.92599600912057,0.0,78.30313412136726,ext_et_all,0.16239166494555352,0.8376083350544465,0.5798319327731093,51,63.14,219.7920156860182,-185.87,0.0,0.5553821290725475,11.11,lower,standard,False,,,,,,,,2026-08-14
2026,00-0036842,RB,NYJ,Kene Nwangwu,ACT,True,no,28.55910873413086,8.709308059011738,0.0,37.03776417773683,ext_et_all,0.2481130274455645,0.7518869725544355,0.23809523809523808,161,34.09,156.9957177199209,-148.29,0.0,0.5553233111002756,11.11,moderate,standard,False,,,,,,,,2026-08-14
2026,00-0041194,QB,ATL,Jack Strand,ACT,True,yes,22.190736770629883,2.1335332139914778,0.0,3.989579653818242,ext_et_all,0.16256833396694648,0.8374316660330535,0.18487394957983194,98,31.54,219.7920156860182,-217.66,0.0,0.5552054600511545,11.1,lower,standard,False,,,,,,,,2026-08-14
2026,00-0041565,QB,PIT,Drew Allar,RES,True,yes,22.483692169189453,1.8067075229388716,0.0,3.662753962765636,ext_et_all,0.1628916526865181,0.8371083473134819,0.13445378151260504,104,27.5,219.7920156860182,-217.99,0.0,0.5548821413315829,11.1,lower,standard,False,,,,,,,,2026-08-14
2026,00-0041056,QB,NYJ,Cade Klubnik,ACT,True,yes,22.894378662109375,1.780704427253099,0.0,3.636750867079863,ext_et_all,0.16255166025462667,0.8374483397453734,0.1092436974789916,107,25.49,219.7920156860182,-218.01,0.0,0.5552221337634743,11.1,lower,standard,False,,,,,,,,2026-08-14
2026,00-0038496,WR,NYG,Xavier Gipson,ACT,True,no,25.484437942504883,11.815122729752357,0.0,33.726175979866454,ext_et_all,0.19854008041502924,0.8014599195849708,0.5729166666666666,165,61.86,122.48557493000283,-110.67,0.0,0.5543134494797224,11.09,lower,standard,False,,,,,,,,2026-08-14
2026,00-0041125,RB,IND,Seth McGowan,ACT,True,yes,24.857458114624023,10.03634578541747,0.0,38.36480190414257,ext_et_all,0.24919839048669434,0.7508016095133057,0.34285714285714286,139,42.44,156.9957177199209,-146.96,0.0,0.5542379480591457,11.08,moderate,standard,False,,,,,,,,2026-08-14
2026,00-0038896,RB,DET,Jacob Saylors,ACT,True,no,26.483774185180664,7.518712758321894,0.0,35.84716887704699,ext_et_all,0.24955441617080004,0.7504455838291999,0.20952380952380953,167,31.77,156.9957177199209,-149.48,0.0,0.55388192237504,11.08,moderate,standard,False,,,,,,,,2026-08-14
2026,00-0025565,K,ATL,Nick Folk,ACT,True,no,41.821529388427734,120.615652233744,28.117627455455946,161.23889039424782,phase2_production_kicker,0.18719577767028897,0.8128042223297111,0.7906976744186046,10,79.51,117.20593632592522,3.41,0.0268,0.4458193999585617,11.06,lower,low (kicker),False,,,,,,,,2026-08-14
2026,00-0034613,TE,CIN,Tanner Hudson,ACT,True,no,31.80352783203125,31.066601082248198,0.0,103.943821018596,ext_et_all,0.2319003305404174,0.7680996694595826,0.7076923076923077,58,71.98,124.92868260243878,-93.86,0.0,0.552861521468995,11.06,moderate,standard,False,,,,,,,,2026-08-14
2026,00-0035125,RB,LAC,Alec Ingold,ACT,True,no,30.1470947265625,14.816926144531575,0.0,43.145382263256664,ext_et_all,0.25039187585552175,0.7496081241444783,0.5142857142857142,103,56.14,156.9957177199209,-142.18,0.0,0.5530444626903184,11.06,moderate,standard,False,,,,,,,,2026-08-14
2026,00-0040241,WR,DET,Dominic Lovett,ACT,True,no,23.814315795898438,8.183558296261129,0.0,30.094611546375223,ext_et_all,0.19995822029259605,0.800041779707404,0.4609375,208,52.88,122.48557493000283,-114.3,0.0,0.5528953096021556,11.06,lower,standard,False,,,,,,,,2026-08-14
2026,00-0036959,WR,DEN,Michael Bandy,ACT,True,no,28.739809036254883,5.5356265141261405,0.0,27.446679764240233,ext_et_all,0.20008794719394463,0.7999120528060554,0.21875,301,33.5,122.48557493000283,-116.95,0.0,0.552765582700807,11.06,moderate,standard,False,,,,,,,,2026-08-14
2026,00-0033090,TE,NE,Hunter Henry,ACT,True,no,31.73508071899414,132.43125541902418,88.68040376792956,205.30847535537197,ext_et_all,0.4690152077865335,0.5309847922134665,0.9487179487179487,11,86.52,124.92868260243878,7.5,0.0589,0.3157466442228789,11.03,higher,standard,False,,,,,,,,2026-08-14
2026,00-0039747,WR,CAR,Ainias Smith,ACT,True,no,25.254453659057617,4.306043216215072,0.5169409560367666,4.227051518053486,ext_et_all,0.20340388277584132,0.7965961172241587,0.1875,313,30.93,122.48557493000283,-118.18,0.0,0.5494496471189103,10.99,moderate,standard,False,,,,,,,,2026-08-14
2026,00-0040179,RB,IND,DJ Giddens,ACT,True,no,23.0175838470459,25.03387667819449,0.0,53.36233279691958,ext_et_all,0.2542998017246718,0.7457001982753282,0.6095238095238096,83,63.68,156.9957177199209,-131.96,0.0,0.5491365368211683,10.98,moderate,standard,True,Hamstring,Questionable,"Aug 22, 2026",2026-08-14,MyFantasyLeague,Documented public injury API,https://api.myfantasyleague.com/2026/export?TYPE=injuries&JSON=1,2026-08-14
2026,00-0033862,K,MIA,Zane Gonzalez,ACT,True,no,31.3216552734375,79.75560722737312,12.04301306251297,150.3964291245873,phase2_production_kicker,0.08427698385172074,0.9157230161482792,0.3953488372093023,27,49.94,117.20593632592522,-37.45,0.0,0.5487381937771298,10.97,lower,low (kicker),True,Undisclosed,IR,"Feb 15, 2027",2026-08-14,MyFantasyLeague,Documented public injury API,https://api.myfantasyleague.com/2026/export?TYPE=injuries&JSON=1,2026-08-14
2026,00-0037276,RB,NO,Ty Chandler,ACT,True,no,28.307220458984375,11.019025969251814,0.0,39.34748208797691,ext_et_all,0.2549517012232175,0.7450482987767826,0.4,127,46.9,156.9957177199209,-145.98,0.0,0.5484846373226226,10.97,moderate,standard,False,,,,,,,,2026-08-14
2026,00-0036841,WR,JAX,Austin Trammell,ACT,True,no,28.162111282348633,6.463190317771794,0.0,28.374243567885888,ext_et_all,0.20447731157589905,0.7955226884241009,0.2760416666666667,279,37.99,122.48557493000283,-116.02,0.0,0.5483762183188525,10.97,moderate,standard,False,,,,,,,,2026-08-14
2026,00-0034386,WR,HOU,Justin Watson,ACT,True,no,30.40993309020996,11.254852888846093,0.0,33.16590613896019,ext_et_all,0.2051409267088147,0.7948590732911853,0.5677083333333334,167,61.31,122.48557493000283,-111.23,0.0,0.547712603185937,10.95,moderate,standard,False,,,,,,,,2026-08-14
2026,00-0039603,RB,HOU,British Brooks,ACT,True,no,26.787681579589844,12.802147099370767,0.0,41.13060321809586,ext_et_all,0.2573428767203305,0.7426571232796695,0.4714285714285714,112,52.57,156.9957177199209,-144.19,0.0,0.5460934618255096,10.92,moderate,standard,True,Hand,Questionable,"Aug 28, 2026",2026-08-14,MyFantasyLeague,Documented public injury API,https://api.myfantasyleague.com/2026/export?TYPE=injuries&JSON=1,2026-08-14
2026,00-0041027,RB,AZ,Jeremiyah Love,ACT,True,yes,21.254371643066406,20.574482496925704,0.0,48.9029386156508,ext_et_all,0.25861713885268084,0.7413828611473192,0.5761904761904761,90,60.92,156.9957177199209,-136.42,0.0,0.5448191996931593,10.9,moderate,standard,True,Ankle,Questionable,"Aug 22, 2026",2026-08-14,MyFantasyLeague,Documented public injury API,https://api.myfantasyleague.com/2026/export?TYPE=injuries&JSON=1,2026-08-14
2026,00-0041178,RB,WAS,Robert Henry,ACT,True,yes,24.668542861938477,11.353727927262613,0.0,39.682184045987704,ext_et_all,0.2589432750567172,0.7410567249432828,0.40476190476190477,126,47.2,156.9957177199209,-145.64,0.0,0.5444930634891229,10.89,moderate,standard,False,,,,,,,,2026-08-14
2026,00-0040692,RB,LA,Jarquez Hunter,ACT,True,no,23.6746826171875,6.746667973853519,1.219546128304792,6.746667973853519,ext_et_all,0.25894849413077914,0.7410515058692209,0.19047619047619047,171,30.06,156.9957177199209,-150.25,0.0,0.5444878444150609,10.89,moderate,standard,False,,,,,,,,2026-08-14
2026,00-0036727,RB,DEN,Adam Prentice,ACT,True,no,29.62415313720703,10.683721652201665,0.0,39.012177770926755,ext_et_all,0.25948055014088167,0.7405194498591183,0.3904761904761905,129,46.05,156.9957177199209,-146.31,0.0,0.5439557884049584,10.88,moderate,standard,False,,,,,,,,2026-08-14
2026,00-0041453,QB,DET,Luke Altmyer,ACT,True,yes,23.860858917236328,2.7401807329654773,0.0,4.596227172792242,ext_et_all,0.17501818842186975,0.8249818115781302,0.21008403361344538,95,33.31,219.7920156860182,-217.05,0.0,0.5427556055962311,10.86,lower,standard,False,,,,,,,,2026-08-14
2026,00-0040466,RB,CLE,Raheim Sanders,ACT,True,no,24.23321533203125,19.656903830234466,0.0,47.985359948959555,ext_et_all,0.2615966566911736,0.7384033433088264,0.5619047619047619,93,59.72,156.9957177199209,-137.34,0.0,0.5418396818546665,10.84,moderate,standard,False,,,,,,,,2026-08-14
2026,00-0041092,QB,CLE,Taylen Green,ACT,True,yes,23.871810913085938,3.223247533968814,0.0,5.079293973795578,ext_et_all,0.17580595042278865,0.8241940495772113,0.226890756302521,93,34.64,219.7920156860182,-216.57,0.0,0.5419678435953122,10.84,lower,standard,False,,,,,,,,2026-08-14
2026,00-0026300,QB,CIN,Josh Johnson,ACT,True,no,40.299251556396484,30.082932152487253,0.0,74.46007026473396,ext_et_all,0.17610513724791205,0.8238948627520879,0.5546218487394958,54,60.85,219.7920156860182,-189.71,0.0,0.5416686567701888,10.83,lower,standard,False,,,,,,,,2026-08-14
2026,00-0037475,TE,PHI,Stone Smartt,ACT,True,no,27.91022491455078,9.62033987359331,0.0,27.72510301628793,ext_et_all,0.24413721172450065,0.7558627882754994,0.5538461538461539,88,59.42,124.92868260243878,-115.31,0.0,0.5406246402849118,10.81,moderate,standard,False,,,,,,,,2026-08-14
2026,00-0038752,WR,SEA,Jake Bobo,ACT,True,no,28.07723617553711,8.144116323239768,0.0,30.05516957335386,ext_et_all,0.2146627210038492,0.7853372789961508,0.4453125,214,51.33,122.48557493000283,-114.34,0.0,0.5381908088909024,10.76,moderate,standard,False,,,,,,,,2026-08-14
2026,00-0040406,WR,NYJ,Quentin Skinner,RES,True,no,24.687707901000977,6.2570782720368365,0.0,28.16813152215093,ext_et_all,0.21479084112935298,0.785209158870647,0.2604166666666667,285,36.54,122.48557493000283,-116.23,0.0,0.5380626887653986,10.76,moderate,standard,False,,,,,,,,2026-08-14
2026,00-0038576,WR,CIN,Charlie Jones,ACT,True,no,27.84177589416504,11.190323938880503,0.0,33.1013771889946,ext_et_all,0.21538027378441216,0.7846197262155878,0.5651041666666666,168,60.9,122.48557493000283,-111.3,0.0,0.5374732561103395,10.75,moderate,standard,False,,,,,,,,2026-08-14
2026,00-0036232,TE,SEA,Harrison Bryant,ACT,True,no,28.359241485595703,9.260675996142384,0.0,27.365439138837004,ext_et_all,0.24721773825904628,0.7527822617409538,0.5384615384615384,91,58.13,124.92868260243878,-115.67,0.0,0.5375441137503661,10.75,moderate,standard,False,,,,,,,,2026-08-14
2026,00-0036646,WR,AZ,Simi Fehoko,ACT,True,no,28.82194709777832,7.012967383818307,0.0,28.9240206339324,ext_et_all,0.21536723921843876,0.7846327607815613,0.296875,271,39.44,122.48557493000283,-115.47,0.0,0.5374862906763129,10.75,moderate,standard,False,,,,,,,,2026-08-14
2026,00-0037120,RB,ATL,Tyler Goodson,ACT,True,no,25.807512283325195,9.622160363979589,0.0,37.95061648270468,ext_et_all,0.2669108232770242,0.7330891767229758,0.3,148,38.66,156.9957177199209,-147.37,0.0,0.5365255152688159,10.73,moderate,standard,False,,,,,,,,2026-08-14
2026,00-0040888,RB,BAL,Adam Randall,ACT,True,yes,22.13323974609375,12.996864276881164,0.0,41.325320395606255,ext_et_all,0.2675060918896355,0.7324939081103645,0.4857142857142857,109,53.51,156.9957177199209,-144.0,0.0,0.5359302466562046,10.72,moderate,standard,False,,,,,,,,2026-08-14
2026,00-0039344,RB,CAR,Jonathon Brooks,ACT,True,no,23.116147994995117,17.162381910183335,0.0,45.49083802890843,ext_et_all,0.2681522707490311,0.7318477292509689,0.5380952380952381,98,57.68,156.9957177199209,-139.83,0.0,0.5352840677968089,10.71,moderate,standard,False,,,,,,,,2026-08-14
2026,00-0039409,K,JAX,Cam Little,ACT,True,no,23.042224884033203,117.46440980989011,24.96638503160206,158.08764797039393,phase2_production_kicker,0.10602397524780556,0.8939760247521944,0.7674418604651163,11,79.27,117.20593632592522,0.26,0.002,0.526991202381045,10.7,lower,low (kicker),False,,,,,,,,2026-08-14
2026,00-0039229,K,NO,Charlie Smyth,E14,True,no,25.183269500732422,49.54208544973544,0.0,120.18290734694962,phase2_production_kicker,0.09871002387246117,0.9012899761275388,0.3023255813953488,31,42.21,117.20593632592522,-67.66,0.0,0.5343051537563894,10.69,lower,low (kicker),False,,,,,,,,2026-08-14
2026,00-0040506,WR,MIN,Myles Price,ACT,True,no,24.709609985351562,12.884128500504012,0.0,34.795181750618106,ext_et_all,0.2182573583235277,0.7817426416764723,0.59375,157,63.13,122.48557493000283,-109.6,0.0,0.534596171571224,10.69,moderate,standard,False,,,,,,,,2026-08-14
2026,00-0035544,WR,DET,Tom Kennedy,ACT,True,no,30.092336654663086,5.876278800946842,0.0,27.787332051060936,ext_et_all,0.21843593513238044,0.7815640648676195,0.22916666666666666,297,33.96,122.48557493000283,-116.61,0.0,0.5344175947623712,10.69,moderate,standard,False,,,,,,,,2026-08-14
2026,00-0037563,RB,DAL,Malik Davis,ACT,True,no,27.76511573791504,37.299517021926626,9.161677496543938,65.62797314065172,ext_et_all,0.26955647157327267,0.7304435284267273,0.6428571428571429,76,66.04,156.9957177199209,-119.7,0.0,0.5338798669725674,10.68,moderate,standard,False,,,,,,,,2026-08-14
2026,00-0035289,QB,AZ,Gardner Minshew,ACT,True,no,30.294940948486328,16.988505344723894,0.0,61.3656434569706,ext_et_all,0.18387904595307578,0.8161209540469242,0.4957983193277311,61,55.99,219.7920156860182,-202.8,0.0,0.5338947480650251,10.68,lower,standard,False,,,,,,,,2026-08-14
2026,00-0037594,RB,TEN,Julius Chestnut,ACT,True,no,25.84857940673828,15.935693001684804,0.0,44.2641491204099,ext_et_all,0.2694084102525815,0.7305915897474184,0.5285714285714286,100,56.9,156.9957177199209,-141.06,0.0,0.5340279282932585,10.68,moderate,standard,False,,,,,,,,2026-08-14
2026,00-0039398,QB,DAL,Joe Milton III,ACT,True,no,26.48925018310547,22.759674942062016,0.0,67.13681305430872,ext_et_all,0.18527343692239837,0.8147265630776016,0.5294117647058824,57,58.65,219.7920156860182,-197.03,0.0,0.5325003570957025,10.65,lower,standard,False,,,,,,,,2026-08-14
2026,00-0038938,WR,NYG,Jalin Hyatt,ACT,True,no,24.934118270874023,13.292561163851635,0.0,35.20361441396573,ext_et_all,0.22025836052286957,0.7797416394771304,0.5989583333333334,155,63.51,122.48557493000283,-109.19,0.0,0.532595169371882,10.65,moderate,standard,True,Leg,Questionable,"Aug 15, 2026",2026-08-14,MyFantasyLeague,Documented public injury API,https://api.myfantasyleague.com/2026/export?TYPE=injuries&JSON=1,2026-08-14
2026,00-0040556,RB,AZ,Corey Kiner,ACT,True,no,24.611045837402344,12.207730896991777,0.0,40.53618701571687,ext_et_all,0.270791858897544,0.729208141102456,0.44285714285714284,118,50.01,156.9957177199209,-144.79,0.0,0.5326444796482961,10.65,moderate,standard,False,,,,,,,,2026-08-14
2026,00-0039236,WR,PHI,Johnny Wilson,ACT,True,no,25.413253784179688,6.0605878761580305,0.0,27.971641126272125,ext_et_all,0.22042368667549267,0.7795763133245073,0.24479166666666666,291,35.17,122.48557493000283,-116.42,0.0,0.5324298432192589,10.65,moderate,standard,False,,,,,,,,2026-08-14
2026,00-0036331,WR,AZ,Devin Duvernay,ACT,True,no,28.96979331970215,8.720360331926834,0.0,30.631413582040928,ext_et_all,0.22109350417879647,0.7789064958212035,0.5130208333333334,188,56.62,122.48557493000283,-113.77,0.0,0.5317600257159552,10.64,moderate,standard,False,,,,,,,,2026-08-14
2026,00-0040205,RB,TEN,Kalel Mullings,ACT,True,no,23.910140991210938,11.870800469918638,0.0,40.199256588643735,ext_et_all,0.272296303291704,0.7277036967082959,0.42857142857142855,121,48.84,156.9957177199209,-145.12,0.0,0.531140035254136,10.62,moderate,standard,True,Hip,Questionable,"Aug 23, 2026",2026-08-14,MyFantasyLeague,Documented public injury API,https://api.myfantasyleague.com/2026/export?TYPE=injuries&JSON=1,2026-08-14
2026,00-0035192,K,TEN,Joey Slye,ACT,True,no,30.393505096435547,108.85979697461799,16.361772196329937,149.4830351351218,phase2_production_kicker,0.10272329826320382,0.8972767017367962,0.627906976744186,17,68.18,117.20593632592522,-8.35,0.0,0.5302918793656468,10.61,lower,low (kicker),False,,,,,,,,2026-08-14
2026,00-0038579,QB,LV,Aidan O'Connell,ACT,True,no,28.000574111938477,14.33509594924913,0.0,58.712234061495835,ext_et_all,0.18721087782811605,0.8127891221718839,0.47058823529411764,64,53.9,219.7920156860182,-205.46,0.0,0.5305629161899849,10.61,lower,standard,False,,,,,,,,2026-08-14
2026,00-0039363,RB,SF,Isaac Guerendo,ACT,True,no,26.1771297454834,18.38138091123623,0.0,46.70983702996132,ext_et_all,0.27380551209893916,0.7261944879010609,0.5428571428571428,97,57.95,156.9957177199209,-138.61,0.0,0.529630826446901,10.59,moderate,standard,True,Pectoral,Out,"Aug 20, 2026",2026-08-14,MyFantasyLeague,Documented public injury API,https://api.myfantasyleague.com/2026/export?TYPE=injuries&JSON=1,2026-08-14
2026,00-0038614,RB,LAC,Scott Matlock,ACT,True,no,26.1771297454834,11.744526860407905,0.0,40.072982979133,ext_et_all,0.2749765572724913,0.7250234427275086,0.41904761904761906,123,48.02,156.9957177199209,-145.25,0.0,0.5284597812733487,10.57,moderate,standard,False,,,,,,,,2026-08-14
2026,00-0040673,QB,SEA,Jalen Milroe,ACT,True,no,23.718488693237305,11.319511714444706,0.0,55.69664982669141,ext_et_all,0.1891816147501991,0.8108183852498009,0.42857142857142855,69,50.5,219.7920156860182,-208.47,0.0,0.5285921792679018,10.57,lower,standard,False,,,,,,,,2026-08-14
2026,00-0040206,QB,IND,Riley Leonard,ACT,True,no,23.96763801574707,68.06036634043967,0.0,208.6362070040343,ext_et_all,0.1900140901320949,0.8099859098679051,0.680672268907563,39,70.65,219.7920156860182,-151.73,0.0,0.527759703886006,10.56,lower,standard,False,,,,,,,,2026-08-14
2026,00-0040649,RB,SEA,Robbie Ouzts,ACT,True,no,23.98680305480957,12.269956283996677,0.0,40.59841240272177,ext_et_all,0.2762327975100357,0.7237672024899643,0.4523809523809524,116,50.67,156.9957177199209,-144.73,0.0,0.5272035410358044,10.54,moderate,standard,True,Neck,IR,"Feb 15, 2027",2026-08-14,MyFantasyLeague,Documented public injury API,https://api.myfantasyleague.com/2026/export?TYPE=injuries&JSON=1,2026-08-14
2026,00-0035993,QB,BAL,Tyler Huntley,ACT,True,no,28.57553482055664,35.93420171925195,1.2927964602764135,80.31133983149866,ext_et_all,0.19129584514821404,0.8087041548517859,0.6050420168067226,48,64.58,219.7920156860182,-183.86,0.0,0.5264779488698869,10.53,lower,standard,False,,,,,,,,2026-08-14
2026,00-0036182,WR,IND,Nick Westbrook-Ikhine,ACT,True,no,29.44892692565918,24.52175397516805,3.2816954540608947,46.43280722528215,ext_et_all,0.22644347700406228,0.7735565229959377,0.6588541666666666,132,68.18,122.48557493000283,-97.96,0.0,0.5264100528906893,10.53,moderate,standard,False,,,,,,,,2026-08-14
2026,00-0041217,RB,JAX,J'mari Taylor,ACT,True,yes,24.4659366607666,14.007470952846345,0.0,42.33592707157144,ext_et_all,0.2767620465233585,0.7232379534766415,0.5,106,54.46,156.9957177199209,-142.99,0.0,0.5266742920224816,10.53,moderate,standard,False,,,,,,,,2026-08-14
2026,00-0032104,RB,JAX,Ameer Abdullah,ACT,True,no,33.219024658203125,40.16820545980829,12.030365934425603,68.49666157853338,ext_et_all,0.2781835575439267,0.7218164424560733,0.6571428571428571,73,67.01,156.9957177199209,-116.83,0.0,0.5252527810019134,10.51,moderate,standard,False,,,,,,,,2026-08-14
2026,00-0038647,WR,NO,Ronnie Bell,ACT,True,no,26.593290328979492,10.651481079741545,0.0,32.56253432985564,ext_et_all,0.227497924666236,0.772502075333764,0.5520833333333334,173,59.62,122.48557493000283,-111.83,0.0,0.5253556052285157,10.51,moderate,standard,False,,,,,,,,2026-08-14
2026,00-0038891,WR,LV,Shedrick Jackson,ACT,True,no,26.867080688476562,8.065347348058612,0.0,29.976400598172706,ext_et_all,0.22782487704348253,0.7721751229565175,0.4166666666666667,225,48.78,122.48557493000283,-114.42,0.0,0.5250286528512691,10.5,moderate,standard,False,,,,,,,,2026-08-14
2026,00-0040075,WR,BAL,LaJohntay Wester,ACT,True,no,24.4276065826416,21.26663420496978,0.026575683862624544,43.17768745508387,ext_et_all,0.2282723491830276,0.7717276508169724,0.640625,139,66.68,122.48557493000283,-101.22,0.0,0.524581180711724,10.49,moderate,standard,False,,,,,,,,2026-08-14
2026,00-0034418,WR,DET,Cedrick Wilson Jr.,ACT,True,no,30.78228759765625,12.250085020034525,0.0,34.16113827014862,ext_et_all,0.22828935172743078,0.7717106482725692,0.5885416666666666,159,62.52,122.48557493000283,-110.24,0.0,0.5245641781673208,10.49,moderate,standard,False,,,,,,,,2026-08-14
2026,00-0039498,K,LA,Harrison Mevis,ACT,True,no,24.433082580566406,58.148532086740445,0.0,128.78935398395464,phase2_production_kicker,0.10919254255027365,0.8908074574497263,0.32558139534883723,30,43.86,117.20593632592522,-59.06,0.0,0.523822635078577,10.48,lower,low (kicker),False,,,,,,,,2026-08-14
2026,00-0040586,RB,DAL,Jaydon Blue,ACT,True,no,22.647966384887695,35.69582514891773,7.557985623535039,64.02428126764282,ext_et_all,0.2801154669638498,0.7198845330361502,0.6333333333333333,78,65.06,156.9957177199209,-121.3,0.0,0.5233208715819903,10.47,moderate,standard,False,,,,,,,,2026-08-14
2026,00-0040211,QB,HOU,Graham Mertz,ACT,True,no,25.736326217651367,5.179802953024489,0.2791732043248727,7.0358493928512535,ext_et_all,0.19487253724863005,0.8051274627513699,0.33613445378151263,80,42.99,219.7920156860182,-214.61,0.0,0.5229012567694709,10.46,lower,standard,True,Knee,Questionable,"Aug 20, 2026",2026-08-14,MyFantasyLeague,Documented public injury API,https://api.myfantasyleague.com/2026/export?TYPE=injuries&JSON=1,2026-08-14
2026,00-0039021,RB,CHI,Roschon Johnson,ACT,True,no,25.583003997802734,10.26944615727049,0.0,38.59790227599558,ext_et_all,0.2810910798647164,0.7189089201352836,0.37142857142857144,133,44.09,156.9957177199209,-146.73,0.0,0.5223452586811237,10.45,moderate,standard,False,,,,,,,,2026-08-14
2026,00-0040522,WR,TEN,Xavier Restrepo,ACT,True,no,24.3892765045166,9.810622210903452,0.0,31.721675461017547,ext_et_all,0.23019800299137677,0.7698019970086232,0.5442708333333334,176,58.94,122.48557493000283,-112.67,0.0,0.5226555269033748,10.45,moderate,standard,False,,,,,,,,2026-08-14
2026,00-0040222,QB,MIA,Cam Miller,ACT,True,no,25.205171585083008,5.227368319935114,0.32673857123549777,7.083414759761879,ext_et_all,0.1953882949934522,0.8046117050065478,0.35294117647058826,78,44.33,219.7920156860182,-214.56,0.0,0.5223854990246487,10.45,lower,standard,False,,,,,,,,2026-08-14
2026,00-0040215,TE,MIN,Gavin Bartholomew,ACT,True,no,23.34065818786621,7.0958523147175825,0.0,25.200615457412205,ext_et_all,0.2627152010669368,0.7372847989330632,0.46153846153846156,106,51.67,124.92868260243878,-117.83,0.0,0.5220466509424756,10.44,moderate,standard,True,Back,Questionable,"Aug 15, 2026",2026-08-14,MyFantasyLeague,Documented public injury API,https://api.myfantasyleague.com/2026/export?TYPE=injuries&JSON=1,2026-08-14
2026,00-0036165,WR,NYG,Isaiah Hodgins,ACT,True,no,27.863679885864258,18.8247998647732,0.0,40.73585311488729,ext_et_all,0.23131245868332173,0.7686875413166783,0.6354166666666666,141,66.21,122.48557493000283,-103.66,0.0,0.5215410712114299,10.43,moderate,standard,False,,,,,,,,2026-08-14
2026,00-0039172,K,DET,Jake Bates,ACT,True,no,27.49953842163086,117.20593632592522,24.707911547637167,157.82917448642905,phase2_production_kicker,0.11177606181547597,0.888223938184524,0.7441860465116279,12,77.3,117.20593632592522,0.0,0.0,0.5212391158133747,10.42,lower,low (kicker),False,,,,,,,,2026-08-14
2026,00-0036630,WR,CLE,Tylan Wallace,ACT,True,no,27.305147171020508,12.015515995860607,0.0,33.926569245974704,ext_et_all,0.23263626428749803,0.7673637357125019,0.578125,163,61.6,122.48557493000283,-110.47,0.0,0.5202172656072536,10.4,moderate,standard,False,,,,,,,,2026-08-14
2026,00-0037304,TE,LV,Connor Heyward,ACT,True,no,27.609054565429688,21.381062885713256,7.261137743333997,39.48582602840788,ext_et_all,0.265963359763913,0.734036640236087,0.6615384615384615,67,67.6,124.92868260243878,-103.55,0.0,0.5187984922454993,10.38,moderate,standard,False,,,,,,,,2026-08-14
2026,00-0041104,RB,MIN,Demond Claiborne,ACT,True,yes,22.89711570739746,11.459661415257058,0.0,39.78811753398215,ext_et_all,0.2851660484096408,0.7148339515903592,0.4095238095238095,125,47.06,156.9957177199209,-145.54,0.0,0.5182702901361993,10.37,moderate,standard,False,,,,,,,,2026-08-14
2026,00-0034270,TE,DET,Tyler Conklin,ACT,True,no,31.091672897338867,23.159245962377664,9.039320819998405,41.26400910507229,ext_et_all,0.26737414970948176,0.7326258502905183,0.6717948717948717,65,68.4,124.92868260243878,-101.77,0.0,0.5173877022999307,10.35,moderate,standard,False,,,,,,,,2026-08-14
2026,00-0040014,QB,GB,Kyle McCord,ACT,True,no,23.951210021972656,5.8128311993974116,0.9122014506977951,7.668877639224176,ext_et_all,0.20008076500413793,0.799919234995862,0.3697478991596639,76,45.58,219.7920156860182,-213.98,0.0,0.517693029013963,10.35,moderate,standard,False,,,,,,,,2026-08-14
2026,00-0040494,QB,MIN,Max Brosmer,ACT,True,no,25.42967987060547,16.351772581684898,0.0,60.7289106939316,ext_et_all,0.20197007706784068,0.7980299229321594,0.48739495798319327,62,54.95,219.7920156860182,-203.44,0.0,0.5158037169502603,10.32,moderate,standard,False,,,,,,,,2026-08-14
2026,00-0040247,WR,SF,Junior Bergen,ACT,True,no,23.858121871948242,5.81442726926367,0.0,27.725480519377765,ext_et_all,0.23682860584736734,0.7631713941526327,0.2265625,298,33.39,122.48557493000283,-116.67,0.0,0.5160249240473843,10.32,moderate,standard,False,,,,,,,,2026-08-14
2026,00-0040432,WR,NYG,Beaux Collins,ACT,True,no,23.71027374267578,9.033262956798486,0.0,30.944316206912582,ext_et_all,0.23720764639178132,0.7627923536082186,0.53125,181,57.76,122.48557493000283,-113.45,0.0,0.5156458835029702,10.31,moderate,standard,True,Concussion,IR,"Feb 15, 2027",2026-08-14,MyFantasyLeague,Documented public injury API,https://api.myfantasyleague.com/2026/export?TYPE=injuries&JSON=1,2026-08-14
2026,00-0037012,QB,LAC,Trey Lance,ACT,True,no,26.314023971557617,21.888437449938316,0.0,66.26557556218502,ext_et_all,0.20311668484222545,0.7968833151577746,0.5210084033613446,58,57.62,219.7920156860182,-197.9,0.0,0.5146571091758755,10.29,moderate,standard,False,,,,,,,,2026-08-14
2026,00-0029604,QB,LV,Kirk Cousins,ACT,True,no,38.035003662109375,93.65134313028855,0.0,234.2271837938832,ext_et_all,0.20384677532138373,0.7961532246786163,0.7478991596638656,31,75.75,219.7920156860182,-126.14,0.0,0.5139270186967172,10.28,moderate,standard,False,,,,,,,,2026-08-14
2026,00-0034272,WR,DAL,Marquez Valdes-Scantling,ACT,True,no,31.893878936767578,25.09968603635081,3.8596275152436554,47.010739286464904,ext_et_all,0.23890253618238627,0.7610974638176138,0.6666666666666666,129,68.56,122.48557493000283,-97.39,0.0,0.5139509937123654,10.28,moderate,standard,True,Knee,Questionable,"Aug 15, 2026",2026-08-14,MyFantasyLeague,Documented public injury API,https://api.myfantasyleague.com/2026/export?TYPE=injuries&JSON=1,2026-08-14
2026,00-0040240,TE,DEN,Caleb Lohner,ACT,True,no,24.917692184448242,5.106496448027683,0.0,23.211259590722307,ext_et_all,0.27083988610092485,0.7291601138990751,0.38461538461538464,121,45.35,124.92868260243878,-119.82,0.0,0.5139219659084875,10.28,moderate,standard,True,Lower Body,Questionable,"Aug 14, 2026",2026-08-14,MyFantasyLeague,Documented public injury API,https://api.myfantasyleague.com/2026/export?TYPE=injuries&JSON=1,2026-08-14
2026,00-0039364,RB,DET,Sione Vaki,ACT,True,no,25.090179443359375,7.453378499750645,0.0,35.78183461847574,ext_et_all,0.2935768801639704,0.7064231198360296,0.20476190476190476,168,30.51,156.9957177199209,-149.54,0.0,0.5098594583818696,10.2,moderate,standard,True,Nose,Questionable,"Aug 22, 2026",2026-08-14,MyFantasyLeague,Documented public injury API,https://api.myfantasyleague.com/2026/export?TYPE=injuries&JSON=1,2026-08-14
2026,00-0036176,WR,TEN,Mason Kinsey,ACT,True,no,28.0087890625,5.645570595486598,0.0,27.55662384560069,ext_et_all,0.24297674055203225,0.7570232594479678,0.22395833333333334,299,33.06,122.48557493000283,-116.84,0.0,0.5098767893427194,10.2,moderate,standard,False,,,,,,,,2026-08-14
2026,00-0040878,RB,LV,Mike Washington,ACT,True,yes,23.16543197631836,12.771309756480349,0.0,41.09976587520544,ext_et_all,0.29391890215664485,0.7060810978433552,0.4666666666666667,113,51.45,156.9957177199209,-144.22,0.0,0.5095174363891952,10.19,moderate,standard,False,,,,,,,,2026-08-14
2026,00-0037132,WR,PHI,Britain Covey,ACT,True,no,29.457141876220703,6.64358996196211,0.0,28.554643212076204,ext_et_all,0.24402890125650034,0.7559710987434997,0.2838541666666667,276,37.83,122.48557493000283,-115.84,0.0,0.5088246286382513,10.18,moderate,standard,True,Hamstring,Questionable,"Aug 15, 2026",2026-08-14,MyFantasyLeague,Documented public injury API,https://api.myfantasyleague.com/2026/export?TYPE=injuries&JSON=1,2026-08-14
2026,00-0038102,QB,CAR,Kenny Pickett,ACT,True,no,28.238773345947266,31.08068651977978,0.0,75.45782463202649,ext_et_all,0.20949476400051126,0.7905052359994887,0.5714285714285714,52,61.52,219.7920156860182,-188.71,0.0,0.5082790300175897,10.17,moderate,standard,False,,,,,,,,2026-08-14
2026,00-0033576,TE,SEA,Eric Saubert,ACT,True,no,32.31551742553711,10.115404729982355,0.0,28.220167872676978,ext_et_all,0.2774076689436313,0.7225923310563687,0.5641025641025641,86,59.58,124.92868260243878,-114.81,0.0,0.5073541830657811,10.15,moderate,standard,False,,,,,,,,2026-08-14
2026,00-0036590,TE,JAX,Quintin Morris,ACT,True,no,27.611791610717773,9.190786622290268,0.0,27.29554976498489,ext_et_all,0.2772918197462382,0.7227081802537618,0.5333333333333333,92,57.12,124.92868260243878,-115.74,0.0,0.5074700322631742,10.15,moderate,standard,False,,,,,,,,2026-08-14
2026,00-0031203,K,CHI,Cairo Santos,ACT,True,no,34.80427551269531,109.04373194409725,16.54570716580919,149.66697010460106,phase2_production_kicker,0.12623926019502169,0.8737607398049783,0.6511627906976745,16,69.57,117.20593632592522,-8.16,0.0,0.5067759174338289,10.14,lower,low (kicker),False,,,,,,,,2026-08-14
2026,00-0039814,TE,CIN,Erick All,ACT,True,no,25.966310501098633,6.315948346875945,0.0,24.420711489570568,ext_et_all,0.2783938072897876,0.7216061927102124,0.4256410256410256,113,48.48,124.92868260243878,-118.61,0.0,0.5063680447196248,10.13,moderate,standard,False,,,,,,,,2026-08-14
2026,00-0038090,WR,GB,Skyy Moore,ACT,True,no,25.974523544311523,15.619109670887825,0.0,37.53016292100192,ext_et_all,0.24684578728651532,0.7531542127134847,0.6197916666666666,147,64.65,122.48557493000283,-106.87,0.0,0.5060077426082363,10.12,moderate,standard,False,,,,,,,,2026-08-14
2026,00-0040203,QB,PIT,Will Howard,ACT,True,no,24.936857223510742,7.161353647913437,0.0,51.53849176016014,ext_et_all,0.21282024080243053,0.7871797591975694,0.3949579831932773,73,47.34,219.7920156860182,-212.63,0.0,0.5049535532156704,10.1,moderate,standard,False,,,,,,,,2026-08-14
2026,00-0036898,QB,HOU,Davis Mills,ACT,True,no,27.863679885864258,44.54875309150146,9.907347832525922,88.92589120374817,ext_et_all,0.21351217796245234,0.7864878220375476,0.6302521008403361,45,66.15,219.7920156860182,-175.24,0.0,0.5042616160556486,10.09,moderate,standard,False,,,,,,,,2026-08-14
2026,00-0036862,WR,PIT,Ben Skowronek,ACT,True,no,29.180612564086914,12.042908673888263,0.0,33.95396192400236,ext_et_all,0.2513066065609903,0.7486933934390096,0.5807291666666666,162,61.43,122.48557493000283,-110.44,0.0,0.5015469233337613,10.03,moderate,standard,False,,,,,,,,2026-08-14
2026,00-0033288,TE,SF,George Kittle,ACT,True,no,32.89595413208008,132.81832597999622,89.0674743289016,205.69554591634403,ext_et_all,0.531666942805792,0.46833305719420804,0.9538461538461539,10,85.67,124.92868260243878,7.89,0.062,0.25309490920362043,10.02,higher,standard,True,Achilles,Out,"Sep 10, 2026",2026-08-14,MyFantasyLeague,Documented public injury API,https://api.myfantasyleague.com/2026/export?TYPE=injuries&JSON=1,2026-08-14
2026,00-0031503,QB,NYG,Jameis Winston,ACT,True,no,32.652278900146484,44.63928209187953,9.99787683290399,89.01642020412623,ext_et_all,0.2184604350309929,0.7815395649690071,0.6386554621848739,44,66.72,219.7920156860182,-175.15,0.0,0.49931335898710805,9.99,moderate,standard,False,,,,,,,,2026-08-14
2026,00-0040142,RB,PIT,Kaleb Johnson,ACT,True,no,23.050439834594727,24.539227128924185,0.0,52.86768324764928,ext_et_all,0.3038991393271262,0.6961008606728738,0.6,85,61.92,156.9957177199209,-132.46,0.0,0.49953719921871387,9.99,moderate,standard,False,,,,,,,,2026-08-14
2026,00-0039050,TE,TB,Payne Durham,ACT,True,no,26.21272087097168,11.932869605352916,0.0,30.03763274804754,ext_et_all,0.2852645521017259,0.7147354478982741,0.5948717948717949,80,61.88,124.92868260243878,-113.0,0.0,0.49949729990768654,9.99,moderate,standard,False,,,,,,,,2026-08-14
2026,00-0038794,RB,DEN,Jaleel McLaughlin,ACT,True,no,25.966310501098633,27.23383276373173,0.0,55.562288882456826,ext_et_all,0.304459989596125,0.6955400104038749,0.6142857142857143,82,63.05,156.9957177199209,-129.76,0.0,0.498976348949715,9.98,moderate,standard,False,,,,,,,,2026-08-14
2026,00-0040534,WR,CIN,Ke'Shawn Williams,ACT,True,no,24.679492950439453,16.008181095950903,0.0,37.919234346065,ext_et_all,0.2544630444546459,0.7455369555453542,0.625,145,64.91,122.48557493000283,-106.48,0.0,0.4983904854401058,9.97,moderate,standard,False,,,,,,,,2026-08-14
2026,00-0036876,TE,TEN,Kylen Granson,ACT,True,no,28.433164596557617,15.349474807794877,1.2295496654156182,33.4542379504895,ext_et_all,0.28616406063290867,0.7138359393670913,0.6205128205128205,75,63.92,124.92868260243878,-109.58,0.0,0.49859779137650373,9.97,moderate,standard,False,,,,,,,,2026-08-14
2026,00-0038573,WR,LAC,Derius Davis,ACT,True,no,25.971786499023438,10.023438296504825,0.0,31.93449154661892,ext_et_all,0.25424720699071895,0.7457527930092811,0.546875,175,58.67,122.48557493000283,-112.46,0.0,0.49860632290403273,9.97,moderate,standard,False,,,,,,,,2026-08-14
2026,00-0038953,WR,ATL,Dylan Drummond,ACT,True,no,26.6234073638916,9.064972611617938,0.0,30.976025861732033,ext_et_all,0.254505980106005,0.745494019893995,0.5364583333333334,179,57.83,122.48557493000283,-113.42,0.0,0.4983475497887466,9.97,moderate,standard,False,,,,,,,,2026-08-14
2026,00-0033589,WR,CAR,David Moore,ACT,True,no,31.6283016204834,12.002138009313798,0.0,33.91319125942789,ext_et_all,0.2549827037208861,0.745017296279114,0.5755208333333334,164,60.94,122.48557493000283,-110.48,0.0,0.4978708261738656,9.96,moderate,standard,False,,,,,,,,2026-08-14
2026,00-0039405,RB,HOU,Jawhar Jordan,ACT,True,no,27.039569854736328,32.546408066252326,4.408568540869638,60.87486418497742,ext_et_all,0.3061928759235789,0.6938071240764211,0.6285714285714286,79,64.16,156.9957177199209,-124.45,0.0,0.49724346262226116,9.94,moderate,standard,True,Hip,Questionable,"Aug 20, 2026",2026-08-14,MyFantasyLeague,Documented public injury API,https://api.myfantasyleague.com/2026/export?TYPE=injuries&JSON=1,2026-08-14
2026,00-0038488,RB,SEA,Brady Russell,ACT,True,no,28.003313064575195,5.9591613528993275,0.43203950735060026,5.9591613528993275,ext_et_all,0.3064934616679437,0.6935065383320562,0.16666666666666666,176,27.2,156.9957177199209,-151.04,0.0,0.4969428768778963,9.94,moderate,standard,False,,,,,,,,2026-08-14
2026,00-0036825,TE,CAR,Feleipe Franks,ACT,True,no,28.693265914916992,5.92643960285553,0.0,24.031202745550154,ext_et_all,0.288663888328698,0.711336111671302,0.4153846153846154,115,47.46,124.92868260243878,-119.0,0.0,0.49609796368071435,9.92,moderate,standard,False,,,,,,,,2026-08-14
2026,00-0041490,RB,PIT,Eli Heidenreich,ACT,True,yes,23.096982955932617,10.084792935223545,0.0,38.41324905394864,ext_et_all,0.3080993260175127,0.6919006739824873,0.3476190476190476,138,41.65,156.9957177199209,-146.91,0.0,0.4953370125283274,9.91,moderate,standard,False,,,,,,,,2026-08-14
2026,00-0040200,K,NE,Andy Borregales,ACT,True,no,23.66373062133789,102.80452831475664,35.09193414989649,173.44535021197083,phase2_production_kicker,0.13790958742462867,0.8620904125753713,0.5581395348837209,20,61.89,117.20593632592522,-14.4,0.0,0.49510559020422196,9.9,lower,low (kicker),False,,,,,,,,2026-08-14
2026,00-0036980,WR,PHI,Elijah Moore,ACT,True,no,26.43175506591797,37.63346942708434,0.0,119.91425130988677,ext_et_all,0.2580293904930351,0.7419706095069649,0.6953125,118,70.46,122.48557493000283,-84.85,0.0,0.49482413940171655,9.9,moderate,standard,False,,,,,,,,2026-08-14
2026,00-0041512,RB,SEA,Jadarian Price,ACT,True,yes,22.89711570739746,11.76108530446904,0.0,40.089541423194134,ext_et_all,0.3083857802248192,0.6916142197751808,0.4238095238095238,122,47.74,156.9957177199209,-145.23,0.0,0.49505055832102085,9.9,moderate,standard,True,Lower Body,Questionable,"Aug 15, 2026",2026-08-14,MyFantasyLeague,Documented public injury API,https://api.myfantasyleague.com/2026/export?TYPE=injuries&JSON=1,2026-08-14
2026,00-0034798,TE,BAL,Durham Smythe,ACT,True,no,31.064292907714844,9.26090168526202,0.0,27.365664827956643,ext_et_all,0.2902577771745208,0.7097422228254793,0.5435897435897435,90,57.68,124.92868260243878,-115.67,0.0,0.49450407483489167,9.89,moderate,standard,False,,,,,,,,2026-08-14
2026,00-0038551,RB,NO,Kendre Miller,ACT,True,no,24.225000381469727,27.718899612121536,0.0,56.04735573084663,ext_et_all,0.30978517000345085,0.6902148299965492,0.6190476190476191,81,63.33,156.9957177199209,-129.28,0.0,0.4936511685423892,9.87,moderate,standard,True,Back,Questionable,"Aug 15, 2026",2026-08-14,MyFantasyLeague,Documented public injury API,https://api.myfantasyleague.com/2026/export?TYPE=injuries&JSON=1,2026-08-14
2026,00-0040225,TE,NYG,Thomas Fidone II,ACT,True,no,23.94847297668457,7.607568456297635,0.0,25.712331598992257,ext_et_all,0.29117304333039773,0.7088269566696023,0.47692307692307695,103,52.33,124.92868260243878,-117.32,0.0,0.49358880867901467,9.87,moderate,standard,False,,,,,,,,2026-08-14
2026,00-0033787,K,PHI,Jake Elliott,ACT,True,no,31.611873626708984,92.65117897654201,24.938584811681864,163.2920008737562,phase2_production_kicker,0.13990996501830133,0.8600900349816987,0.4883720930232558,23,56.27,117.20593632592522,-24.55,0.0,0.4931052126105493,9.86,lower,low (kicker),False,,,,,,,,2026-08-14
2026,00-0038567,K,AZ,Chad Ryland,ACT,True,no,26.88077163696289,106.32599710205699,13.827972323768932,146.94923526256082,phase2_production_kicker,0.1406390523114182,0.8593609476885817,0.6046511627906976,18,65.56,117.20593632592522,-10.88,0.0,0.49237612531743236,9.85,lower,low (kicker),False,,,,,,,,2026-08-14
2026,00-0037231,WR,NO,Kevin Austin Jr.,ACT,True,no,26.423540115356445,35.30611815574552,14.066059634638368,57.21717140585962,ext_et_all,0.2605018911311478,0.7394981088688521,0.6848958333333334,122,69.58,122.48557493000283,-87.18,0.0,0.49235163876360377,9.85,moderate,standard,False,,,,,,,,2026-08-14
2026,00-0039576,K,IND,Spencer Shrader,ACT,True,no,27.288719177246094,59.132868566618555,0.0,129.77369046383274,phase2_production_kicker,0.14090347697090436,0.8590965230290957,0.3488372093023256,29,45.09,117.20593632592522,-58.07,0.0,0.4921117006579463,9.84,lower,low (kicker),False,,,,,,,,2026-08-14
2026,00-0038128,QB,MIA,Malik Willis,ACT,True,no,27.27229118347168,39.751150404126776,5.109745145151237,84.12828851637349,ext_et_all,0.22562850219949313,0.7743714978005068,0.6134453781512605,47,64.56,219.7920156860182,-180.04,0.0,0.4921452918186078,9.84,moderate,standard,False,,,,,,,,2026-08-14
2026,00-0036849,WR,MIA,Tutu Atwell,ACT,True,no,26.902673721313477,30.699055955370806,9.458997434263651,52.6101092054849,ext_et_all,0.26071392217692074,0.7392860778230792,0.6744791666666666,126,68.74,122.48557493000283,-91.79,0.0,0.49213960771783083,9.84,moderate,standard,False,,,,,,,,2026-08-14
2026,00-0035100,QB,TB,Jake Browning,ACT,True,no,30.39076805114746,28.67031225628875,0.0,73.04745036853545,ext_et_all,0.22562327085206277,0.7743767291479372,0.5462184873949579,55,59.19,219.7920156860182,-191.12,0.0,0.49215052316603813,9.84,moderate,standard,True,Back,Questionable,"Aug 14, 2026",2026-08-14,MyFantasyLeague,Documented public injury API,https://api.myfantasyleague.com/2026/export?TYPE=injuries&JSON=1,2026-08-14
2026,00-0040279,K,CAR,Ryan Fitzgerald,ACT,True,no,26.051185607910156,86.97116131298749,19.25856714812734,157.61198321020169,phase2_production_kicker,0.14182578720359348,0.8581742127964065,0.4418604651162791,25,52.51,117.20593632592522,-30.23,0.0,0.4911893904252571,9.82,lower,low (kicker),False,,,,,,,,2026-08-14
2026,00-0036754,TE,DET,Brock Wright,ACT,True,no,27.76237678527832,23.63512736297792,9.51520222059866,41.73989050567254,ext_et_all,0.29472111064776757,0.7052788893522324,0.676923076923077,64,68.26,124.92868260243878,-101.29,0.0,0.49004074136164477,9.8,moderate,standard,False,,,,,,,,2026-08-14
2026,00-0034365,TE,LV,Ian Thomas,ACT,True,no,30.237445831298828,19.757348999462486,5.637423857083228,37.86211214215711,ext_et_all,0.29517058433576326,0.7048294156642367,0.6410256410256411,71,65.38,124.92868260243878,-105.17,0.0,0.48959126767364913,9.79,moderate,standard,False,,,,,,,,2026-08-14
2026,00-0040589,QB,SF,Kurtis Rourke,ACT,True,no,25.851318359375,6.468897243874055,0.0,50.84603535612076,ext_et_all,0.22824191350294085,0.7717580864970591,0.37815126050420167,75,45.69,219.7920156860182,-213.32,0.0,0.48953188051516006,9.79,moderate,standard,True,Ribs,Questionable,"Aug 20, 2026",2026-08-14,MyFantasyLeague,Documented public injury API,https://api.myfantasyleague.com/2026/export?TYPE=injuries&JSON=1,2026-08-14
2026,00-0040398,QB,NYJ,Brady Cook,ACT,True,no,24.887575149536133,30.42957221564146,0.0,74.80671032788817,ext_et_all,0.22975943390523396,0.770240566094766,0.5630252100840336,53,60.45,219.7920156860182,-189.36,0.0,0.4880143601128669,9.76,moderate,standard,False,,,,,,,,2026-08-14
2026,00-0038783,TE,DEN,Nate Adkins,ACT,True,no,27.149085998535156,12.370038314708992,0.0,30.474801457403615,ext_et_all,0.2975909033273752,0.7024090966726249,0.6,79,62.05,124.92868260243878,-112.56,0.0,0.48717094868203725,9.74,moderate,standard,False,,,,,,,,2026-08-14
2026,00-0037292,TE,IND,Andrew Ogletree,ACT,True,no,28.09640121459961,11.248242104294683,0.0,29.353005246989305,ext_et_all,0.2989317803255777,0.7010682196744222,0.5897435897435898,81,61.2,124.92868260243878,-113.68,0.0,0.48583007168383463,9.72,moderate,standard,False,,,,,,,,2026-08-14
2026,00-0037746,RB,ATL,Brian Robinson,ACT,True,no,27.44751739501953,51.287357644435545,0.0,166.2552533827615,ext_et_all,0.3177018902085459,0.6822981097914541,0.7,64,69.65,156.9957177199209,-105.71,0.0,0.4857344483372942,9.71,moderate,standard,False,,,,,,,,2026-08-14
2026,00-0038394,TE,IND,Will Mallory,ACT,True,no,27.19563102722168,6.353442726109338,0.0,24.45820586880396,ext_et_all,0.29913885279498736,0.7008611472050126,0.4307692307692308,112,48.48,124.92868260243878,-118.58,0.0,0.485622999214425,9.71,moderate,standard,False,,,,,,,,2026-08-14
2026,00-0039299,RB,SEA,George Holani,ACT,True,no,26.711021423339844,20.69976207754365,0.0,49.02821819626874,ext_et_all,0.31825381858343316,0.6817461814165668,0.580952380952381,89,60.11,156.9957177199209,-136.3,0.0,0.4851825199624069,9.7,moderate,standard,False,,,,,,,,2026-08-14
2026,00-0029892,RB,SF,Kyle Juszczyk,ACT,True,no,35.360069274902344,39.888838310097874,11.750998784715186,68.21729442882297,ext_et_all,0.32016674001741996,0.67983325998258,0.6523809523809524,74,65.79,156.9957177199209,-117.11,0.0,0.4832695985284201,9.67,moderate,standard,True,Finger,Questionable,"Aug 20, 2026",2026-08-14,MyFantasyLeague,Documented public injury API,https://api.myfantasyleague.com/2026/export?TYPE=injuries&JSON=1,2026-08-14
2026,00-0040363,TE,BUF,Keleki Latu,ACT,True,no,24.052513122558594,10.761193010363296,0.0,28.86595615305792,ext_et_all,0.30152441986928086,0.6984755801307192,0.5794871794871795,83,60.33,124.92868260243878,-114.17,0.0,0.4832374321401316,9.66,moderate,standard,False,,,,,,,,2026-08-14
2026,00-0040074,K,BAL,Tyler Loop,ACT,True,no,25.07649040222168,98.68850544851321,30.975911283653062,169.3293273457274,phase2_production_kicker,0.15046024079418976,0.8495397592058103,0.5348837209302325,21,59.78,117.20593632592522,-18.52,0.0,0.4825549368346609,9.65,lower,low (kicker),False,,,,,,,,2026-08-14
2026,00-0039152,QB,TEN,Will Levis,ACT,True,no,27.18194007873535,34.99846543179493,0.35706017281939495,79.37560354404164,ext_et_all,0.23544579208581634,0.7645542079141836,0.5882352941176471,50,62.35,219.7920156860182,-184.79,0.0,0.48232800193228453,9.65,moderate,standard,False,,,,,,,,2026-08-14
2026,00-0038809,TE,MIA,Ben Sims,ACT,True,no,26.294858932495117,9.285027116308953,0.0,27.389790259003576,ext_et_all,0.30210084095672246,0.6978991590432775,0.5487179487179488,89,57.86,124.92868260243878,-115.64,0.0,0.4826610110526899,9.65,moderate,standard,True,Undisclosed,Questionable,"Aug 14, 2026",2026-08-14,MyFantasyLeague,Documented public injury API,https://api.myfantasyleague.com/2026/export?TYPE=injuries&JSON=1,2026-08-14
2026,00-0038905,K,IND,Blake Grupe,ACT,True,no,27.82261085510254,104.5103076893378,12.012282911049738,145.13354584984162,phase2_production_kicker,0.1512216903092415,0.8487783096907585,0.5813953488372093,19,63.49,117.20593632592522,-12.7,0.0,0.48179348731960914,9.64,lower,low (kicker),False,,,,,,,,2026-08-14
2026,00-0040208,RB,CIN,Tahj Brooks,ACT,True,no,24.304401397705078,20.893189333545884,0.0,49.22164545227098,ext_et_all,0.3212266349730804,0.6787733650269197,0.5857142857142857,88,60.43,156.9957177199209,-136.1,0.0,0.4822097035727597,9.64,moderate,standard,False,,,,,,,,2026-08-14
2026,00-0039386,WR,NO,Bub Means,ACT,True,no,25.640499114990234,5.919046515556882,0.0,27.830099765670976,ext_et_all,0.273010057090656,0.726989942909344,0.234375,295,33.29,122.48557493000283,-116.57,0.0,0.47984347280409567,9.6,moderate,standard,False,,,,,,,,2026-08-14
2026,00-0038428,K,CLE,Andre Szmyt,ACT,True,no,27.932126998901367,116.07703418591528,23.579009407627225,156.7002723464191,phase2_production_kicker,0.15392881690092924,0.8460711830990708,0.6744186046511628,15,70.87,117.20593632592522,-1.13,0.0,0.47908636072792143,9.58,lower,low (kicker),False,,,,,,,,2026-08-14
2026,00-0038738,RB,DAL,Hunter Luepke,ACT,True,no,26.50841522216797,28.857965387760718,0.7201258623780298,57.186421506485814,ext_et_all,0.3244367893877336,0.6755632106122664,0.6238095238095238,80,63.42,156.9957177199209,-128.14,0.0,0.4789995491581065,9.58,moderate,standard,False,,,,,,,,2026-08-14
2026,00-0036887,TE,SF,Luke Farrell,ACT,True,no,28.88218116760254,20.935426381963996,6.815501239584737,39.040189524658615,ext_et_all,0.30572721710640866,0.6942727828935913,0.6564102564102564,68,66.4,124.92868260243878,-103.99,0.0,0.4790346349030037,9.58,moderate,standard,False,,,,,,,,2026-08-14
2026,00-0035406,WR,DEN,Lil'Jordan Humphrey,ACT,True,no,28.37019157409668,39.70148744644735,0.0,121.98226932924976,ext_et_all,0.274304528473137,0.725695471526863,0.7005208333333334,116,70.56,122.48557493000283,-82.78,0.0,0.4785490014216146,9.57,moderate,standard,False,,,,,,,,2026-08-14
2026,00-0037348,TE,NYG,Tanner Conner,ACT,True,no,28.452329635620117,10.669297689382846,0.0,28.774060832077467,ext_et_all,0.3080649828998124,0.6919350171001877,0.5743589743589743,84,59.79,124.92868260243878,-114.26,0.0,0.4766968691096001,9.53,moderate,standard,False,,,,,,,,2026-08-14
2026,00-0038606,WR,JAX,Parker Washington,ACT,True,no,24.449508666992188,130.59207029760026,62.800250841869016,212.87285218040267,ext_et_all,0.5318472661317952,0.4681527338682048,0.9192708333333334,32,82.9,122.48557493000283,8.11,0.0637,0.2210062637629564,9.52,higher,standard,False,,,,,,,,2026-08-14
2026,00-0033553,RB,AZ,James Conner,ACT,True,no,31.327131271362305,79.16119111429596,10.001609432153728,194.12908685262192,ext_et_all,0.32746080775287145,0.6725391922471285,0.7904761904761904,45,76.69,156.9957177199209,-77.83,0.0,0.4759755307929686,9.52,moderate,standard,True,Foot,Questionable,"Aug 22, 2026",2026-08-14,MyFantasyLeague,Documented public injury API,https://api.myfantasyleague.com/2026/export?TYPE=injuries&JSON=1,2026-08-14
2026,00-0032950,QB,MIN,Carson Wentz,ACT,True,no,33.670780181884766,65.64884837333759,0.0,206.22468903693223,ext_et_all,0.24331257896380049,0.7566874210361996,0.6722689075630253,40,68.92,219.7920156860182,-154.14,0.0,0.4744612150543005,9.49,moderate,standard,False,,,,,,,,2026-08-14
2026,00-0036429,TE,ATL,Charlie Woerner,ACT,True,no,28.876705169677734,15.257944123448832,1.1380189810695729,33.36270726614345,ext_et_all,0.31048983592660095,0.689510164073399,0.6153846153846154,76,63.02,124.92868260243878,-109.67,0.0,0.47427201608281144,9.49,moderate,standard,False,,,,,,,,2026-08-14
2026,00-0041582,K,LV,Kansei Matsuzawa,E14,True,yes,27.647384643554688,39.15269140476904,0.0,109.79351330198321,phase2_production_kicker,0.15975612850441517,0.8402438714955849,0.1744186046511628,33,30.76,117.20593632592522,-78.05,0.0,0.4732590491244355,9.47,lower,low (kicker),False,,,,,,,,2026-08-14
2026,00-0037742,WR,WAS,Treylon Burks,ACT,True,no,26.442705154418945,25.098522965185484,3.8584644440783293,47.009576215299575,ext_et_all,0.28031203903651614,0.7196879609634839,0.6640625,130,67.52,122.48557493000283,-97.39,0.0,0.4725414908582355,9.45,moderate,standard,False,,,,,,,,2026-08-14
2026,00-0039062,WR,DAL,Jonathan Mingo,ACT,True,no,25.366708755493164,15.229170087025624,0.0,37.140223337139716,ext_et_all,0.28030814856637276,0.7196918514336272,0.609375,151,63.14,122.48557493000283,-107.26,0.0,0.47254538132837887,9.45,moderate,standard,False,,,,,,,,2026-08-14
2026,00-0038748,K,TB,B.T. Potter,ACT,True,yes,26.52758026123047,39.15269140476904,0.0,109.79351330198321,phase2_production_kicker,0.16093052353865006,0.83906947646135,0.1744186046511628,33,30.73,117.20593632592522,-78.05,0.0,0.4720846540902006,9.44,lower,low (kicker),False,,,,,,,,2026-08-14
2026,00-0040509,TE,MIN,Ben Yurosek,ACT,True,no,24.460460662841797,8.362392341570931,0.0,26.467155484265554,ext_et_all,0.3125716197517642,0.6874283802482358,0.5025641025641026,98,53.95,124.92868260243878,-116.57,0.0,0.4721902322576482,9.44,moderate,standard,False,,,,,,,,2026-08-14
2026,00-0035891,WR,SEA,Cody White,ACT,True,no,27.759639739990234,8.431478509387532,0.0,30.342531759501625,ext_et_all,0.2814832839849608,0.7185167160150392,0.4817708333333333,200,52.91,122.48557493000283,-114.05,0.0,0.4713702459097908,9.43,moderate,standard,False,,,,,,,,2026-08-14
2026,00-0036741,TE,CLE,Jack Stoll,ACT,True,no,28.591962814331055,8.155416924561516,0.0,26.260180067256137,ext_et_all,0.31477770796346255,0.6852222920365374,0.49743589743589745,99,53.5,124.92868260243878,-116.77,0.0,0.4699841440459498,9.4,moderate,standard,False,,,,,,,,2026-08-14
2026,00-0035269,K,LV,Matt Gay,ACT,True,no,32.466102600097656,92.62567430592891,24.91308014106876,163.2664962031431,phase2_production_kicker,0.1636311434752681,0.8363688565247319,0.46511627906976744,24,53.94,117.20593632592522,-24.58,0.0,0.46938403415358254,9.39,lower,low (kicker),False,,,,,,,,2026-08-14
2026,00-0028118,QB,GB,Tyrod Taylor,ACT,True,no,37.07947540283203,43.68211851944975,9.040713260474213,88.05925663169646,ext_et_all,0.2484078856894623,0.7515921143105377,0.6218487394957983,46,64.78,219.7920156860182,-176.11,0.0,0.46936590832863867,9.39,moderate,standard,False,,,,,,,,2026-08-14
2026,00-0041262,K,PIT,Laith Marjan,ACT,True,yes,23.41731834411621,39.15269140476904,0.0,109.79351330198321,phase2_production_kicker,0.16329615916304605,0.8367038408369539,0.1744186046511628,33,30.69,117.20593632592522,-78.05,0.0,0.46971901846580455,9.39,lower,low (kicker),False,,,,,,,,2026-08-14
2026,00-0040172,WR,SF,Jordan Watkins,ACT,True,no,24.542598724365234,10.929686793818608,0.0,32.8407400439327,ext_et_all,0.2832714549486827,0.7167285450513172,0.5546875,172,58.71,122.48557493000283,-111.56,0.0,0.46958207494606885,9.39,moderate,standard,False,,,,,,,,2026-08-14
2026,00-0039907,WR,NO,Ja'Lynn Polk,ACT,True,no,24.392013549804688,12.87074011833601,0.0,34.7817933684501,ext_et_all,0.28491687988968345,0.7150831201103165,0.5911458333333334,158,61.59,122.48557493000283,-109.61,0.0,0.4679366500050681,9.36,moderate,standard,False,,,,,,,,2026-08-14
2026,00-0037093,WR,LV,Dareke Young,ACT,True,no,27.24491310119629,8.706951813801373,0.0,30.61800506391547,ext_et_all,0.28479965611452224,0.7152003438854777,0.5052083333333334,191,54.72,122.48557493000283,-113.78,0.0,0.46805387378022933,9.36,moderate,standard,False,,,,,,,,2026-08-14
2026,00-0034981,TE,HOU,Foster Moreau,ACT,True,no,29.32298469543457,16.68077238936721,2.560847246987951,34.78553553206183,ext_et_all,0.3172744354559429,0.6827255645440571,0.6256410256410256,74,63.71,124.92868260243878,-108.25,0.0,0.4674874165534695,9.35,moderate,standard,False,,,,,,,,2026-08-14
2026,00-0041182,K,WAS,Drew Stevens,ACT,True,yes,22.730104446411133,39.15269140476904,0.0,109.79351330198321,phase2_production_kicker,0.16695508204296472,0.8330449179570353,0.1744186046511628,33,30.61,117.20593632592522,-78.05,0.0,0.4660600955858859,9.32,lower,low (kicker),False,,,,,,,,2026-08-14
2026,00-0034794,K,NYJ,Jason Sanders,ACT,True,no,30.79323959350586,46.63719997595,0.0,117.27802187316418,phase2_production_kicker,0.1676457975347413,0.8323542024652587,0.27906976744186046,32,38.97,117.20593632592522,-70.57,0.0,0.46536938009410933,9.31,lower,low (kicker),False,,,,,,,,2026-08-14
2026,00-0041145,K,NYG,Dominic Zvada,ACT,True,yes,22.853309631347656,39.15269140476904,0.0,109.79351330198321,phase2_production_kicker,0.16765019701676684,0.8323498029832331,0.1744186046511628,33,30.6,117.20593632592522,-78.05,0.0,0.46536498061208376,9.31,lower,low (kicker),False,,,,,,,,2026-08-14
2026,00-0040899,K,GB,Trey Smack,ACT,True,yes,23.140790939331055,39.15269140476904,0.0,109.79351330198321,phase2_production_kicker,0.16806385010313804,0.8319361498968619,0.1744186046511628,33,30.59,117.20593632592522,-78.05,0.0,0.46495132752571255,9.3,lower,low (kicker),False,,,,,,,,2026-08-14
2026,00-0036628,TE,WAS,John Bates,ACT,True,no,28.819210052490234,27.0222760696065,0.0,99.8994960059543,ext_et_all,0.3198737543386474,0.6801262456613526,0.6974358974358974,60,69.4,124.92868260243878,-97.91,0.0,0.464888097670765,9.3,moderate,standard,True,Hamstring,Questionable,"Aug 14, 2026",2026-08-14,MyFantasyLeague,Documented public injury API,https://api.myfantasyleague.com/2026/export?TYPE=injuries&JSON=1,2026-08-14
2026,00-0036162,K,BUF,Tyler Bass,ACT,True,no,29.544754028320312,66.67954044412377,0.0,137.32036234133795,phase2_production_kicker,0.16830747549391203,0.831692524506088,0.37209302325581395,28,46.4,117.20593632592522,-50.53,0.0,0.4647077021349386,9.29,lower,low (kicker),False,,,,,,,,2026-08-14
2026,00-0039824,TE,KC,Jared Wiley,ACT,True,no,25.82941436767578,7.878639332864879,0.0,25.9834024755595,ext_et_all,0.3207325701349212,0.6792674298650788,0.48717948717948717,101,52.56,124.92868260243878,-117.05,0.0,0.4640292818744912,9.28,moderate,standard,False,,,,,,,,2026-08-14
2026,00-0039365,WR,SF,Jacob Cowing,ACT,True,no,25.572052001953125,6.7610002698971154,0.0,28.67205352001121,ext_et_all,0.2887779572372003,0.7112220427627998,0.2916666666666667,273,37.56,122.48557493000283,-115.72,0.0,0.4640755726575514,9.28,moderate,standard,True,Hip,Questionable,"Aug 20, 2026",2026-08-14,MyFantasyLeague,Documented public injury API,https://api.myfantasyleague.com/2026/export?TYPE=injuries&JSON=1,2026-08-14
2026,00-0039794,RB,NYJ,Braelon Allen,ACT,True,no,22.6151123046875,19.840442971065002,0.0,48.168899089790095,ext_et_all,0.3400697624822415,0.6599302375177585,0.5666666666666667,92,58.53,156.9957177199209,-137.16,0.0,0.46336657606359855,9.27,moderate,standard,False,,,,,,,,2026-08-14
2026,00-0035021,WR,IND,Ashton Dulin,ACT,True,no,29.298343658447266,21.917572557043492,0.677514035936337,43.828625807157586,ext_et_all,0.2911896977707839,0.708810302229216,0.6432291666666666,138,65.63,122.48557493000283,-100.57,0.0,0.46166383212396767,9.23,moderate,standard,False,,,,,,,,2026-08-14
2026,00-0035645,WR,NYG,Gunner Olszewski,RES,True,no,29.76378631591797,23.489253922685972,2.2491954015788167,45.40030717280007,ext_et_all,0.2933591493260906,0.7066408506739095,0.65625,133,66.63,122.48557493000283,-99.0,0.0,0.4594943805686611,9.19,moderate,standard,True,Achilles,IR,"Feb 15, 2027",2026-08-14,MyFantasyLeague,Documented public injury API,https://api.myfantasyleague.com/2026/export?TYPE=injuries&JSON=1,2026-08-14
2026,00-0036854,K,CIN,Evan McPherson,ACT,True,no,27.11623191833496,116.30417350727949,23.80614872899143,156.9274116677833,phase2_production_kicker,0.17477840927865962,0.8252215907213404,0.7209302325581395,13,74.18,117.20593632592522,-0.9,0.0,0.458236768350191,9.16,lower,low (kicker),False,,,,,,,,2026-08-14
2026,00-0039458,TE,CLE,Brenden Bates,ACT,True,no,26.878032684326172,10.784697418686038,0.0,28.88946056138066,ext_et_all,0.32676056329131803,0.673239436708682,0.5846153846153846,82,60.23,124.92868260243878,-114.14,0.0,0.4580012887180944,9.16,moderate,standard,False,,,,,,,,2026-08-14
2026,00-0038710,TE,CLE,Blake Whiteheart,ACT,True,no,26.445444107055664,9.004436427216127,0.0,27.10919956991075,ext_et_all,0.32768161016164843,0.6723183898383516,0.517948717948718,95,54.88,124.92868260243878,-115.92,0.0,0.45708024184776397,9.14,moderate,standard,False,,,,,,,,2026-08-14
2026,00-0038640,WR,AZ,Jalen Brooks,ACT,True,no,26.319499969482422,12.97335458412514,0.0,34.884407834239234,ext_et_all,0.2966317221949487,0.7033682778050513,0.5963541666666666,156,61.78,122.48557493000283,-109.51,0.0,0.4562218076998029,9.12,moderate,standard,False,,,,,,,,2026-08-14
2026,00-0037004,TE,JAX,Hunter Long,ACT,True,no,28.03616714477539,18.697347567181826,4.577422424802567,36.802110709876445,ext_et_all,0.32901795952040963,0.6709820404795903,0.6307692307692307,73,63.88,124.92868260243878,-106.23,0.0,0.4557438924890027,9.11,moderate,standard,False,,,,,,,,2026-08-14
2026,00-0040234,QB,MIA,Quinn Ewers,ACT,True,no,23.46660041809082,71.70746137418787,0.0,212.2833020377825,ext_et_all,0.2629770220952863,0.7370229779047137,0.6890756302521008,38,69.87,219.7920156860182,-148.08,0.0,0.45479677192281465,9.1,moderate,standard,False,,,,,,,,2026-08-14
2026,00-0040704,QB,CLE,Dillon Gabriel,ACT,True,no,25.67609214782715,64.86356120866596,0.0,205.4394018722606,ext_et_all,0.2646308714697741,0.735369128530226,0.6638655462184874,41,67.82,219.7920156860182,-154.93,0.0,0.4531429225483269,9.06,moderate,standard,False,,,,,,,,2026-08-14
2026,00-0032464,WR,CHI,Kalif Raymond,ACT,True,no,32.066368103027344,43.10779123401163,0.0,125.38857311681404,ext_et_all,0.3010654739303742,0.6989345260696258,0.7161458333333334,110,71.27,122.48557493000283,-79.38,0.0,0.45178805596437743,9.04,moderate,standard,False,,,,,,,,2026-08-14
2026,00-0036972,QB,SF,Mac Jones,ACT,True,no,27.9896240234375,85.65532844548997,0.0,226.23116910908462,ext_et_all,0.267123353050457,0.732876646949543,0.7226890756302521,34,72.47,219.7920156860182,-134.14,0.0,0.45065044096764395,9.01,moderate,standard,False,,,,,,,,2026-08-14
2026,00-0038454,RB,LAC,Keaton Mitchell,ACT,True,no,24.621997833251953,56.02912972355688,0.0,170.99702546188286,ext_et_all,0.35322925749041095,0.646770742509589,0.719047619047619,60,70.46,156.9957177199209,-100.97,0.0,0.45020708105542906,9.0,higher,standard,False,,,,,,,,2026-08-14
2026,00-0039884,WR,MIA,Tahj Washington,ACT,True,no,25.295522689819336,11.116922670836933,0.0,33.02797592095103,ext_et_all,0.30289222208808997,0.69710777791191,0.5598958333333334,170,58.73,122.48557493000283,-111.37,0.0,0.44996130780666166,9.0,moderate,standard,False,,,,,,,,2026-08-14
2026,00-0040311,WR,MIA,Theo Wease Jr.,ACT,True,no,25.186006546020508,22.61548272574838,1.3754242046412237,44.52653597586247,ext_et_all,0.3032220045445811,0.696777995455419,0.6484375,136,65.81,122.48557493000283,-99.87,0.0,0.4496315253501706,8.99,moderate,standard,False,,,,,,,,2026-08-14
2026,00-0039754,TE,TB,Devin Culp,ACT,True,no,26.579601287841797,9.058901962515602,0.0,27.163665105210224,ext_et_all,0.33548997559392263,0.6645100244060773,0.5282051282051282,93,55.55,124.92868260243878,-115.87,0.0,0.4492718764154897,8.99,moderate,standard,False,,,,,,,,2026-08-14
2026,00-0032775,WR,SF,Demarcus Robinson,ACT,True,no,31.945898056030273,44.14088356947817,0.0,126.42166545228059,ext_et_all,0.30373607551800424,0.6962639244819957,0.7213541666666666,108,71.63,122.48557493000283,-78.34,0.0,0.4491174543767473,8.98,moderate,standard,False,,,,,,,,2026-08-14
2026,00-0039394,WR,ATL,Casey Washington,ACT,True,no,25.489913940429688,18.35265168306047,0.0,40.263704933174566,ext_et_all,0.304253515458883,0.695746484541117,0.6328125,142,64.54,122.48557493000283,-104.13,0.0,0.4486000144358686,8.97,moderate,standard,False,,,,,,,,2026-08-14
2026,00-0035208,WR,ATL,Olamide Zaccheaus,ACT,True,no,29.109426498413086,57.93504623999882,0.0,140.21582812280124,ext_et_all,0.30647468495421637,0.6935253150457836,0.7708333333333334,89,75.54,122.48557493000283,-64.55,0.0,0.44637884494053526,8.93,moderate,standard,False,,,,,,,,2026-08-14
2026,00-0038046,TE,LAC,Charlie Kolar,ACT,True,no,27.55703353881836,36.86701125834857,0.0,109.74423119469637,ext_et_all,0.3403071611862269,0.659692838813773,0.717948717948718,56,70.63,124.92868260243878,-88.06,0.0,0.44445469082318545,8.89,moderate,standard,False,,,,,,,,2026-08-14
2026,00-0037741,WR,ATL,Jahan Dotson,ACT,True,no,26.445444107055664,50.18150819409947,0.0,132.4622900769019,ext_et_all,0.3087078168659653,0.6912921831340346,0.7447916666666666,99,73.41,122.48557493000283,-72.3,0.0,0.44414571302878625,8.88,moderate,standard,False,,,,,,,,2026-08-14
2026,00-0040277,WR,CHI,Jahdae Walker,ACT,True,no,24.159292221069336,15.593854346057636,0.0,37.50490759617173,ext_et_all,0.30867784475386717,0.6913221552461328,0.6171875,148,63.2,122.48557493000283,-106.89,0.0,0.44417568514088446,8.88,moderate,standard,False,,,,,,,,2026-08-14
2026,00-0040644,RB,CAR,Trevor Etienne,ACT,True,no,22.146930694580078,45.50262238805519,0.0,160.47051812638117,ext_et_all,0.3599698085501981,0.6400301914498019,0.6714285714285714,70,66.51,156.9957177199209,-111.49,0.0,0.44346652999564196,8.87,higher,standard,False,,,,,,,,2026-08-14
2026,00-0038685,RB,GB,Chris Brooks,ACT,True,no,26.639835357666016,18.838303903287258,0.0,47.166760022012355,ext_et_all,0.36011250573201264,0.6398874942679873,0.5523809523809524,95,56.99,156.9957177199209,-138.16,0.0,0.44332383281382737,8.87,higher,standard,False,,,,,,,,2026-08-14
2026,00-0039384,RB,NYG,Tyrone Tracy Jr.,ACT,True,no,26.77399253845215,162.20418615734843,93.0446044752062,277.1720818956744,ext_et_all,0.523879200987465,0.476120799012535,0.9095238095238095,20,82.28,156.9957177199209,5.21,0.0409,0.2795571375583751,8.86,higher,standard,False,,,,,,,,2026-08-14
2026,00-0040021,RB,DAL,Phil Mafah,ACT,True,no,23.855382919311523,12.8851980097616,0.0,41.213654128486695,ext_et_all,0.36038651400752325,0.6396134859924767,0.48095238095238096,110,51.27,156.9957177199209,-144.11,0.0,0.44304982453831676,8.86,higher,standard,False,,,,,,,,2026-08-14
2026,00-0033526,RB,CIN,Samaje Perine,ACT,True,no,30.96025276184082,79.13138660101838,9.971804918876146,194.09928233934437,ext_et_all,0.3620136582568063,0.6379863417431937,0.7857142857142857,46,75.62,156.9957177199209,-77.86,0.0,0.44142268028903375,8.83,higher,standard,False,,,,,,,,2026-08-14
2026,00-0038589,TE,GB,Josh Whyle,ACT,True,no,26.982072830200195,13.595741760084756,0.0,31.70050490277938,ext_et_all,0.34331068581869156,0.6566893141813084,0.6102564102564103,77,61.95,124.92868260243878,-111.33,0.0,0.4414511661907208,8.83,moderate,standard,False,,,,,,,,2026-08-14
2026,00-0040646,WR,KC,Jalen Royals,ACT,True,no,23.535049438476562,12.21878567655319,0.0,34.12983892666728,ext_et_all,0.31200285701451547,0.6879971429854845,0.5859375,160,60.63,122.48557493000283,-110.27,0.0,0.44085067288023616,8.82,moderate,standard,False,,,,,,,,2026-08-14
2026,00-0037267,RB,WAS,Jerome Ford,ACT,True,no,26.97112274169922,50.07757800775639,0.0,165.04547374608237,ext_et_all,0.36288450163478625,0.6371154983652138,0.6904761904761905,66,67.98,156.9957177199209,-106.92,0.0,0.4405518369110538,8.81,higher,standard,False,,,,,,,,2026-08-14
2026,00-0039407,RB,LV,Dylan Laube,ACT,True,no,26.71649742126465,12.256876149529885,0.0,40.58533226825498,ext_et_all,0.36406766559332543,0.6359323344066745,0.44761904761904764,117,48.53,156.9957177199209,-144.74,0.0,0.4393686729525146,8.79,higher,standard,False,,,,,,,,2026-08-14
2026,00-0036971,QB,JAX,Trevor Lawrence,ACT,True,no,26.905412673950195,224.0019854367673,114.34288835611946,364.57782610036196,ext_et_all,0.41239854664196474,0.5876014533580353,0.9159663865546218,11,85.03,219.7920156860182,4.21,0.0331,0.3053752473761362,8.76,higher,standard,False,,,,,,,,2026-08-14
2026,00-0038519,WR,KC,Nikko Remigio,ACT,True,no,26.826013565063477,13.83132641238863,0.0,35.74237966250273,ext_et_all,0.3150571643071847,0.6849428356928153,0.6067708333333334,152,62.24,122.48557493000283,-108.65,0.0,0.43779636558756696,8.76,moderate,standard,False,,,,,,,,2026-08-14
2026,00-0034173,K,SF,Eddy Pineiro,ACT,True,no,30.96846580505371,116.28650318733487,23.788478409046817,156.9097413478387,phase2_production_kicker,0.1954383603862547,0.8045616396137453,0.6976744186046512,14,71.91,117.20593632592522,-0.92,0.0,0.4375768172425959,8.75,lower,low (kicker),False,,,,,,,,2026-08-14
2026,00-0037197,RB,DET,Isiah Pacheco,ACT,True,no,27.502275466918945,56.58781033785772,0.0,171.5557060761837,ext_et_all,0.36627840364849307,0.6337215963515069,0.7333333333333333,57,71.34,156.9957177199209,-100.41,0.0,0.437157934897347,8.74,higher,standard,True,Knee - MCL,Questionable,"Sep 13, 2026",2026-08-14,MyFantasyLeague,Documented public injury API,https://api.myfantasyleague.com/2026/export?TYPE=injuries&JSON=1,2026-08-14
2026,00-0039376,QB,NO,Spencer Rattler,ACT,True,no,25.925241470336914,56.84052206188673,0.0,197.41636272548138,ext_et_all,0.2815994798195687,0.7184005201804313,0.6470588235294118,43,66.13,219.7920156860182,-162.95,0.0,0.43617431419853225,8.72,moderate,standard,False,,,,,,,,2026-08-14
2026,00-0039052,WR,NO,Trey Palmer,ACT,True,no,25.415990829467773,6.6081266632460745,0.0,28.51917991336017,ext_et_all,0.31670438033335285,0.6832956196666471,0.28125,277,36.17,122.48557493000283,-115.88,0.0,0.4361491495613987,8.72,moderate,standard,False,,,,,,,,2026-08-14
2026,00-0026498,QB,LA,Matthew Stafford,ACT,True,no,38.566158294677734,219.7920156860182,110.13291860537035,360.36785634961285,ext_et_all,0.2823328455242213,0.7176671544757787,0.907563025210084,12,86.96,219.7920156860182,0.0,0.0,0.4354409484938796,8.71,moderate,standard,False,,,,,,,,2026-08-14
2026,00-0040244,TE,NO,Moliki Matavao,ACT,True,no,23.461124420166016,9.934617785486223,0.0,28.039380928180847,ext_et_all,0.34932525623811833,0.6506747437618816,0.558974358974359,87,57.73,124.92868260243878,-114.99,0.0,0.435436595771294,8.71,moderate,standard,False,,,,,,,,2026-08-14
2026,00-0040668,QB,CLE,Shedeur Sanders,ACT,True,no,24.56450080871582,118.34344935381844,8.684352273170589,258.9192900174131,ext_et_all,0.2827818890562958,0.7172181109437041,0.7647058823529411,29,75.52,219.7920156860182,-101.45,0.0,0.43499190496180506,8.7,moderate,standard,False,,,,,,,,2026-08-14
2026,00-0038951,RB,TB,Sean Tucker,ACT,True,no,24.85198211669922,48.90288542751345,0.0,163.87078116583945,ext_et_all,0.3699395282205537,0.6300604717794462,0.6857142857142857,67,67.46,156.9957177199209,-108.09,0.0,0.4334968103252863,8.67,higher,standard,False,,,,,,,,2026-08-14
2026,00-0035359,WR,TB,David Sills,ACT,True,no,31.261423110961914,39.87763508927484,0.0,122.15841697207725,ext_et_all,0.3198546050034154,0.6801453949965846,0.703125,115,69.85,122.48557493000283,-82.61,0.0,0.4329989248913362,8.66,moderate,standard,False,,,,,,,,2026-08-14
2026,00-0037085,RB,DEN,Tyler Badie,ACT,True,no,27.565248489379883,42.4144765529883,0.0,157.38237229131428,ext_et_all,0.37087929063176384,0.6291207093682362,0.6666666666666666,71,65.92,156.9957177199209,-114.58,0.0,0.43255704791407623,8.65,higher,standard,False,,,,,,,,2026-08-14
2026,00-0033119,QB,AZ,Jacoby Brissett,ACT,True,no,33.722801208496094,155.02117062664962,45.36207354600177,295.59701129024427,ext_et_all,0.28580653780924675,0.7141934621907533,0.8067226890756303,24,78.82,219.7920156860182,-64.77,0.0,0.43196725620885423,8.64,moderate,standard,False,,,,,,,,2026-08-14
2026,00-0035631,TE,CIN,Drew Sample,ACT,True,no,30.377079010009766,29.718516500044522,0.0,102.59573643639231,ext_et_all,0.3529699532962779,0.6470300467037221,0.7025641025641025,59,69.15,124.92868260243878,-95.21,0.0,0.4317918987131345,8.64,higher,standard,False,,,,,,,,2026-08-14
2026,00-0038705,RB,KC,Emari Demercado,ACT,True,no,27.614530563354492,46.52232156841245,0.0,161.49021730673843,ext_et_all,0.371736761110762,0.628263238889238,0.680952380952381,68,67.04,156.9957177199209,-110.47,0.0,0.43169957743507803,8.63,higher,standard,False,,,,,,,,2026-08-14
2026,00-0036442,QB,CIN,Joe Burrow,ACT,True,no,29.72545623779297,180.2230376055532,70.56394052490535,320.79887826914785,ext_et_all,0.2868019121727997,0.7131980878272003,0.865546218487395,17,83.51,219.7920156860182,-39.57,0.0,0.4309718818453012,8.62,moderate,standard,False,,,,,,,,2026-08-14
2026,00-0038720,TE,NE,Julian Hill,RES,True,no,26.14701271057129,26.818074564825793,0.0,99.69529450117359,ext_et_all,0.3535720338328608,0.6464279661671393,0.6871794871794872,62,67.9,124.92868260243878,-98.11,0.0,0.43118981817655166,8.62,higher,standard,True,Knee,IR,"Feb 15, 2027",2026-08-14,MyFantasyLeague,Documented public injury API,https://api.myfantasyleague.com/2026/export?TYPE=injuries&JSON=1,2026-08-14
2026,00-0038824,WR,NYG,Ryan Miller,ACT,True,no,26.530319213867188,12.049657336766334,0.0,33.960710586880424,ext_et_all,0.3223690621624857,0.6776309378375143,0.5833333333333334,161,60.22,122.48557493000283,-110.44,0.0,0.4304844677322659,8.61,moderate,standard,False,,,,,,,,2026-08-14
2026,00-0037666,WR,MIA,Jalen Tolbert,ACT,True,no,27.51049041748047,49.48743992013873,0.0,131.76822180294116,ext_et_all,0.32273114445196294,0.6772688555480371,0.7395833333333334,101,72.71,122.48557493000283,-73.0,0.0,0.4301223854427887,8.6,moderate,standard,False,,,,,,,,2026-08-14
2026,00-0033375,WR,NYJ,Tim Patrick,ACT,True,no,32.77274703979492,32.621650301590044,11.38159178048289,54.53270355170414,ext_et_all,0.32446547264544495,0.675534527354555,0.6796875,124,67.89,122.48557493000283,-89.86,0.0,0.4283880572493066,8.57,moderate,standard,False,,,,,,,,2026-08-14
2026,00-0040024,WR,PHI,Darius Cooper,ACT,True,no,24.775320053100586,13.343835168073317,0.0,35.25488841818741,ext_et_all,0.3242135050530279,0.6757864949469721,0.6015625,154,61.64,122.48557493000283,-109.14,0.0,0.4286400248417237,8.57,moderate,standard,False,,,,,,,,2026-08-14
2026,00-0040735,WR,CHI,Luther Burden III,ACT,True,no,22.72188949584961,126.7981993309407,59.00637987520946,209.07898121374313,ext_et_all,0.4612223546772647,0.5387776453227353,0.9166666666666666,33,84.11,122.48557493000283,4.31,0.0339,0.29163117521748694,8.54,higher,standard,True,Groin,Questionable,"Sep 13, 2026",2026-08-14,MyFantasyLeague,Documented public injury API,https://api.myfantasyleague.com/2026/export?TYPE=injuries&JSON=1,2026-08-14
2026,00-0033303,K,KC,Harrison Butker,ACT,True,no,31.135478973388672,96.36533599946797,28.652741834607824,167.00615789668217,phase2_production_kicker,0.2061578295090063,0.7938421704909937,0.5116279069767442,22,56.81,117.20593632592522,-20.84,0.0,0.4268573481198443,8.54,moderate,low (kicker),False,,,,,,,,2026-08-14
2026,00-0038547,TE,DAL,Luke Schoonmaker,ACT,True,no,27.926651000976562,36.00547261900098,0.0,108.88269255534878,ext_et_all,0.357752261347162,0.642247738652838,0.7128205128205128,57,69.87,124.92868260243878,-88.92,0.0,0.4270095906622504,8.54,higher,standard,False,,,,,,,,2026-08-14
2026,00-0036212,QB,ATL,Tua Tagovailoa,ACT,True,no,28.501611709594727,114.61954124976191,4.960444169114055,255.19538191335656,ext_et_all,0.29103141677673805,0.708968583223262,0.7563025210084033,30,74.68,219.7920156860182,-105.17,0.0,0.4267423772413629,8.53,moderate,standard,True,Back,Questionable,"Aug 14, 2026",2026-08-14,MyFantasyLeague,Documented public injury API,https://api.myfantasyleague.com/2026/export?TYPE=injuries&JSON=1,2026-08-14
2026,00-0037525,RB,MIN,Jordan Mason,ACT,True,no,27.2750301361084,84.58882560220907,15.429243920066838,199.55672134053503,ext_et_all,0.37784156936462154,0.6221584306353785,0.8,43,76.44,156.9957177199209,-72.41,0.0,0.4255947691812185,8.51,higher,standard,False,,,,,,,,2026-08-14
2026,00-0034829,TE,CIN,Mike Gesicki,ACT,True,no,30.913707733154297,71.47658286421594,27.72573121312133,144.35380280056376,ext_et_all,0.3605622680476281,0.6394377319523719,0.8564102564102564,29,81.3,124.92868260243878,-53.45,0.0,0.42419958396178425,8.48,higher,standard,False,,,,,,,,2026-08-14
2026,00-0036637,TE,KC,Noah Gray,ACT,True,no,27.340740203857422,45.09764319440033,1.346791543305713,117.97486313074813,ext_et_all,0.3619365184468613,0.6380634815531387,0.7589743589743589,48,73.48,124.92868260243878,-79.83,0.0,0.42282533356255114,8.46,higher,standard,False,,,,,,,,2026-08-14
2026,00-0038440,RB,MIN,Zavier Scott,ACT,True,no,27.127182006835938,21.496501275584244,0.0,49.82495739430934,ext_et_all,0.3808792404321161,0.6191207595678839,0.5904761904761905,87,59.62,156.9957177199209,-135.5,0.0,0.422557098113724,8.45,higher,standard,False,,,,,,,,2026-08-14
2026,00-0039816,WR,IND,Anthony Gould,ACT,True,no,25.405038833618164,10.03768541003712,0.0,31.948738660151214,ext_et_all,0.3319774464603712,0.6680225535396288,0.5494791666666666,174,57.32,122.48557493000283,-112.45,0.0,0.42087608343438043,8.42,moderate,standard,False,,,,,,,,2026-08-14
2026,00-0037263,RB,AZ,Tyler Allgeier,ACT,True,no,26.37973403930664,88.84780331463911,19.688221632496877,203.8156990529651,ext_et_all,0.38302601315535717,0.6169739868446429,0.8047619047619048,42,76.72,156.9957177199209,-68.15,0.0,0.42041032539048295,8.41,higher,standard,False,,,,,,,,2026-08-14
2026,00-0038359,WR,LA,Xavier Smith,ACT,True,no,28.945152282714844,47.71203654170093,0.0,129.99281842450335,ext_et_all,0.3330089944405291,0.6669910055594709,0.734375,103,72.09,122.48557493000283,-74.77,0.0,0.4198445354542225,8.4,moderate,standard,False,,,,,,,,2026-08-14
2026,00-0032392,TE,ATL,Austin Hooper,ACT,True,no,31.84185791015625,42.566743762510114,0.0,115.44396369885791,ext_et_all,0.36528175073349517,0.6347182492665049,0.7384615384615385,52,71.77,124.92868260243878,-82.36,0.0,0.4194801012759173,8.39,higher,standard,False,,,,,,,,2026-08-14
2026,00-0039921,RB,AZ,Trey Benson,ACT,True,no,24.110008239746094,51.444233514185576,0.0,166.41212925251156,ext_et_all,0.38519716453748737,0.6148028354625126,0.7047619047619048,63,68.68,156.9957177199209,-105.55,0.0,0.41823917400835264,8.36,higher,standard,False,,,,,,,,2026-08-14
2026,00-0037157,RB,AZ,Bam Knight,ACT,True,no,25.39134979248047,45.70798714866219,0.0,160.67588288698818,ext_et_all,0.38566438857263496,0.614335611427365,0.6761904761904762,69,66.38,156.9957177199209,-111.29,0.0,0.4177719499732051,8.36,higher,standard,False,,,,,,,,2026-08-14
2026,00-0034775,WR,SF,Christian Kirk,ACT,True,no,29.785690307617188,44.69375162979475,0.0,126.97453351259716,ext_et_all,0.3354732032247492,0.6645267967752508,0.7239583333333334,107,71.21,122.48557493000283,-77.79,0.0,0.41738032667000247,8.35,moderate,standard,True,Calf,Questionable,"Aug 20, 2026",2026-08-14,MyFantasyLeague,Documented public injury API,https://api.myfantasyleague.com/2026/export?TYPE=injuries&JSON=1,2026-08-14
2026,00-0038562,K,WAS,Jake Moody,ACT,True,no,26.77399253845215,80.59151968165149,12.878925516791341,151.23234157886566,phase2_production_kicker,0.21597582481553676,0.7840241751844632,0.4186046511627907,26,49.17,117.20593632592522,-36.61,0.0,0.41703935281331384,8.34,moderate,low (kicker),False,,,,,,,,2026-08-14
2026,00-0030565,QB,NYJ,Geno Smith,ACT,True,no,35.893959045410156,159.78655685860835,50.127459777960496,300.36239752220297,ext_et_all,0.3010238406865217,0.6989761593134782,0.8151260504201681,23,79.19,219.7920156860182,-60.01,0.0,0.41674995333157916,8.33,moderate,standard,False,,,,,,,,2026-08-14
2026,00-0039917,QB,ATL,Michael Penix Jr.,ACT,True,no,26.316762924194336,82.42592287592825,0.0,223.0017635395229,ext_et_all,0.30147153678214633,0.6985284632178537,0.7142857142857143,35,71.11,219.7920156860182,-137.37,0.0,0.4163022572359546,8.33,moderate,standard,True,Knee - ACL,Questionable,"Aug 28, 2026",2026-08-14,MyFantasyLeague,Documented public injury API,https://api.myfantasyleague.com/2026/export?TYPE=injuries&JSON=1,2026-08-14
2026,00-0038797,RB,SEA,Emanuel Wilson,ACT,True,no,27.318836212158203,63.2670273695402,0.0,178.23492310786617,ext_et_all,0.38964989892885177,0.6103501010711483,0.7571428571428571,52,72.78,156.9957177199209,-93.73,0.0,0.41378643961698836,8.28,higher,standard,False,,,,,,,,2026-08-14
2026,00-0035249,TE,MIN,Josh Oliver,ACT,True,no,29.44892692565918,37.80324224029994,0.0,110.68046217664774,ext_et_all,0.37085267541672695,0.629147324583273,0.7230769230769231,55,70.43,124.92868260243878,-87.13,0.0,0.41390917659268545,8.28,higher,standard,False,,,,,,,,2026-08-14
2026,00-0039359,TE,HOU,Cade Stover,ACT,True,no,26.220935821533203,25.478031810821207,11.358106668441948,43.58279495351583,ext_et_all,0.37096806465729665,0.6290319353427034,0.6820512820512821,63,67.14,124.92868260243878,-99.45,0.0,0.4137937873521158,8.28,higher,standard,False,,,,,,,,2026-08-14
2026,00-0038977,WR,HOU,Tank Dell,ACT,True,no,26.842439651489258,47.60331006108178,0.0,129.8840919438842,ext_et_all,0.3396493000014533,0.6603506999985467,0.7317708333333334,104,71.75,122.48557493000283,-74.88,0.0,0.4132042298932983,8.26,moderate,standard,True,Knee - ACL + MCL,Questionable,"Aug 20, 2026",2026-08-14,MyFantasyLeague,Documented public injury API,https://api.myfantasyleague.com/2026/export?TYPE=injuries&JSON=1,2026-08-14
2026,00-0035500,WR,DET,Greg Dortch,ACT,True,no,28.26067543029785,48.33261548658151,0.0,130.61339736938393,ext_et_all,0.3406672782190837,0.6593327217809163,0.7369791666666666,102,72.14,122.48557493000283,-74.15,0.0,0.4121862516756679,8.24,moderate,standard,False,,,,,,,,2026-08-14
2026,00-0039521,WR,AZ,Xavier Weaver,ACT,True,no,25.886911392211914,11.089160269702694,0.0,33.00021351981679,ext_et_all,0.3406348196911907,0.6593651803088093,0.5572916666666666,171,57.77,122.48557493000283,-111.4,0.0,0.41221871020356093,8.24,moderate,standard,True,Concussion,Questionable,"Aug 22, 2026",2026-08-14,MyFantasyLeague,Documented public injury API,https://api.myfantasyleague.com/2026/export?TYPE=injuries&JSON=1,2026-08-14
2026,00-0036626,WR,WAS,Dyami Brown,ACT,True,no,26.834226608276367,38.029220100665,0.0,120.31000198346742,ext_et_all,0.3438795512422236,0.6561204487577764,0.6979166666666666,117,68.96,122.48557493000283,-84.46,0.0,0.40897397865252805,8.18,moderate,standard,False,,,,,,,,2026-08-14
2026,00-0037086,TE,PHI,Grant Calcaterra,ACT,True,no,27.74321174621582,20.871519324587766,6.751594182208507,38.97628246728239,ext_et_all,0.3771463470949985,0.6228536529050015,0.6512820512820513,69,64.56,124.92868260243878,-104.06,0.0,0.4076155049144139,8.15,higher,standard,False,,,,,,,,2026-08-14
2026,00-0038839,WR,CIN,Mitchell Tinsley,ACT,True,no,26.962907791137695,24.83396949972549,3.593910978618336,46.745022749839585,ext_et_all,0.34654036700204677,0.6534596329979532,0.6614583333333334,131,65.99,122.48557493000283,-97.65,0.0,0.4063131628927048,8.13,moderate,standard,False,,,,,,,,2026-08-14
2026,00-0039379,WR,CLE,Jamari Thrash,ACT,True,no,25.700733184814453,19.918404037222256,0.0,41.82945728733635,ext_et_all,0.34754789011164733,0.6524521098883527,0.6380208333333334,140,64.09,122.48557493000283,-102.57,0.0,0.4053056397831043,8.11,moderate,standard,True,Undisclosed,IR,"Feb 15, 2027",2026-08-14,MyFantasyLeague,Documented public injury API,https://api.myfantasyleague.com/2026/export?TYPE=injuries&JSON=1,2026-08-14
2026,00-0039451,WR,NYJ,Isaiah Williams,ACT,True,no,25.588478088378906,55.36712236054963,0.0,137.64790424335206,ext_et_all,0.347605060504799,0.652394939495201,0.765625,91,74.3,122.48557493000283,-67.12,0.0,0.4052484693899526,8.1,moderate,standard,False,,,,,,,,2026-08-14
2026,00-0039648,TE,TEN,David Martin-Robinson,ACT,True,no,26.68364143371582,10.182937508471253,0.0,28.287700651165878,ext_et_all,0.3802713593642664,0.6197286406357336,0.5692307692307692,85,57.93,124.92868260243878,-114.75,0.0,0.404490492645146,8.09,higher,standard,False,,,,,,,,2026-08-14
2026,00-0026158,QB,CIN,Joe Flacco,ACT,True,no,41.6244010925293,79.28515310838289,0.0,219.86099377197752,ext_et_all,0.3137127183106884,0.6862872816893115,0.6974789915966386,37,69.52,219.7920156860182,-140.51,0.0,0.40406107570741245,8.08,moderate,standard,False,,,,,,,,2026-08-14
2026,00-0039164,QB,IND,Anthony Richardson,ACT,True,no,24.27975845336914,61.70699183818116,0.0,202.2828325017758,ext_et_all,0.31403753537021023,0.6859624646297897,0.6554621848739496,42,66.16,219.7920156860182,-158.09,0.0,0.40373625864789064,8.07,moderate,standard,False,,,,,,,,2026-08-14
2026,00-0039737,TE,AZ,Tip Reiman,ACT,True,no,24.956022262573242,12.538269048002528,0.0,30.64303219069715,ext_et_all,0.381536713444515,0.618463286555485,0.6051282051282051,78,60.78,124.92868260243878,-112.39,0.0,0.4032251385648974,8.06,higher,standard,True,Ankle,Out,"Aug 22, 2026",2026-08-14,MyFantasyLeague,Documented public injury API,https://api.myfantasyleague.com/2026/export?TYPE=injuries&JSON=1,2026-08-14
2026,00-0038555,RB,PHI,Tank Bigsby,ACT,True,no,24.00596809387207,50.55589241554913,0.0,165.5237881538751,ext_et_all,0.4019388422958502,0.5980611577041498,0.6952380952380952,65,67.58,156.9957177199209,-106.44,0.0,0.40149749624998987,8.03,higher,standard,False,,,,,,,,2026-08-14
2026,00-0039874,RB,MIA,Jaylen Wright,ACT,True,no,23.42005729675293,39.82935758766563,11.691518062282945,68.15781370639073,ext_et_all,0.4019771832070083,0.5980228167929917,0.6476190476190476,75,63.77,156.9957177199209,-117.17,0.0,0.4014591553388318,8.03,higher,standard,False,,,,,,,,2026-08-14
2026,00-0040582,WR,NYJ,Arian Smith,ACT,True,no,24.89031219482422,29.53562989921201,8.295571378104857,51.446683149326105,ext_et_all,0.35263644419785684,0.6473635558021431,0.6692708333333334,128,66.49,122.48557493000283,-92.95,0.0,0.40021708569689474,8.0,higher,standard,False,,,,,,,,2026-08-14
2026,00-0039686,TE,WAS,Colson Yankoff,ACT,True,no,26.502939224243164,8.877164603596706,0.0,26.981927746291326,ext_et_all,0.3859675326973323,0.6140324673026677,0.5076923076923077,97,52.9,124.92868260243878,-116.05,0.0,0.3987943193120801,7.98,higher,standard,False,,,,,,,,2026-08-14
2026,00-0036427,WR,DAL,Tyler Johnson,ACT,True,no,28.01974105834961,34.970347330835324,13.730288809728169,56.88140058094942,ext_et_all,0.356367115680777,0.6436328843192229,0.6822916666666666,123,67.46,122.48557493000283,-87.52,0.0,0.39648641421397457,7.93,higher,standard,False,,,,,,,,2026-08-14
2026,00-0040259,WR,CLE,Gage Larvadain,ACT,True,no,23.660991668701172,16.119528012507093,0.0,38.03058126262118,ext_et_all,0.35700575252883054,0.6429942474711694,0.6276041666666666,144,63.07,122.48557493000283,-106.37,0.0,0.395847777365921,7.92,higher,standard,False,,,,,,,,2026-08-14
2026,00-0039623,WR,NO,Mason Tipton,ACT,True,no,25.927978515625,13.38056817974326,0.0,35.29162142985736,ext_et_all,0.35673619762929965,0.6432638023707004,0.6041666666666666,153,61.2,122.48557493000283,-109.11,0.0,0.396117332265452,7.92,higher,standard,True,Leg,Out,"Aug 15, 2026",2026-08-14,MyFantasyLeague,Documented public injury API,https://api.myfantasyleague.com/2026/export?TYPE=injuries&JSON=1,2026-08-14
2026,00-0033955,RB,WAS,Jeremy McNichols,ACT,True,no,30.68372344970703,52.560074985852395,0.0,167.52797072417837,ext_et_all,0.4082815728956974,0.5917184271043026,0.7095238095238096,62,68.6,156.9957177199209,-104.44,0.0,0.3951547656501426,7.9,higher,standard,True,Quadriceps,Questionable,"Aug 14, 2026",2026-08-14,MyFantasyLeague,Documented public injury API,https://api.myfantasyleague.com/2026/export?TYPE=injuries&JSON=1,2026-08-14
2026,00-0034975,RB,BAL,Justice Hill,ACT,True,no,28.797306060791016,42.2533868361628,0.0,157.22128257448878,ext_et_all,0.4086525628699419,0.5913474371300581,0.6619047619047619,72,64.78,156.9957177199209,-114.74,0.0,0.3947837756758982,7.9,higher,standard,False,,,,,,,,2026-08-14
2026,00-0035250,RB,NYG,Devin Singletary,ACT,True,no,28.994434356689453,70.81485125260366,1.655269570461428,185.78274699092964,ext_et_all,0.4094173724454494,0.5905826275545506,0.7714285714285715,49,73.53,156.9957177199209,-86.18,0.0,0.39401896610039067,7.88,higher,standard,False,,,,,,,,2026-08-14
2026,00-0038611,RB,JAX,Chris Rodriguez Jr.,ACT,True,no,26.932790756225586,52.93443792407048,0.0,167.90233366239647,ext_et_all,0.4091997540328913,0.5908002459671087,0.7142857142857143,61,68.96,156.9957177199209,-104.06,0.0,0.39423658451294874,7.88,higher,standard,False,,,,,,,,2026-08-14
2026,00-0040198,RB,MIA,Ollie Gordon II,ACT,True,no,22.628801345825195,61.87159059736372,0.0,176.83948633568968,ext_et_all,0.4108195864088489,0.5891804135911511,0.7476190476190476,54,71.59,156.9957177199209,-95.12,0.0,0.3926167521369912,7.85,higher,standard,False,,,,,,,,2026-08-14
2026,00-0039746,RB,PHI,Will Shipley,ACT,True,no,24.00870704650879,23.381166940665555,0.0,51.70962305939065,ext_et_all,0.41163312985761386,0.5883668701423861,0.5952380952380952,86,59.39,156.9957177199209,-133.61,0.0,0.39180320868822616,7.84,higher,standard,False,,,,,,,,2026-08-14
2026,00-0036422,TE,DEN,Adam Trautman,ACT,True,no,29.569395065307617,44.38591454892968,0.6350628978350628,117.26313448527748,ext_et_all,0.3948056851616519,0.6051943148383481,0.7487179487179487,50,72.0,124.92868260243878,-80.54,0.0,0.38995616684776047,7.8,higher,standard,False,,,,,,,,2026-08-14
2026,00-0039589,WR,TB,Kameron Johnson,ACT,True,no,24.460460662841797,16.50793211725157,0.0,38.418985367365664,ext_et_all,0.3628091248314025,0.6371908751685975,0.6302083333333334,143,63.16,122.48557493000283,-105.98,0.0,0.39004440506334914,7.8,higher,standard,False,,,,,,,,2026-08-14
2026,00-0036223,RB,IND,Jonathan Taylor,ACT,True,no,27.617267608642578,163.09199496552836,93.93241328338613,278.0598907038543,ext_et_all,0.6053628439889097,0.3946371560110903,0.9142857142857143,19,81.04,156.9957177199209,6.1,0.0479,0.19807349455693035,7.79,higher,standard,False,,,,,,,,2026-08-14
2026,00-0039530,TE,DAL,Brevyn Spann-Ford,ACT,True,no,26.680904388427734,19.960059337144646,5.840134194765387,38.064822479839265,ext_et_all,0.39547439405690343,0.6045256059430966,0.6461538461538462,70,63.78,124.92868260243878,-104.97,0.0,0.38928745795250896,7.79,higher,standard,False,,,,,,,,2026-08-14
2026,00-0036550,WR,BAL,Rashod Bateman,ACT,True,no,26.757564544677734,49.649237711062646,0.0,131.93001959386507,ext_et_all,0.36410696161856837,0.6358930383814316,0.7421875,100,72.09,122.48557493000283,-72.84,0.0,0.38874656827618326,7.77,higher,standard,False,,,,,,,,2026-08-14
2026,00-0033110,TE,LA,Tyler Higbee,ACT,True,no,33.665306091308594,38.81214123047346,0.0,111.68936116682126,ext_et_all,0.39724856344360854,0.6027514365563915,0.7282051282051282,54,70.31,124.92868260243878,-86.12,0.0,0.3875132885658039,7.75,higher,standard,False,,,,,,,,2026-08-14
2026,00-0033906,RB,NO,Alvin Kamara,ACT,True,no,31.105361938476562,100.32773999428983,31.168158312147597,215.2956357326158,ext_et_all,0.41893455649356737,0.5810654435064326,0.8142857142857143,40,76.76,156.9957177199209,-56.67,0.0,0.3845017820522727,7.69,higher,standard,False,,,,,,,,2026-08-14
2026,00-0040238,RB,JAX,LeQuint Allen Jr.,ACT,True,no,22.07300567626953,36.50088428929728,8.363044763914594,64.82934040802238,ext_et_all,0.4190084627780288,0.5809915372219712,0.638095238095238,77,62.67,156.9957177199209,-120.49,0.0,0.38442787576781123,7.69,higher,standard,False,,,,,,,,2026-08-14
2026,00-0037838,TE,NYG,Isaiah Likely,ACT,True,no,26.37152099609375,60.29791298066479,16.547061329570177,133.1751329170126,ext_et_all,0.40088079557003603,0.599119204429964,0.8205128205128205,36,77.62,124.92868260243878,-64.63,0.0,0.3838810564393764,7.68,higher,standard,False,,,,,,,,2026-08-14
2026,00-0037112,TE,SF,Jake Tonges,ACT,True,no,27.151823043823242,51.7351664094786,7.984314758383988,124.6123863458264,ext_et_all,0.40144540476235624,0.5985545952376438,0.7897435897435897,42,75.15,124.92868260243878,-73.19,0.0,0.38331644724705616,7.67,higher,standard,False,,,,,,,,2026-08-14
2026,00-0036290,TE,CHI,Cole Kmet,ACT,True,no,27.48037338256836,69.90838781617403,26.157536165079414,142.78560775252183,ext_et_all,0.4019718353323309,0.5980281646676691,0.8461538461538461,31,79.65,124.92868260243878,-55.02,0.0,0.38279001667708146,7.66,higher,standard,False,,,,,,,,2026-08-14
2026,00-0037801,WR,DAL,KaVontae Turpin,ACT,True,no,30.081384658813477,71.16447596304776,3.3726565073165204,153.44525784585016,ext_et_all,0.37040974068428095,0.629590259315719,0.8046875,76,76.97,122.48557493000283,-51.32,0.0,0.3824437892104706,7.65,higher,standard,False,,,,,,,,2026-08-14
2026,00-0039890,WR,NYJ,Adonai Mitchell,ACT,True,no,23.89919090270996,94.16490897036186,26.37308951463062,176.44569085316428,ext_et_all,0.37341186206946303,0.6265881379305369,0.8697916666666666,51,82.12,122.48557493000283,-28.32,0.0,0.37944166782528854,7.59,higher,standard,False,,,,,,,,2026-08-14
2026,00-0039373,RB,NO,Audric Estimé,ACT,True,no,22.98746681213379,69.00086928831607,0.0,183.96876502664205,ext_et_all,0.4238068416835529,0.576193158316447,0.7619047619047619,51,72.48,156.9957177199209,-87.99,0.0,0.3796294968622871,7.59,higher,standard,False,,,,,,,,2026-08-14
2026,00-0037834,QB,SF,Brock Purdy,ACT,True,no,26.680904388427734,124.47338163032285,14.814284549674994,265.0492222939175,ext_et_all,0.33931493698045334,0.6606850630195467,0.7899159663865546,26,76.41,219.7920156860182,-95.32,0.0,0.3784588570376476,7.57,moderate,standard,False,,,,,,,,2026-08-14
2026,00-0040154,WR,MIN,Tai Felton,ACT,True,no,23.46660041809082,15.907672460544147,0.0,37.81872571065824,ext_et_all,0.37433537767591835,0.6256646223240816,0.6223958333333334,146,62.3,122.48557493000283,-106.58,0.0,0.3785181522188332,7.57,higher,standard,False,,,,,,,,2026-08-14
2026,00-0034837,WR,TEN,Calvin Ridley,ACT,True,no,31.699487686157227,78.36128780969108,10.569468353959834,160.6420696924935,ext_et_all,0.37499869382501927,0.6250013061749807,0.828125,67,78.75,122.48557493000283,-44.12,0.0,0.37785483606973236,7.56,higher,standard,False,,,,,,,,2026-08-14
2026,00-0040563,WR,NE,Efton Chism III,ACT,True,no,24.8492431640625,15.461521519496268,0.0,37.37257476961036,ext_et_all,0.3751551631408991,0.6248448368591009,0.6145833333333334,149,61.66,122.48557493000283,-107.02,0.0,0.3776983667538525,7.55,higher,standard,False,,,,,,,,2026-08-14
2026,00-0040184,WR,LAC,KeAndre Lambert-Smith,ACT,True,no,24.876623153686523,22.796079574029243,1.5560210529220875,44.707132824143336,ext_et_all,0.37651106728876654,0.6234889327112334,0.6510416666666666,135,64.55,122.48557493000283,-99.69,0.0,0.37634246260598503,7.53,higher,standard,False,,,,,,,,2026-08-14
2026,00-0035228,QB,MIN,Kyler Murray,ACT,True,no,29.068359375,122.89316780196359,13.234070721315732,263.4690084655582,ext_et_all,0.3418234814695707,0.6581765185304294,0.7815126050420168,27,75.68,219.7920156860182,-96.9,0.0,0.3759503125485303,7.52,moderate,standard,False,,,,,,,,2026-08-14
2026,00-0039144,TE,GB,Luke Musgrave,ACT,True,no,25.996427536010742,49.16288541852098,5.412033767426365,122.04010535486879,ext_et_all,0.4085931557191811,0.5914068442808189,0.7794871794871795,44,74.19,124.92868260243878,-75.77,0.0,0.3761686962902313,7.52,higher,standard,True,Neck,Out,"Aug 21, 2026",2026-08-14,MyFantasyLeague,Documented public injury API,https://api.myfantasyleague.com/2026/export?TYPE=injuries&JSON=1,2026-08-14
2026,00-0032268,QB,WAS,Marcus Mariota,ACT,True,no,32.83845520019531,80.6410499007427,0.0,221.21689056433735,ext_et_all,0.34592803808933426,0.6540719619106657,0.7058823529411765,36,69.55,219.7920156860182,-139.15,0.0,0.3718457559287667,7.44,moderate,standard,False,,,,,,,,2026-08-14
2026,00-0036158,RB,DEN,J.K. Dobbins,ACT,True,no,27.707618713378906,79.68102679007845,10.521445107936216,194.64892252840443,ext_et_all,0.4321069368968711,0.5678930631031289,0.7952380952380952,44,74.98,156.9957177199209,-77.31,0.0,0.371329401648969,7.43,higher,standard,True,Undisclosed,Questionable,"Aug 14, 2026",2026-08-14,MyFantasyLeague,Documented public injury API,https://api.myfantasyleague.com/2026/export?TYPE=injuries&JSON=1,2026-08-14
2026,00-0039041,TE,AZ,Elijah Higgins,ACT,True,no,25.845842361450195,59.74958868906239,15.998737037967778,132.6268086254102,ext_et_all,0.4138848810588031,0.5861151189411968,0.8102564102564103,38,76.54,124.92868260243878,-65.18,0.0,0.37087697095060923,7.42,higher,standard,False,,,,,,,,2026-08-14
2026,00-0035700,RB,GB,Josh Jacobs,ACT,True,no,28.553632736206055,160.24004575023744,91.08046406809521,275.2079414885634,ext_et_all,0.5363444842688665,0.4636555157311335,0.9047619047619048,21,81.65,156.9957177199209,3.24,0.0255,0.2670918542769736,7.38,higher,standard,True,Groin,Questionable,"Aug 21, 2026",2026-08-14,MyFantasyLeague,Documented public injury API,https://api.myfantasyleague.com/2026/export?TYPE=injuries&JSON=1,2026-08-14
2026,00-0034753,TE,BAL,Mark Andrews,ACT,True,no,30.98763084411621,79.06557201838196,35.31472036728734,151.94279195472976,ext_et_all,0.4156422062990136,0.5843577937009864,0.8717948717948718,26,81.43,124.92868260243878,-45.86,0.0,0.3691196457103988,7.38,higher,standard,False,,,,,,,,2026-08-14
2026,00-0033077,QB,DAL,Dak Prescott,ACT,True,no,33.093082427978516,176.68635413158503,67.02725705093718,317.26219479517965,ext_et_all,0.349273095600049,0.6507269043999511,0.8487394957983193,19,80.91,219.7920156860182,-43.11,0.0,0.368500698418052,7.37,moderate,standard,False,,,,,,,,2026-08-14
2026,00-0038393,WR,PHI,Dontayvion Wicks,ACT,True,no,25.210647583007812,84.34817962562386,16.556360169892613,166.62896150842627,ext_et_all,0.3844591239989198,0.6155408760010802,0.8463541666666666,60,80.02,122.48557493000283,-38.14,0.0,0.36839440589583183,7.37,higher,standard,False,,,,,,,,2026-08-14
2026,00-0039792,WR,BAL,Devontez Walker,ACT,True,no,25.202434539794922,22.801808933548223,1.561750412441068,44.71286218366232,ext_et_all,0.3846434333110485,0.6153565666889516,0.6536458333333334,134,64.6,122.48557493000283,-99.68,0.0,0.3682100965837032,7.36,higher,standard,False,,,,,,,,2026-08-14
2026,00-0023459,QB,PIT,Aaron Rodgers,ACT,True,no,42.74967956542969,162.591471957672,52.93237487702416,303.16731262126666,ext_et_all,0.3508305952053012,0.6491694047946988,0.8319327731092437,21,79.54,219.7920156860182,-57.2,0.0,0.3669431988127997,7.34,higher,standard,False,,,,,,,,2026-08-14
2026,00-0039796,RB,BAL,Rasheen Ali,ACT,True,no,25.539196014404297,24.792770129119447,0.0,53.12122624784454,ext_et_all,0.4368093647378554,0.5631906352621445,0.6047619047619047,84,59.64,156.9957177199209,-132.2,0.0,0.3666269738079846,7.33,higher,standard,False,,,,,,,,2026-08-14
2026,00-0039165,RB,SEA,Zach Charbonnet,ACT,True,no,25.64597511291504,119.8181945978379,50.65861291569567,234.78609033616388,ext_et_all,0.4383923526737674,0.5616076473262326,0.8523809523809524,32,79.42,156.9957177199209,-37.18,0.0,0.36504398587207265,7.3,higher,standard,True,Knee - ACL,Out,"Sep 9, 2026",2026-08-14,MyFantasyLeague,Documented public injury API,https://api.myfantasyleague.com/2026/export?TYPE=injuries&JSON=1,2026-08-14
2026,00-0036924,RB,TEN,Michael Carter,ACT,True,no,27.32157325744629,59.18846880800129,0.0,174.15636454632727,ext_et_all,0.4382681108250845,0.5617318891749155,0.7380952380952381,56,70.28,156.9957177199209,-97.81,0.0,0.3651682277207555,7.3,higher,standard,False,,,,,,,,2026-08-14
2026,00-0037252,TE,MIA,Greg Dulcich,ACT,True,no,26.434492111206055,65.72591508573016,21.97506343463555,138.60313502207796,ext_et_all,0.42042588085555754,0.5795741191444425,0.8358974358974359,33,78.46,124.92868260243878,-59.2,0.0,0.36433597115385485,7.29,higher,standard,False,,,,,,,,2026-08-14
2026,00-0038104,WR,KC,Tyquan Thornton,ACT,True,no,26.067611694335938,52.95636436316071,0.0,135.23714624596312,ext_et_all,0.38988749142716106,0.6101125085728389,0.7526041666666666,96,72.41,122.48557493000283,-69.53,0.0,0.36296603846759057,7.26,higher,standard,False,,,,,,,,2026-08-14
2026,00-0037256,RB,WAS,Rachaad White,ACT,True,no,27.636432647705078,126.17494170779369,57.01536002565146,241.14283744611967,ext_et_all,0.4418535124400223,0.5581464875599778,0.861904761904762,30,80.12,156.9957177199209,-30.82,0.0,0.3615828261058178,7.23,higher,standard,False,,,,,,,,2026-08-14
2026,00-0039910,QB,WAS,Jayden Daniels,ACT,True,no,25.70347023010254,93.54345532532365,0.0,234.11929598891828,ext_et_all,0.35692142653757614,0.6430785734624238,0.7394957983193278,32,72.02,219.7920156860182,-126.25,0.0,0.36085236748052474,7.22,higher,standard,False,,,,,,,,2026-08-14
2026,00-0038976,WR,DEN,Marvin Mims Jr.,ACT,True,no,24.454984664916992,81.62473287494589,13.832913419214648,163.9055147577483,ext_et_all,0.3927905371655205,0.6072094628344795,0.8411458333333334,62,79.44,122.48557493000283,-40.86,0.0,0.36006299272923115,7.2,higher,standard,True,Undisclosed,Questionable,"Aug 14, 2026",2026-08-14,MyFantasyLeague,Documented public injury API,https://api.myfantasyleague.com/2026/export?TYPE=injuries&JSON=1,2026-08-14
2026,00-0035710,QB,IND,Daniel Jones,ACT,True,no,29.265487670898438,147.755149676109,38.096052595461146,288.33099033970365,ext_et_all,0.3586582244372597,0.6413417755627403,0.7983193277310925,25,76.69,219.7920156860182,-72.04,0.0,0.35911556958084123,7.18,higher,standard,False,,,,,,,,2026-08-14
2026,00-0036988,WR,BUF,Josh Palmer,ACT,True,no,26.943742752075195,54.095705335539606,0.0,136.37648721834202,ext_et_all,0.39381576304014854,0.6061842369598515,0.7578125,94,72.75,122.48557493000283,-68.39,0.0,0.3590377668546031,7.18,higher,standard,False,,,,,,,,2026-08-14
2026,00-0031408,WR,SF,Mike Evans,ACT,True,no,33.03010940551758,78.94715320912852,11.155333753397272,161.22793509193093,ext_et_all,0.39446323180755305,0.605536768192447,0.8359375,64,78.99,122.48557493000283,-43.54,0.0,0.3583902980871986,7.17,higher,standard,True,Quadriceps,Questionable,"Aug 20, 2026",2026-08-14,MyFantasyLeague,Documented public injury API,https://api.myfantasyleague.com/2026/export?TYPE=injuries&JSON=1,2026-08-14
2026,00-0037545,WR,SEA,Rashid Shaheed,ACT,True,no,28.003313064575195,94.65994132876038,26.86812187302914,176.94072321156278,ext_et_all,0.39507826368104937,0.6049217363189506,0.8723958333333334,50,81.89,122.48557493000283,-27.83,0.0,0.35777526621370226,7.16,higher,standard,False,,,,,,,,2026-08-14
2026,00-0033307,WR,AZ,Kendrick Bourne,ACT,True,no,31.07798194885254,53.24333158553238,0.0,135.5241134683348,ext_et_all,0.39464530333599523,0.6053546966640048,0.7552083333333334,95,72.52,122.48557493000283,-69.24,0.0,0.3582082265587564,7.16,higher,standard,False,,,,,,,,2026-08-14
2026,00-0039912,TE,WAS,Ben Sinnott,ACT,True,no,24.216787338256836,26.976194576969554,0.0,99.85341451331735,ext_et_all,0.4278229285072817,0.5721770714927183,0.6923076923076923,61,66.83,124.92868260243878,-97.95,0.0,0.35693892350213074,7.14,higher,standard,False,,,,,,,,2026-08-14
2026,00-0037809,TE,WAS,Chig Okonkwo,ACT,True,no,26.982072830200195,108.57592440694478,64.82507275585016,181.4531443432926,ext_et_all,0.4284682831336151,0.5715317168663849,0.9179487179487179,17,84.87,124.92868260243878,-16.35,0.0,0.35629356887579733,7.13,higher,standard,False,,,,,,,,2026-08-14
2026,00-0038679,WR,BUF,Tyrell Shavers,ACT,True,no,27.039569854736328,30.15790839762169,8.917849876514534,52.06896164773578,ext_et_all,0.39697505606659766,0.6030249439334023,0.671875,127,65.81,122.48557493000283,-92.33,0.0,0.35587847382815396,7.12,higher,standard,True,Knee - ACL,Out,"Aug 15, 2026",2026-08-14,MyFantasyLeague,Documented public injury API,https://api.myfantasyleague.com/2026/export?TYPE=injuries&JSON=1,2026-08-14
2026,00-0038840,WR,CAR,Brycen Tremayne,ACT,True,no,26.787681579589844,22.02407572389412,0.7840172027869663,43.935128974008215,ext_et_all,0.39861191222232534,0.6013880877776747,0.6458333333333334,137,63.69,122.48557493000283,-100.46,0.0,0.35424161767242635,7.08,higher,standard,False,,,,,,,,2026-08-14
2026,00-0036415,WR,WAS,Van Jefferson,ACT,True,no,30.100549697875977,51.11525721486566,0.0,133.39603909766808,ext_et_all,0.3997234541528746,0.6002765458471254,0.75,97,72.01,122.48557493000283,-71.37,0.0,0.35313007574187705,7.06,higher,standard,False,,,,,,,,2026-08-14
2026,00-0040590,WR,LA,Konata Mumpfield,ACT,True,no,23.855382919311523,35.881652920356856,14.641594399249701,57.79270617047095,ext_et_all,0.40021631188565804,0.5997836881143419,0.6901041666666666,120,67.2,122.48557493000283,-86.6,0.0,0.35263721800909353,7.05,higher,standard,False,,,,,,,,2026-08-14
2026,00-0040743,QB,NO,Tyler Shough,ACT,True,no,26.92731475830078,169.78443198853623,60.12533490788837,310.3602726521309,ext_et_all,0.36619745196017234,0.6338025480398277,0.8403361344537815,20,79.9,219.7920156860182,-50.01,0.0,0.35157634205792865,7.03,higher,standard,False,,,,,,,,2026-08-14
2026,00-0039738,RB,LA,Blake Corum,ACT,True,no,25.766443252563477,118.67240603026055,49.512824348118315,233.64030176858654,ext_et_all,0.45178913063536796,0.548210869364632,0.8428571428571429,34,78.39,156.9957177199209,-38.32,0.0,0.3516472079104721,7.03,higher,standard,False,,,,,,,,2026-08-14
2026,00-0039491,WR,CAR,Jalen Coker,ACT,True,no,24.838293075561523,84.95668881662719,17.16486936089595,167.2374706994296,ext_et_all,0.40360446277462303,0.596395537225377,0.8489583333333334,59,79.84,122.48557493000283,-37.53,0.0,0.3492490671201286,6.98,higher,standard,False,,,,,,,,2026-08-14
2026,00-0040705,WR,TEN,Chimere Dike,ACT,True,no,24.715085983276367,107.45227132620911,39.66045187047787,189.73305320901153,ext_et_all,0.4054603734878167,0.5945396265121833,0.890625,43,83.14,122.48557493000283,-15.03,0.0,0.3473931564069349,6.95,higher,standard,False,,,,,,,,2026-08-14
2026,00-0035537,RB,BUF,Ty Johnson,ACT,True,no,28.956104278564453,56.27902239890801,0.0,171.246918137234,ext_et_all,0.4559323026593685,0.5440676973406315,0.7285714285714285,58,69.17,156.9957177199209,-100.72,0.0,0.3475040358864716,6.95,higher,standard,True,Knee,Questionable,"Aug 15, 2026",2026-08-14,MyFantasyLeague,Documented public injury API,https://api.myfantasyleague.com/2026/export?TYPE=injuries&JSON=1,2026-08-14
2026,00-0035229,TE,MIN,T.J. Hockenson,ACT,True,no,29.1641845703125,64.83723491161771,21.0863832605231,137.7144548479655,ext_et_all,0.43793943820902836,0.5620605617909716,0.8256410256410256,35,77.29,124.92868260243878,-60.09,0.0,0.34682241380038403,6.94,higher,standard,False,,,,,,,,2026-08-14
2026,00-0040009,WR,GB,Savion Williams,ACT,True,no,24.775320053100586,31.634931595756836,10.39487307464968,53.54598484587093,ext_et_all,0.40725345206971125,0.5927465479302887,0.6770833333333334,125,66.02,122.48557493000283,-90.85,0.0,0.3456000778250403,6.91,higher,standard,False,,,,,,,,2026-08-14
2026,00-0036309,WR,NYG,Darnell Mooney,ACT,True,no,28.84111213684082,73.40574204206337,5.613922586332123,155.68652392486578,ext_et_all,0.40862149178492985,0.5913785082150702,0.8151041666666666,72,77.04,122.48557493000283,-49.08,0.0,0.34423203810982184,6.88,higher,standard,False,,,,,,,,2026-08-14
2026,00-0033908,WR,SEA,Cooper Kupp,ACT,True,no,33.21355056762695,86.60304595289197,18.81122649716073,168.88382783569438,ext_et_all,0.4097186953702903,0.5902813046297097,0.8515625,58,79.93,122.48557493000283,-35.88,0.0,0.34313483452446136,6.86,higher,standard,False,,,,,,,,2026-08-14
2026,00-0040719,RB,JAX,Bhayshul Tuten,ACT,True,no,24.54533576965332,60.5143082582939,0.0,175.4822039966199,ext_et_all,0.4602004793014239,0.5397995206985762,0.7428571428571429,55,70.22,156.9957177199209,-96.48,0.0,0.34323585924441624,6.86,higher,standard,False,,,,,,,,2026-08-14
2026,00-0039894,WR,KC,Xavier Worthy,ACT,True,no,23.3488712310791,123.66164931992941,55.86982986419817,205.94243120273183,ext_et_all,0.44805947635619275,0.5519405236438073,0.9114583333333334,35,83.96,122.48557493000283,1.18,0.0093,0.30479405353855893,6.84,higher,standard,True,Shoulder,Questionable,"Aug 15, 2026",2026-08-14,MyFantasyLeague,Documented public injury API,https://api.myfantasyleague.com/2026/export?TYPE=injuries&JSON=1,2026-08-14
2026,00-0040584,TE,TEN,Gunnar Helm,ACT,True,no,23.98680305480957,73.42517249168259,29.674320840587974,146.30239242803037,ext_et_all,0.44256171175141085,0.5574382882485891,0.8615384615384616,28,80.07,124.92868260243878,-51.5,0.0,0.3422001402580015,6.84,higher,standard,False,,,,,,,,2026-08-14
2026,00-0039875,RB,BUF,Ray Davis,ACT,True,no,26.78220558166504,72.77445000988033,3.614868327738094,187.7423457482063,ext_et_all,0.4614946218577044,0.5385053781422956,0.7761904761904762,48,72.87,156.9957177199209,-84.22,0.0,0.34194171668813567,6.84,higher,standard,False,,,,,,,,2026-08-14
2026,00-0033881,TE,DEN,Evan Engram,ACT,True,no,31.9979190826416,71.18387489570266,27.433023244608044,144.06109483205046,ext_et_all,0.44319103373999486,0.5568089662600051,0.8512820512820513,30,79.24,124.92868260243878,-53.74,0.0,0.3415708182694175,6.83,higher,standard,False,,,,,,,,2026-08-14
2026,00-0039916,WR,SF,Ricky Pearsall,ACT,True,no,25.977262496948242,78.72396922707682,10.932149771345578,161.00475110987924,ext_et_all,0.4118996079935878,0.5881003920064122,0.8333333333333334,65,78.43,122.48557493000283,-43.76,0.0,0.3409539219011638,6.82,higher,standard,True,Knee - PCL,IR,"Feb 15, 2027",2026-08-14,MyFantasyLeague,Documented public injury API,https://api.myfantasyleague.com/2026/export?TYPE=injuries&JSON=1,2026-08-14
2026,00-0039066,TE,LV,Michael Mayer,ACT,True,no,25.1558895111084,59.89401203517873,16.14316038408412,132.77123197152653,ext_et_all,0.44384998273075327,0.5561500172692467,0.8153846153846154,37,76.35,124.92868260243878,-65.03,0.0,0.34091186927865913,6.82,higher,standard,False,,,,,,,,2026-08-14
2026,00-0040782,WR,CLE,Isaiah Bond,ACT,True,no,22.464527130126953,69.16212819215323,1.3703087364219897,151.44291007495565,ext_et_all,0.4124100233267778,0.5875899766732222,0.796875,79,75.5,122.48557493000283,-53.32,0.0,0.34044350656797384,6.81,higher,standard,False,,,,,,,,2026-08-14
2026,00-0037837,WR,NYG,Calvin Austin III,ACT,True,no,27.442041397094727,72.6980478459444,4.906228390213158,154.9788297287468,ext_et_all,0.4129313925180451,0.5870686074819549,0.8098958333333334,74,76.53,122.48557493000283,-49.79,0.0,0.3399221373767065,6.8,higher,standard,False,,,,,,,,2026-08-14
2026,00-0038115,TE,TEN,Daniel Bellinger,ACT,True,no,25.941669464111328,46.446662404991116,2.6958107538965024,119.32388234133892,ext_et_all,0.4456767731116021,0.554323226888398,0.7692307692307693,46,72.62,124.92868260243878,-78.48,0.0,0.33908507889781037,6.78,higher,standard,False,,,,,,,,2026-08-14
2026,00-0040170,WR,TEN,Elic Ayomanor,ACT,True,no,23.247568130493164,88.9596895377956,21.167870082064354,171.240471420598,ext_et_all,0.4145684839291733,0.5854315160708268,0.859375,55,80.46,122.48557493000283,-33.53,0.0,0.3382850459655784,6.77,higher,standard,False,,,,,,,,2026-08-14
2026,00-0036407,WR,CLE,Jerry Jeudy,ACT,True,no,27.357166290283203,111.60797946949597,43.81616001376473,193.8887613522984,ext_et_all,0.4154248766659703,0.5845751233340297,0.8932291666666666,42,83.15,122.48557493000283,-10.88,0.0,0.33742865322878135,6.75,higher,standard,False,,,,,,,,2026-08-14
2026,00-0035644,TE,NO,Noah Fant,ACT,True,no,28.7808780670166,53.91175614067106,10.160904489576446,126.78897607701886,ext_et_all,0.4473491758846041,0.5526508241153959,0.7948717948717948,41,74.64,124.92868260243878,-71.02,0.0,0.3374126761248083,6.75,higher,standard,False,,,,,,,,2026-08-14
2026,00-0039074,TE,LA,Davis Allen,ACT,True,no,25.57478904724121,48.36300702231634,4.612155371221725,121.24022695866414,ext_et_all,0.45080568660311116,0.5491943133968888,0.7743589743589744,45,72.93,124.92868260243878,-76.57,0.0,0.33395616540630124,6.68,higher,standard,True,Quadriceps,Questionable,"Aug 15, 2026",2026-08-14,MyFantasyLeague,Documented public injury API,https://api.myfantasyleague.com/2026/export?TYPE=injuries&JSON=1,2026-08-14
2026,00-0040581,WR,LV,Dont'e Thornton Jr.,ACT,True,no,23.75408172607422,46.39162713657206,0.0,128.67240901937447,ext_et_all,0.4190951931159296,0.5809048068840704,0.7265625,106,69.74,122.48557493000283,-76.09,0.0,0.33375833677882205,6.68,higher,standard,True,Undisclosed,Questionable,"Aug 20, 2026",2026-08-14,MyFantasyLeague,Documented public injury API,https://api.myfantasyleague.com/2026/export?TYPE=injuries&JSON=1,2026-08-14
2026,00-0037805,TE,NYJ,Jeremy Ruckert,ACT,True,no,26.05666160583496,40.600363939999944,0.0,113.47758387634775,ext_et_all,0.4511283597261252,0.5488716402738748,0.7333333333333333,53,69.64,124.92868260243878,-84.33,0.0,0.3336334922832872,6.67,higher,standard,False,,,,,,,,2026-08-14
2026,00-0039923,QB,MIN,J.J. McCarthy,ACT,True,no,23.61444854736328,89.64855136891218,0.0,230.22439203250684,ext_et_all,0.3859682200624572,0.6140317799375428,0.7310924369747899,33,70.77,219.7920156860182,-130.14,0.0,0.3318055739556437,6.64,higher,standard,False,,,,,,,,2026-08-14
2026,00-0039032,RB,TEN,Tyjae Spears,ACT,True,no,25.21338653564453,110.98337264497917,41.82379096283694,225.95126838330515,ext_et_all,0.4728534080440324,0.5271465919559676,0.8285714285714286,37,76.83,156.9957177199209,-46.01,0.0,0.33058293050180765,6.61,higher,standard,False,,,,,,,,2026-08-14
2026,00-0033885,TE,LAC,David Njoku,ACT,True,no,30.14435577392578,65.10778725724698,21.35693560615237,137.98500719359478,ext_et_all,0.45541084901635237,0.5445891509836476,0.8307692307692308,34,77.35,124.92868260243878,-59.82,0.0,0.32935100299305997,6.59,higher,standard,False,,,,,,,,2026-08-14
2026,00-0033293,RB,MIN,Aaron Jones,ACT,True,no,31.748769760131836,111.1789532262475,42.01937154410527,226.14684896457348,ext_et_all,0.4745521208359967,0.5254478791640034,0.8333333333333334,36,77.18,156.9957177199209,-45.82,0.0,0.32888421770984344,6.58,higher,standard,False,,,,,,,,2026-08-14
2026,00-0037614,WR,CAR,John Metchie III,ACT,True,no,26.122371673583984,55.56504826307445,0.0,137.84583014587687,ext_et_all,0.42391799820181403,0.576082001798186,0.7682291666666666,90,72.98,122.48557493000283,-66.92,0.0,0.32893553169293765,6.58,higher,standard,False,,,,,,,,2026-08-14
2026,00-0037005,TE,CAR,Tommy Tremble,ACT,True,no,26.248313903808594,44.98050120148854,1.2296495503939298,117.85772113783634,ext_et_all,0.4559398348222408,0.5440601651777592,0.7538461538461538,49,71.19,124.92868260243878,-79.95,0.0,0.32882201718717163,6.58,higher,standard,False,,,,,,,,2026-08-14
2026,00-0039356,TE,CAR,Ja'Tavion Sanders,ACT,True,no,23.433746337890625,42.926435276381206,0.0,115.80365521272901,ext_et_all,0.45593973679097616,0.5440602632090239,0.7435897435897436,51,70.37,124.92868260243878,-82.0,0.0,0.3288221152184363,6.58,higher,standard,False,,,,,,,,2026-08-14
2026,00-0039146,WR,GB,Jayden Reed,ACT,True,no,26.344141006469727,88.4691445458241,20.67732509009285,170.7499264286265,ext_et_all,0.4246692227770916,0.5753307772229084,0.8567708333333334,56,80.05,122.48557493000283,-34.02,0.0,0.32818430711766,6.56,higher,standard,False,,,,,,,,2026-08-14
2026,00-0040242,RB,WAS,Jacory Croskey-Merritt,ACT,True,no,25.38861083984375,118.84073891864111,49.681157236498876,233.8086346569671,ext_et_all,0.476979400033134,0.523020599966866,0.8476190476190476,33,78.27,156.9957177199209,-38.15,0.0,0.3264569385127061,6.53,higher,standard,False,,,,,,,,2026-08-14
2026,00-0039342,WR,CAR,Xavier Legette,ACT,True,no,25.588478088378906,69.5431160809347,1.7512966252034516,151.82389796373712,ext_et_all,0.4263219726842,0.5736780273158,0.7994791666666666,78,75.43,122.48557493000283,-52.94,0.0,0.3265315572105516,6.53,higher,standard,False,,,,,,,,2026-08-14
2026,00-0038129,TE,TB,Cade Otton,ACT,True,no,27.381807327270508,104.74664451455466,60.995792863460046,177.62386445090246,ext_et_all,0.4592033190750456,0.5407966809249545,0.9076923076923077,19,83.43,124.92868260243878,-20.18,0.0,0.3255585329343669,6.51,higher,standard,False,,,,,,,,2026-08-14
2026,00-0036244,TE,LA,Colby Parkinson,ACT,True,no,27.650123596191406,80.46998133276232,36.7191296816677,153.34720126911012,ext_et_all,0.45952082083789736,0.5404791791621026,0.8769230769230769,25,80.96,124.92868260243878,-44.46,0.0,0.32524103117151504,6.5,higher,standard,False,,,,,,,,2026-08-14
2026,00-0033555,WR,NE,Mack Hollins,ACT,True,no,32.95892333984375,67.15082921900373,0.0,149.43161110180614,ext_et_all,0.4286298582095146,0.5713701417904854,0.7864583333333334,83,74.34,122.48557493000283,-55.33,0.0,0.324223671685237,6.48,higher,standard,False,,,,,,,,2026-08-14
2026,00-0038618,WR,HOU,Xavier Hutchinson,ACT,True,no,26.251052856445312,74.28134092049537,6.489521464764124,156.56212280329777,ext_et_all,0.4295000426983996,0.5704999573016004,0.8203125,70,77.03,122.48557493000283,-48.2,0.0,0.32335348719635204,6.47,higher,standard,False,,,,,,,,2026-08-14
2026,00-0036139,RB,PIT,Rico Dowdle,ACT,True,no,28.216869354248047,159.6836917929293,90.52411011078706,274.65158753125525,ext_et_all,0.5648487416302141,0.43515125836978585,0.9,22,80.7,156.9957177199209,2.69,0.0211,0.23858759691562592,6.46,higher,standard,False,,,,,,,,2026-08-14
2026,00-0033857,WR,NYG,JuJu Smith-Schuster,ACT,True,no,29.774738311767578,37.61005305402263,0.0,119.89083493682504,ext_et_all,0.4310556555064473,0.5689443444935527,0.6927083333333334,119,66.8,122.48557493000283,-84.88,0.0,0.3217978743883043,6.44,higher,standard,True,Knee,Questionable,"Aug 15, 2026",2026-08-14,MyFantasyLeague,Documented public injury API,https://api.myfantasyleague.com/2026/export?TYPE=injuries&JSON=1,2026-08-14
2026,00-0036555,RB,CAR,Chuba Hubbard,ACT,True,no,27.22574806213379,104.87034084713268,35.71075916499045,219.83823658545867,ext_et_all,0.4825090400719059,0.5174909599280941,0.8238095238095238,38,76.25,156.9957177199209,-52.13,0.0,0.3209272984739342,6.42,higher,standard,True,Hamstring,Questionable,"Sep 13, 2026",2026-08-14,MyFantasyLeague,Documented public injury API,https://api.myfantasyleague.com/2026/export?TYPE=injuries&JSON=1,2026-08-14
2026,00-0039798,RB,NYJ,Isaiah Davis,ACT,True,no,24.52617073059082,62.3826710105638,0.0,177.35056674888978,ext_et_all,0.4829438109917681,0.5170561890082319,0.7523809523809524,53,70.53,156.9957177199209,-94.61,0.0,0.320492527554072,6.41,higher,standard,True,Knee,Questionable,"Aug 21, 2026",2026-08-14,MyFantasyLeague,Documented public injury API,https://api.myfantasyleague.com/2026/export?TYPE=injuries&JSON=1,2026-08-14
2026,00-0040078,RB,KC,Brashard Smith,ACT,True,no,23.392677307128906,56.03111448378913,0.0,170.99901022211512,ext_et_all,0.48342287995233973,0.5165771200476603,0.7238095238095238,59,68.24,156.9957177199209,-100.96,0.0,0.3200134585935004,6.4,higher,standard,False,,,,,,,,2026-08-14
2026,00-0039391,RB,LAC,Kimani Vidal,ACT,True,no,25.010780334472656,99.84997323361006,30.690391551467826,214.81786897193604,ext_et_all,0.48536094160837595,0.514639058391624,0.8095238095238095,41,75.05,156.9957177199209,-57.15,0.0,0.3180753969374641,6.36,higher,standard,False,,,,,,,,2026-08-14
2026,00-0040669,WR,DET,Isaac TeSlaa,ACT,True,no,24.52890968322754,69.10447248325984,1.3126530275285972,151.38525436606227,ext_et_all,0.4353238581665338,0.5646761418334663,0.7942708333333334,80,74.84,122.48557493000283,-53.38,0.0,0.3175296717282179,6.35,higher,standard,False,,,,,,,,2026-08-14
2026,00-0039424,WR,NO,Devaughn Vele,ACT,True,no,28.720643997192383,58.98143464621815,0.0,141.26221652902058,ext_et_all,0.4360583675902538,0.5639416324097462,0.7734375,88,73.15,122.48557493000283,-63.5,0.0,0.3167951623044978,6.34,higher,standard,False,,,,,,,,2026-08-14
2026,00-0040164,WR,WAS,Jaylin Lane,ACT,True,no,24.337255477905273,60.324568738545075,0.0,142.6053506213475,ext_et_all,0.4371005996805566,0.5628994003194434,0.7760416666666666,87,73.34,122.48557493000283,-62.16,0.0,0.31575293021419504,6.32,higher,standard,False,,,,,,,,2026-08-14
2026,00-0039855,WR,TB,Jalen McMillan,ACT,True,no,24.734251022338867,46.67568844498642,0.0,128.95647032778885,ext_et_all,0.43666868178529544,0.5633313182147046,0.7291666666666666,105,69.6,122.48557493000283,-75.81,0.0,0.31618484810945624,6.32,higher,standard,True,Knee,Questionable,"Aug 14, 2026",2026-08-14,MyFantasyLeague,Documented public injury API,https://api.myfantasyleague.com/2026/export?TYPE=injuries&JSON=1,2026-08-14
2026,00-0038997,WR,IND,Josh Downs,ACT,True,no,25.05458641052246,116.48920155368103,48.697382097949784,198.76998343648344,ext_et_all,0.44004037246812294,0.559959627531877,0.8958333333333334,41,82.87,122.48557493000283,-6.0,0.0,0.31281315742662863,6.26,higher,standard,True,Groin,Questionable,"Aug 22, 2026",2026-08-14,MyFantasyLeague,Documented public injury API,https://api.myfantasyleague.com/2026/export?TYPE=injuries&JSON=1,2026-08-14
2026,00-0040130,WR,HOU,Jayden Higgins,ACT,True,no,23.7130126953125,99.72651845869197,31.934699002960727,182.00730034149439,ext_et_all,0.43968503757319377,0.5603149624268062,0.8776041666666666,48,81.41,122.48557493000283,-22.76,0.0,0.31316849232155786,6.26,higher,standard,False,,,,,,,,2026-08-14
2026,00-0038608,WR,NE,Kayshon Boutte,ACT,True,no,24.32082748413086,80.44475875398427,12.652939298253031,162.7255406367867,ext_et_all,0.44138357509660614,0.5586164249033938,0.8385416666666666,63,78.26,122.48557493000283,-42.04,0.0,0.31146995479814543,6.23,higher,standard,False,,,,,,,,2026-08-14
2026,00-0037291,WR,LV,Jalen Nailor,ACT,True,no,27.502275466918945,65.11418882102605,0.0,147.39497070382845,ext_et_all,0.4434069929845387,0.5565930070154613,0.7838541666666666,84,73.84,122.48557493000283,-57.37,0.0,0.30944653691021295,6.19,higher,standard,False,,,,,,,,2026-08-14
2026,00-0040202,RB,NO,Devin Neal,ACT,True,no,23.05591583251953,70.03872136374659,0.8791396816043573,185.00661710207257,ext_et_all,0.4946546790690932,0.5053453209309068,0.7666666666666667,50,71.44,156.9957177199209,-86.96,0.0,0.30878165947674685,6.18,higher,standard,True,Hamstring,Questionable,"Aug 15, 2026",2026-08-14,MyFantasyLeague,Documented public injury API,https://api.myfantasyleague.com/2026/export?TYPE=injuries&JSON=1,2026-08-14
2026,00-0040218,WR,CAR,Jimmy Horn Jr.,ACT,True,no,23.970375061035156,40.45728992003346,0.0,122.73807180283588,ext_et_all,0.44723739735360524,0.5527626026463948,0.7083333333333334,113,67.72,122.48557493000283,-82.03,0.0,0.3056161325411464,6.11,higher,standard,False,,,,,,,,2026-08-14
2026,00-0040737,TE,LA,Terrance Ferguson,ACT,True,no,23.48850440979004,59.540917332558195,15.790065681463581,132.41813726890598,ext_et_all,0.47994420644922686,0.5200557935507731,0.8051282051282052,39,74.81,124.92868260243878,-65.39,0.0,0.30481764556018554,6.1,higher,standard,False,,,,,,,,2026-08-14
2026,00-0040187,TE,CAR,Mitchell Evans,ACT,True,no,23.29137420654297,50.76456790530842,7.013716254213804,123.64178784165622,ext_et_all,0.4813088482971469,0.5186911517028532,0.7846153846153846,43,73.14,124.92868260243878,-74.16,0.0,0.3034530037122656,6.07,higher,standard,False,,,,,,,,2026-08-14
2026,00-0040138,WR,HOU,Jaylin Noel,ACT,True,no,23.992279052734375,69.06333458924894,1.2715151335176955,151.34411647205135,ext_et_all,0.45044006957923954,0.5495599304207605,0.7916666666666666,81,74.32,122.48557493000283,-53.42,0.0,0.3024134603155121,6.05,higher,standard,False,,,,,,,,2026-08-14
2026,00-0040676,QB,TEN,Cam Ward,ACT,True,no,24.27154541015625,191.0572734492359,81.39817636858805,331.6331141128305,ext_et_all,0.4160538395205498,0.5839461604794502,0.8739495798319328,16,81.59,219.7920156860182,-28.73,0.0,0.3017199544975512,6.03,higher,standard,False,,,,,,,,2026-08-14
2026,00-0039880,WR,MIA,Malik Washington,ACT,True,no,25.865007400512695,82.74535281333165,14.953533357600406,165.02613469613408,ext_et_all,0.45196017055992815,0.5480398294400719,0.84375,61,78.46,122.48557493000283,-39.74,0.0,0.30089335933482353,6.02,higher,standard,False,,,,,,,,2026-08-14
2026,00-0039355,WR,WAS,Luke McCaffrey,ACT,True,no,25.415990829467773,40.856381072950214,0.0,123.13716295575263,ext_et_all,0.4571163583209302,0.5428836416790698,0.7109375,112,67.73,122.48557493000283,-81.63,0.0,0.2957371715738214,5.91,higher,standard,False,,,,,,,,2026-08-14
2026,00-0039919,WR,CHI,Rome Odunze,ACT,True,no,24.246904373168945,125.12179419030993,57.329974734578684,207.40257607311236,ext_et_all,0.5405863554483037,0.4594136445516963,0.9140625,34,82.31,122.48557493000283,2.64,0.0207,0.21226717444644794,5.9,higher,standard,False,,,,,,,,2026-08-14
2026,00-0040691,QB,NYG,Jaxson Dart,ACT,True,no,23.305065155029297,207.25922372023444,97.60012663958659,347.8350643838291,ext_et_all,0.42344358171450314,0.5765564182854969,0.8991596638655462,13,83.46,219.7920156860182,-12.53,0.0,0.2943302123035978,5.89,higher,standard,False,,,,,,,,2026-08-14
2026,00-0035659,WR,WAS,Terry McLaurin,ACT,True,no,30.962989807128906,88.20259754876125,20.410778093030004,170.48337943156366,ext_et_all,0.4582958020471809,0.5417041979528191,0.8541666666666666,57,79.17,122.48557493000283,-34.28,0.0,0.2945577278475707,5.89,higher,standard,False,,,,,,,,2026-08-14
2026,00-0040237,WR,TB,Tez Johnson,ACT,True,no,24.29071044921875,64.57993287862163,0.0,146.86071476142405,ext_et_all,0.4583665488964422,0.5416334511035579,0.78125,85,73.33,122.48557493000283,-57.91,0.0,0.2944869809983095,5.89,higher,standard,True,Groin,Questionable,"Aug 14, 2026",2026-08-14,MyFantasyLeague,Documented public injury API,https://api.myfantasyleague.com/2026/export?TYPE=injuries&JSON=1,2026-08-14
2026,00-0040648,WR,SEA,Tory Horton,ACT,True,no,23.756818771362305,43.7840318175479,0.0,126.06481370035031,ext_et_all,0.459460600258656,0.540539399741344,0.71875,109,68.31,122.48557493000283,-78.7,0.0,0.29339292963609565,5.87,higher,standard,False,,,,,,,,2026-08-14
2026,00-0039920,WR,CLE,Malachi Corley,ACT,True,no,24.449508666992188,39.892340556182006,0.0,122.17312243898442,ext_et_all,0.4594229548630917,0.5405770451369083,0.7057291666666666,114,67.27,122.48557493000283,-82.59,0.0,0.2934305750316599,5.87,higher,standard,False,,,,,,,,2026-08-14
2026,00-0038994,WR,MIN,Jordan Addison,ACT,True,no,24.59461784362793,121.09536304182507,53.303543586093824,203.37614492462748,ext_et_all,0.460665367693966,0.539334632306034,0.9010416666666666,39,82.87,122.48557493000283,-1.39,0.0,0.2921881622007856,5.84,higher,standard,True,Thumb,Questionable,"Aug 15, 2026",2026-08-14,MyFantasyLeague,Documented public injury API,https://api.myfantasyleague.com/2026/export?TYPE=injuries&JSON=1,2026-08-14
2026,00-0036264,QB,GB,Jordan Love,ACT,True,no,27.83082389831543,196.14107366777125,86.4819765871234,336.7169143313659,ext_et_all,0.4261650400135971,0.5738349599864029,0.8823529411764706,15,82.06,219.7920156860182,-23.65,0.0,0.2916087540045038,5.83,higher,standard,False,,,,,,,,2026-08-14
2026,00-0035685,RB,HOU,David Montgomery,ACT,True,no,29.235370635986328,114.74877907102828,45.58919738888605,229.71667480935426,ext_et_all,0.5118877033395339,0.48811229666046607,0.8380952380952381,35,76.81,156.9957177199209,-42.25,0.0,0.29154863520630614,5.83,higher,standard,False,,,,,,,,2026-08-14
2026,00-0040134,WR,DEN,Pat Bryant,ACT,True,no,23.726701736450195,78.64999867699836,10.858179221267122,160.93078055980078,ext_et_all,0.4613934742132957,0.5386065257867043,0.8307291666666666,66,77.23,122.48557493000283,-43.84,0.0,0.29146005568145594,5.83,higher,standard,False,,,,,,,,2026-08-14
2026,00-0035662,WR,PHI,Marquise Brown,ACT,True,no,29.24358558654785,54.32147894970573,0.0,136.60226083250814,ext_et_all,0.4613156298738874,0.5386843701261126,0.7604166666666666,93,71.61,122.48557493000283,-68.16,0.0,0.2915379000208642,5.83,higher,standard,False,,,,,,,,2026-08-14
2026,00-0036945,QB,KC,Justin Fields,ACT,True,no,27.494062423706055,120.25003070837873,10.590933627730877,260.8258713719734,ext_et_all,0.42757456622788725,0.5724254337721127,0.773109243697479,28,73.3,219.7920156860182,-99.54,0.0,0.2901992277902137,5.8,higher,standard,False,,,,,,,,2026-08-14
2026,00-0039739,WR,PIT,Roman Wilson,ACT,True,no,25.202434539794922,35.45981157922084,14.219753058113685,57.370864829334934,ext_et_all,0.46289907039780787,0.5371009296021921,0.6875,121,65.74,122.48557493000283,-87.03,0.0,0.28995445949694376,5.8,higher,standard,False,,,,,,,,2026-08-14
2026,00-0040194,TE,BUF,Jackson Hawes,ACT,True,no,25.736326217651367,46.34443071134044,2.5935790602458297,119.22165064768825,ext_et_all,0.49543798453641624,0.5045620154635837,0.764102564102564,47,71.22,124.92868260243878,-78.58,0.0,0.2893238674729961,5.79,higher,standard,False,,,,,,,,2026-08-14
2026,00-0039361,RB,TB,Bucky Irving,ACT,True,no,24.03608512878418,157.39499053724052,88.23540885509829,272.3628862755665,ext_et_all,0.5266609238313177,0.4733390761686823,0.8952380952380953,23,81.09,156.9957177199209,0.4,0.0031,0.2767754147145224,5.78,higher,standard,False,,,,,,,,2026-08-14
2026,00-0036259,WR,MIN,Jauan Jennings,ACT,True,no,29.14501953125,105.23649286925158,37.444673413520334,187.517274752054,ext_et_all,0.4638941238790236,0.5361058761209764,0.8854166666666666,45,81.56,122.48557493000283,-17.25,0.0,0.288959406015728,5.78,higher,standard,False,,,,,,,,2026-08-14
2026,00-0034383,TE,HOU,Dalton Schultz,ACT,True,no,30.141618728637695,119.77900081903432,76.02814916793972,192.65622075538212,ext_et_all,0.496247905096326,0.503752094903674,0.9384615384615385,13,85.15,124.92868260243878,-5.15,0.0,0.2885139469130864,5.77,higher,standard,False,,,,,,,,2026-08-14
2026,00-0035535,WR,NYG,Darius Slayton,ACT,True,no,29.63510513305664,69.5515798060163,1.7597603502850632,151.8323616888187,ext_et_all,0.4650342865753215,0.5349657134246786,0.8020833333333334,77,74.87,122.48557493000283,-52.93,0.0,0.2878192433194302,5.76,higher,standard,False,,,,,,,,2026-08-14
2026,00-0036919,RB,TB,Kenneth Gainwell,ACT,True,no,27.46942138671875,141.92958519507286,72.77000351293063,256.8974809333988,ext_et_all,0.5159132012273244,0.4840867987726756,0.8714285714285714,28,79.4,156.9957177199209,-15.07,0.0,0.28752313731851564,5.75,higher,standard,False,,,,,,,,2026-08-14
2026,00-0037816,WR,NE,Romeo Doubs,ACT,True,no,26.385210037231445,122.48557493000283,54.69375547427158,204.76635681280524,ext_et_all,0.4667022643535405,0.5332977356464594,0.9088541666666666,36,83.37,122.48557493000283,0.0,0.0,0.28615126554121106,5.72,higher,standard,False,,,,,,,,2026-08-14
2026,00-0040189,TE,LAC,Oronde Gadsden II,ACT,True,no,23.187334060668945,116.52509139517082,72.7742397440762,189.4023113315186,ext_et_all,0.49970305417721006,0.5002969458227899,0.9333333333333333,14,84.67,124.92868260243878,-8.4,0.0,0.28505879783220234,5.7,higher,standard,False,,,,,,,,2026-08-14
2026,00-0040727,WR,LAC,Tre Harris,ACT,True,no,24.50700569152832,89.14694598798401,21.35512653225277,171.42772787078644,ext_et_all,0.46994289804546163,0.5300571019545384,0.8619791666666666,54,79.56,122.48557493000283,-33.34,0.0,0.28291063184929,5.66,higher,standard,False,,,,,,,,2026-08-14
2026,00-0040236,RB,CHI,Kyle Monangai,ACT,True,no,24.238691329956055,144.8501323068221,75.69055062467987,259.8180280451481,ext_et_all,0.5227889893092719,0.47721101069072813,0.8761904761904762,27,79.64,156.9957177199209,-12.15,0.0,0.2806473492365682,5.61,higher,standard,False,,,,,,,,2026-08-14
2026,00-0033921,WR,TB,Chris Godwin Jr.,ACT,True,no,30.5112361907959,73.68415528676465,5.892335831033407,155.96493716956707,ext_et_all,0.47327401461849916,0.5267259853815008,0.8177083333333334,71,75.95,122.48557493000283,-48.8,0.0,0.27957951527625247,5.59,higher,standard,False,,,,,,,,2026-08-14
2026,00-0038558,TE,PIT,Darnell Washington,ACT,True,no,25.040897369384766,67.18502210723587,23.434170456141253,140.06224204358367,ext_et_all,0.5066593984493688,0.4933406015506312,0.841025641025641,32,77.15,124.92868260243878,-57.74,0.0,0.2781024535600436,5.56,higher,standard,False,,,,,,,,2026-08-14
2026,00-0039793,TE,SEA,AJ Barner,ACT,True,no,24.33177947998047,110.71646115274709,66.96560950165247,183.5936810890949,ext_et_all,0.5073839959600194,0.4926160040399806,0.9230769230769231,16,83.7,124.92868260243878,-14.21,0.0,0.277377856049393,5.55,higher,standard,False,,,,,,,,2026-08-14
2026,00-0038041,TE,DAL,Jake Ferguson,ACT,True,no,27.620006561279297,111.9350726879659,68.18422103687129,184.8122926243137,ext_et_all,0.5075376517063308,0.4924623482936692,0.9282051282051282,15,84.11,124.92868260243878,-12.99,0.0,0.2772242003030816,5.54,higher,standard,False,,,,,,,,2026-08-14
2026,00-0040162,RB,CLE,Dylan Sampson,ACT,True,no,21.963489532470703,78.2466642451493,9.087082563007073,193.21455998347528,ext_et_all,0.5284037536759102,0.4715962463240898,0.780952380952381,47,71.91,156.9957177199209,-78.75,0.0,0.2750325848699299,5.5,higher,standard,False,,,,,,,,2026-08-14
2026,00-0038979,WR,CLE,Cedric Tillman,ACT,True,no,26.36878204345703,50.74180808082265,0.0,133.02258996362508,ext_et_all,0.4780768333705517,0.5219231666294484,0.7473958333333334,98,70.23,122.48557493000283,-71.74,0.0,0.2747766965242,5.5,higher,standard,True,Undisclosed,Questionable,"Aug 15, 2026",2026-08-14,MyFantasyLeague,Documented public injury API,https://api.myfantasyleague.com/2026/export?TYPE=injuries&JSON=1,2026-08-14
2026,00-0038933,TE,BUF,Dalton Kincaid,ACT,True,no,26.872556686401367,91.37660268774529,47.625751036650676,164.2538226240931,ext_et_all,0.5116960638862474,0.48830393611375256,0.8974358974358975,21,81.56,124.92868260243878,-33.55,0.0,0.27306578812316495,5.46,higher,standard,False,,,,,,,,2026-08-14
2026,00-0039067,WR,KC,Rashee Rice,ACT,True,no,26.36056900024414,116.8904632267456,49.09864377101435,199.171245109548,ext_et_all,0.4803467074551631,0.5196532925448369,0.8984375,40,82.27,122.48557493000283,-5.6,0.0,0.27250682243958857,5.45,higher,standard,False,,,,,,,,2026-08-14
2026,00-0040729,WR,LV,Jack Bech,ACT,True,no,23.70479965209961,68.12268353473101,0.3308640789997668,150.40346541753343,ext_et_all,0.4816024041850387,0.5183975958149614,0.7890625,82,73.49,122.48557493000283,-54.36,0.0,0.271251125709713,5.43,higher,standard,False,,,,,,,,2026-08-14
2026,00-0040715,RB,NYG,Cam Skattebo,ACT,True,no,24.569976806640625,103.04826028138923,33.888678599247,218.0161560197152,ext_et_all,0.5329027094874191,0.46709729051258086,0.819047619047619,39,74.87,156.9957177199209,-53.95,0.0,0.27053362905842093,5.41,higher,standard,False,,,,,,,,2026-08-14
2026,00-0039901,WR,BUF,Keon Coleman,ACT,True,no,23.294113159179688,73.16311251189082,5.371293056159573,155.44389439469325,ext_et_all,0.483689696017306,0.516310303982694,0.8125,73,75.33,122.48557493000283,-49.32,0.0,0.2691638338774456,5.38,higher,standard,False,,,,,,,,2026-08-14
2026,00-0040131,WR,NE,Kyle Williams,ACT,True,no,23.80062484741211,54.42325845247182,0.0,136.70404033527424,ext_et_all,0.4839859879884073,0.5160140120115927,0.7630208333333334,92,71.36,122.48557493000283,-68.06,0.0,0.2688675419063443,5.38,higher,standard,False,,,,,,,,2026-08-14
2026,00-0040667,WR,GB,Matthew Golden,ACT,True,no,23.086030960083008,71.91214861621025,4.120329160479002,154.19293049901268,ext_et_all,0.48482426147288327,0.5151757385271167,0.8072916666666666,75,74.89,122.48557493000283,-50.57,0.0,0.26802926842186836,5.36,higher,standard,False,,,,,,,,2026-08-14
2026,00-0040583,RB,HOU,Woody Marks,ACT,True,no,25.67335319519043,155.0438469825091,85.88426530036688,270.01174272083506,ext_et_all,0.5367418594969766,0.4632581405030234,0.8857142857142857,25,80.12,156.9957177199209,-1.95,0.0,0.26669447904886345,5.33,higher,standard,False,,,,,,,,2026-08-14
2026,00-0034351,TE,PHI,Dallas Goedert,ACT,True,no,31.661155700683594,96.00105462883197,52.25020297773735,168.87827456517977,ext_et_all,0.5180568432382129,0.4819431567617871,0.9025641025641026,20,81.84,124.92868260243878,-28.93,0.0,0.2667050087711995,5.33,higher,standard,False,,,,,,,,2026-08-14
2026,00-0039410,WR,DAL,Ryan Flournoy,ACT,True,no,26.847915649414062,95.48104272524367,27.689223269512425,177.76182460804608,ext_et_all,0.4871615023197559,0.512838497680244,0.875,49,80.26,122.48557493000283,-27.0,0.0,0.26569202757499566,5.31,higher,standard,False,,,,,,,,2026-08-14
2026,00-0035689,TE,BUF,Dawson Knox,ACT,True,no,29.796642303466797,56.836982525323826,13.086130874229212,129.71420246167162,ext_et_all,0.5202531869770854,0.47974681302291455,0.8,40,73.59,124.92868260243878,-68.09,0.0,0.26450866503232695,5.29,higher,standard,False,,,,,,,,2026-08-14
2026,00-0036040,TE,NO,Juwan Johnson,ACT,True,no,29.966392517089844,124.92868260243878,81.17783095134416,197.8059025387866,ext_et_all,0.521013969188754,0.478986030811246,0.9435897435897436,12,85.07,124.92868260243878,0.0,0.0,0.2637478828206584,5.27,higher,standard,False,,,,,,,,2026-08-14
2026,00-0038563,WR,LV,Tre Tucker,ACT,True,no,25.484437942504883,122.39998364811007,54.60816419237882,204.68076553091248,ext_et_all,0.49417885519165383,0.5058211448083462,0.90625,37,82.62,122.48557493000283,-0.09,0.0,0.2586746747030978,5.17,higher,standard,False,,,,,,,,2026-08-14
2026,00-0038621,WR,NE,DeMario Douglas,ACT,True,no,25.730850219726562,91.00533876082507,23.213519305093826,173.2861206436275,ext_et_all,0.49421004942457347,0.5057899505754265,0.8671875,52,79.49,122.48557493000283,-31.48,0.0,0.25864348047017816,5.17,higher,standard,False,,,,,,,,2026-08-14
2026,00-0034796,QB,BAL,Lamar Jackson,ACT,True,no,29.648794174194336,204.22868741521313,94.56959033456528,344.8045280788078,ext_et_all,0.4647730859956445,0.5352269140043555,0.8907563025210085,14,81.97,219.7920156860182,-15.56,0.0,0.25300070802245644,5.06,higher,standard,False,,,,,,,,2026-08-14
2026,00-0036875,RB,NE,Rhamondre Stevenson,ACT,True,no,28.520776748657227,128.9876187027465,59.828037020604256,243.95551444107247,ext_et_all,0.5514053101005003,0.4485946898994997,0.8666666666666667,29,78.31,156.9957177199209,-28.01,0.0,0.25203102844533976,5.04,higher,standard,False,,,,,,,,2026-08-14
2026,00-0039163,QB,HOU,C.J. Stroud,ACT,True,no,24.912216186523438,178.19439880465808,68.53530172401022,318.7702394682527,ext_et_all,0.4705540241677169,0.5294459758322831,0.8571428571428571,18,79.16,219.7920156860182,-41.6,0.0,0.24721976985038407,4.94,higher,standard,False,,,,,,,,2026-08-14
2026,00-0040736,TE,NYJ,Mason Taylor,ACT,True,no,22.316680908203125,85.82730047731017,42.07644882621556,158.70452041365797,ext_et_all,0.5429082945476075,0.4570917054523925,0.8871794871794871,23,80.12,124.92868260243878,-39.1,0.0,0.24185355746180492,4.84,higher,standard,False,,,,,,,,2026-08-14
2026,00-0040666,RB,LAC,Omarion Hampton,ACT,True,no,23.463863372802734,123.61244600063608,54.45286431849385,238.58034173896206,ext_et_all,0.5629114292733017,0.43708857072669827,0.8571428571428571,31,77.31,156.9957177199209,-33.38,0.0,0.24052490927253833,4.81,higher,standard,False,,,,,,,,2026-08-14
2026,00-0038124,WR,GB,Christian Watson,ACT,True,no,27.307884216308594,90.0478640623167,22.256044606585462,172.32864594511912,ext_et_all,0.5133000524847001,0.4866999475152999,0.8645833333333334,53,78.9,122.48557493000283,-32.44,0.0,0.2395534774100515,4.79,higher,standard,False,,,,,,,,2026-08-14
2026,00-0039751,WR,LA,Jordan Whittington,ACT,True,no,25.917028427124023,41.775353789504514,0.0,124.05613567230694,ext_et_all,0.513885065587997,0.48611493441200304,0.7135416666666666,111,66.81,122.48557493000283,-80.71,0.0,0.23896846430675467,4.78,higher,standard,False,,,,,,,,2026-08-14
2026,00-0038619,WR,CIN,Andrei Iosivas,ACT,True,no,26.88077163696289,75.1680909348021,7.3762714790708515,157.44887281760452,ext_et_all,0.5166782505480478,0.48332174945195217,0.8229166666666666,69,75.5,122.48557493000283,-47.32,0.0,0.2361752793467038,4.72,higher,standard,False,,,,,,,,2026-08-14
2026,00-0040739,TE,SEA,Elijah Arroyo,ACT,True,no,23.40910530090332,75.56885809421883,31.81800644312421,148.44607803056664,ext_et_all,0.5532557847468881,0.4467442152531119,0.8666666666666667,27,78.27,124.92868260243878,-49.36,0.0,0.23150606726252432,4.63,higher,standard,False,,,,,,,,2026-08-14
2026,00-0036894,TE,PIT,Pat Freiermuth,ACT,True,no,27.85272789001465,86.43350382819574,42.682652177101126,159.31072376454352,ext_et_all,0.5544239160650253,0.4455760839349747,0.8923076923076924,22,80.3,124.92868260243878,-38.5,0.0,0.23033793594438712,4.61,higher,standard,False,,,,,,,,2026-08-14
2026,00-0039847,TE,NYG,Theo Johnson,ACT,True,no,25.511817932128906,82.5575291530172,38.806677501922586,155.434749089365,ext_et_all,0.5658109125928936,0.4341890874071064,0.882051282051282,24,79.25,124.92868260243878,-42.37,0.0,0.21895093941651878,4.38,higher,standard,False,,,,,,,,2026-08-14
2026,00-0040784,RB,CLE,Quinshon Judkins,ACT,True,no,22.842357635498047,144.9621363207886,75.80255463864637,259.9300320591146,ext_et_all,0.586782291824049,0.41321770817595105,0.8809523809523809,26,78.74,156.9957177199209,-12.03,0.0,0.21665404672179112,4.33,higher,standard,False,,,,,,,,2026-08-14
2026,00-0039337,WR,NYG,Malik Nabers,ACT,True,no,23.096982955932617,106.42415790069136,38.63233844496011,188.70493978349378,ext_et_all,0.5374672532920743,0.46253274670792566,0.8880208333333334,44,80.29,122.48557493000283,-16.06,0.0,0.21538627660267728,4.31,higher,standard,True,Knee - ACL,Questionable,"Aug 15, 2026",2026-08-14,MyFantasyLeague,Documented public injury API,https://api.myfantasyleague.com/2026/export?TYPE=injuries&JSON=1,2026-08-14
2026,00-0037740,WR,NYJ,Garrett Wilson,ACT,True,no,26.111419677734375,101.81844803434156,34.026628578610314,184.099229917144,ext_et_all,0.5408528663145756,0.45914713368542437,0.8802083333333334,47,79.6,122.48557493000283,-20.67,0.0,0.212000663580176,4.24,higher,standard,False,,,,,,,,2026-08-14
2026,00-0036997,RB,DAL,Javonte Williams,ACT,True,no,26.352354049682617,156.9957177199209,87.83613603777866,271.96361345824687,ext_et_all,0.5921469249740932,0.40785307502590684,0.8904761904761904,24,79.4,156.9957177199209,0.0,0.0,0.2112894135717469,4.23,higher,standard,False,,,,,,,,2026-08-14
2026,00-0038544,WR,LAC,Quentin Johnston,ACT,True,no,24.98613929748535,121.5376595268191,53.745840071087855,203.81844140962153,ext_et_all,0.5411494589109839,0.45885054108901613,0.9036458333333334,38,81.47,122.48557493000283,-0.95,0.0,0.21170407098376776,4.23,higher,standard,False,,,,,,,,2026-08-14
2026,00-0038935,TE,JAX,Brenton Strange,ACT,True,no,25.678829193115234,108.33146070860512,64.58060905751051,181.20868064495292,ext_et_all,0.583019638554988,0.41698036144501205,0.9128205128205128,18,81.37,124.92868260243878,-16.6,0.0,0.20174221345442445,4.03,higher,standard,False,,,,,,,,2026-08-14
2026,00-0039150,QB,CAR,Bryce Young,ACT,True,no,25.10386848449707,161.5130029796053,51.853905898957436,302.08884364319994,ext_et_all,0.5258743822229038,0.47412561777709616,0.8235294117647058,22,75.36,219.7920156860182,-58.28,0.0,0.1918994117951971,3.84,higher,standard,False,,,,,,,,2026-08-14
2026,00-0040718,WR,JAX,Travis Hunter,ACT,True,no,23.29137420654297,76.2550834661422,8.463264010410953,158.5358653489446,ext_et_all,0.5731153942144387,0.4268846057855613,0.8255208333333334,68,74.58,122.48557493000283,-46.23,0.0,0.17973813568031294,3.59,higher,standard,False,,,,,,,,2026-08-14
2026,00-0039849,WR,AZ,Marvin Harrison Jr.,ACT,True,no,24.0579891204834,104.15798533984061,36.366165884109364,186.43876722264304,ext_et_all,0.6143941091684006,0.38560589083159935,0.8828125,46,78.34,122.48557493000283,-18.33,0.0,0.13845942072635098,2.77,higher,standard,False,,,,,,,,2026-08-14
