feature,importance,learner,target_season
age,0.0011408025568181435,extra_trees_all_leaf50,2017
missing_age,0.0033291903409090606,extra_trees_all_leaf50,2017
years_exp,0.00100763494318179,extra_trees_all_leaf50,2017
missing_years_exp,0.0,extra_trees_all_leaf50,2017
height,-0.0007812500000000666,extra_trees_all_leaf50,2017
missing_height,0.0,extra_trees_all_leaf50,2017
weight,-0.0006214488636363535,extra_trees_all_leaf50,2017
missing_weight,0.0,extra_trees_all_leaf50,2017
draft_number,-0.0016690340909090162,extra_trees_all_leaf50,2017
missing_draft_number,0.0023837002840909616,extra_trees_all_leaf50,2017
draft_round,-0.002006392045454497,extra_trees_all_leaf50,2017
missing_draft_round,-0.0007812500000000666,extra_trees_all_leaf50,2017
was_drafted,0.014746093750000022,extra_trees_all_leaf50,2017
missing_was_drafted,0.0,extra_trees_all_leaf50,2017
is_rookie,0.004953835227272774,extra_trees_all_leaf50,2017
missing_is_rookie,0.0,extra_trees_all_leaf50,2017
missing_team_changed,0.0,extra_trees_all_leaf50,2017
combine_forty,-0.000732421874999889,extra_trees_all_leaf50,2017
missing_combine_forty,0.000244140625,extra_trees_all_leaf50,2017
combine_bench,0.0018199573863636465,extra_trees_all_leaf50,2017
missing_combine_bench,0.0010564630681818565,extra_trees_all_leaf50,2017
combine_vertical,-3.551136363622032e-05,extra_trees_all_leaf50,2017
missing_combine_vertical,-0.00013760653409078394,extra_trees_all_leaf50,2017
combine_broad_jump,-0.00314275568181821,extra_trees_all_leaf50,2017
missing_combine_broad_jump,-0.0028808593750000444,extra_trees_all_leaf50,2017
combine_cone,-0.00010653409090899402,extra_trees_all_leaf50,2017
missing_combine_cone,-0.0001553622159089496,extra_trees_all_leaf50,2017
combine_shuttle,0.00025745738636362425,extra_trees_all_leaf50,2017
missing_combine_shuttle,-2.6633522727248504e-05,extra_trees_all_leaf50,2017
position_QB,-2.6633522727248504e-05,extra_trees_all_leaf50,2017
position_RB,-0.0025967684659089496,extra_trees_all_leaf50,2017
position_WR,-0.0015092329545454142,extra_trees_all_leaf50,2017
position_TE,0.0006924715909090162,extra_trees_all_leaf50,2017
lag1_history_available,0.001824396306818299,extra_trees_all_leaf50,2017
lag1_completions,-3.9950284090761734e-05,extra_trees_all_leaf50,2017
lag1_attempts,-4.4389204545414174e-05,extra_trees_all_leaf50,2017
lag1_passing_yards,-3.107244318178992e-05,extra_trees_all_leaf50,2017
lag1_passing_tds,-6.658380681812126e-05,extra_trees_all_leaf50,2017
lag1_passing_interceptions,4.438920454541417e-06,extra_trees_all_leaf50,2017
lag1_sacks_suffered,-0.0002485795454545414,extra_trees_all_leaf50,2017
lag1_sack_yards_lost,-2.6633522727248504e-05,extra_trees_all_leaf50,2017
lag1_sack_fumbles,-1.775568181816567e-05,extra_trees_all_leaf50,2017
lag1_sack_fumbles_lost,0.0,extra_trees_all_leaf50,2017
lag1_passing_first_downs,1.1102230246251565e-16,extra_trees_all_leaf50,2017
lag1_passing_10,-3.107244318178992e-05,extra_trees_all_leaf50,2017
lag1_passing_16,-6.214488636357984e-05,extra_trees_all_leaf50,2017
lag1_passing_20,-6.658380681812126e-05,extra_trees_all_leaf50,2017
lag1_passing_40,-0.00015980113636360205,extra_trees_all_leaf50,2017
lag1_carries,-0.0004438920454545858,extra_trees_all_leaf50,2017
lag1_rushing_yards,-1.775568181816567e-05,extra_trees_all_leaf50,2017
lag1_rushing_tds,-0.00014204545454532536,extra_trees_all_leaf50,2017
lag1_rushing_fumbles,0.0,extra_trees_all_leaf50,2017
lag1_rushing_fumbles_lost,-2.6633522727248504e-05,extra_trees_all_leaf50,2017
lag1_rushing_first_downs,0.00021306818181809906,extra_trees_all_leaf50,2017
lag1_rushing_10,1.775568181816567e-05,extra_trees_all_leaf50,2017
lag1_rushing_12,-8.433948863628693e-05,extra_trees_all_leaf50,2017
lag1_rushing_20,0.0005371093750000666,extra_trees_all_leaf50,2017
lag1_rushing_40,-4.438920454541417e-06,extra_trees_all_leaf50,2017
lag1_receptions,-0.0006392045454545192,extra_trees_all_leaf50,2017
lag1_receiving_yards,-0.0009588068181818343,extra_trees_all_leaf50,2017
lag1_receiving_tds,0.000328480113636509,extra_trees_all_leaf50,2017
lag1_receiving_fumbles,-1.7755681818054647e-05,extra_trees_all_leaf50,2017
lag1_receiving_fumbles_lost,1.3316761363846297e-05,extra_trees_all_leaf50,2017
lag1_receiving_first_downs,0.00042169744318187874,extra_trees_all_leaf50,2017
lag1_receiving_10,-0.000892223011363602,extra_trees_all_leaf50,2017
lag1_receiving_16,0.0008212002840910504,extra_trees_all_leaf50,2017
lag1_receiving_20,0.00011985085227284031,extra_trees_all_leaf50,2017
lag1_receiving_40,7.546164772742614e-05,extra_trees_all_leaf50,2017
lag1_special_teams_tds,0.0,extra_trees_all_leaf50,2017
lag1_fumbles_total,-0.00011541193181818787,extra_trees_all_leaf50,2017
lag1_fumbles_lost_total,-4.4389204545414174e-05,extra_trees_all_leaf50,2017
lag1_punt_returns,0.0,extra_trees_all_leaf50,2017
lag1_punt_return_yards,0.0,extra_trees_all_leaf50,2017
lag1_kickoff_returns,-4.438920454541417e-06,extra_trees_all_leaf50,2017
lag1_kickoff_return_yards,3.9950284090872756e-05,extra_trees_all_leaf50,2017
lag1_fg_made,4.882812500006661e-05,extra_trees_all_leaf50,2017
lag1_fg_att,0.0,extra_trees_all_leaf50,2017
lag1_fg_missed,0.0,extra_trees_all_leaf50,2017
lag1_fg_blocked,0.0,extra_trees_all_leaf50,2017
lag1_fg_made_0_19,0.0,extra_trees_all_leaf50,2017
lag1_fg_made_20_29,0.0,extra_trees_all_leaf50,2017
lag1_fg_made_30_39,-8.877840909082835e-06,extra_trees_all_leaf50,2017
lag1_fg_made_40_49,-0.0003728693181817011,extra_trees_all_leaf50,2017
lag1_fg_made_50_59,3.551136363633134e-05,extra_trees_all_leaf50,2017
lag1_fg_made_60_,0.0,extra_trees_all_leaf50,2017
lag1_fg_missed_0_19,0.0,extra_trees_all_leaf50,2017
lag1_fg_missed_20_29,0.0,extra_trees_all_leaf50,2017
lag1_fg_missed_30_39,0.0,extra_trees_all_leaf50,2017
lag1_fg_missed_40_49,0.0,extra_trees_all_leaf50,2017
lag1_fg_missed_50_59,0.0,extra_trees_all_leaf50,2017
lag1_fg_missed_60_,0.0,extra_trees_all_leaf50,2017
lag1_fg_made_distance,-7.10227272727737e-05,extra_trees_all_leaf50,2017
lag1_fg_missed_distance,0.0,extra_trees_all_leaf50,2017
lag1_pat_made,-7.10227272727737e-05,extra_trees_all_leaf50,2017
lag1_pat_att,-0.00011985085227261827,extra_trees_all_leaf50,2017
lag1_pat_missed,0.0,extra_trees_all_leaf50,2017
lag1_pat_blocked,0.0,extra_trees_all_leaf50,2017
lag1_gwfg_made,1.3316761363735274e-05,extra_trees_all_leaf50,2017
lag1_gwfg_att,0.0,extra_trees_all_leaf50,2017
lag1_gwfg_missed,0.0,extra_trees_all_leaf50,2017
lag1_gwfg_blocked,0.0,extra_trees_all_leaf50,2017
lag1_gwfg_distance,0.0,extra_trees_all_leaf50,2017
lag1_targets,-0.0015625000000000222,extra_trees_all_leaf50,2017
lag1_passing_air_yards,-0.00013760653409078394,extra_trees_all_leaf50,2017
lag1_passing_yards_after_catch,-4.438920454541417e-06,extra_trees_all_leaf50,2017
lag1_receiving_air_yards,0.00012872869318192315,extra_trees_all_leaf50,2017
lag1_receiving_yards_after_catch,0.0005859375000000222,extra_trees_all_leaf50,2017
lag1_games,0.0014604048295454586,extra_trees_all_leaf50,2017
lag1_roster_weeks,0.0010564630681818565,extra_trees_all_leaf50,2017
lag1_offense_snaps,7.990056818185653e-05,extra_trees_all_leaf50,2017
lag2_history_available,-0.002432528409090917,extra_trees_all_leaf50,2017
lag2_completions,-8.877840909082835e-06,extra_trees_all_leaf50,2017
lag2_attempts,0.0,extra_trees_all_leaf50,2017
lag2_passing_yards,8.877840909082835e-06,extra_trees_all_leaf50,2017
lag2_passing_tds,-8.877840909082835e-06,extra_trees_all_leaf50,2017
lag2_passing_interceptions,0.0,extra_trees_all_leaf50,2017
lag2_sacks_suffered,-1.3316761363624252e-05,extra_trees_all_leaf50,2017
lag2_sack_yards_lost,-8.877840909082835e-06,extra_trees_all_leaf50,2017
lag2_sack_fumbles,-3.9950284090872756e-05,extra_trees_all_leaf50,2017
lag2_sack_fumbles_lost,0.0,extra_trees_all_leaf50,2017
lag2_passing_first_downs,3.1072443181900944e-05,extra_trees_all_leaf50,2017
lag2_passing_10,-3.107244318178992e-05,extra_trees_all_leaf50,2017
lag2_passing_16,0.0,extra_trees_all_leaf50,2017
lag2_passing_20,1.775568181816567e-05,extra_trees_all_leaf50,2017
lag2_passing_40,0.0,extra_trees_all_leaf50,2017
lag2_carries,-9.76562500000222e-05,extra_trees_all_leaf50,2017
lag2_rushing_yards,-4.882812499995559e-05,extra_trees_all_leaf50,2017
lag2_rushing_tds,4.438920454541417e-06,extra_trees_all_leaf50,2017
lag2_rushing_fumbles,-0.00030628551136369087,extra_trees_all_leaf50,2017
lag2_rushing_fumbles_lost,-2.2194602272707087e-05,extra_trees_all_leaf50,2017
lag2_rushing_first_downs,-0.00014204545454543638,extra_trees_all_leaf50,2017
lag2_rushing_10,-0.00010653409090910504,extra_trees_all_leaf50,2017
lag2_rushing_12,-0.0003240411931817455,extra_trees_all_leaf50,2017
lag2_rushing_20,-0.00011541193181807685,extra_trees_all_leaf50,2017
lag2_rushing_40,5.770596590914945e-05,extra_trees_all_leaf50,2017
lag2_receptions,9.321732954559181e-05,extra_trees_all_leaf50,2017
lag2_receiving_yards,-3.9950284090872756e-05,extra_trees_all_leaf50,2017
lag2_receiving_tds,0.0009321732954546968,extra_trees_all_leaf50,2017
lag2_receiving_fumbles,4.4389204545414174e-05,extra_trees_all_leaf50,2017
lag2_receiving_fumbles_lost,2.6633522727359527e-05,extra_trees_all_leaf50,2017
lag2_receiving_first_downs,2.219460227281811e-05,extra_trees_all_leaf50,2017
lag2_receiving_10,0.0001731178977272263,extra_trees_all_leaf50,2017
lag2_receiving_16,1.3316761363624252e-05,extra_trees_all_leaf50,2017
lag2_receiving_20,8.877840909193857e-06,extra_trees_all_leaf50,2017
lag2_receiving_40,2.663352272747055e-05,extra_trees_all_leaf50,2017
lag2_special_teams_tds,0.0,extra_trees_all_leaf50,2017
lag2_fumbles_total,2.6633522727248504e-05,extra_trees_all_leaf50,2017
lag2_fumbles_lost_total,4.4389204545414174e-05,extra_trees_all_leaf50,2017
lag2_punt_returns,0.0,extra_trees_all_leaf50,2017
lag2_punt_return_yards,0.0,extra_trees_all_leaf50,2017
lag2_kickoff_returns,5.326704545460803e-05,extra_trees_all_leaf50,2017
lag2_kickoff_return_yards,2.2194602272707087e-05,extra_trees_all_leaf50,2017
lag2_fg_made,0.0,extra_trees_all_leaf50,2017
lag2_fg_att,0.0,extra_trees_all_leaf50,2017
lag2_fg_missed,0.0,extra_trees_all_leaf50,2017
lag2_fg_blocked,0.0,extra_trees_all_leaf50,2017
lag2_fg_made_0_19,0.0,extra_trees_all_leaf50,2017
lag2_fg_made_20_29,-4.438920454541417e-06,extra_trees_all_leaf50,2017
lag2_fg_made_30_39,0.0,extra_trees_all_leaf50,2017
lag2_fg_made_40_49,-8.877840909082835e-06,extra_trees_all_leaf50,2017
lag2_fg_made_50_59,0.0,extra_trees_all_leaf50,2017
lag2_fg_made_60_,0.0,extra_trees_all_leaf50,2017
lag2_fg_missed_0_19,0.0,extra_trees_all_leaf50,2017
lag2_fg_missed_20_29,0.0,extra_trees_all_leaf50,2017
lag2_fg_missed_30_39,0.0,extra_trees_all_leaf50,2017
lag2_fg_missed_40_49,0.0,extra_trees_all_leaf50,2017
lag2_fg_missed_50_59,0.0,extra_trees_all_leaf50,2017
lag2_fg_missed_60_,0.0,extra_trees_all_leaf50,2017
lag2_fg_made_distance,-3.9950284090872756e-05,extra_trees_all_leaf50,2017
lag2_fg_missed_distance,-2.6633522727248504e-05,extra_trees_all_leaf50,2017
lag2_pat_made,0.0,extra_trees_all_leaf50,2017
lag2_pat_att,-8.433948863639795e-05,extra_trees_all_leaf50,2017
lag2_pat_missed,0.0,extra_trees_all_leaf50,2017
lag2_pat_blocked,0.0,extra_trees_all_leaf50,2017
lag2_gwfg_made,0.0,extra_trees_all_leaf50,2017
lag2_gwfg_att,4.43892045465244e-06,extra_trees_all_leaf50,2017
lag2_gwfg_missed,0.0,extra_trees_all_leaf50,2017
lag2_gwfg_blocked,0.0,extra_trees_all_leaf50,2017
lag2_gwfg_distance,4.43892045465244e-06,extra_trees_all_leaf50,2017
lag2_targets,4.882812500006661e-05,extra_trees_all_leaf50,2017
lag2_passing_air_yards,0.0,extra_trees_all_leaf50,2017
lag2_passing_yards_after_catch,-1.775568181816567e-05,extra_trees_all_leaf50,2017
lag2_receiving_air_yards,-5.7705965909038426e-05,extra_trees_all_leaf50,2017
lag2_receiving_yards_after_catch,-3.9950284090872756e-05,extra_trees_all_leaf50,2017
lag2_games,-0.0007191051136362647,extra_trees_all_leaf50,2017
lag2_roster_weeks,-0.0012650923295455252,extra_trees_all_leaf50,2017
lag2_offense_snaps,0.00017755681818176772,extra_trees_all_leaf50,2017
lag3_history_available,0.0018776633522726849,extra_trees_all_leaf50,2017
lag3_completions,0.0,extra_trees_all_leaf50,2017
lag3_attempts,0.0,extra_trees_all_leaf50,2017
lag3_passing_yards,0.0,extra_trees_all_leaf50,2017
lag3_passing_tds,0.0,extra_trees_all_leaf50,2017
lag3_passing_interceptions,0.0,extra_trees_all_leaf50,2017
lag3_sacks_suffered,0.0,extra_trees_all_leaf50,2017
lag3_sack_yards_lost,0.0,extra_trees_all_leaf50,2017
lag3_sack_fumbles,0.0,extra_trees_all_leaf50,2017
lag3_sack_fumbles_lost,0.0,extra_trees_all_leaf50,2017
lag3_passing_first_downs,0.0,extra_trees_all_leaf50,2017
lag3_passing_10,0.0,extra_trees_all_leaf50,2017
lag3_passing_16,0.0,extra_trees_all_leaf50,2017
lag3_passing_20,0.0,extra_trees_all_leaf50,2017
lag3_passing_40,-2.2194602272707087e-05,extra_trees_all_leaf50,2017
lag3_carries,-0.0005015980113636243,extra_trees_all_leaf50,2017
lag3_rushing_yards,-0.00045720880681798803,extra_trees_all_leaf50,2017
lag3_rushing_tds,-2.6633522727248504e-05,extra_trees_all_leaf50,2017
lag3_rushing_fumbles,-1.775568181816567e-05,extra_trees_all_leaf50,2017
lag3_rushing_fumbles_lost,-1.331676136351323e-05,extra_trees_all_leaf50,2017
lag3_rushing_first_downs,-0.00022638494318183433,extra_trees_all_leaf50,2017
lag3_rushing_10,-0.000594815340908994,extra_trees_all_leaf50,2017
lag3_rushing_12,-0.00022638494318183433,extra_trees_all_leaf50,2017
lag3_rushing_20,-0.00013760653409089496,extra_trees_all_leaf50,2017
lag3_rushing_40,0.0,extra_trees_all_leaf50,2017
lag3_receptions,0.00023970170454545858,extra_trees_all_leaf50,2017
lag3_receiving_yards,-0.00013760653409089496,extra_trees_all_leaf50,2017
lag3_receiving_tds,-6.658380681812126e-05,extra_trees_all_leaf50,2017
lag3_receiving_fumbles,-3.107244318178992e-05,extra_trees_all_leaf50,2017
lag3_receiving_fumbles_lost,0.0,extra_trees_all_leaf50,2017
lag3_receiving_first_downs,-8.877840909093937e-05,extra_trees_all_leaf50,2017
lag3_receiving_10,-4.882812500006661e-05,extra_trees_all_leaf50,2017
lag3_receiving_16,0.00010209517045456362,extra_trees_all_leaf50,2017
lag3_receiving_20,4.438920454541417e-06,extra_trees_all_leaf50,2017
lag3_receiving_40,-3.551136363622032e-05,extra_trees_all_leaf50,2017
lag3_special_teams_tds,0.0,extra_trees_all_leaf50,2017
lag3_fumbles_total,-7.54616477272041e-05,extra_trees_all_leaf50,2017
lag3_fumbles_lost_total,-3.551136363633134e-05,extra_trees_all_leaf50,2017
lag3_punt_returns,-1.775568181816567e-05,extra_trees_all_leaf50,2017
lag3_punt_return_yards,8.877840909082835e-06,extra_trees_all_leaf50,2017
lag3_kickoff_returns,7.102272727288472e-05,extra_trees_all_leaf50,2017
lag3_kickoff_return_yards,5.770596590914945e-05,extra_trees_all_leaf50,2017
lag3_fg_made,0.0,extra_trees_all_leaf50,2017
lag3_fg_att,0.0,extra_trees_all_leaf50,2017
lag3_fg_missed,0.0,extra_trees_all_leaf50,2017
lag3_fg_blocked,0.0,extra_trees_all_leaf50,2017
lag3_fg_made_0_19,0.0,extra_trees_all_leaf50,2017
lag3_fg_made_20_29,0.0,extra_trees_all_leaf50,2017
lag3_fg_made_30_39,4.438920454541417e-06,extra_trees_all_leaf50,2017
lag3_fg_made_40_49,0.0,extra_trees_all_leaf50,2017
lag3_fg_made_50_59,0.0,extra_trees_all_leaf50,2017
lag3_fg_made_60_,0.0,extra_trees_all_leaf50,2017
lag3_fg_missed_0_19,0.0,extra_trees_all_leaf50,2017
lag3_fg_missed_20_29,0.0,extra_trees_all_leaf50,2017
lag3_fg_missed_30_39,0.0,extra_trees_all_leaf50,2017
lag3_fg_missed_40_49,0.0,extra_trees_all_leaf50,2017
lag3_fg_missed_50_59,0.0,extra_trees_all_leaf50,2017
lag3_fg_missed_60_,0.0,extra_trees_all_leaf50,2017
lag3_fg_made_distance,0.0,extra_trees_all_leaf50,2017
lag3_fg_missed_distance,0.0,extra_trees_all_leaf50,2017
lag3_pat_made,0.0,extra_trees_all_leaf50,2017
lag3_pat_att,0.0,extra_trees_all_leaf50,2017
lag3_pat_missed,0.0,extra_trees_all_leaf50,2017
lag3_pat_blocked,0.0,extra_trees_all_leaf50,2017
lag3_gwfg_made,0.0,extra_trees_all_leaf50,2017
lag3_gwfg_att,0.0,extra_trees_all_leaf50,2017
lag3_gwfg_missed,0.0,extra_trees_all_leaf50,2017
lag3_gwfg_blocked,0.0,extra_trees_all_leaf50,2017
lag3_gwfg_distance,0.0,extra_trees_all_leaf50,2017
lag3_targets,2.6633522727359527e-05,extra_trees_all_leaf50,2017
lag3_passing_air_yards,-4.438920454541417e-06,extra_trees_all_leaf50,2017
lag3_passing_yards_after_catch,-3.551136363633134e-05,extra_trees_all_leaf50,2017
lag3_receiving_air_yards,-4.882812499995559e-05,extra_trees_all_leaf50,2017
lag3_receiving_yards_after_catch,4.43892045465244e-06,extra_trees_all_leaf50,2017
lag3_games,-0.0001953125000000444,extra_trees_all_leaf50,2017
lag3_roster_weeks,0.0016512784090909616,extra_trees_all_leaf50,2017
lag3_offense_snaps,0.0,extra_trees_all_leaf50,2017
lag4_history_available,0.001114169034090895,extra_trees_all_leaf50,2017
lag4_completions,0.0,extra_trees_all_leaf50,2017
lag4_attempts,4.882812500006661e-05,extra_trees_all_leaf50,2017
lag4_passing_yards,0.0,extra_trees_all_leaf50,2017
lag4_passing_tds,3.995028409098378e-05,extra_trees_all_leaf50,2017
lag4_passing_interceptions,0.0,extra_trees_all_leaf50,2017
lag4_sacks_suffered,0.0,extra_trees_all_leaf50,2017
lag4_sack_yards_lost,0.0,extra_trees_all_leaf50,2017
lag4_sack_fumbles,-3.1072443181900944e-05,extra_trees_all_leaf50,2017
lag4_sack_fumbles_lost,0.0,extra_trees_all_leaf50,2017
lag4_passing_first_downs,-1.331676136351323e-05,extra_trees_all_leaf50,2017
lag4_passing_10,3.1072443181900944e-05,extra_trees_all_leaf50,2017
lag4_passing_16,0.0,extra_trees_all_leaf50,2017
lag4_passing_20,0.0,extra_trees_all_leaf50,2017
lag4_passing_40,5.770596590914945e-05,extra_trees_all_leaf50,2017
lag4_carries,-1.3316761363624252e-05,extra_trees_all_leaf50,2017
lag4_rushing_yards,3.1072443181900944e-05,extra_trees_all_leaf50,2017
lag4_rushing_tds,1.3316761363735274e-05,extra_trees_all_leaf50,2017
lag4_rushing_fumbles,-8.877840909082835e-06,extra_trees_all_leaf50,2017
lag4_rushing_fumbles_lost,-1.3316761363624252e-05,extra_trees_all_leaf50,2017
lag4_rushing_first_downs,-8.877840909082835e-06,extra_trees_all_leaf50,2017
lag4_rushing_10,4.882812499995559e-05,extra_trees_all_leaf50,2017
lag4_rushing_12,-4.438920454541417e-06,extra_trees_all_leaf50,2017
lag4_rushing_20,-8.877840909082835e-06,extra_trees_all_leaf50,2017
lag4_rushing_40,4.438920454541417e-06,extra_trees_all_leaf50,2017
lag4_receptions,-0.00012872869318181213,extra_trees_all_leaf50,2017
lag4_receiving_yards,6.214488636380189e-05,extra_trees_all_leaf50,2017
lag4_receiving_tds,5.7705965909038426e-05,extra_trees_all_leaf50,2017
lag4_receiving_fumbles,0.0,extra_trees_all_leaf50,2017
lag4_receiving_fumbles_lost,0.0,extra_trees_all_leaf50,2017
lag4_receiving_first_downs,0.00018199573863642016,extra_trees_all_leaf50,2017
lag4_receiving_10,-3.10724431816789e-05,extra_trees_all_leaf50,2017
lag4_receiving_16,7.546164772731512e-05,extra_trees_all_leaf50,2017
lag4_receiving_20,4.438920454541417e-06,extra_trees_all_leaf50,2017
lag4_receiving_40,-3.9950284090872756e-05,extra_trees_all_leaf50,2017
lag4_special_teams_tds,0.0,extra_trees_all_leaf50,2017
lag4_fumbles_total,-1.331676136351323e-05,extra_trees_all_leaf50,2017
lag4_fumbles_lost_total,-0.00021750710227264047,extra_trees_all_leaf50,2017
lag4_punt_returns,0.0,extra_trees_all_leaf50,2017
lag4_punt_return_yards,0.0,extra_trees_all_leaf50,2017
lag4_kickoff_returns,0.0,extra_trees_all_leaf50,2017
lag4_kickoff_return_yards,0.0,extra_trees_all_leaf50,2017
lag4_fg_made,0.0,extra_trees_all_leaf50,2017
lag4_fg_att,0.0,extra_trees_all_leaf50,2017
lag4_fg_missed,0.0,extra_trees_all_leaf50,2017
lag4_fg_blocked,0.0,extra_trees_all_leaf50,2017
lag4_fg_made_0_19,0.0,extra_trees_all_leaf50,2017
lag4_fg_made_20_29,0.0,extra_trees_all_leaf50,2017
lag4_fg_made_30_39,0.0,extra_trees_all_leaf50,2017
lag4_fg_made_40_49,-1.7755681818054647e-05,extra_trees_all_leaf50,2017
lag4_fg_made_50_59,0.0,extra_trees_all_leaf50,2017
lag4_fg_made_60_,0.0,extra_trees_all_leaf50,2017
lag4_fg_missed_0_19,0.0,extra_trees_all_leaf50,2017
lag4_fg_missed_20_29,0.0,extra_trees_all_leaf50,2017
lag4_fg_missed_30_39,0.0,extra_trees_all_leaf50,2017
lag4_fg_missed_40_49,0.0,extra_trees_all_leaf50,2017
lag4_fg_missed_50_59,0.0,extra_trees_all_leaf50,2017
lag4_fg_missed_60_,0.0,extra_trees_all_leaf50,2017
lag4_fg_made_distance,-8.877840908971812e-06,extra_trees_all_leaf50,2017
lag4_fg_missed_distance,0.0,extra_trees_all_leaf50,2017
lag4_pat_made,0.0,extra_trees_all_leaf50,2017
lag4_pat_att,0.0,extra_trees_all_leaf50,2017
lag4_pat_missed,0.0,extra_trees_all_leaf50,2017
lag4_pat_blocked,0.0,extra_trees_all_leaf50,2017
lag4_gwfg_made,0.0,extra_trees_all_leaf50,2017
lag4_gwfg_att,0.0,extra_trees_all_leaf50,2017
lag4_gwfg_missed,0.0,extra_trees_all_leaf50,2017
lag4_gwfg_blocked,0.0,extra_trees_all_leaf50,2017
lag4_gwfg_distance,0.0,extra_trees_all_leaf50,2017
lag4_targets,8.877840909082835e-06,extra_trees_all_leaf50,2017
lag4_passing_air_yards,0.0,extra_trees_all_leaf50,2017
lag4_passing_yards_after_catch,0.0,extra_trees_all_leaf50,2017
lag4_receiving_air_yards,7.990056818185653e-05,extra_trees_all_leaf50,2017
lag4_receiving_yards_after_catch,1.3316761363624252e-05,extra_trees_all_leaf50,2017
lag4_games,0.0003196022727273151,extra_trees_all_leaf50,2017
lag4_roster_weeks,0.0003417968750001332,extra_trees_all_leaf50,2017
lag4_offense_snaps,0.0,extra_trees_all_leaf50,2017
lag1_completion_rate,-4.882812499995559e-05,extra_trees_all_leaf50,2017
lag1_pass_yards_per_attempt,-4.4389204545414174e-05,extra_trees_all_leaf50,2017
lag1_pass_td_rate,0.0,extra_trees_all_leaf50,2017
lag1_interception_rate,0.0,extra_trees_all_leaf50,2017
lag1_rush_yards_per_carry,-0.00016867897727268488,extra_trees_all_leaf50,2017
lag1_rush_first_down_rate,-5.326704545449701e-05,extra_trees_all_leaf50,2017
lag1_rush_20_rate,0.0,extra_trees_all_leaf50,2017
lag1_receiving_yards_per_reception,-0.00019087357954539197,extra_trees_all_leaf50,2017
lag1_receiving_first_down_rate,-0.0013094815340910504,extra_trees_all_leaf50,2017
lag1_receiving_20_rate,0.0005371093750000666,extra_trees_all_leaf50,2017
lag1_field_goal_make_rate,-0.00035511363636364646,extra_trees_all_leaf50,2017
lag1_made_field_goal_mean_distance,-0.0005282315340908728,extra_trees_all_leaf50,2017
lag1_missed_field_goal_mean_distance,-7.102272727255166e-05,extra_trees_all_leaf50,2017
lag1_pat_make_rate,-0.00043945312499982236,extra_trees_all_leaf50,2017
lag1_catch_rate,-0.0017533735795454142,extra_trees_all_leaf50,2017
lag1_receiving_yards_per_target,0.0007945667613636909,extra_trees_all_leaf50,2017
lag1_receiving_air_yards_per_target,-0.0001420454545455474,extra_trees_all_leaf50,2017
lag1_receiving_yards_after_catch_per_reception,0.000244140625,extra_trees_all_leaf50,2017
lag1_passing_air_yards_per_attempt,-2.2194602272707087e-05,extra_trees_all_leaf50,2017
lag1_passing_yards_after_catch_per_completion,-3.107244318178992e-05,extra_trees_all_leaf50,2017
lag2_completion_rate,3.551136363633134e-05,extra_trees_all_leaf50,2017
lag2_pass_yards_per_attempt,4.438920454541417e-06,extra_trees_all_leaf50,2017
lag2_pass_td_rate,0.0,extra_trees_all_leaf50,2017
lag2_interception_rate,0.0,extra_trees_all_leaf50,2017
lag2_rush_yards_per_carry,0.00015536221590917165,extra_trees_all_leaf50,2017
lag2_rush_first_down_rate,4.882812500006661e-05,extra_trees_all_leaf50,2017
lag2_rush_20_rate,1.1102230246251565e-16,extra_trees_all_leaf50,2017
lag2_receiving_yards_per_reception,-7.990056818174551e-05,extra_trees_all_leaf50,2017
lag2_receiving_first_down_rate,-8.877840909082835e-06,extra_trees_all_leaf50,2017
lag2_receiving_20_rate,0.0001154119318182989,extra_trees_all_leaf50,2017
lag2_field_goal_make_rate,-0.00018643465909085055,extra_trees_all_leaf50,2017
lag2_made_field_goal_mean_distance,-7.546164772731512e-05,extra_trees_all_leaf50,2017
lag2_missed_field_goal_mean_distance,0.0,extra_trees_all_leaf50,2017
lag2_pat_make_rate,-0.00038174715909089496,extra_trees_all_leaf50,2017
lag2_catch_rate,-0.0009588068181818343,extra_trees_all_leaf50,2017
lag2_receiving_yards_per_target,-0.00030628551136369087,extra_trees_all_leaf50,2017
lag2_receiving_air_yards_per_target,-6.214488636357984e-05,extra_trees_all_leaf50,2017
lag2_receiving_yards_after_catch_per_reception,0.00022194602272740394,extra_trees_all_leaf50,2017
lag2_passing_air_yards_per_attempt,-4.882812499984457e-05,extra_trees_all_leaf50,2017
lag2_passing_yards_after_catch_per_completion,-2.2194602272707087e-05,extra_trees_all_leaf50,2017
lag3_completion_rate,4.882812500006661e-05,extra_trees_all_leaf50,2017
lag3_pass_yards_per_attempt,-4.438920454541417e-06,extra_trees_all_leaf50,2017
lag3_pass_td_rate,-4.438920454541417e-06,extra_trees_all_leaf50,2017
lag3_interception_rate,4.438920454541417e-06,extra_trees_all_leaf50,2017
lag3_rush_yards_per_carry,4.4389204545414174e-05,extra_trees_all_leaf50,2017
lag3_rush_first_down_rate,-0.0001242897727272707,extra_trees_all_leaf50,2017
lag3_rush_20_rate,0.0,extra_trees_all_leaf50,2017
lag3_receiving_yards_per_reception,3.9950284090872756e-05,extra_trees_all_leaf50,2017
lag3_receiving_first_down_rate,0.0004394531250000444,extra_trees_all_leaf50,2017
lag3_receiving_20_rate,-5.326704545449701e-05,extra_trees_all_leaf50,2017
lag3_field_goal_make_rate,0.0,extra_trees_all_leaf50,2017
lag3_made_field_goal_mean_distance,0.0,extra_trees_all_leaf50,2017
lag3_missed_field_goal_mean_distance,1.3316761363735274e-05,extra_trees_all_leaf50,2017
lag3_pat_make_rate,0.0,extra_trees_all_leaf50,2017
lag3_catch_rate,0.0003151633522728847,extra_trees_all_leaf50,2017
lag3_receiving_yards_per_target,3.107244318178992e-05,extra_trees_all_leaf50,2017
lag3_receiving_air_yards_per_target,0.00042613636363642016,extra_trees_all_leaf50,2017
lag3_receiving_yards_after_catch_per_reception,1.3316761363735274e-05,extra_trees_all_leaf50,2017
lag3_passing_air_yards_per_attempt,0.0,extra_trees_all_leaf50,2017
lag3_passing_yards_after_catch_per_completion,1.3316761363624252e-05,extra_trees_all_leaf50,2017
lag4_completion_rate,-1.775568181816567e-05,extra_trees_all_leaf50,2017
lag4_pass_yards_per_attempt,-5.7705965909038426e-05,extra_trees_all_leaf50,2017
lag4_pass_td_rate,1.7755681818276692e-05,extra_trees_all_leaf50,2017
lag4_interception_rate,0.0,extra_trees_all_leaf50,2017
lag4_rush_yards_per_carry,-0.0004128196022727959,extra_trees_all_leaf50,2017
lag4_rush_first_down_rate,-0.00023526278409080614,extra_trees_all_leaf50,2017
lag4_rush_20_rate,0.0,extra_trees_all_leaf50,2017
lag4_receiving_yards_per_reception,2.6633522727248504e-05,extra_trees_all_leaf50,2017
lag4_receiving_first_down_rate,0.00023082386363637575,extra_trees_all_leaf50,2017
lag4_receiving_20_rate,8.877840909082835e-06,extra_trees_all_leaf50,2017
lag4_field_goal_make_rate,0.0,extra_trees_all_leaf50,2017
lag4_made_field_goal_mean_distance,0.0,extra_trees_all_leaf50,2017
lag4_missed_field_goal_mean_distance,0.0,extra_trees_all_leaf50,2017
lag4_pat_make_rate,0.0,extra_trees_all_leaf50,2017
lag4_catch_rate,0.0001242897727272707,extra_trees_all_leaf50,2017
lag4_receiving_yards_per_target,-3.107244318178992e-05,extra_trees_all_leaf50,2017
lag4_receiving_air_yards_per_target,5.326704545449701e-05,extra_trees_all_leaf50,2017
lag4_receiving_yards_after_catch_per_reception,7.10227272727737e-05,extra_trees_all_leaf50,2017
lag4_passing_air_yards_per_attempt,-1.775568181816567e-05,extra_trees_all_leaf50,2017
lag4_passing_yards_after_catch_per_completion,0.0,extra_trees_all_leaf50,2017
lag1_late6_attempts,-0.00033291903409082835,extra_trees_all_leaf50,2017
lag1_weekly_slope_attempts,0.0,extra_trees_all_leaf50,2017
lag1_late6_mean_delta_attempts,0.0,extra_trees_all_leaf50,2017
lag1_late6_passing_yards,-0.00012428977272715969,extra_trees_all_leaf50,2017
lag1_weekly_slope_passing_yards,0.0,extra_trees_all_leaf50,2017
lag1_late6_mean_delta_passing_yards,0.0,extra_trees_all_leaf50,2017
lag1_late6_passing_first_downs,-2.6633522727248504e-05,extra_trees_all_leaf50,2017
lag1_weekly_slope_passing_first_downs,0.0,extra_trees_all_leaf50,2017
lag1_late6_mean_delta_passing_first_downs,0.0,extra_trees_all_leaf50,2017
lag1_late6_passing_20,-0.00012872869318181213,extra_trees_all_leaf50,2017
lag1_weekly_slope_passing_20,1.7755681818276692e-05,extra_trees_all_leaf50,2017
lag1_late6_mean_delta_passing_20,0.0,extra_trees_all_leaf50,2017
lag1_late6_carries,-0.0007102272727271819,extra_trees_all_leaf50,2017
lag1_weekly_slope_carries,-4.438920454430395e-06,extra_trees_all_leaf50,2017
lag1_late6_mean_delta_carries,0.00011097301136375748,extra_trees_all_leaf50,2017
lag1_late6_rushing_yards,-0.0003151633522726627,extra_trees_all_leaf50,2017
lag1_weekly_slope_rushing_yards,8.877840909193857e-06,extra_trees_all_leaf50,2017
lag1_late6_mean_delta_rushing_yards,5.326704545460803e-05,extra_trees_all_leaf50,2017
lag1_late6_rushing_first_downs,-6.214488636357984e-05,extra_trees_all_leaf50,2017
lag1_weekly_slope_rushing_first_downs,-1.3316761363624252e-05,extra_trees_all_leaf50,2017
lag1_late6_mean_delta_rushing_first_downs,0.0,extra_trees_all_leaf50,2017
lag1_late6_rushing_20,0.0,extra_trees_all_leaf50,2017
lag1_weekly_slope_rushing_20,0.0,extra_trees_all_leaf50,2017
lag1_late6_mean_delta_rushing_20,-4.438920454541417e-06,extra_trees_all_leaf50,2017
lag1_late6_receptions,-0.001953124999999889,extra_trees_all_leaf50,2017
lag1_weekly_slope_receptions,0.0003684303977272707,extra_trees_all_leaf50,2017
lag1_late6_mean_delta_receptions,5.326704545460803e-05,extra_trees_all_leaf50,2017
lag1_late6_receiving_yards,0.0013183593750000222,extra_trees_all_leaf50,2017
lag1_weekly_slope_receiving_yards,0.00011097301136375748,extra_trees_all_leaf50,2017
lag1_late6_mean_delta_receiving_yards,7.54616477272041e-05,extra_trees_all_leaf50,2017
lag1_late6_receiving_first_downs,0.0007057883522727515,extra_trees_all_leaf50,2017
lag1_weekly_slope_receiving_first_downs,0.00020419034090912724,extra_trees_all_leaf50,2017
lag1_late6_mean_delta_receiving_first_downs,0.00020419034090912724,extra_trees_all_leaf50,2017
lag1_late6_receiving_20,0.0005814985795454808,extra_trees_all_leaf50,2017
lag1_weekly_slope_receiving_20,0.0001953124999999334,extra_trees_all_leaf50,2017
lag1_late6_mean_delta_receiving_20,3.551136363633134e-05,extra_trees_all_leaf50,2017
lag1_late6_punt_return_yards,0.0,extra_trees_all_leaf50,2017
lag1_weekly_slope_punt_return_yards,0.0,extra_trees_all_leaf50,2017
lag1_late6_mean_delta_punt_return_yards,0.0,extra_trees_all_leaf50,2017
lag1_late6_kickoff_return_yards,4.4389204545525196e-05,extra_trees_all_leaf50,2017
lag1_weekly_slope_kickoff_return_yards,0.0,extra_trees_all_leaf50,2017
lag1_late6_mean_delta_kickoff_return_yards,0.0,extra_trees_all_leaf50,2017
lag1_late6_fg_made,0.0,extra_trees_all_leaf50,2017
lag1_weekly_slope_fg_made,0.0,extra_trees_all_leaf50,2017
lag1_late6_mean_delta_fg_made,0.0,extra_trees_all_leaf50,2017
lag1_late6_fg_att,0.0,extra_trees_all_leaf50,2017
lag1_weekly_slope_fg_att,0.0,extra_trees_all_leaf50,2017
lag1_late6_mean_delta_fg_att,0.0,extra_trees_all_leaf50,2017
lag1_late6_pat_att,8.877840909082835e-06,extra_trees_all_leaf50,2017
lag1_weekly_slope_pat_att,0.0,extra_trees_all_leaf50,2017
lag1_late6_mean_delta_pat_att,0.0,extra_trees_all_leaf50,2017
lag1_late6_targets,-0.000625887784090895,extra_trees_all_leaf50,2017
lag1_weekly_slope_targets,4.882812499995559e-05,extra_trees_all_leaf50,2017
lag1_late6_mean_delta_targets,0.000381747159091006,extra_trees_all_leaf50,2017
lag1_late6_passing_air_yards,-0.00020862926136366866,extra_trees_all_leaf50,2017
lag1_weekly_slope_passing_air_yards,0.0,extra_trees_all_leaf50,2017
lag1_late6_mean_delta_passing_air_yards,0.0,extra_trees_all_leaf50,2017
lag1_late6_passing_yards_after_catch,-7.102272727266268e-05,extra_trees_all_leaf50,2017
lag1_weekly_slope_passing_yards_after_catch,0.0,extra_trees_all_leaf50,2017
lag1_late6_mean_delta_passing_yards_after_catch,0.0,extra_trees_all_leaf50,2017
lag1_late6_receiving_air_yards,-0.00018643465909085055,extra_trees_all_leaf50,2017
lag1_weekly_slope_receiving_air_yards,0.00012872869318181213,extra_trees_all_leaf50,2017
lag1_late6_mean_delta_receiving_air_yards,-4.4389204545414174e-05,extra_trees_all_leaf50,2017
lag1_late6_receiving_yards_after_catch,-0.00039950284090906063,extra_trees_all_leaf50,2017
lag1_weekly_slope_receiving_yards_after_catch,5.326704545460803e-05,extra_trees_all_leaf50,2017
lag1_late6_mean_delta_receiving_yards_after_catch,-5.7705965909038426e-05,extra_trees_all_leaf50,2017
position_K,-0.0026056463068181435,extra_trees_all_leaf50,2017
injury_lag2_injury_reported,-0.0012650923295454142,extra_trees_all_leaf50,2017
injury_lag2_injury_report_weeks,-0.00014204545454543638,extra_trees_all_leaf50,2017
injury_lag2_designation_count,1.775568181816567e-05,extra_trees_all_leaf50,2017
injury_lag3_injury_reported,0.00013760653409089496,extra_trees_all_leaf50,2017
injury_lag3_injury_report_weeks,5.770596590914945e-05,extra_trees_all_leaf50,2017
injury_lag3_designation_count,6.214488636369087e-05,extra_trees_all_leaf50,2017
injury_lag4_injury_reported,8.877840909082835e-06,extra_trees_all_leaf50,2017
injury_lag4_injury_report_weeks,-0.00011097301136353543,extra_trees_all_leaf50,2017
injury_lag4_designation_count,4.438920454541417e-06,extra_trees_all_leaf50,2017
injury_lag5_injury_reported,0.00011097301136375748,extra_trees_all_leaf50,2017
injury_lag5_injury_report_weeks,3.551136363633134e-05,extra_trees_all_leaf50,2017
injury_lag5_designation_count,0.0,extra_trees_all_leaf50,2017
injury_lag1_reserve_weeks,-1.3316761363624252e-05,extra_trees_all_leaf50,2017
injury_lag2_reserve_weeks,-0.00015980113636360205,extra_trees_all_leaf50,2017
injury_lag3_reserve_weeks,0.0,extra_trees_all_leaf50,2017
injury_lag4_reserve_weeks,0.0,extra_trees_all_leaf50,2017
injury_lag2_absence_report_weeks,0.0,extra_trees_all_leaf50,2017
injury_lag2_absence_reported,-0.00010653409090899402,extra_trees_all_leaf50,2017
injury_lag3_absence_report_weeks,-3.9950284090872756e-05,extra_trees_all_leaf50,2017
injury_lag3_absence_reported,0.0,extra_trees_all_leaf50,2017
injury_lag4_absence_report_weeks,0.0,extra_trees_all_leaf50,2017
injury_lag4_absence_reported,-8.877840909082835e-06,extra_trees_all_leaf50,2017
injury_lag5_absence_report_weeks,0.0,extra_trees_all_leaf50,2017
injury_lag5_absence_reported,0.0,extra_trees_all_leaf50,2017
age,5.709693791233761e-05,extra_trees_all_leaf50,2018
missing_age,0.004271696836406602,extra_trees_all_leaf50,2018
years_exp,0.001169429876501371,extra_trees_all_leaf50,2018
missing_years_exp,0.0,extra_trees_all_leaf50,2018
height,-0.0024636271358484674,extra_trees_all_leaf50,2018
missing_height,0.0,extra_trees_all_leaf50,2018
weight,0.0004229402808322291,extra_trees_all_leaf50,2018
missing_weight,0.0,extra_trees_all_leaf50,2018
draft_number,-0.0005138724412112605,extra_trees_all_leaf50,2018
missing_draft_number,-0.00037853155134492944,extra_trees_all_leaf50,2018
draft_round,0.0012963119607510842,extra_trees_all_leaf50,2018
missing_draft_round,-0.00010150566739974831,extra_trees_all_leaf50,2018
was_drafted,0.009425224158348788,extra_trees_all_leaf50,2018
missing_was_drafted,0.0,extra_trees_all_leaf50,2018
is_rookie,0.003565386567416673,extra_trees_all_leaf50,2018
missing_is_rookie,0.0,extra_trees_all_leaf50,2018
missing_team_changed,0.0,extra_trees_all_leaf50,2018
combine_forty,0.0023240568431737163,extra_trees_all_leaf50,2018
missing_combine_forty,0.0005667399763152892,extra_trees_all_leaf50,2018
combine_bench,-0.0005646252749111902,extra_trees_all_leaf50,2018
missing_combine_bench,0.001621975976991985,extra_trees_all_leaf50,2018
combine_vertical,-0.00042294028083234014,extra_trees_all_leaf50,2018
missing_combine_vertical,0.0004842666215529867,extra_trees_all_leaf50,2018
combine_broad_jump,0.00030240230079514596,extra_trees_all_leaf50,2018
missing_combine_broad_jump,-0.0012519032312637846,extra_trees_all_leaf50,2018
combine_cone,5.0752833699818645e-05,extra_trees_all_leaf50,2018
missing_combine_cone,-2.7491118254063807e-05,extra_trees_all_leaf50,2018
combine_shuttle,-2.749111825428585e-05,extra_trees_all_leaf50,2018
missing_combine_shuttle,-0.00013111148705802211,extra_trees_all_leaf50,2018
position_QB,0.000735916088648092,extra_trees_all_leaf50,2018
position_RB,-0.004546608018947684,extra_trees_all_leaf50,2018
position_WR,-0.00029817289798672597,extra_trees_all_leaf50,2018
position_TE,0.005293097614616715,extra_trees_all_leaf50,2018
lag1_history_available,0.0020131957367619524,extra_trees_all_leaf50,2018
lag1_completions,-0.0001057350702081683,extra_trees_all_leaf50,2018
lag1_attempts,-6.34410421249676e-05,extra_trees_all_leaf50,2018
lag1_passing_yards,-0.0001776349179496428,extra_trees_all_leaf50,2018
lag1_passing_tds,-5.498223650834966e-05,extra_trees_all_leaf50,2018
lag1_passing_interceptions,2.9605819658273802e-05,extra_trees_all_leaf50,2018
lag1_sacks_suffered,-0.00028759939096600906,extra_trees_all_leaf50,2018
lag1_sack_yards_lost,-6.344104212485657e-05,extra_trees_all_leaf50,2018
lag1_sack_fumbles,2.1147014041544843e-05,extra_trees_all_leaf50,2018
lag1_sack_fumbles_lost,0.0,extra_trees_all_leaf50,2018
lag1_passing_first_downs,-5.9211639316658626e-05,extra_trees_all_leaf50,2018
lag1_passing_10,-4.229402808419991e-06,extra_trees_all_leaf50,2018
lag1_passing_16,-8.458805616617937e-06,extra_trees_all_leaf50,2018
lag1_passing_20,-6.767044493316554e-05,extra_trees_all_leaf50,2018
lag1_passing_40,-8.458805616617937e-06,extra_trees_all_leaf50,2018
lag1_carries,-0.0004610049061073429,extra_trees_all_leaf50,2018
lag1_rushing_yards,-0.00022838775164957248,extra_trees_all_leaf50,2018
lag1_rushing_tds,2.5376416849964833e-05,extra_trees_all_leaf50,2018
lag1_rushing_fumbles,-0.0009431568262562307,extra_trees_all_leaf50,2018
lag1_rushing_fumbles_lost,-0.00011419387582467522,extra_trees_all_leaf50,2018
lag1_rushing_first_downs,-0.0006767044493317664,extra_trees_all_leaf50,2018
lag1_rushing_10,0.00022415834884104147,extra_trees_all_leaf50,2018
lag1_rushing_12,-0.0005455929622737443,extra_trees_all_leaf50,2018
lag1_rushing_20,1.6917611233235874e-05,extra_trees_all_leaf50,2018
lag1_rushing_40,-1.268820842514895e-05,extra_trees_all_leaf50,2018
lag1_receptions,0.003690153950262176,extra_trees_all_leaf50,2018
lag1_receiving_yards,0.001465488073083998,extra_trees_all_leaf50,2018
lag1_receiving_tds,-0.00016706141092881488,extra_trees_all_leaf50,2018
lag1_receiving_fumbles,2.537641684985381e-05,extra_trees_all_leaf50,2018
lag1_receiving_fumbles_lost,0.000148029098291258,extra_trees_all_leaf50,2018
lag1_receiving_first_downs,-0.0002389612586704004,extra_trees_all_leaf50,2018
lag1_receiving_10,0.0004335137878531681,extra_trees_all_leaf50,2018
lag1_receiving_16,-0.0003552698358992856,extra_trees_all_leaf50,2018
lag1_receiving_20,0.0005498223650820533,extra_trees_all_leaf50,2018
lag1_receiving_40,0.00011842327863298419,extra_trees_all_leaf50,2018
lag1_special_teams_tds,0.0,extra_trees_all_leaf50,2018
lag1_fumbles_total,0.00011630857722888521,extra_trees_all_leaf50,2018
lag1_fumbles_lost_total,-9.727626459155037e-05,extra_trees_all_leaf50,2018
lag1_punt_returns,-2.9605819658495847e-05,extra_trees_all_leaf50,2018
lag1_punt_return_yards,8.458805616617937e-06,extra_trees_all_leaf50,2018
lag1_kickoff_returns,-8.45880561672896e-06,extra_trees_all_leaf50,2018
lag1_kickoff_return_yards,0.00010573507020805728,extra_trees_all_leaf50,2018
lag1_fg_made,0.00011207917442046522,extra_trees_all_leaf50,2018
lag1_fg_att,-1.6917611233235874e-05,extra_trees_all_leaf50,2018
lag1_fg_missed,0.0,extra_trees_all_leaf50,2018
lag1_fg_blocked,0.0,extra_trees_all_leaf50,2018
lag1_fg_made_0_19,0.0,extra_trees_all_leaf50,2018
lag1_fg_made_20_29,-0.0001057350702081683,extra_trees_all_leaf50,2018
lag1_fg_made_30_39,3.383522246647175e-05,extra_trees_all_leaf50,2018
lag1_fg_made_40_49,-6.13263407207576e-05,extra_trees_all_leaf50,2018
lag1_fg_made_50_59,-4.229402808419991e-06,extra_trees_all_leaf50,2018
lag1_fg_made_60_,0.0,extra_trees_all_leaf50,2018
lag1_fg_missed_0_19,0.0,extra_trees_all_leaf50,2018
lag1_fg_missed_20_29,0.0,extra_trees_all_leaf50,2018
lag1_fg_missed_30_39,0.0,extra_trees_all_leaf50,2018
lag1_fg_missed_40_49,0.0,extra_trees_all_leaf50,2018
lag1_fg_missed_50_59,0.00016917611233280283,extra_trees_all_leaf50,2018
lag1_fg_missed_60_,0.0,extra_trees_all_leaf50,2018
lag1_fg_made_distance,2.5376416849964833e-05,extra_trees_all_leaf50,2018
lag1_fg_missed_distance,6.344104212474555e-05,extra_trees_all_leaf50,2018
lag1_pat_made,-1.4802909829136901e-05,extra_trees_all_leaf50,2018
lag1_pat_att,-4.4408729487521725e-05,extra_trees_all_leaf50,2018
lag1_pat_missed,0.0,extra_trees_all_leaf50,2018
lag1_pat_blocked,0.0,extra_trees_all_leaf50,2018
lag1_gwfg_made,0.0,extra_trees_all_leaf50,2018
lag1_gwfg_att,1.6917611233235874e-05,extra_trees_all_leaf50,2018
lag1_gwfg_missed,0.0,extra_trees_all_leaf50,2018
lag1_gwfg_blocked,0.0,extra_trees_all_leaf50,2018
lag1_gwfg_distance,-4.229402808419991e-06,extra_trees_all_leaf50,2018
lag1_targets,-0.0009389274234479217,extra_trees_all_leaf50,2018
lag1_passing_air_yards,-0.00013957029267475107,extra_trees_all_leaf50,2018
lag1_passing_yards_after_catch,-4.229402808419991e-06,extra_trees_all_leaf50,2018
lag1_receiving_air_yards,-0.00017129081373723487,extra_trees_all_leaf50,2018
lag1_receiving_yards_after_catch,0.001184232786330619,extra_trees_all_leaf50,2018
lag1_games,0.003707071561495523,extra_trees_all_leaf50,2018
lag1_roster_weeks,0.0008141600406020855,extra_trees_all_leaf50,2018
lag1_offense_snaps,-0.0004187108780240312,extra_trees_all_leaf50,2018
lag2_history_available,-0.00017340551514122282,extra_trees_all_leaf50,2018
lag2_completions,0.0,extra_trees_all_leaf50,2018
lag2_attempts,-1.691761123345792e-05,extra_trees_all_leaf50,2018
lag2_passing_yards,-5.4982236508238636e-05,extra_trees_all_leaf50,2018
lag2_passing_tds,-1.691761123345792e-05,extra_trees_all_leaf50,2018
lag2_passing_interceptions,0.0,extra_trees_all_leaf50,2018
lag2_sacks_suffered,-2.5376416849964833e-05,extra_trees_all_leaf50,2018
lag2_sack_yards_lost,-4.229402808419991e-06,extra_trees_all_leaf50,2018
lag2_sack_fumbles,-2.9605819658384824e-05,extra_trees_all_leaf50,2018
lag2_sack_fumbles_lost,0.0,extra_trees_all_leaf50,2018
lag2_passing_first_downs,-6.34410421249676e-05,extra_trees_all_leaf50,2018
lag2_passing_10,-8.458805616839982e-06,extra_trees_all_leaf50,2018
lag2_passing_16,-5.0752833699818645e-05,extra_trees_all_leaf50,2018
lag2_passing_20,-6.344104212485657e-05,extra_trees_all_leaf50,2018
lag2_passing_40,-2.1147014041655865e-05,extra_trees_all_leaf50,2018
lag2_carries,-1.2688208425037928e-05,extra_trees_all_leaf50,2018
lag2_rushing_yards,-4.6523430891509676e-05,extra_trees_all_leaf50,2018
lag2_rushing_tds,-0.00013957029267475107,extra_trees_all_leaf50,2018
lag2_rushing_fumbles,-5.9211639316547604e-05,extra_trees_all_leaf50,2018
lag2_rushing_fumbles_lost,0.00040390796819478325,extra_trees_all_leaf50,2018
lag2_rushing_first_downs,-0.00011842327863309521,extra_trees_all_leaf50,2018
lag2_rushing_10,-0.0002791405853493911,extra_trees_all_leaf50,2018
lag2_rushing_12,-7.189984774147451e-05,extra_trees_all_leaf50,2018
lag2_rushing_20,-9.304686178313037e-05,extra_trees_all_leaf50,2018
lag2_rushing_40,-4.229402808419991e-06,extra_trees_all_leaf50,2018
lag2_receptions,2.1147014041655865e-05,extra_trees_all_leaf50,2018
lag2_receiving_yards,8.458805616640142e-05,extra_trees_all_leaf50,2018
lag2_receiving_tds,2.114701404143382e-05,extra_trees_all_leaf50,2018
lag2_receiving_fumbles,-1.6917611233346896e-05,extra_trees_all_leaf50,2018
lag2_receiving_fumbles_lost,8.458805616617937e-06,extra_trees_all_leaf50,2018
lag2_receiving_first_downs,7.189984774158553e-05,extra_trees_all_leaf50,2018
lag2_receiving_10,0.00017340551514122282,extra_trees_all_leaf50,2018
lag2_receiving_16,-0.00014379969548306004,extra_trees_all_leaf50,2018
lag2_receiving_20,5.9211639316547604e-05,extra_trees_all_leaf50,2018
lag2_receiving_40,-3.806462527500276e-05,extra_trees_all_leaf50,2018
lag2_special_teams_tds,0.0,extra_trees_all_leaf50,2018
lag2_fumbles_total,-0.0002749111825411932,extra_trees_all_leaf50,2018
lag2_fumbles_lost_total,-0.00016494670952460488,extra_trees_all_leaf50,2018
lag2_punt_returns,0.0,extra_trees_all_leaf50,2018
lag2_punt_return_yards,0.0,extra_trees_all_leaf50,2018
lag2_kickoff_returns,8.458805616506915e-06,extra_trees_all_leaf50,2018
lag2_kickoff_return_yards,-5.9211639316547604e-05,extra_trees_all_leaf50,2018
lag2_fg_made,0.0,extra_trees_all_leaf50,2018
lag2_fg_att,0.0,extra_trees_all_leaf50,2018
lag2_fg_missed,-4.229402808419991e-06,extra_trees_all_leaf50,2018
lag2_fg_blocked,0.0,extra_trees_all_leaf50,2018
lag2_fg_made_0_19,0.0,extra_trees_all_leaf50,2018
lag2_fg_made_20_29,4.229402808197946e-06,extra_trees_all_leaf50,2018
lag2_fg_made_30_39,0.0,extra_trees_all_leaf50,2018
lag2_fg_made_40_49,4.229402808197946e-06,extra_trees_all_leaf50,2018
lag2_fg_made_50_59,-4.229402808419991e-06,extra_trees_all_leaf50,2018
lag2_fg_made_60_,0.0,extra_trees_all_leaf50,2018
lag2_fg_missed_0_19,0.0,extra_trees_all_leaf50,2018
lag2_fg_missed_20_29,0.0,extra_trees_all_leaf50,2018
lag2_fg_missed_30_39,4.229402808197946e-06,extra_trees_all_leaf50,2018
lag2_fg_missed_40_49,0.0,extra_trees_all_leaf50,2018
lag2_fg_missed_50_59,-2.5376416850075856e-05,extra_trees_all_leaf50,2018
lag2_fg_missed_60_,0.0,extra_trees_all_leaf50,2018
lag2_fg_made_distance,0.0,extra_trees_all_leaf50,2018
lag2_fg_missed_distance,0.0,extra_trees_all_leaf50,2018
lag2_pat_made,0.0,extra_trees_all_leaf50,2018
lag2_pat_att,8.458805616617937e-06,extra_trees_all_leaf50,2018
lag2_pat_missed,0.0,extra_trees_all_leaf50,2018
lag2_pat_blocked,0.0,extra_trees_all_leaf50,2018
lag2_gwfg_made,-8.458805616617937e-06,extra_trees_all_leaf50,2018
lag2_gwfg_att,4.229402808197946e-06,extra_trees_all_leaf50,2018
lag2_gwfg_missed,0.0,extra_trees_all_leaf50,2018
lag2_gwfg_blocked,0.0,extra_trees_all_leaf50,2018
lag2_gwfg_distance,4.229402808197946e-06,extra_trees_all_leaf50,2018
lag2_targets,4.2294028083089685e-06,extra_trees_all_leaf50,2018
lag2_passing_air_yards,-2.9605819658384824e-05,extra_trees_all_leaf50,2018
lag2_passing_yards_after_catch,-2.5376416850075856e-05,extra_trees_all_leaf50,2018
lag2_receiving_air_yards,0.00010573507020805728,extra_trees_all_leaf50,2018
lag2_receiving_yards_after_catch,-8.458805616651244e-05,extra_trees_all_leaf50,2018
lag2_games,1.2688208424926906e-05,extra_trees_all_leaf50,2018
lag2_roster_weeks,-0.000296058196582627,extra_trees_all_leaf50,2018
lag2_offense_snaps,0.0008670275757062251,extra_trees_all_leaf50,2018
lag3_history_available,0.0005688546777194992,extra_trees_all_leaf50,2018
lag3_completions,-1.691761123345792e-05,extra_trees_all_leaf50,2018
lag3_attempts,-1.1102230246251565e-16,extra_trees_all_leaf50,2018
lag3_passing_yards,0.0,extra_trees_all_leaf50,2018
lag3_passing_tds,-7.189984774147451e-05,extra_trees_all_leaf50,2018
lag3_passing_interceptions,0.0,extra_trees_all_leaf50,2018
lag3_sacks_suffered,0.0,extra_trees_all_leaf50,2018
lag3_sack_yards_lost,0.0,extra_trees_all_leaf50,2018
lag3_sack_fumbles,0.0,extra_trees_all_leaf50,2018
lag3_sack_fumbles_lost,0.0,extra_trees_all_leaf50,2018
lag3_passing_first_downs,1.2688208424926906e-05,extra_trees_all_leaf50,2018
lag3_passing_10,-5.498223650834966e-05,extra_trees_all_leaf50,2018
lag3_passing_16,-2.9605819658384824e-05,extra_trees_all_leaf50,2018
lag3_passing_20,0.0,extra_trees_all_leaf50,2018
lag3_passing_40,0.0,extra_trees_all_leaf50,2018
lag3_carries,-1.2688208424926906e-05,extra_trees_all_leaf50,2018
lag3_rushing_yards,-0.0001776349179496428,extra_trees_all_leaf50,2018
lag3_rushing_tds,2.960581965816278e-05,extra_trees_all_leaf50,2018
lag3_rushing_fumbles,-5.9211639316547604e-05,extra_trees_all_leaf50,2018
lag3_rushing_fumbles_lost,0.0,extra_trees_all_leaf50,2018
lag3_rushing_first_downs,-4.65234308916207e-05,extra_trees_all_leaf50,2018
lag3_rushing_10,-0.00013957029267475107,extra_trees_all_leaf50,2018
lag3_rushing_12,-0.00016071730671629592,extra_trees_all_leaf50,2018
lag3_rushing_20,-2.9605819658273802e-05,extra_trees_all_leaf50,2018
lag3_rushing_40,0.0,extra_trees_all_leaf50,2018
lag3_receptions,-4.2294028083089685e-06,extra_trees_all_leaf50,2018
lag3_receiving_yards,-1.2688208425037928e-05,extra_trees_all_leaf50,2018
lag3_receiving_tds,-0.00013111148705813314,extra_trees_all_leaf50,2018
lag3_receiving_fumbles,-5.9211639316547604e-05,extra_trees_all_leaf50,2018
lag3_receiving_fumbles_lost,-1.2688208425037928e-05,extra_trees_all_leaf50,2018
lag3_receiving_first_downs,1.6917611233235874e-05,extra_trees_all_leaf50,2018
lag3_receiving_10,-4.863813229571967e-05,extra_trees_all_leaf50,2018
lag3_receiving_16,-2.1147014041544843e-05,extra_trees_all_leaf50,2018
lag3_receiving_20,-8.45880561672896e-06,extra_trees_all_leaf50,2018
lag3_receiving_40,-0.00018609372356626075,extra_trees_all_leaf50,2018
lag3_special_teams_tds,0.0,extra_trees_all_leaf50,2018
lag3_fumbles_total,1.6917611233235874e-05,extra_trees_all_leaf50,2018
lag3_fumbles_lost_total,-8.035865335820347e-05,extra_trees_all_leaf50,2018
lag3_punt_returns,1.2688208424926906e-05,extra_trees_all_leaf50,2018
lag3_punt_return_yards,0.0,extra_trees_all_leaf50,2018
lag3_kickoff_returns,-2.1147014041655865e-05,extra_trees_all_leaf50,2018
lag3_kickoff_return_yards,0.0,extra_trees_all_leaf50,2018
lag3_fg_made,0.0,extra_trees_all_leaf50,2018
lag3_fg_att,0.0,extra_trees_all_leaf50,2018
lag3_fg_missed,0.0,extra_trees_all_leaf50,2018
lag3_fg_blocked,0.0,extra_trees_all_leaf50,2018
lag3_fg_made_0_19,0.0,extra_trees_all_leaf50,2018
lag3_fg_made_20_29,-4.229402808419991e-06,extra_trees_all_leaf50,2018
lag3_fg_made_30_39,0.0,extra_trees_all_leaf50,2018
lag3_fg_made_40_49,0.0,extra_trees_all_leaf50,2018
lag3_fg_made_50_59,0.0,extra_trees_all_leaf50,2018
lag3_fg_made_60_,0.0,extra_trees_all_leaf50,2018
lag3_fg_missed_0_19,0.0,extra_trees_all_leaf50,2018
lag3_fg_missed_20_29,0.0,extra_trees_all_leaf50,2018
lag3_fg_missed_30_39,0.0,extra_trees_all_leaf50,2018
lag3_fg_missed_40_49,0.0,extra_trees_all_leaf50,2018
lag3_fg_missed_50_59,0.0,extra_trees_all_leaf50,2018
lag3_fg_missed_60_,0.0,extra_trees_all_leaf50,2018
lag3_fg_made_distance,0.0,extra_trees_all_leaf50,2018
lag3_fg_missed_distance,0.0,extra_trees_all_leaf50,2018
lag3_pat_made,1.6917611233235874e-05,extra_trees_all_leaf50,2018
lag3_pat_att,-4.229402808419991e-06,extra_trees_all_leaf50,2018
lag3_pat_missed,0.0,extra_trees_all_leaf50,2018
lag3_pat_blocked,0.0,extra_trees_all_leaf50,2018
lag3_gwfg_made,0.0,extra_trees_all_leaf50,2018
lag3_gwfg_att,0.0,extra_trees_all_leaf50,2018
lag3_gwfg_missed,0.0,extra_trees_all_leaf50,2018
lag3_gwfg_blocked,0.0,extra_trees_all_leaf50,2018
lag3_gwfg_distance,0.0,extra_trees_all_leaf50,2018
lag3_targets,-1.1102230246251565e-16,extra_trees_all_leaf50,2018
lag3_passing_air_yards,-4.229402808331173e-05,extra_trees_all_leaf50,2018
lag3_passing_yards_after_catch,2.9605819658273802e-05,extra_trees_all_leaf50,2018
lag3_receiving_air_yards,-0.00024953476569122834,extra_trees_all_leaf50,2018
lag3_receiving_yards_after_catch,-1.2688208425037928e-05,extra_trees_all_leaf50,2018
lag3_games,0.00039333446117406634,extra_trees_all_leaf50,2018
lag3_roster_weeks,0.00011630857722888521,extra_trees_all_leaf50,2018
lag3_offense_snaps,-0.00021992894603295454,extra_trees_all_leaf50,2018
lag4_history_available,-0.0007041955675859413,extra_trees_all_leaf50,2018
lag4_completions,1.6917611233235874e-05,extra_trees_all_leaf50,2018
lag4_attempts,2.1147014041544843e-05,extra_trees_all_leaf50,2018
lag4_passing_yards,2.1147014041544843e-05,extra_trees_all_leaf50,2018
lag4_passing_tds,0.0,extra_trees_all_leaf50,2018
lag4_passing_interceptions,-2.9605819658384824e-05,extra_trees_all_leaf50,2018
lag4_sacks_suffered,-1.6917611233346896e-05,extra_trees_all_leaf50,2018
lag4_sack_yards_lost,1.6917611233235874e-05,extra_trees_all_leaf50,2018
lag4_sack_fumbles,4.2294028083089685e-06,extra_trees_all_leaf50,2018
lag4_sack_fumbles_lost,0.0,extra_trees_all_leaf50,2018
lag4_passing_first_downs,3.806462527489174e-05,extra_trees_all_leaf50,2018
lag4_passing_10,0.0,extra_trees_all_leaf50,2018
lag4_passing_16,0.0,extra_trees_all_leaf50,2018
lag4_passing_20,0.0,extra_trees_all_leaf50,2018
lag4_passing_40,0.0,extra_trees_all_leaf50,2018
lag4_carries,5.075283369992967e-05,extra_trees_all_leaf50,2018
lag4_rushing_yards,1.2688208424926906e-05,extra_trees_all_leaf50,2018
lag4_rushing_tds,-8.45880561672896e-06,extra_trees_all_leaf50,2018
lag4_rushing_fumbles,0.0,extra_trees_all_leaf50,2018
lag4_rushing_fumbles_lost,0.0,extra_trees_all_leaf50,2018
lag4_rushing_first_downs,0.00010573507020805728,extra_trees_all_leaf50,2018
lag4_rushing_10,2.114701404143382e-05,extra_trees_all_leaf50,2018
lag4_rushing_12,8.458805616506915e-06,extra_trees_all_leaf50,2018
lag4_rushing_20,-2.9605819658273802e-05,extra_trees_all_leaf50,2018
lag4_rushing_40,0.0,extra_trees_all_leaf50,2018
lag4_receptions,0.00017552021654543282,extra_trees_all_leaf50,2018
lag4_receiving_yards,-6.344104212485657e-05,extra_trees_all_leaf50,2018
lag4_receiving_tds,4.6523430891509676e-05,extra_trees_all_leaf50,2018
lag4_receiving_fumbles,0.0,extra_trees_all_leaf50,2018
lag4_receiving_fumbles_lost,-1.6917611233346896e-05,extra_trees_all_leaf50,2018
lag4_receiving_first_downs,8.458805616617937e-06,extra_trees_all_leaf50,2018
lag4_receiving_10,4.6523430891509676e-05,extra_trees_all_leaf50,2018
lag4_receiving_16,-5.075283369992967e-05,extra_trees_all_leaf50,2018
lag4_receiving_20,-3.806462527500276e-05,extra_trees_all_leaf50,2018
lag4_receiving_40,0.00015648790390787592,extra_trees_all_leaf50,2018
lag4_special_teams_tds,0.0,extra_trees_all_leaf50,2018
lag4_fumbles_total,-4.65234308916207e-05,extra_trees_all_leaf50,2018
lag4_fumbles_lost_total,-2.1147014041766887e-05,extra_trees_all_leaf50,2018
lag4_punt_returns,0.0,extra_trees_all_leaf50,2018
lag4_punt_return_yards,0.0,extra_trees_all_leaf50,2018
lag4_kickoff_returns,0.0,extra_trees_all_leaf50,2018
lag4_kickoff_return_yards,0.0,extra_trees_all_leaf50,2018
lag4_fg_made,0.0,extra_trees_all_leaf50,2018
lag4_fg_att,0.0,extra_trees_all_leaf50,2018
lag4_fg_missed,0.0,extra_trees_all_leaf50,2018
lag4_fg_blocked,0.0,extra_trees_all_leaf50,2018
lag4_fg_made_0_19,0.0,extra_trees_all_leaf50,2018
lag4_fg_made_20_29,0.0,extra_trees_all_leaf50,2018
lag4_fg_made_30_39,0.0,extra_trees_all_leaf50,2018
lag4_fg_made_40_49,1.2688208424815883e-05,extra_trees_all_leaf50,2018
lag4_fg_made_50_59,0.0,extra_trees_all_leaf50,2018
lag4_fg_made_60_,0.0,extra_trees_all_leaf50,2018
lag4_fg_missed_0_19,0.0,extra_trees_all_leaf50,2018
lag4_fg_missed_20_29,0.0,extra_trees_all_leaf50,2018
lag4_fg_missed_30_39,-4.229402808419991e-06,extra_trees_all_leaf50,2018
lag4_fg_missed_40_49,-4.229402808419991e-06,extra_trees_all_leaf50,2018
lag4_fg_missed_50_59,0.0,extra_trees_all_leaf50,2018
lag4_fg_missed_60_,0.0,extra_trees_all_leaf50,2018
lag4_fg_made_distance,0.0,extra_trees_all_leaf50,2018
lag4_fg_missed_distance,-4.229402808419991e-06,extra_trees_all_leaf50,2018
lag4_pat_made,0.0,extra_trees_all_leaf50,2018
lag4_pat_att,0.0,extra_trees_all_leaf50,2018
lag4_pat_missed,0.0,extra_trees_all_leaf50,2018
lag4_pat_blocked,0.0,extra_trees_all_leaf50,2018
lag4_gwfg_made,0.0,extra_trees_all_leaf50,2018
lag4_gwfg_att,0.0,extra_trees_all_leaf50,2018
lag4_gwfg_missed,0.0,extra_trees_all_leaf50,2018
lag4_gwfg_blocked,0.0,extra_trees_all_leaf50,2018
lag4_gwfg_distance,-4.229402808419991e-06,extra_trees_all_leaf50,2018
lag4_targets,-3.383522246658277e-05,extra_trees_all_leaf50,2018
lag4_passing_air_yards,0.0,extra_trees_all_leaf50,2018
lag4_passing_yards_after_catch,4.6523430891509676e-05,extra_trees_all_leaf50,2018
lag4_receiving_air_yards,-7.61292505498945e-05,extra_trees_all_leaf50,2018
lag4_receiving_yards_after_catch,-0.00015860260531208592,extra_trees_all_leaf50,2018
lag4_games,6.344104212407942e-06,extra_trees_all_leaf50,2018
lag4_roster_weeks,-0.0003468110302826677,extra_trees_all_leaf50,2018
lag4_offense_snaps,0.0,extra_trees_all_leaf50,2018
lag1_completion_rate,-1.691761123345792e-05,extra_trees_all_leaf50,2018
lag1_pass_yards_per_attempt,5.4982236508238636e-05,extra_trees_all_leaf50,2018
lag1_pass_td_rate,-2.1147014041655865e-05,extra_trees_all_leaf50,2018
lag1_interception_rate,3.383522246647175e-05,extra_trees_all_leaf50,2018
lag1_rush_yards_per_carry,-8.458805616662346e-05,extra_trees_all_leaf50,2018
lag1_rush_first_down_rate,-8.458805616651244e-05,extra_trees_all_leaf50,2018
lag1_rush_20_rate,-2.1147014041655865e-05,extra_trees_all_leaf50,2018
lag1_receiving_yards_per_reception,-0.00016071730671640694,extra_trees_all_leaf50,2018
lag1_receiving_first_down_rate,-0.0014654880730842201,extra_trees_all_leaf50,2018
lag1_receiving_20_rate,0.00041025207240741324,extra_trees_all_leaf50,2018
lag1_field_goal_make_rate,7.612925054967246e-05,extra_trees_all_leaf50,2018
lag1_made_field_goal_mean_distance,-0.000148029098291369,extra_trees_all_leaf50,2018
lag1_missed_field_goal_mean_distance,-0.00012688208424982417,extra_trees_all_leaf50,2018
lag1_pat_make_rate,0.00030451700219924493,extra_trees_all_leaf50,2018
lag1_catch_rate,0.0036542040263913833,extra_trees_all_leaf50,2018
lag1_receiving_yards_per_target,0.000742260192860833,extra_trees_all_leaf50,2018
lag1_receiving_air_yards_per_target,2.3261715445754838e-05,extra_trees_all_leaf50,2018
lag1_receiving_yards_after_catch_per_reception,-2.1147014041655865e-05,extra_trees_all_leaf50,2018
lag1_passing_air_yards_per_attempt,-3.383522246669379e-05,extra_trees_all_leaf50,2018
lag1_passing_yards_after_catch_per_completion,-1.2688208425037928e-05,extra_trees_all_leaf50,2018
lag2_completion_rate,2.5376416849964833e-05,extra_trees_all_leaf50,2018
lag2_pass_yards_per_attempt,3.383522246658277e-05,extra_trees_all_leaf50,2018
lag2_pass_td_rate,0.0,extra_trees_all_leaf50,2018
lag2_interception_rate,0.0,extra_trees_all_leaf50,2018
lag2_rush_yards_per_carry,-2.5376416849964833e-05,extra_trees_all_leaf50,2018
lag2_rush_first_down_rate,-0.00011842327863320623,extra_trees_all_leaf50,2018
lag2_rush_20_rate,-0.00010784977161226728,extra_trees_all_leaf50,2018
lag2_receiving_yards_per_reception,5.0752833699818645e-05,extra_trees_all_leaf50,2018
lag2_receiving_first_down_rate,0.00018609372356626075,extra_trees_all_leaf50,2018
lag2_receiving_20_rate,8.881745897471038e-05,extra_trees_all_leaf50,2018
lag2_field_goal_make_rate,0.0,extra_trees_all_leaf50,2018
lag2_made_field_goal_mean_distance,0.0,extra_trees_all_leaf50,2018
lag2_missed_field_goal_mean_distance,4.229402808197946e-06,extra_trees_all_leaf50,2018
lag2_pat_make_rate,0.0,extra_trees_all_leaf50,2018
lag2_catch_rate,-0.0006365251226525537,extra_trees_all_leaf50,2018
lag2_receiving_yards_per_target,4.017932667887969e-05,extra_trees_all_leaf50,2018
lag2_receiving_air_yards_per_target,-3.806462527489174e-05,extra_trees_all_leaf50,2018
lag2_receiving_yards_after_catch_per_reception,-0.00026222297411604423,extra_trees_all_leaf50,2018
lag2_passing_air_yards_per_attempt,-3.806462527489174e-05,extra_trees_all_leaf50,2018
lag2_passing_yards_after_catch_per_completion,-8.458805616839982e-06,extra_trees_all_leaf50,2018
lag3_completion_rate,1.2688208424815883e-05,extra_trees_all_leaf50,2018
lag3_pass_yards_per_attempt,1.2688208424926906e-05,extra_trees_all_leaf50,2018
lag3_pass_td_rate,0.0,extra_trees_all_leaf50,2018
lag3_interception_rate,2.1147014041655865e-05,extra_trees_all_leaf50,2018
lag3_rush_yards_per_carry,8.458805616640142e-05,extra_trees_all_leaf50,2018
lag3_rush_first_down_rate,6.344104212485657e-05,extra_trees_all_leaf50,2018
lag3_rush_20_rate,-4.2294028083089685e-06,extra_trees_all_leaf50,2018
lag3_receiving_yards_per_reception,-9.727626459155037e-05,extra_trees_all_leaf50,2018
lag3_receiving_first_down_rate,-0.00010573507020805728,extra_trees_all_leaf50,2018
lag3_receiving_20_rate,-3.806462527500276e-05,extra_trees_all_leaf50,2018
lag3_field_goal_make_rate,1.2688208425037928e-05,extra_trees_all_leaf50,2018
lag3_made_field_goal_mean_distance,-2.1147014041655865e-05,extra_trees_all_leaf50,2018
lag3_missed_field_goal_mean_distance,-1.691761123345792e-05,extra_trees_all_leaf50,2018
lag3_pat_make_rate,0.0,extra_trees_all_leaf50,2018
lag3_catch_rate,0.00039121975976985635,extra_trees_all_leaf50,2018
lag3_receiving_yards_per_target,8.035865335820347e-05,extra_trees_all_leaf50,2018
lag3_receiving_air_yards_per_target,-0.00032143461343259183,extra_trees_all_leaf50,2018
lag3_receiving_yards_after_catch_per_reception,-2.9605819658384824e-05,extra_trees_all_leaf50,2018
lag3_passing_air_yards_per_attempt,1.6917611233235874e-05,extra_trees_all_leaf50,2018
lag3_passing_yards_after_catch_per_completion,4.6523430891509676e-05,extra_trees_all_leaf50,2018
lag4_completion_rate,6.344104212485657e-05,extra_trees_all_leaf50,2018
lag4_pass_yards_per_attempt,5.498223650812761e-05,extra_trees_all_leaf50,2018
lag4_pass_td_rate,4.229402808331173e-05,extra_trees_all_leaf50,2018
lag4_interception_rate,0.0,extra_trees_all_leaf50,2018
lag4_rush_yards_per_carry,9.304686178301935e-05,extra_trees_all_leaf50,2018
lag4_rush_first_down_rate,0.00012688208424971315,extra_trees_all_leaf50,2018
lag4_rush_20_rate,1.2688208425037928e-05,extra_trees_all_leaf50,2018
lag4_receiving_yards_per_reception,-0.0001057350702081683,extra_trees_all_leaf50,2018
lag4_receiving_first_down_rate,-0.00036372864151590356,extra_trees_all_leaf50,2018
lag4_receiving_20_rate,-1.2688208425037928e-05,extra_trees_all_leaf50,2018
lag4_field_goal_make_rate,0.0,extra_trees_all_leaf50,2018
lag4_made_field_goal_mean_distance,-2.1147014041655865e-05,extra_trees_all_leaf50,2018
lag4_missed_field_goal_mean_distance,4.229402808197946e-06,extra_trees_all_leaf50,2018
lag4_pat_make_rate,0.0,extra_trees_all_leaf50,2018
lag4_catch_rate,-0.0005455929622737443,extra_trees_all_leaf50,2018
lag4_receiving_yards_per_target,-0.0006767044493318775,extra_trees_all_leaf50,2018
lag4_receiving_air_yards_per_target,0.00014379969548294902,extra_trees_all_leaf50,2018
lag4_receiving_yards_after_catch_per_reception,-8.035865335820347e-05,extra_trees_all_leaf50,2018
lag4_passing_air_yards_per_attempt,9.727626459143934e-05,extra_trees_all_leaf50,2018
lag4_passing_yards_after_catch_per_completion,0.00010996447301625523,extra_trees_all_leaf50,2018
lag1_late6_attempts,-2.9605819658273802e-05,extra_trees_all_leaf50,2018
lag1_weekly_slope_attempts,0.0,extra_trees_all_leaf50,2018
lag1_late6_mean_delta_attempts,0.0,extra_trees_all_leaf50,2018
lag1_late6_passing_yards,0.0,extra_trees_all_leaf50,2018
lag1_weekly_slope_passing_yards,0.0,extra_trees_all_leaf50,2018
lag1_late6_mean_delta_passing_yards,0.0,extra_trees_all_leaf50,2018
lag1_late6_passing_first_downs,8.458805616506915e-06,extra_trees_all_leaf50,2018
lag1_weekly_slope_passing_first_downs,0.0,extra_trees_all_leaf50,2018
lag1_late6_mean_delta_passing_first_downs,0.0,extra_trees_all_leaf50,2018
lag1_late6_passing_20,-3.383522246669379e-05,extra_trees_all_leaf50,2018
lag1_weekly_slope_passing_20,0.0,extra_trees_all_leaf50,2018
lag1_late6_mean_delta_passing_20,0.0,extra_trees_all_leaf50,2018
lag1_late6_carries,-0.000148029098291369,extra_trees_all_leaf50,2018
lag1_weekly_slope_carries,-4.229402808419991e-06,extra_trees_all_leaf50,2018
lag1_late6_mean_delta_carries,-1.6917611233346896e-05,extra_trees_all_leaf50,2018
lag1_late6_rushing_yards,-0.00013957029267475107,extra_trees_all_leaf50,2018
lag1_weekly_slope_rushing_yards,3.383522246647175e-05,extra_trees_all_leaf50,2018
lag1_late6_mean_delta_rushing_yards,5.498223650812761e-05,extra_trees_all_leaf50,2018
lag1_late6_rushing_first_downs,-5.4982236508238636e-05,extra_trees_all_leaf50,2018
lag1_weekly_slope_rushing_first_downs,4.6523430891509676e-05,extra_trees_all_leaf50,2018
lag1_late6_mean_delta_rushing_first_downs,-2.9605819658273802e-05,extra_trees_all_leaf50,2018
lag1_late6_rushing_20,4.229402808197946e-06,extra_trees_all_leaf50,2018
lag1_weekly_slope_rushing_20,8.458805616617937e-06,extra_trees_all_leaf50,2018
lag1_late6_mean_delta_rushing_20,-2.5376416850075856e-05,extra_trees_all_leaf50,2018
lag1_late6_receptions,-0.0011123329385891445,extra_trees_all_leaf50,2018
lag1_weekly_slope_receptions,-0.00030028759939093597,extra_trees_all_leaf50,2018
lag1_late6_mean_delta_receptions,-5.498223650846068e-05,extra_trees_all_leaf50,2018
lag1_late6_receiving_yards,0.00046523430891554085,extra_trees_all_leaf50,2018
lag1_weekly_slope_receiving_yards,-0.00017340551514144487,extra_trees_all_leaf50,2018
lag1_late6_mean_delta_receiving_yards,-0.0003468110302826677,extra_trees_all_leaf50,2018
lag1_late6_receiving_first_downs,0.00013957029267464005,extra_trees_all_leaf50,2018
lag1_weekly_slope_receiving_first_downs,-0.00016071730671640694,extra_trees_all_leaf50,2018
lag1_late6_mean_delta_receiving_first_downs,1.2688208424815883e-05,extra_trees_all_leaf50,2018
lag1_late6_receiving_20,-0.00010573507020827932,extra_trees_all_leaf50,2018
lag1_weekly_slope_receiving_20,1.2688208424926906e-05,extra_trees_all_leaf50,2018
lag1_late6_mean_delta_receiving_20,-5.4982236508238636e-05,extra_trees_all_leaf50,2018
lag1_late6_punt_return_yards,0.0,extra_trees_all_leaf50,2018
lag1_weekly_slope_punt_return_yards,0.0,extra_trees_all_leaf50,2018
lag1_late6_mean_delta_punt_return_yards,0.0,extra_trees_all_leaf50,2018
lag1_late6_kickoff_return_yards,1.2688208424926906e-05,extra_trees_all_leaf50,2018
lag1_weekly_slope_kickoff_return_yards,0.0,extra_trees_all_leaf50,2018
lag1_late6_mean_delta_kickoff_return_yards,0.0,extra_trees_all_leaf50,2018
lag1_late6_fg_made,-8.458805616839982e-06,extra_trees_all_leaf50,2018
lag1_weekly_slope_fg_made,0.0,extra_trees_all_leaf50,2018
lag1_late6_mean_delta_fg_made,0.0,extra_trees_all_leaf50,2018
lag1_late6_fg_att,-0.00016071730671640694,extra_trees_all_leaf50,2018
lag1_weekly_slope_fg_att,4.229402808197946e-06,extra_trees_all_leaf50,2018
lag1_late6_mean_delta_fg_att,0.0,extra_trees_all_leaf50,2018
lag1_late6_pat_att,-8.458805616839982e-06,extra_trees_all_leaf50,2018
lag1_weekly_slope_pat_att,-4.229402808419991e-06,extra_trees_all_leaf50,2018
lag1_late6_mean_delta_pat_att,4.229402808197946e-06,extra_trees_all_leaf50,2018
lag1_late6_targets,-0.00037641684994071944,extra_trees_all_leaf50,2018
lag1_weekly_slope_targets,-0.00013957029267475107,extra_trees_all_leaf50,2018
lag1_late6_mean_delta_targets,-0.0001776349179496428,extra_trees_all_leaf50,2018
lag1_late6_passing_air_yards,4.229402808197946e-06,extra_trees_all_leaf50,2018
lag1_weekly_slope_passing_air_yards,0.0,extra_trees_all_leaf50,2018
lag1_late6_mean_delta_passing_air_yards,0.0,extra_trees_all_leaf50,2018
lag1_late6_passing_yards_after_catch,-3.806462527500276e-05,extra_trees_all_leaf50,2018
lag1_weekly_slope_passing_yards_after_catch,1.6917611233235874e-05,extra_trees_all_leaf50,2018
lag1_late6_mean_delta_passing_yards_after_catch,0.0,extra_trees_all_leaf50,2018
lag1_late6_receiving_air_yards,-0.00018186432075795178,extra_trees_all_leaf50,2018
lag1_weekly_slope_receiving_air_yards,8.458805616617937e-06,extra_trees_all_leaf50,2018
lag1_late6_mean_delta_receiving_air_yards,-1.6917611233346896e-05,extra_trees_all_leaf50,2018
lag1_late6_receiving_yards_after_catch,0.0002347318558618694,extra_trees_all_leaf50,2018
lag1_weekly_slope_receiving_yards_after_catch,0.00020724073760791661,extra_trees_all_leaf50,2018
lag1_late6_mean_delta_receiving_yards_after_catch,-0.00017974961935374179,extra_trees_all_leaf50,2018
position_K,-0.0012941972593469853,extra_trees_all_leaf50,2018
injury_lag2_injury_reported,-7.189984774158553e-05,extra_trees_all_leaf50,2018
injury_lag2_injury_report_weeks,0.00012476738284539213,extra_trees_all_leaf50,2018
injury_lag2_designation_count,0.00020301133479949662,extra_trees_all_leaf50,2018
injury_lag3_injury_reported,-5.075283369992967e-05,extra_trees_all_leaf50,2018
injury_lag3_injury_report_weeks,-4.229402808419991e-06,extra_trees_all_leaf50,2018
injury_lag3_designation_count,5.0752833699818645e-05,extra_trees_all_leaf50,2018
injury_lag4_injury_reported,0.00017340551514122282,extra_trees_all_leaf50,2018
injury_lag4_injury_report_weeks,2.1147014041544843e-05,extra_trees_all_leaf50,2018
injury_lag4_designation_count,-8.458805616617937e-06,extra_trees_all_leaf50,2018
injury_lag5_injury_reported,0.00018186432075784076,extra_trees_all_leaf50,2018
injury_lag5_injury_report_weeks,-4.229402808331173e-05,extra_trees_all_leaf50,2018
injury_lag5_designation_count,0.0,extra_trees_all_leaf50,2018
injury_lag1_reserve_weeks,-0.0017594315682626371,extra_trees_all_leaf50,2018
injury_lag2_reserve_weeks,0.0,extra_trees_all_leaf50,2018
injury_lag3_reserve_weeks,0.0,extra_trees_all_leaf50,2018
injury_lag4_reserve_weeks,0.0,extra_trees_all_leaf50,2018
injury_lag2_absence_report_weeks,-5.498223650834966e-05,extra_trees_all_leaf50,2018
injury_lag2_absence_reported,-6.34410421249676e-05,extra_trees_all_leaf50,2018
injury_lag3_absence_report_weeks,-4.229402808419991e-06,extra_trees_all_leaf50,2018
injury_lag3_absence_reported,9.93909659954273e-05,extra_trees_all_leaf50,2018
injury_lag4_absence_report_weeks,0.0,extra_trees_all_leaf50,2018
injury_lag4_absence_reported,-5.498223650834966e-05,extra_trees_all_leaf50,2018
injury_lag5_absence_report_weeks,0.0,extra_trees_all_leaf50,2018
injury_lag5_absence_reported,2.1147014041544843e-05,extra_trees_all_leaf50,2018
age,-3.938713616258305e-06,extra_trees_all_leaf50,2019
missing_age,0.002438063728386175,extra_trees_all_leaf50,2019
years_exp,0.00042931978415838845,extra_trees_all_leaf50,2019
missing_years_exp,0.0,extra_trees_all_leaf50,2019
height,-0.0001339162629484525,extra_trees_all_leaf50,2019
missing_height,0.0,extra_trees_all_leaf50,2019
weight,9.846784040323797e-05,extra_trees_all_leaf50,2019
missing_weight,0.0,extra_trees_all_leaf50,2019
draft_number,0.0019339083855212102,extra_trees_all_leaf50,2019
missing_draft_number,0.0060656189688447215,extra_trees_all_leaf50,2019
draft_round,0.0041356492969395475,extra_trees_all_leaf50,2019
missing_draft_round,-0.0012800819252433149,extra_trees_all_leaf50,2019
was_drafted,0.0004293197841584995,extra_trees_all_leaf50,2019
missing_was_drafted,0.0,extra_trees_all_leaf50,2019
is_rookie,0.010453345937216807,extra_trees_all_leaf50,2019
missing_is_rookie,0.0,extra_trees_all_leaf50,2019
missing_team_changed,0.0,extra_trees_all_leaf50,2019
combine_forty,-0.000393871361613507,extra_trees_all_leaf50,2019
missing_combine_forty,-0.000563236047107063,extra_trees_all_leaf50,2019
combine_bench,-0.0008192524321558592,extra_trees_all_leaf50,2019
missing_combine_bench,0.00230808617905387,extra_trees_all_leaf50,2019
combine_vertical,0.0004017487888455795,extra_trees_all_leaf50,2019
missing_combine_vertical,0.00018511953995814512,extra_trees_all_leaf50,2019
combine_broad_jump,-2.3632281696883695e-05,extra_trees_all_leaf50,2019
missing_combine_broad_jump,-0.00026389381228097974,extra_trees_all_leaf50,2019
combine_cone,-0.0007877427232266809,extra_trees_all_leaf50,2019
missing_combine_cone,-0.00020481310803888153,extra_trees_all_leaf50,2019
combine_shuttle,-0.00041750364331016865,extra_trees_all_leaf50,2019
missing_combine_shuttle,7.877427232183543e-06,extra_trees_all_leaf50,2019
position_QB,-0.0004411359250069413,extra_trees_all_leaf50,2019
position_RB,-0.0010201268265785934,extra_trees_all_leaf50,2019
position_WR,0.0007995588640749007,extra_trees_all_leaf50,2019
position_TE,0.00020087439442262323,extra_trees_all_leaf50,2019
lag1_history_available,0.002918586789554478,extra_trees_all_leaf50,2019
lag1_completions,-9.8467840403349e-05,extra_trees_all_leaf50,2019
lag1_attempts,-2.3632281696772672e-05,extra_trees_all_leaf50,2019
lag1_passing_yards,-1.1102230246251565e-16,extra_trees_all_leaf50,2019
lag1_passing_tds,7.877427232183543e-06,extra_trees_all_leaf50,2019
lag1_passing_interceptions,-7.877427232405587e-06,extra_trees_all_leaf50,2019
lag1_sacks_suffered,-0.000295403521210047,extra_trees_all_leaf50,2019
lag1_sack_yards_lost,3.9387136161472824e-06,extra_trees_all_leaf50,2019
lag1_sack_fumbles,-3.544842254532554e-05,extra_trees_all_leaf50,2019
lag1_sack_fumbles_lost,0.0,extra_trees_all_leaf50,2019
lag1_passing_first_downs,0.0,extra_trees_all_leaf50,2019
lag1_passing_10,-3.150970892906724e-05,extra_trees_all_leaf50,2019
lag1_passing_16,-0.00012603883571626895,extra_trees_all_leaf50,2019
lag1_passing_20,7.877427232183543e-06,extra_trees_all_leaf50,2019
lag1_passing_40,3.93871361603626e-06,extra_trees_all_leaf50,2019
lag1_carries,-0.00022844538973576523,extra_trees_all_leaf50,2019
lag1_rushing_yards,-0.0006538264602781174,extra_trees_all_leaf50,2019
lag1_rushing_tds,-0.0002126905352711761,extra_trees_all_leaf50,2019
lag1_rushing_fumbles,-0.0010516365355075497,extra_trees_all_leaf50,2019
lag1_rushing_fumbles_lost,-5.120327700969263e-05,extra_trees_all_leaf50,2019
lag1_rushing_first_downs,-0.00045295206585527215,extra_trees_all_leaf50,2019
lag1_rushing_10,-0.0004253810705424632,extra_trees_all_leaf50,2019
lag1_rushing_12,-0.00030328094844234155,extra_trees_all_leaf50,2019
lag1_rushing_20,-0.0010201268265784824,extra_trees_all_leaf50,2019
lag1_rushing_40,0.0,extra_trees_all_leaf50,2019
lag1_receptions,-0.0006459490330458229,extra_trees_all_leaf50,2019
lag1_receiving_yards,0.00037023907991640126,extra_trees_all_leaf50,2019
lag1_receiving_tds,-0.00027570995312931057,extra_trees_all_leaf50,2019
lag1_receiving_fumbles,-2.3632281696772672e-05,extra_trees_all_leaf50,2019
lag1_receiving_fumbles_lost,-0.00013391626294856351,extra_trees_all_leaf50,2019
lag1_receiving_first_downs,0.0003820552207648431,extra_trees_all_leaf50,2019
lag1_receiving_10,0.0008665169955491825,extra_trees_all_leaf50,2019
lag1_receiving_16,0.0005199101973294429,extra_trees_all_leaf50,2019
lag1_receiving_20,0.0004411359250068303,extra_trees_all_leaf50,2019
lag1_receiving_40,0.00010240655401949628,extra_trees_all_leaf50,2019
lag1_special_teams_tds,0.0,extra_trees_all_leaf50,2019
lag1_fumbles_total,-0.0002875260939777524,extra_trees_all_leaf50,2019
lag1_fumbles_lost_total,-0.00035842293906818146,extra_trees_all_leaf50,2019
lag1_punt_returns,-5.9080704242098214e-05,extra_trees_all_leaf50,2019
lag1_punt_return_yards,-1.5754854464700152e-05,extra_trees_all_leaf50,2019
lag1_kickoff_returns,-4.726456339365637e-05,extra_trees_all_leaf50,2019
lag1_kickoff_return_yards,-3.544842254521452e-05,extra_trees_all_leaf50,2019
lag1_fg_made,-1.5754854464478107e-05,extra_trees_all_leaf50,2019
lag1_fg_att,9.8467840403349e-05,extra_trees_all_leaf50,2019
lag1_fg_missed,5.120327700969263e-05,extra_trees_all_leaf50,2019
lag1_fg_blocked,0.0,extra_trees_all_leaf50,2019
lag1_fg_made_0_19,0.0,extra_trees_all_leaf50,2019
lag1_fg_made_20_29,1.5754854464478107e-05,extra_trees_all_leaf50,2019
lag1_fg_made_30_39,3.93871361603626e-06,extra_trees_all_leaf50,2019
lag1_fg_made_40_49,0.00010634526763553254,extra_trees_all_leaf50,2019
lag1_fg_made_50_59,-7.877427232294565e-06,extra_trees_all_leaf50,2019
lag1_fg_made_60_,0.0,extra_trees_all_leaf50,2019
lag1_fg_missed_0_19,0.0,extra_trees_all_leaf50,2019
lag1_fg_missed_20_29,0.0,extra_trees_all_leaf50,2019
lag1_fg_missed_30_39,0.0,extra_trees_all_leaf50,2019
lag1_fg_missed_40_49,7.877427232294565e-06,extra_trees_all_leaf50,2019
lag1_fg_missed_50_59,-0.0003032809484421195,extra_trees_all_leaf50,2019
lag1_fg_missed_60_,0.0,extra_trees_all_leaf50,2019
lag1_fg_made_distance,1.575485446458913e-05,extra_trees_all_leaf50,2019
lag1_fg_missed_distance,5.120327700969263e-05,extra_trees_all_leaf50,2019
lag1_pat_made,-3.150970892906724e-05,extra_trees_all_leaf50,2019
lag1_pat_att,-1.5754854464478107e-05,extra_trees_all_leaf50,2019
lag1_pat_missed,0.0,extra_trees_all_leaf50,2019
lag1_pat_blocked,0.0,extra_trees_all_leaf50,2019
lag1_gwfg_made,2.3632281696772672e-05,extra_trees_all_leaf50,2019
lag1_gwfg_att,0.0,extra_trees_all_leaf50,2019
lag1_gwfg_missed,0.0,extra_trees_all_leaf50,2019
lag1_gwfg_blocked,0.0,extra_trees_all_leaf50,2019
lag1_gwfg_distance,0.0,extra_trees_all_leaf50,2019
lag1_targets,-9.452912678720171e-05,extra_trees_all_leaf50,2019
lag1_passing_air_yards,-0.0001536098310291889,extra_trees_all_leaf50,2019
lag1_passing_yards_after_catch,-3.544842254521452e-05,extra_trees_all_leaf50,2019
lag1_receiving_air_yards,1.1816140848330825e-05,extra_trees_all_leaf50,2019
lag1_receiving_yards_after_catch,0.0005986844696520555,extra_trees_all_leaf50,2019
lag1_games,0.005526015203434542,extra_trees_all_leaf50,2019
lag1_roster_weeks,0.001957540667217983,extra_trees_all_leaf50,2019
lag1_offense_snaps,0.0028713222261608218,extra_trees_all_leaf50,2019
lag2_history_available,0.0006853361692071847,extra_trees_all_leaf50,2019
lag2_completions,0.0,extra_trees_all_leaf50,2019
lag2_attempts,-1.1102230246251565e-16,extra_trees_all_leaf50,2019
lag2_passing_yards,1.1816140848441847e-05,extra_trees_all_leaf50,2019
lag2_passing_tds,0.0,extra_trees_all_leaf50,2019
lag2_passing_interceptions,1.969356808062539e-05,extra_trees_all_leaf50,2019
lag2_sacks_suffered,-1.181614084855287e-05,extra_trees_all_leaf50,2019
lag2_sack_yards_lost,-1.1102230246251565e-16,extra_trees_all_leaf50,2019
lag2_sack_fumbles,3.93871361603626e-06,extra_trees_all_leaf50,2019
lag2_sack_fumbles_lost,-1.575485446458913e-05,extra_trees_all_leaf50,2019
lag2_passing_first_downs,-1.1102230246251565e-16,extra_trees_all_leaf50,2019
lag2_passing_10,-3.9387136161472824e-06,extra_trees_all_leaf50,2019
lag2_passing_16,-2.7570995312919955e-05,extra_trees_all_leaf50,2019
lag2_passing_20,-3.150970892906724e-05,extra_trees_all_leaf50,2019
lag2_passing_40,-3.9387136161472824e-06,extra_trees_all_leaf50,2019
lag2_carries,9.8467840403349e-05,extra_trees_all_leaf50,2019
lag2_rushing_yards,-2.7570995312919955e-05,extra_trees_all_leaf50,2019
lag2_rushing_tds,-5.120327700969263e-05,extra_trees_all_leaf50,2019
lag2_rushing_fumbles,-9.846784040346002e-05,extra_trees_all_leaf50,2019
lag2_rushing_fumbles_lost,-7.877427232405587e-06,extra_trees_all_leaf50,2019
lag2_rushing_first_downs,-0.0001536098310291889,extra_trees_all_leaf50,2019
lag2_rushing_10,-0.0003032809484422305,extra_trees_all_leaf50,2019
lag2_rushing_12,-8.665169955501817e-05,extra_trees_all_leaf50,2019
lag2_rushing_20,-0.00011028398125179084,extra_trees_all_leaf50,2019
lag2_rushing_40,0.0,extra_trees_all_leaf50,2019
lag2_receptions,-6.695813147417073e-05,extra_trees_all_leaf50,2019
lag2_receiving_yards,-0.000196935680806698,extra_trees_all_leaf50,2019
lag2_receiving_tds,-9.846784040346002e-05,extra_trees_all_leaf50,2019
lag2_receiving_fumbles,-4.726456339365637e-05,extra_trees_all_leaf50,2019
lag2_receiving_fumbles_lost,1.1102230246251565e-16,extra_trees_all_leaf50,2019
lag2_receiving_first_downs,0.00016148725826137245,extra_trees_all_leaf50,2019
lag2_receiving_10,-0.0001772421127260726,extra_trees_all_leaf50,2019
lag2_receiving_16,-0.0001536098310291889,extra_trees_all_leaf50,2019
lag2_receiving_20,-2.3632281696772672e-05,extra_trees_all_leaf50,2019
lag2_receiving_40,3.938713616125078e-05,extra_trees_all_leaf50,2019
lag2_special_teams_tds,0.0,extra_trees_all_leaf50,2019
lag2_fumbles_total,0.0001142226948678271,extra_trees_all_leaf50,2019
lag2_fumbles_lost_total,-0.0003820552207648431,extra_trees_all_leaf50,2019
lag2_punt_returns,-3.938713616258305e-06,extra_trees_all_leaf50,2019
lag2_punt_return_yards,7.877427232294565e-06,extra_trees_all_leaf50,2019
lag2_kickoff_returns,4.332584977728704e-05,extra_trees_all_leaf50,2019
lag2_kickoff_return_yards,3.93871361603626e-06,extra_trees_all_leaf50,2019
lag2_fg_made,0.0,extra_trees_all_leaf50,2019
lag2_fg_att,0.0,extra_trees_all_leaf50,2019
lag2_fg_missed,0.0,extra_trees_all_leaf50,2019
lag2_fg_blocked,0.0,extra_trees_all_leaf50,2019
lag2_fg_made_0_19,0.0,extra_trees_all_leaf50,2019
lag2_fg_made_20_29,7.877427232294565e-06,extra_trees_all_leaf50,2019
lag2_fg_made_30_39,7.877427232294565e-06,extra_trees_all_leaf50,2019
lag2_fg_made_40_49,0.0,extra_trees_all_leaf50,2019
lag2_fg_made_50_59,-3.9387136161472824e-06,extra_trees_all_leaf50,2019
lag2_fg_made_60_,0.0,extra_trees_all_leaf50,2019
lag2_fg_missed_0_19,0.0,extra_trees_all_leaf50,2019
lag2_fg_missed_20_29,0.0,extra_trees_all_leaf50,2019
lag2_fg_missed_30_39,0.0,extra_trees_all_leaf50,2019
lag2_fg_missed_40_49,0.0,extra_trees_all_leaf50,2019
lag2_fg_missed_50_59,0.0,extra_trees_all_leaf50,2019
lag2_fg_missed_60_,0.0,extra_trees_all_leaf50,2019
lag2_fg_made_distance,0.0,extra_trees_all_leaf50,2019
lag2_fg_missed_distance,3.9387136161472824e-06,extra_trees_all_leaf50,2019
lag2_pat_made,0.0,extra_trees_all_leaf50,2019
lag2_pat_att,0.0,extra_trees_all_leaf50,2019
lag2_pat_missed,0.0,extra_trees_all_leaf50,2019
lag2_pat_blocked,0.0,extra_trees_all_leaf50,2019
lag2_gwfg_made,0.0,extra_trees_all_leaf50,2019
lag2_gwfg_att,7.877427232294565e-06,extra_trees_all_leaf50,2019
lag2_gwfg_missed,0.0,extra_trees_all_leaf50,2019
lag2_gwfg_blocked,0.0,extra_trees_all_leaf50,2019
lag2_gwfg_distance,7.877427232294565e-06,extra_trees_all_leaf50,2019
lag2_targets,6.301941785802345e-05,extra_trees_all_leaf50,2019
lag2_passing_air_yards,-3.150970892906724e-05,extra_trees_all_leaf50,2019
lag2_passing_yards_after_catch,-1.1816140848330825e-05,extra_trees_all_leaf50,2019
lag2_receiving_air_yards,7.877427232183543e-06,extra_trees_all_leaf50,2019
lag2_receiving_yards_after_catch,1.969356808062539e-05,extra_trees_all_leaf50,2019
lag2_games,-5.9080704242098214e-05,extra_trees_all_leaf50,2019
lag2_roster_weeks,-0.0010634526763559915,extra_trees_all_leaf50,2019
lag2_offense_snaps,0.0015715467328369925,extra_trees_all_leaf50,2019
lag3_history_available,-0.0011067785261335006,extra_trees_all_leaf50,2019
lag3_completions,0.0,extra_trees_all_leaf50,2019
lag3_attempts,5.514199062583991e-05,extra_trees_all_leaf50,2019
lag3_passing_yards,-7.877427232294565e-06,extra_trees_all_leaf50,2019
lag3_passing_tds,1.1816140848441847e-05,extra_trees_all_leaf50,2019
lag3_passing_interceptions,3.93871361603626e-06,extra_trees_all_leaf50,2019
lag3_sacks_suffered,-1.5754854464478107e-05,extra_trees_all_leaf50,2019
lag3_sack_yards_lost,3.938713616125078e-05,extra_trees_all_leaf50,2019
lag3_sack_fumbles,-1.1102230246251565e-16,extra_trees_all_leaf50,2019
lag3_sack_fumbles_lost,0.0,extra_trees_all_leaf50,2019
lag3_passing_first_downs,1.1816140848330825e-05,extra_trees_all_leaf50,2019
lag3_passing_10,7.877427232183543e-06,extra_trees_all_leaf50,2019
lag3_passing_16,3.93871361613618e-05,extra_trees_all_leaf50,2019
lag3_passing_20,0.0,extra_trees_all_leaf50,2019
lag3_passing_40,-1.1102230246251565e-16,extra_trees_all_leaf50,2019
lag3_carries,0.0,extra_trees_all_leaf50,2019
lag3_rushing_yards,2.3632281696772672e-05,extra_trees_all_leaf50,2019
lag3_rushing_tds,0.0,extra_trees_all_leaf50,2019
lag3_rushing_fumbles,-1.5754854464478107e-05,extra_trees_all_leaf50,2019
lag3_rushing_fumbles_lost,-3.938713616125078e-05,extra_trees_all_leaf50,2019
lag3_rushing_first_downs,-4.726456339365637e-05,extra_trees_all_leaf50,2019
lag3_rushing_10,-9.452912678720171e-05,extra_trees_all_leaf50,2019
lag3_rushing_12,-0.00014573240379689434,extra_trees_all_leaf50,2019
lag3_rushing_20,-1.5754854464478107e-05,extra_trees_all_leaf50,2019
lag3_rushing_40,0.0,extra_trees_all_leaf50,2019
lag3_receptions,-0.00014179369018085808,extra_trees_all_leaf50,2019
lag3_receiving_yards,-0.00016542597187774177,extra_trees_all_leaf50,2019
lag3_receiving_tds,1.969356808062539e-05,extra_trees_all_leaf50,2019
lag3_receiving_fumbles,2.7570995312919955e-05,extra_trees_all_leaf50,2019
lag3_receiving_fumbles_lost,0.0,extra_trees_all_leaf50,2019
lag3_receiving_first_downs,-0.000169364685493667,extra_trees_all_leaf50,2019
lag3_receiving_10,-0.00010634526763553254,extra_trees_all_leaf50,2019
lag3_receiving_16,7.877427232183543e-06,extra_trees_all_leaf50,2019
lag3_receiving_20,-8.665169955490715e-05,extra_trees_all_leaf50,2019
lag3_receiving_40,-6.30194178582455e-05,extra_trees_all_leaf50,2019
lag3_special_teams_tds,0.0,extra_trees_all_leaf50,2019
lag3_fumbles_total,5.908070424187617e-05,extra_trees_all_leaf50,2019
lag3_fumbles_lost_total,-0.00014573240379700536,extra_trees_all_leaf50,2019
lag3_punt_returns,0.0,extra_trees_all_leaf50,2019
lag3_punt_return_yards,3.9387136161472824e-06,extra_trees_all_leaf50,2019
lag3_kickoff_returns,-4.3325849777509085e-05,extra_trees_all_leaf50,2019
lag3_kickoff_return_yards,-5.120327700980365e-05,extra_trees_all_leaf50,2019
lag3_fg_made,0.0,extra_trees_all_leaf50,2019
lag3_fg_att,0.0,extra_trees_all_leaf50,2019
lag3_fg_missed,1.5754854464478107e-05,extra_trees_all_leaf50,2019
lag3_fg_blocked,0.0,extra_trees_all_leaf50,2019
lag3_fg_made_0_19,0.0,extra_trees_all_leaf50,2019
lag3_fg_made_20_29,0.0,extra_trees_all_leaf50,2019
lag3_fg_made_30_39,0.0,extra_trees_all_leaf50,2019
lag3_fg_made_40_49,0.0,extra_trees_all_leaf50,2019
lag3_fg_made_50_59,1.969356808062539e-05,extra_trees_all_leaf50,2019
lag3_fg_made_60_,0.0,extra_trees_all_leaf50,2019
lag3_fg_missed_0_19,0.0,extra_trees_all_leaf50,2019
lag3_fg_missed_20_29,0.0,extra_trees_all_leaf50,2019
lag3_fg_missed_30_39,0.0,extra_trees_all_leaf50,2019
lag3_fg_missed_40_49,0.0,extra_trees_all_leaf50,2019
lag3_fg_missed_50_59,0.0,extra_trees_all_leaf50,2019
lag3_fg_missed_60_,0.0,extra_trees_all_leaf50,2019
lag3_fg_made_distance,0.0,extra_trees_all_leaf50,2019
lag3_fg_missed_distance,3.93871361603626e-06,extra_trees_all_leaf50,2019
lag3_pat_made,0.0,extra_trees_all_leaf50,2019
lag3_pat_att,0.0,extra_trees_all_leaf50,2019
lag3_pat_missed,0.0,extra_trees_all_leaf50,2019
lag3_pat_blocked,0.0,extra_trees_all_leaf50,2019
lag3_gwfg_made,0.0,extra_trees_all_leaf50,2019
lag3_gwfg_att,0.0,extra_trees_all_leaf50,2019
lag3_gwfg_missed,0.0,extra_trees_all_leaf50,2019
lag3_gwfg_blocked,0.0,extra_trees_all_leaf50,2019
lag3_gwfg_distance,0.0,extra_trees_all_leaf50,2019
lag3_targets,-3.544842254532554e-05,extra_trees_all_leaf50,2019
lag3_passing_air_yards,1.5754854464478107e-05,extra_trees_all_leaf50,2019
lag3_passing_yards_after_catch,0.0,extra_trees_all_leaf50,2019
lag3_receiving_air_yards,-3.9387136161472824e-06,extra_trees_all_leaf50,2019
lag3_receiving_yards_after_catch,-5.120327700969263e-05,extra_trees_all_leaf50,2019
lag3_games,-0.0001772421127260726,extra_trees_all_leaf50,2019
lag3_roster_weeks,-0.0012367560754658058,extra_trees_all_leaf50,2019
lag3_offense_snaps,-0.00022844538973576523,extra_trees_all_leaf50,2019
lag4_history_available,-0.001197368939304555,extra_trees_all_leaf50,2019
lag4_completions,7.877427232294565e-06,extra_trees_all_leaf50,2019
lag4_attempts,1.969356808062539e-05,extra_trees_all_leaf50,2019
lag4_passing_yards,1.5754854464478107e-05,extra_trees_all_leaf50,2019
lag4_passing_tds,3.150970892906724e-05,extra_trees_all_leaf50,2019
lag4_passing_interceptions,0.0,extra_trees_all_leaf50,2019
lag4_sacks_suffered,0.0,extra_trees_all_leaf50,2019
lag4_sack_yards_lost,1.5754854464478107e-05,extra_trees_all_leaf50,2019
lag4_sack_fumbles,5.120327700969263e-05,extra_trees_all_leaf50,2019
lag4_sack_fumbles_lost,-3.938713616258305e-06,extra_trees_all_leaf50,2019
lag4_passing_first_downs,1.575485446458913e-05,extra_trees_all_leaf50,2019
lag4_passing_10,3.544842254521452e-05,extra_trees_all_leaf50,2019
lag4_passing_16,1.1816140848330825e-05,extra_trees_all_leaf50,2019
lag4_passing_20,3.9387136161472824e-06,extra_trees_all_leaf50,2019
lag4_passing_40,0.0,extra_trees_all_leaf50,2019
lag4_carries,1.575485446458913e-05,extra_trees_all_leaf50,2019
lag4_rushing_yards,-7.877427232294565e-06,extra_trees_all_leaf50,2019
lag4_rushing_tds,7.877427232183543e-06,extra_trees_all_leaf50,2019
lag4_rushing_fumbles,-1.9693568080736412e-05,extra_trees_all_leaf50,2019
lag4_rushing_fumbles_lost,1.5754854464478107e-05,extra_trees_all_leaf50,2019
lag4_rushing_first_downs,-1.575485446458913e-05,extra_trees_all_leaf50,2019
lag4_rushing_10,-7.483555870657632e-05,extra_trees_all_leaf50,2019
lag4_rushing_12,-1.1102230246251565e-16,extra_trees_all_leaf50,2019
lag4_rushing_20,0.0,extra_trees_all_leaf50,2019
lag4_rushing_40,3.9387136161472824e-06,extra_trees_all_leaf50,2019
lag4_receptions,-7.877427232294565e-06,extra_trees_all_leaf50,2019
lag4_receiving_yards,0.0,extra_trees_all_leaf50,2019
lag4_receiving_tds,-7.877427232261258e-05,extra_trees_all_leaf50,2019
lag4_receiving_fumbles,-2.7570995313030977e-05,extra_trees_all_leaf50,2019
lag4_receiving_fumbles_lost,-2.3632281696772672e-05,extra_trees_all_leaf50,2019
lag4_receiving_first_downs,-0.00018905825357451445,extra_trees_all_leaf50,2019
lag4_receiving_10,-9.8467840403349e-05,extra_trees_all_leaf50,2019
lag4_receiving_16,-0.0004332584977747578,extra_trees_all_leaf50,2019
lag4_receiving_20,-0.00018118082634210886,extra_trees_all_leaf50,2019
lag4_receiving_40,1.5754854464478107e-05,extra_trees_all_leaf50,2019
lag4_special_teams_tds,0.0,extra_trees_all_leaf50,2019
lag4_fumbles_total,-1.575485446458913e-05,extra_trees_all_leaf50,2019
lag4_fumbles_lost_total,-4.726456339365637e-05,extra_trees_all_leaf50,2019
lag4_punt_returns,0.0,extra_trees_all_leaf50,2019
lag4_punt_return_yards,0.0,extra_trees_all_leaf50,2019
lag4_kickoff_returns,3.9387136161472824e-06,extra_trees_all_leaf50,2019
lag4_kickoff_return_yards,0.0,extra_trees_all_leaf50,2019
lag4_fg_made,0.0,extra_trees_all_leaf50,2019
lag4_fg_att,0.0,extra_trees_all_leaf50,2019
lag4_fg_missed,7.877427232183543e-06,extra_trees_all_leaf50,2019
lag4_fg_blocked,0.0,extra_trees_all_leaf50,2019
lag4_fg_made_0_19,0.0,extra_trees_all_leaf50,2019
lag4_fg_made_20_29,3.93871361603626e-06,extra_trees_all_leaf50,2019
lag4_fg_made_30_39,0.0,extra_trees_all_leaf50,2019
lag4_fg_made_40_49,3.9387136161472824e-06,extra_trees_all_leaf50,2019
lag4_fg_made_50_59,0.0,extra_trees_all_leaf50,2019
lag4_fg_made_60_,0.0,extra_trees_all_leaf50,2019
lag4_fg_missed_0_19,0.0,extra_trees_all_leaf50,2019
lag4_fg_missed_20_29,0.0,extra_trees_all_leaf50,2019
lag4_fg_missed_30_39,0.0,extra_trees_all_leaf50,2019
lag4_fg_missed_40_49,1.1816140848330825e-05,extra_trees_all_leaf50,2019
lag4_fg_missed_50_59,0.0,extra_trees_all_leaf50,2019
lag4_fg_missed_60_,0.0,extra_trees_all_leaf50,2019
lag4_fg_made_distance,3.93871361603626e-06,extra_trees_all_leaf50,2019
lag4_fg_missed_distance,-2.7570995312919955e-05,extra_trees_all_leaf50,2019
lag4_pat_made,0.0,extra_trees_all_leaf50,2019
lag4_pat_att,0.0,extra_trees_all_leaf50,2019
lag4_pat_missed,0.0,extra_trees_all_leaf50,2019
lag4_pat_blocked,0.0,extra_trees_all_leaf50,2019
lag4_gwfg_made,0.0,extra_trees_all_leaf50,2019
lag4_gwfg_att,0.0,extra_trees_all_leaf50,2019
lag4_gwfg_missed,0.0,extra_trees_all_leaf50,2019
lag4_gwfg_blocked,0.0,extra_trees_all_leaf50,2019
lag4_gwfg_distance,0.0,extra_trees_all_leaf50,2019
lag4_targets,-0.00030721966205848883,extra_trees_all_leaf50,2019
lag4_passing_air_yards,1.1816140848330825e-05,extra_trees_all_leaf50,2019
lag4_passing_yards_after_catch,0.0,extra_trees_all_leaf50,2019
lag4_receiving_air_yards,-0.00027570995312931057,extra_trees_all_leaf50,2019
lag4_receiving_yards_after_catch,7.483555870657632e-05,extra_trees_all_leaf50,2019
lag4_games,-0.0007522943006815774,extra_trees_all_leaf50,2019
lag4_roster_weeks,-0.0007129071645201046,extra_trees_all_leaf50,2019
lag4_offense_snaps,-1.1816140848441847e-05,extra_trees_all_leaf50,2019
lag1_completion_rate,-7.87742723227236e-05,extra_trees_all_leaf50,2019
lag1_pass_yards_per_attempt,-3.150970892906724e-05,extra_trees_all_leaf50,2019
lag1_pass_td_rate,0.0,extra_trees_all_leaf50,2019
lag1_interception_rate,-1.1816140848330825e-05,extra_trees_all_leaf50,2019
lag1_rush_yards_per_carry,-1.5754854464700152e-05,extra_trees_all_leaf50,2019
lag1_rush_first_down_rate,0.00014573240379689434,extra_trees_all_leaf50,2019
lag1_rush_20_rate,-0.00014573240379689434,extra_trees_all_leaf50,2019
lag1_receiving_yards_per_reception,4.7264563393545345e-05,extra_trees_all_leaf50,2019
lag1_receiving_first_down_rate,0.0017487888455629541,extra_trees_all_leaf50,2019
lag1_receiving_20_rate,-0.00012210012210012167,extra_trees_all_leaf50,2019
lag1_field_goal_make_rate,2.7570995312919955e-05,extra_trees_all_leaf50,2019
lag1_made_field_goal_mean_distance,3.54484225451035e-05,extra_trees_all_leaf50,2019
lag1_missed_field_goal_mean_distance,0.00011028398125167982,extra_trees_all_leaf50,2019
lag1_pat_make_rate,0.00016542597187763075,extra_trees_all_leaf50,2019
lag1_catch_rate,0.0027098349678994493,extra_trees_all_leaf50,2019
lag1_receiving_yards_per_target,0.00031509708929067237,extra_trees_all_leaf50,2019
lag1_receiving_air_yards_per_target,0.0001142226948678271,extra_trees_all_leaf50,2019
lag1_receiving_yards_after_catch_per_reception,-0.0002363228169680598,extra_trees_all_leaf50,2019
lag1_passing_air_yards_per_attempt,6.301941785813447e-05,extra_trees_all_leaf50,2019
lag1_passing_yards_after_catch_per_completion,-3.9387136161472824e-06,extra_trees_all_leaf50,2019
lag2_completion_rate,-7.877427232183543e-06,extra_trees_all_leaf50,2019
lag2_pass_yards_per_attempt,2.3632281696772672e-05,extra_trees_all_leaf50,2019
lag2_pass_td_rate,0.0,extra_trees_all_leaf50,2019
lag2_interception_rate,0.0,extra_trees_all_leaf50,2019
lag2_rush_yards_per_carry,-9.452912678720171e-05,extra_trees_all_leaf50,2019
lag2_rush_first_down_rate,0.00012210012210001064,extra_trees_all_leaf50,2019
lag2_rush_20_rate,-2.3632281696772672e-05,extra_trees_all_leaf50,2019
lag2_receiving_yards_per_reception,-3.150970892906724e-05,extra_trees_all_leaf50,2019
lag2_receiving_first_down_rate,1.969356808062539e-05,extra_trees_all_leaf50,2019
lag2_receiving_20_rate,-4.332584977762011e-05,extra_trees_all_leaf50,2019
lag2_field_goal_make_rate,0.0,extra_trees_all_leaf50,2019
lag2_made_field_goal_mean_distance,0.0,extra_trees_all_leaf50,2019
lag2_missed_field_goal_mean_distance,1.969356808062539e-05,extra_trees_all_leaf50,2019
lag2_pat_make_rate,0.0,extra_trees_all_leaf50,2019
lag2_catch_rate,1.1816140848330825e-05,extra_trees_all_leaf50,2019
lag2_receiving_yards_per_target,0.00018511953995836716,extra_trees_all_leaf50,2019
lag2_receiving_air_yards_per_target,-8.271298593887089e-05,extra_trees_all_leaf50,2019
lag2_receiving_yards_after_catch_per_reception,-0.00020481310803888153,extra_trees_all_leaf50,2019
lag2_passing_air_yards_per_attempt,3.93871361603626e-06,extra_trees_all_leaf50,2019
lag2_passing_yards_after_catch_per_completion,-3.9387136161472824e-06,extra_trees_all_leaf50,2019
lag3_completion_rate,6.695813147428176e-05,extra_trees_all_leaf50,2019
lag3_pass_yards_per_attempt,2.7570995312919955e-05,extra_trees_all_leaf50,2019
lag3_pass_td_rate,9.452912678709069e-05,extra_trees_all_leaf50,2019
lag3_interception_rate,0.0,extra_trees_all_leaf50,2019
lag3_rush_yards_per_carry,5.514199062572889e-05,extra_trees_all_leaf50,2019
lag3_rush_first_down_rate,-0.00030328094844234155,extra_trees_all_leaf50,2019
lag3_rush_20_rate,-7.877427232183543e-06,extra_trees_all_leaf50,2019
lag3_receiving_yards_per_reception,0.0001221001221002327,extra_trees_all_leaf50,2019
lag3_receiving_first_down_rate,0.000366300366300365,extra_trees_all_leaf50,2019
lag3_receiving_20_rate,-0.00015754854464533619,extra_trees_all_leaf50,2019
lag3_field_goal_make_rate,0.0,extra_trees_all_leaf50,2019
lag3_made_field_goal_mean_distance,3.93871361603626e-06,extra_trees_all_leaf50,2019
lag3_missed_field_goal_mean_distance,0.0,extra_trees_all_leaf50,2019
lag3_pat_make_rate,1.969356808062539e-05,extra_trees_all_leaf50,2019
lag3_catch_rate,0.00012210012210001064,extra_trees_all_leaf50,2019
lag3_receiving_yards_per_target,0.00010240655401938525,extra_trees_all_leaf50,2019
lag3_receiving_air_yards_per_target,-0.0002875260939777524,extra_trees_all_leaf50,2019
lag3_receiving_yards_after_catch_per_reception,3.150970892906724e-05,extra_trees_all_leaf50,2019
lag3_passing_air_yards_per_attempt,5.120327700969263e-05,extra_trees_all_leaf50,2019
lag3_passing_yards_after_catch_per_completion,-7.877427232294565e-06,extra_trees_all_leaf50,2019
lag4_completion_rate,-2.7570995313030977e-05,extra_trees_all_leaf50,2019
lag4_pass_yards_per_attempt,7.877427232183543e-06,extra_trees_all_leaf50,2019
lag4_pass_td_rate,1.575485446458913e-05,extra_trees_all_leaf50,2019
lag4_interception_rate,0.0,extra_trees_all_leaf50,2019
lag4_rush_yards_per_carry,-7.089684509054006e-05,extra_trees_all_leaf50,2019
lag4_rush_first_down_rate,-0.0002481389578163906,extra_trees_all_leaf50,2019
lag4_rush_20_rate,1.5754854464478107e-05,extra_trees_all_leaf50,2019
lag4_receiving_yards_per_reception,-0.00031903580290681965,extra_trees_all_leaf50,2019
lag4_receiving_first_down_rate,-0.0008074362913074173,extra_trees_all_leaf50,2019
lag4_receiving_20_rate,-0.00021662924888732338,extra_trees_all_leaf50,2019
lag4_field_goal_make_rate,3.9387136161472824e-06,extra_trees_all_leaf50,2019
lag4_made_field_goal_mean_distance,3.9387136161472824e-06,extra_trees_all_leaf50,2019
lag4_missed_field_goal_mean_distance,0.0,extra_trees_all_leaf50,2019
lag4_pat_make_rate,0.0,extra_trees_all_leaf50,2019
lag4_catch_rate,-0.0016581984323921217,extra_trees_all_leaf50,2019
lag4_receiving_yards_per_target,-0.00030721966205848883,extra_trees_all_leaf50,2019
lag4_receiving_air_yards_per_target,-0.0006262554649651975,extra_trees_all_leaf50,2019
lag4_receiving_yards_after_catch_per_reception,-0.0001142226948678271,extra_trees_all_leaf50,2019
lag4_passing_air_yards_per_attempt,7.877427232183543e-06,extra_trees_all_leaf50,2019
lag4_passing_yards_after_catch_per_completion,3.938713616125078e-05,extra_trees_all_leaf50,2019
lag1_late6_attempts,-1.1816140848441847e-05,extra_trees_all_leaf50,2019
lag1_weekly_slope_attempts,0.0,extra_trees_all_leaf50,2019
lag1_late6_mean_delta_attempts,0.0,extra_trees_all_leaf50,2019
lag1_late6_passing_yards,0.0,extra_trees_all_leaf50,2019
lag1_weekly_slope_passing_yards,0.0,extra_trees_all_leaf50,2019
lag1_late6_mean_delta_passing_yards,7.877427232294565e-06,extra_trees_all_leaf50,2019
lag1_late6_passing_first_downs,-3.150970892906724e-05,extra_trees_all_leaf50,2019
lag1_weekly_slope_passing_first_downs,-3.938713616258305e-06,extra_trees_all_leaf50,2019
lag1_late6_mean_delta_passing_first_downs,0.0,extra_trees_all_leaf50,2019
lag1_late6_passing_20,2.7570995312919955e-05,extra_trees_all_leaf50,2019
lag1_weekly_slope_passing_20,2.3632281696772672e-05,extra_trees_all_leaf50,2019
lag1_late6_mean_delta_passing_20,0.0,extra_trees_all_leaf50,2019
lag1_late6_carries,-4.3325849777509085e-05,extra_trees_all_leaf50,2019
lag1_weekly_slope_carries,-1.9693568080736412e-05,extra_trees_all_leaf50,2019
lag1_late6_mean_delta_carries,7.089684509031802e-05,extra_trees_all_leaf50,2019
lag1_late6_rushing_yards,-0.00029934223482619426,extra_trees_all_leaf50,2019
lag1_weekly_slope_rushing_yards,3.9387136161472824e-06,extra_trees_all_leaf50,2019
lag1_late6_mean_delta_rushing_yards,7.877427232183543e-06,extra_trees_all_leaf50,2019
lag1_late6_rushing_first_downs,-0.00016936468549377803,extra_trees_all_leaf50,2019
lag1_weekly_slope_rushing_first_downs,-3.544842254521452e-05,extra_trees_all_leaf50,2019
lag1_late6_mean_delta_rushing_first_downs,3.93871361603626e-06,extra_trees_all_leaf50,2019
lag1_late6_rushing_20,-2.7570995313030977e-05,extra_trees_all_leaf50,2019
lag1_weekly_slope_rushing_20,7.877427232183543e-06,extra_trees_all_leaf50,2019
lag1_late6_mean_delta_rushing_20,-5.514199062595093e-05,extra_trees_all_leaf50,2019
lag1_late6_receptions,0.00038993264799702665,extra_trees_all_leaf50,2019
lag1_weekly_slope_receptions,3.93871361603626e-06,extra_trees_all_leaf50,2019
lag1_late6_mean_delta_receptions,-0.00024420024420024333,extra_trees_all_leaf50,2019
lag1_late6_receiving_yards,0.00029540352120993596,extra_trees_all_leaf50,2019
lag1_weekly_slope_receiving_yards,0.0002087518216550288,extra_trees_all_leaf50,2019
lag1_late6_mean_delta_receiving_yards,0.00018511953995814512,extra_trees_all_leaf50,2019
lag1_late6_receiving_first_downs,2.3632281696772672e-05,extra_trees_all_leaf50,2019
lag1_weekly_slope_receiving_first_downs,0.00023238410335180149,extra_trees_all_leaf50,2019
lag1_late6_mean_delta_receiving_first_downs,-3.9387136161472824e-06,extra_trees_all_leaf50,2019
lag1_late6_receiving_20,-0.00017330339910992532,extra_trees_all_leaf50,2019
lag1_weekly_slope_receiving_20,1.5754854464478107e-05,extra_trees_all_leaf50,2019
lag1_late6_mean_delta_receiving_20,-6.695813147428176e-05,extra_trees_all_leaf50,2019
lag1_late6_punt_return_yards,-1.1816140848441847e-05,extra_trees_all_leaf50,2019
lag1_weekly_slope_punt_return_yards,0.0,extra_trees_all_leaf50,2019
lag1_late6_mean_delta_punt_return_yards,0.0,extra_trees_all_leaf50,2019
lag1_late6_kickoff_return_yards,1.969356808062539e-05,extra_trees_all_leaf50,2019
lag1_weekly_slope_kickoff_return_yards,0.0,extra_trees_all_leaf50,2019
lag1_late6_mean_delta_kickoff_return_yards,0.0,extra_trees_all_leaf50,2019
lag1_late6_fg_made,1.1816140848330825e-05,extra_trees_all_leaf50,2019
lag1_weekly_slope_fg_made,-3.9387136161472824e-06,extra_trees_all_leaf50,2019
lag1_late6_mean_delta_fg_made,0.0,extra_trees_all_leaf50,2019
lag1_late6_fg_att,0.00016148725826148347,extra_trees_all_leaf50,2019
lag1_weekly_slope_fg_att,-7.877427232294565e-06,extra_trees_all_leaf50,2019
lag1_late6_mean_delta_fg_att,0.0,extra_trees_all_leaf50,2019
lag1_late6_pat_att,-1.969356808062539e-05,extra_trees_all_leaf50,2019
lag1_weekly_slope_pat_att,3.150970892906724e-05,extra_trees_all_leaf50,2019
lag1_late6_mean_delta_pat_att,7.877427232294565e-06,extra_trees_all_leaf50,2019
lag1_late6_targets,0.0005553586198746574,extra_trees_all_leaf50,2019
lag1_weekly_slope_targets,-0.00010634526763575458,extra_trees_all_leaf50,2019
lag1_late6_mean_delta_targets,0.0001654259718774087,extra_trees_all_leaf50,2019
lag1_late6_passing_air_yards,-3.938713616258305e-06,extra_trees_all_leaf50,2019
lag1_weekly_slope_passing_air_yards,-1.5754854464700152e-05,extra_trees_all_leaf50,2019
lag1_late6_mean_delta_passing_air_yards,0.0,extra_trees_all_leaf50,2019
lag1_late6_passing_yards_after_catch,-1.9693568080736412e-05,extra_trees_all_leaf50,2019
lag1_weekly_slope_passing_yards_after_catch,-7.877427232294565e-06,extra_trees_all_leaf50,2019
lag1_late6_mean_delta_passing_yards_after_catch,0.0,extra_trees_all_leaf50,2019
lag1_late6_receiving_air_yards,-3.544842254532554e-05,extra_trees_all_leaf50,2019
lag1_weekly_slope_receiving_air_yards,-3.150970892917826e-05,extra_trees_all_leaf50,2019
lag1_late6_mean_delta_receiving_air_yards,0.0001339162629484525,extra_trees_all_leaf50,2019
lag1_late6_receiving_yards_after_catch,4.7264563393545345e-05,extra_trees_all_leaf50,2019
lag1_weekly_slope_receiving_yards_after_catch,0.00011422269486771608,extra_trees_all_leaf50,2019
lag1_late6_mean_delta_receiving_yards_after_catch,5.1203277009581605e-05,extra_trees_all_leaf50,2019
position_K,-0.0005553586198747684,extra_trees_all_leaf50,2019
injury_lag2_injury_reported,0.0004293197841584995,extra_trees_all_leaf50,2019
injury_lag2_injury_report_weeks,7.089684509042904e-05,extra_trees_all_leaf50,2019
injury_lag2_designation_count,-0.0004253810705424632,extra_trees_all_leaf50,2019
injury_lag3_injury_reported,0.0012564496435463202,extra_trees_all_leaf50,2019
injury_lag3_injury_report_weeks,4.332584977739806e-05,extra_trees_all_leaf50,2019
injury_lag3_designation_count,1.5754854464478107e-05,extra_trees_all_leaf50,2019
injury_lag4_injury_reported,-0.00024420024420024333,extra_trees_all_leaf50,2019
injury_lag4_injury_report_weeks,4.332584977739806e-05,extra_trees_all_leaf50,2019
injury_lag4_designation_count,8.271298593875986e-05,extra_trees_all_leaf50,2019
injury_lag5_injury_reported,5.120327700969263e-05,extra_trees_all_leaf50,2019
injury_lag5_injury_report_weeks,-2.3632281696772672e-05,extra_trees_all_leaf50,2019
injury_lag5_designation_count,-3.93871361613618e-05,extra_trees_all_leaf50,2019
injury_lag1_reserve_weeks,0.00038599393438087937,extra_trees_all_leaf50,2019
injury_lag2_reserve_weeks,0.0,extra_trees_all_leaf50,2019
injury_lag3_reserve_weeks,0.0,extra_trees_all_leaf50,2019
injury_lag4_reserve_weeks,0.0,extra_trees_all_leaf50,2019
injury_lag2_absence_report_weeks,1.1816140848330825e-05,extra_trees_all_leaf50,2019
injury_lag2_absence_reported,1.575485446458913e-05,extra_trees_all_leaf50,2019
injury_lag3_absence_report_weeks,-3.9387136161472824e-06,extra_trees_all_leaf50,2019
injury_lag3_absence_reported,7.877427232261258e-05,extra_trees_all_leaf50,2019
injury_lag4_absence_report_weeks,0.0,extra_trees_all_leaf50,2019
injury_lag4_absence_reported,4.726456339365637e-05,extra_trees_all_leaf50,2019
injury_lag5_absence_report_weeks,2.3632281696772672e-05,extra_trees_all_leaf50,2019
injury_lag5_absence_reported,3.938713616125078e-05,extra_trees_all_leaf50,2019
age,-0.0011134254555307255,extra_trees_all_leaf50,2020
missing_age,-0.0002794147530988944,extra_trees_all_leaf50,2020
years_exp,0.000270947639368746,extra_trees_all_leaf50,2020
missing_years_exp,9.313825103307583e-05,extra_trees_all_leaf50,2020
height,7.620402357255696e-05,extra_trees_all_leaf50,2020
missing_height,1.270067059533364e-05,extra_trees_all_leaf50,2020
weight,7.197046670748275e-05,extra_trees_all_leaf50,2020
missing_weight,-0.0001143060353586689,extra_trees_all_leaf50,2020
draft_number,0.0010372214319582795,extra_trees_all_leaf50,2020
missing_draft_number,-0.001955903271692594,extra_trees_all_leaf50,2020
draft_round,0.0010964912280702066,extra_trees_all_leaf50,2020
missing_draft_round,-0.0018669985775248144,extra_trees_all_leaf50,2020
was_drafted,0.008306238569396496,extra_trees_all_leaf50,2020
missing_was_drafted,0.0,extra_trees_all_leaf50,2020
is_rookie,0.016925760346813035,extra_trees_all_leaf50,2020
missing_is_rookie,0.0,extra_trees_all_leaf50,2020
missing_team_changed,0.0,extra_trees_all_leaf50,2020
combine_forty,-0.0011007247849351698,extra_trees_all_leaf50,2020
missing_combine_forty,0.0030481609428978373,extra_trees_all_leaf50,2020
combine_bench,-0.0006858362121519024,extra_trees_all_leaf50,2020
missing_combine_bench,4.233556865129717e-05,extra_trees_all_leaf50,2020
combine_vertical,0.000173575831470707,extra_trees_all_leaf50,2020
missing_combine_vertical,-0.0002582469687731903,extra_trees_all_leaf50,2020
combine_broad_jump,7.620402357244593e-05,extra_trees_all_leaf50,2020
missing_combine_broad_jump,-2.5401341190778304e-05,extra_trees_all_leaf50,2020
combine_cone,-0.0009271489534646848,extra_trees_all_leaf50,2020
missing_combine_cone,-0.0001820429452008554,extra_trees_all_leaf50,2020
combine_shuttle,0.001181162365373023,extra_trees_all_leaf50,2020
missing_combine_shuttle,-0.0006477342003656794,extra_trees_all_leaf50,2020
position_QB,-3.3868454920926716e-05,extra_trees_all_leaf50,2020
position_RB,-4.6569125516593424e-05,extra_trees_all_leaf50,2020
position_WR,-0.0005799972905236039,extra_trees_all_leaf50,2020
position_TE,0.0009271489534647959,extra_trees_all_leaf50,2020
lag1_history_available,0.0024088938562624174,extra_trees_all_leaf50,2020
lag1_completions,5.503623924685286e-05,extra_trees_all_leaf50,2020
lag1_attempts,5.9269796111927064e-05,extra_trees_all_leaf50,2020
lag1_passing_yards,-1.2700670595222618e-05,extra_trees_all_leaf50,2020
lag1_passing_tds,8.467113730270537e-05,extra_trees_all_leaf50,2020
lag1_passing_interceptions,8.467113730259435e-06,extra_trees_all_leaf50,2020
lag1_sacks_suffered,0.00012700670595422459,extra_trees_all_leaf50,2020
lag1_sack_yards_lost,5.080268238166763e-05,extra_trees_all_leaf50,2020
lag1_sack_fumbles,1.2700670595555685e-05,extra_trees_all_leaf50,2020
lag1_sack_fumbles_lost,-2.963489805585251e-05,extra_trees_all_leaf50,2020
lag1_passing_first_downs,5.503623924685286e-05,extra_trees_all_leaf50,2020
lag1_passing_10,1.6934227460740914e-05,extra_trees_all_leaf50,2020
lag1_passing_16,5.080268238166763e-05,extra_trees_all_leaf50,2020
lag1_passing_20,5.080268238166763e-05,extra_trees_all_leaf50,2020
lag1_passing_40,1.693422746062989e-05,extra_trees_all_leaf50,2020
lag1_carries,8.890469416800162e-05,extra_trees_all_leaf50,2020
lag1_rushing_yards,0.00037255300413197023,extra_trees_all_leaf50,2020
lag1_rushing_tds,-8.043758043752014e-05,extra_trees_all_leaf50,2020
lag1_rushing_fumbles,-8.043758043752014e-05,extra_trees_all_leaf50,2020
lag1_rushing_fumbles_lost,-0.00018204294520074438,extra_trees_all_leaf50,2020
lag1_rushing_first_downs,9.737180789815003e-05,extra_trees_all_leaf50,2020
lag1_rushing_10,0.001083790557474873,extra_trees_all_leaf50,2020
lag1_rushing_12,0.0002116778432567079,extra_trees_all_leaf50,2020
lag1_rushing_20,0.0005080268238163432,extra_trees_all_leaf50,2020
lag1_rushing_40,1.270067059533364e-05,extra_trees_all_leaf50,2020
lag1_receptions,0.00104568854568865,extra_trees_all_leaf50,2020
lag1_receiving_yards,0.00042758924337871207,extra_trees_all_leaf50,2020
lag1_receiving_tds,0.00016510871774044755,extra_trees_all_leaf50,2020
lag1_receiving_fumbles,9.313825103307583e-05,extra_trees_all_leaf50,2020
lag1_receiving_fumbles_lost,-2.1167784325704098e-05,extra_trees_all_leaf50,2020
lag1_receiving_first_downs,0.0009694845221162041,extra_trees_all_leaf50,2020
lag1_receiving_10,-0.00037255300413197023,extra_trees_all_leaf50,2020
lag1_receiving_16,-0.0003640858904015998,extra_trees_all_leaf50,2020
lag1_receiving_20,4.2335568651852284e-06,extra_trees_all_leaf50,2020
lag1_receiving_40,6.773690984229752e-05,extra_trees_all_leaf50,2020
lag1_special_teams_tds,0.0,extra_trees_all_leaf50,2020
lag1_fumbles_total,0.00026248052563848656,extra_trees_all_leaf50,2020
lag1_fumbles_lost_total,0.00020744428639185575,extra_trees_all_leaf50,2020
lag1_punt_returns,-1.2700670595444663e-05,extra_trees_all_leaf50,2020
lag1_punt_return_yards,-1.270067059533364e-05,extra_trees_all_leaf50,2020
lag1_kickoff_returns,1.1102230246251565e-16,extra_trees_all_leaf50,2020
lag1_kickoff_return_yards,-8.043758043752014e-05,extra_trees_all_leaf50,2020
lag1_fg_made,8.04375804378532e-05,extra_trees_all_leaf50,2020
lag1_fg_att,-4.233556865074206e-06,extra_trees_all_leaf50,2020
lag1_fg_missed,-8.467113730259435e-06,extra_trees_all_leaf50,2020
lag1_fg_blocked,-8.467113730259435e-05,extra_trees_all_leaf50,2020
lag1_fg_made_0_19,0.0,extra_trees_all_leaf50,2020
lag1_fg_made_20_29,4.2335568651852284e-06,extra_trees_all_leaf50,2020
lag1_fg_made_30_39,-1.693422746051887e-05,extra_trees_all_leaf50,2020
lag1_fg_made_40_49,-1.270067059533364e-05,extra_trees_all_leaf50,2020
lag1_fg_made_50_59,4.2335568651852284e-06,extra_trees_all_leaf50,2020
lag1_fg_made_60_,0.0,extra_trees_all_leaf50,2020
lag1_fg_missed_0_19,0.0,extra_trees_all_leaf50,2020
lag1_fg_missed_20_29,0.0,extra_trees_all_leaf50,2020
lag1_fg_missed_30_39,-1.693422746051887e-05,extra_trees_all_leaf50,2020
lag1_fg_missed_40_49,-1.270067059533364e-05,extra_trees_all_leaf50,2020
lag1_fg_missed_50_59,-0.00011007247849337265,extra_trees_all_leaf50,2020
lag1_fg_missed_60_,0.0,extra_trees_all_leaf50,2020
lag1_fg_made_distance,-8.467113730148412e-06,extra_trees_all_leaf50,2020
lag1_fg_missed_distance,-5.5036239246741836e-05,extra_trees_all_leaf50,2020
lag1_pat_made,-2.1167784325593075e-05,extra_trees_all_leaf50,2020
lag1_pat_att,-4.65691255164824e-05,extra_trees_all_leaf50,2020
lag1_pat_missed,0.0,extra_trees_all_leaf50,2020
lag1_pat_blocked,0.0,extra_trees_all_leaf50,2020
lag1_gwfg_made,-1.693422746051887e-05,extra_trees_all_leaf50,2020
lag1_gwfg_att,0.0,extra_trees_all_leaf50,2020
lag1_gwfg_missed,0.0,extra_trees_all_leaf50,2020
lag1_gwfg_blocked,0.0,extra_trees_all_leaf50,2020
lag1_gwfg_distance,0.0,extra_trees_all_leaf50,2020
lag1_targets,0.0004360563571090825,extra_trees_all_leaf50,2020
lag1_passing_air_yards,3.810201178633399e-05,extra_trees_all_leaf50,2020
lag1_passing_yards_after_catch,4.2335568651852284e-06,extra_trees_all_leaf50,2020
lag1_receiving_air_yards,-0.00014817449027970664,extra_trees_all_leaf50,2020
lag1_receiving_yards_after_catch,0.0017696267696268864,extra_trees_all_leaf50,2020
lag1_games,0.00785748154169208,extra_trees_all_leaf50,2020
lag1_roster_weeks,0.0012361986046196538,extra_trees_all_leaf50,2020
lag1_offense_snaps,0.0009525502946555742,extra_trees_all_leaf50,2020
lag2_history_available,0.002442762311183455,extra_trees_all_leaf50,2020
lag2_completions,-4.233556865074206e-06,extra_trees_all_leaf50,2020
lag2_attempts,-2.963489805585251e-05,extra_trees_all_leaf50,2020
lag2_passing_yards,8.467113730259435e-06,extra_trees_all_leaf50,2020
lag2_passing_tds,-2.5401341190778304e-05,extra_trees_all_leaf50,2020
lag2_passing_interceptions,2.1167784325704098e-05,extra_trees_all_leaf50,2020
lag2_sacks_suffered,-2.1167784325593075e-05,extra_trees_all_leaf50,2020
lag2_sack_yards_lost,-5.080268238155661e-05,extra_trees_all_leaf50,2020
lag2_sack_fumbles,1.693422746062989e-05,extra_trees_all_leaf50,2020
lag2_sack_fumbles_lost,1.693422746051887e-05,extra_trees_all_leaf50,2020
lag2_passing_first_downs,4.65691255164824e-05,extra_trees_all_leaf50,2020
lag2_passing_10,8.467113730259435e-06,extra_trees_all_leaf50,2020
lag2_passing_16,8.467113730259435e-06,extra_trees_all_leaf50,2020
lag2_passing_20,8.89046941678906e-05,extra_trees_all_leaf50,2020
lag2_passing_40,2.5401341190778304e-05,extra_trees_all_leaf50,2020
lag2_carries,7.620402357244593e-05,extra_trees_all_leaf50,2020
lag2_rushing_yards,1.693422746062989e-05,extra_trees_all_leaf50,2020
lag2_rushing_tds,0.00012277314908903936,extra_trees_all_leaf50,2020
lag2_rushing_fumbles,0.00020744428639174473,extra_trees_all_leaf50,2020
lag2_rushing_fumbles_lost,0.00016510871774044755,extra_trees_all_leaf50,2020
lag2_rushing_first_downs,0.00012277314908903936,extra_trees_all_leaf50,2020
lag2_rushing_10,-0.00012700670595411356,extra_trees_all_leaf50,2020
lag2_rushing_12,-2.5401341190778304e-05,extra_trees_all_leaf50,2020
lag2_rushing_20,2.9634898056074555e-05,extra_trees_all_leaf50,2020
lag2_rushing_40,-4.233556865074206e-06,extra_trees_all_leaf50,2020
lag2_receptions,-9.737180789803901e-05,extra_trees_all_leaf50,2020
lag2_receiving_yards,0.00021591140012189314,extra_trees_all_leaf50,2020
lag2_receiving_tds,4.233556865129717e-05,extra_trees_all_leaf50,2020
lag2_receiving_fumbles,-5.503623924685286e-05,extra_trees_all_leaf50,2020
lag2_receiving_fumbles_lost,1.270067059533364e-05,extra_trees_all_leaf50,2020
lag2_receiving_first_downs,0.00022437851385237462,extra_trees_all_leaf50,2020
lag2_receiving_10,-6.773690984207548e-05,extra_trees_all_leaf50,2020
lag2_receiving_16,-0.00015664160400996607,extra_trees_all_leaf50,2020
lag2_receiving_20,-4.233556865074206e-06,extra_trees_all_leaf50,2020
lag2_receiving_40,5.503623924685286e-05,extra_trees_all_leaf50,2020
lag2_special_teams_tds,0.0,extra_trees_all_leaf50,2020
lag2_fumbles_total,0.0002286120707173378,extra_trees_all_leaf50,2020
lag2_fumbles_lost_total,-8.467113730270537e-05,extra_trees_all_leaf50,2020
lag2_punt_returns,-3.8102011786111945e-05,extra_trees_all_leaf50,2020
lag2_punt_return_yards,-2.1167784325593075e-05,extra_trees_all_leaf50,2020
lag2_kickoff_returns,-1.270067059533364e-05,extra_trees_all_leaf50,2020
lag2_kickoff_return_yards,4.233556865129717e-05,extra_trees_all_leaf50,2020
lag2_fg_made,0.0,extra_trees_all_leaf50,2020
lag2_fg_att,0.0,extra_trees_all_leaf50,2020
lag2_fg_missed,-8.467113730259435e-06,extra_trees_all_leaf50,2020
lag2_fg_blocked,0.0,extra_trees_all_leaf50,2020
lag2_fg_made_0_19,8.467113730370457e-06,extra_trees_all_leaf50,2020
lag2_fg_made_20_29,-1.270067059533364e-05,extra_trees_all_leaf50,2020
lag2_fg_made_30_39,-3.386845492103774e-05,extra_trees_all_leaf50,2020
lag2_fg_made_40_49,0.0,extra_trees_all_leaf50,2020
lag2_fg_made_50_59,0.0,extra_trees_all_leaf50,2020
lag2_fg_made_60_,0.0,extra_trees_all_leaf50,2020
lag2_fg_missed_0_19,0.0,extra_trees_all_leaf50,2020
lag2_fg_missed_20_29,0.0,extra_trees_all_leaf50,2020
lag2_fg_missed_30_39,0.0,extra_trees_all_leaf50,2020
lag2_fg_missed_40_49,0.0,extra_trees_all_leaf50,2020
lag2_fg_missed_50_59,-4.233556865074206e-06,extra_trees_all_leaf50,2020
lag2_fg_missed_60_,0.0,extra_trees_all_leaf50,2020
lag2_fg_made_distance,4.2335568651852284e-06,extra_trees_all_leaf50,2020
lag2_fg_missed_distance,0.0,extra_trees_all_leaf50,2020
lag2_pat_made,-8.467113730148412e-06,extra_trees_all_leaf50,2020
lag2_pat_att,0.0,extra_trees_all_leaf50,2020
lag2_pat_missed,0.0,extra_trees_all_leaf50,2020
lag2_pat_blocked,0.0,extra_trees_all_leaf50,2020
lag2_gwfg_made,0.0,extra_trees_all_leaf50,2020
lag2_gwfg_att,0.0,extra_trees_all_leaf50,2020
lag2_gwfg_missed,0.0,extra_trees_all_leaf50,2020
lag2_gwfg_blocked,0.0,extra_trees_all_leaf50,2020
lag2_gwfg_distance,0.0,extra_trees_all_leaf50,2020
lag2_targets,-3.810201178600092e-05,extra_trees_all_leaf50,2020
lag2_passing_air_yards,2.9634898056074555e-05,extra_trees_all_leaf50,2020
lag2_passing_yards_after_catch,1.693422746062989e-05,extra_trees_all_leaf50,2020
lag2_receiving_air_yards,0.00024554629817785667,extra_trees_all_leaf50,2020
lag2_receiving_yards_after_catch,9.31382510329648e-05,extra_trees_all_leaf50,2020
lag2_games,-4.233556865129717e-05,extra_trees_all_leaf50,2020
lag2_roster_weeks,0.00015240804714489187,extra_trees_all_leaf50,2020
lag2_offense_snaps,0.004068448147395598,extra_trees_all_leaf50,2020
lag3_history_available,7.620402357244593e-05,extra_trees_all_leaf50,2020
lag3_completions,-2.9634898055963532e-05,extra_trees_all_leaf50,2020
lag3_attempts,-0.00017357583147059596,extra_trees_all_leaf50,2020
lag3_passing_yards,0.0,extra_trees_all_leaf50,2020
lag3_passing_tds,-6.77369098421865e-05,extra_trees_all_leaf50,2020
lag3_passing_interceptions,-2.963489805585251e-05,extra_trees_all_leaf50,2020
lag3_sacks_suffered,-7.19704667072607e-05,extra_trees_all_leaf50,2020
lag3_sack_yards_lost,0.0,extra_trees_all_leaf50,2020
lag3_sack_fumbles,2.9634898055963532e-05,extra_trees_all_leaf50,2020
lag3_sack_fumbles_lost,0.0,extra_trees_all_leaf50,2020
lag3_passing_first_downs,8.467113730259435e-06,extra_trees_all_leaf50,2020
lag3_passing_10,-3.810201178622297e-05,extra_trees_all_leaf50,2020
lag3_passing_16,-8.890469416777957e-05,extra_trees_all_leaf50,2020
lag3_passing_20,-5.080268238166763e-05,extra_trees_all_leaf50,2020
lag3_passing_40,-2.9634898055963532e-05,extra_trees_all_leaf50,2020
lag3_carries,1.270067059533364e-05,extra_trees_all_leaf50,2020
lag3_rushing_yards,-1.2700670595444663e-05,extra_trees_all_leaf50,2020
lag3_rushing_tds,3.386845492103774e-05,extra_trees_all_leaf50,2020
lag3_rushing_fumbles,2.9634898055963532e-05,extra_trees_all_leaf50,2020
lag3_rushing_fumbles_lost,-1.2700670595222618e-05,extra_trees_all_leaf50,2020
lag3_rushing_first_downs,-4.233556865129717e-05,extra_trees_all_leaf50,2020
lag3_rushing_10,5.9269796111927064e-05,extra_trees_all_leaf50,2020
lag3_rushing_12,0.00015240804714478084,extra_trees_all_leaf50,2020
lag3_rushing_20,2.1167784325704098e-05,extra_trees_all_leaf50,2020
lag3_rushing_40,0.0,extra_trees_all_leaf50,2020
lag3_receptions,-0.00013547381968426198,extra_trees_all_leaf50,2020
lag3_receiving_yards,2.5401341190889326e-05,extra_trees_all_leaf50,2020
lag3_receiving_tds,9.737180789826105e-05,extra_trees_all_leaf50,2020
lag3_receiving_fumbles,-1.6934227460407847e-05,extra_trees_all_leaf50,2020
lag3_receiving_fumbles_lost,-4.233556865074206e-06,extra_trees_all_leaf50,2020
lag3_receiving_first_downs,8.467113730370457e-06,extra_trees_all_leaf50,2020
lag3_receiving_10,5.503623924685286e-05,extra_trees_all_leaf50,2020
lag3_receiving_16,-0.00010160536476333526,extra_trees_all_leaf50,2020
lag3_receiving_20,9.737180789815003e-05,extra_trees_all_leaf50,2020
lag3_receiving_40,4.65691255164824e-05,extra_trees_all_leaf50,2020
lag3_special_teams_tds,4.2335568651852284e-06,extra_trees_all_leaf50,2020
lag3_fumbles_total,2.5401341190778304e-05,extra_trees_all_leaf50,2020
lag3_fumbles_lost_total,1.2700670595444663e-05,extra_trees_all_leaf50,2020
lag3_punt_returns,0.0,extra_trees_all_leaf50,2020
lag3_punt_return_yards,0.0,extra_trees_all_leaf50,2020
lag3_kickoff_returns,3.386845492114876e-05,extra_trees_all_leaf50,2020
lag3_kickoff_return_yards,-1.6934227460407847e-05,extra_trees_all_leaf50,2020
lag3_fg_made,-4.233556865074206e-06,extra_trees_all_leaf50,2020
lag3_fg_att,-8.467113730148412e-06,extra_trees_all_leaf50,2020
lag3_fg_missed,-4.233556865074206e-06,extra_trees_all_leaf50,2020
lag3_fg_blocked,0.0,extra_trees_all_leaf50,2020
lag3_fg_made_0_19,0.0,extra_trees_all_leaf50,2020
lag3_fg_made_20_29,0.0,extra_trees_all_leaf50,2020
lag3_fg_made_30_39,-2.1167784325704098e-05,extra_trees_all_leaf50,2020
lag3_fg_made_40_49,1.2700670595444663e-05,extra_trees_all_leaf50,2020
lag3_fg_made_50_59,1.270067059533364e-05,extra_trees_all_leaf50,2020
lag3_fg_made_60_,0.0,extra_trees_all_leaf50,2020
lag3_fg_missed_0_19,0.0,extra_trees_all_leaf50,2020
lag3_fg_missed_20_29,0.0,extra_trees_all_leaf50,2020
lag3_fg_missed_30_39,0.0,extra_trees_all_leaf50,2020
lag3_fg_missed_40_49,4.2335568651852284e-06,extra_trees_all_leaf50,2020
lag3_fg_missed_50_59,6.350335297711229e-05,extra_trees_all_leaf50,2020
lag3_fg_missed_60_,0.0,extra_trees_all_leaf50,2020
lag3_fg_made_distance,0.0,extra_trees_all_leaf50,2020
lag3_fg_missed_distance,-1.2700670595444663e-05,extra_trees_all_leaf50,2020
lag3_pat_made,0.0,extra_trees_all_leaf50,2020
lag3_pat_att,8.467113730370457e-06,extra_trees_all_leaf50,2020
lag3_pat_missed,0.0,extra_trees_all_leaf50,2020
lag3_pat_blocked,0.0,extra_trees_all_leaf50,2020
lag3_gwfg_made,0.0,extra_trees_all_leaf50,2020
lag3_gwfg_att,0.0,extra_trees_all_leaf50,2020
lag3_gwfg_missed,0.0,extra_trees_all_leaf50,2020
lag3_gwfg_blocked,0.0,extra_trees_all_leaf50,2020
lag3_gwfg_distance,0.0,extra_trees_all_leaf50,2020
lag3_targets,-9.737180789792799e-05,extra_trees_all_leaf50,2020
lag3_passing_air_yards,-0.00015664160400996607,extra_trees_all_leaf50,2020
lag3_passing_yards_after_catch,-3.386845492114876e-05,extra_trees_all_leaf50,2020
lag3_receiving_air_yards,9.313825103307583e-05,extra_trees_all_leaf50,2020
lag3_receiving_yards_after_catch,7.197046670737173e-05,extra_trees_all_leaf50,2020
lag3_games,-0.00019051005893111483,extra_trees_all_leaf50,2020
lag3_roster_weeks,-0.00028364830996407964,extra_trees_all_leaf50,2020
lag3_offense_snaps,0.0013293368556527296,extra_trees_all_leaf50,2020
lag4_history_available,0.00016510871774044755,extra_trees_all_leaf50,2020
lag4_completions,-1.693422746051887e-05,extra_trees_all_leaf50,2020
lag4_attempts,6.350335297711229e-05,extra_trees_all_leaf50,2020
lag4_passing_yards,4.6569125516593424e-05,extra_trees_all_leaf50,2020
lag4_passing_tds,-3.3868454920926716e-05,extra_trees_all_leaf50,2020
lag4_passing_interceptions,4.233556865296251e-06,extra_trees_all_leaf50,2020
lag4_sacks_suffered,0.0,extra_trees_all_leaf50,2020
lag4_sack_yards_lost,0.0,extra_trees_all_leaf50,2020
lag4_sack_fumbles,4.6569125516593424e-05,extra_trees_all_leaf50,2020
lag4_sack_fumbles_lost,-1.6934227460407847e-05,extra_trees_all_leaf50,2020
lag4_passing_first_downs,4.6569125516593424e-05,extra_trees_all_leaf50,2020
lag4_passing_10,1.270067059533364e-05,extra_trees_all_leaf50,2020
lag4_passing_16,2.5401341190778304e-05,extra_trees_all_leaf50,2020
lag4_passing_20,-1.693422746062989e-05,extra_trees_all_leaf50,2020
lag4_passing_40,4.2335568651852284e-06,extra_trees_all_leaf50,2020
lag4_carries,2.9634898056074555e-05,extra_trees_all_leaf50,2020
lag4_rushing_yards,2.1167784325704098e-05,extra_trees_all_leaf50,2020
lag4_rushing_tds,1.1102230246251565e-16,extra_trees_all_leaf50,2020
lag4_rushing_fumbles,0.0,extra_trees_all_leaf50,2020
lag4_rushing_fumbles_lost,0.0,extra_trees_all_leaf50,2020
lag4_rushing_first_downs,2.540134119100035e-05,extra_trees_all_leaf50,2020
lag4_rushing_10,-4.233556865074206e-06,extra_trees_all_leaf50,2020
lag4_rushing_12,-8.46711373003739e-06,extra_trees_all_leaf50,2020
lag4_rushing_20,8.467113730259435e-06,extra_trees_all_leaf50,2020
lag4_rushing_40,0.0,extra_trees_all_leaf50,2020
lag4_receptions,-5.926979611181604e-05,extra_trees_all_leaf50,2020
lag4_receiving_yards,5.080268238155661e-05,extra_trees_all_leaf50,2020
lag4_receiving_tds,-4.65691255164824e-05,extra_trees_all_leaf50,2020
lag4_receiving_fumbles,4.65691255164824e-05,extra_trees_all_leaf50,2020
lag4_receiving_fumbles_lost,0.0,extra_trees_all_leaf50,2020
lag4_receiving_first_downs,-0.00012277314908892834,extra_trees_all_leaf50,2020
lag4_receiving_10,-2.9634898055963532e-05,extra_trees_all_leaf50,2020
lag4_receiving_16,8.043758043763116e-05,extra_trees_all_leaf50,2020
lag4_receiving_20,-1.270067059533364e-05,extra_trees_all_leaf50,2020
lag4_receiving_40,0.0001100724784935947,extra_trees_all_leaf50,2020
lag4_special_teams_tds,0.0,extra_trees_all_leaf50,2020
lag4_fumbles_total,-6.350335297700127e-05,extra_trees_all_leaf50,2020
lag4_fumbles_lost_total,8.89046941678906e-05,extra_trees_all_leaf50,2020
lag4_punt_returns,0.0,extra_trees_all_leaf50,2020
lag4_punt_return_yards,0.0,extra_trees_all_leaf50,2020
lag4_kickoff_returns,-1.2700670595444663e-05,extra_trees_all_leaf50,2020
lag4_kickoff_return_yards,0.0,extra_trees_all_leaf50,2020
lag4_fg_made,-8.467113730148412e-06,extra_trees_all_leaf50,2020
lag4_fg_att,-4.233556865074206e-06,extra_trees_all_leaf50,2020
lag4_fg_missed,0.0,extra_trees_all_leaf50,2020
lag4_fg_blocked,0.0,extra_trees_all_leaf50,2020
lag4_fg_made_0_19,0.0,extra_trees_all_leaf50,2020
lag4_fg_made_20_29,0.0,extra_trees_all_leaf50,2020
lag4_fg_made_30_39,-4.233556865074206e-06,extra_trees_all_leaf50,2020
lag4_fg_made_40_49,-4.233556865074206e-06,extra_trees_all_leaf50,2020
lag4_fg_made_50_59,0.0,extra_trees_all_leaf50,2020
lag4_fg_made_60_,0.0,extra_trees_all_leaf50,2020
lag4_fg_missed_0_19,0.0,extra_trees_all_leaf50,2020
lag4_fg_missed_20_29,0.0,extra_trees_all_leaf50,2020
lag4_fg_missed_30_39,0.0,extra_trees_all_leaf50,2020
lag4_fg_missed_40_49,0.0,extra_trees_all_leaf50,2020
lag4_fg_missed_50_59,0.0,extra_trees_all_leaf50,2020
lag4_fg_missed_60_,0.0,extra_trees_all_leaf50,2020
lag4_fg_made_distance,0.0,extra_trees_all_leaf50,2020
lag4_fg_missed_distance,0.0,extra_trees_all_leaf50,2020
lag4_pat_made,0.0,extra_trees_all_leaf50,2020
lag4_pat_att,-2.1167784325593075e-05,extra_trees_all_leaf50,2020
lag4_pat_missed,0.0,extra_trees_all_leaf50,2020
lag4_pat_blocked,0.0,extra_trees_all_leaf50,2020
lag4_gwfg_made,0.0,extra_trees_all_leaf50,2020
lag4_gwfg_att,-4.233556865074206e-06,extra_trees_all_leaf50,2020
lag4_gwfg_missed,0.0,extra_trees_all_leaf50,2020
lag4_gwfg_blocked,0.0,extra_trees_all_leaf50,2020
lag4_gwfg_distance,0.0,extra_trees_all_leaf50,2020
lag4_targets,-1.693422746051887e-05,extra_trees_all_leaf50,2020
lag4_passing_air_yards,4.2335568651852284e-06,extra_trees_all_leaf50,2020
lag4_passing_yards_after_catch,-4.233556865074206e-06,extra_trees_all_leaf50,2020
lag4_receiving_air_yards,-5.5036239246741836e-05,extra_trees_all_leaf50,2020
lag4_receiving_yards_after_catch,-0.00016510871774011449,extra_trees_all_leaf50,2020
lag4_games,-0.0010329878750929833,extra_trees_all_leaf50,2020
lag4_roster_weeks,0.00030904965115508,extra_trees_all_leaf50,2020
lag4_offense_snaps,0.0003810201178623407,extra_trees_all_leaf50,2020
lag1_completion_rate,-8.467113730259435e-06,extra_trees_all_leaf50,2020
lag1_pass_yards_per_attempt,-4.233556865129717e-05,extra_trees_all_leaf50,2020
lag1_pass_td_rate,-1.270067059533364e-05,extra_trees_all_leaf50,2020
lag1_interception_rate,-3.386845492103774e-05,extra_trees_all_leaf50,2020
lag1_rush_yards_per_carry,2.9634898055963532e-05,extra_trees_all_leaf50,2020
lag1_rush_first_down_rate,7.19704667072607e-05,extra_trees_all_leaf50,2020
lag1_rush_20_rate,7.620402357244593e-05,extra_trees_all_leaf50,2020
lag1_receiving_yards_per_reception,-0.0004868590394905281,extra_trees_all_leaf50,2020
lag1_receiving_first_down_rate,0.006278364830996419,extra_trees_all_leaf50,2020
lag1_receiving_20_rate,-9.737180789815003e-05,extra_trees_all_leaf50,2020
lag1_field_goal_make_rate,-2.5401341190778304e-05,extra_trees_all_leaf50,2020
lag1_made_field_goal_mean_distance,-7.19704667072607e-05,extra_trees_all_leaf50,2020
lag1_missed_field_goal_mean_distance,7.620402357255696e-05,extra_trees_all_leaf50,2020
lag1_pat_make_rate,-2.1167784325704098e-05,extra_trees_all_leaf50,2020
lag1_catch_rate,0.009068278805121066,extra_trees_all_leaf50,2020
lag1_receiving_yards_per_target,2.5401341190889326e-05,extra_trees_all_leaf50,2020
lag1_receiving_air_yards_per_target,0.00011007247849348367,extra_trees_all_leaf50,2020
lag1_receiving_yards_after_catch_per_reception,-0.0003556187766712293,extra_trees_all_leaf50,2020
lag1_passing_air_yards_per_attempt,0.00010160536476333526,extra_trees_all_leaf50,2020
lag1_passing_yards_after_catch_per_completion,-2.1167784325704098e-05,extra_trees_all_leaf50,2020
lag2_completion_rate,-2.963489805585251e-05,extra_trees_all_leaf50,2020
lag2_pass_yards_per_attempt,-4.2335568651852284e-06,extra_trees_all_leaf50,2020
lag2_pass_td_rate,-1.6934227460407847e-05,extra_trees_all_leaf50,2020
lag2_interception_rate,-1.270067059533364e-05,extra_trees_all_leaf50,2020
lag2_rush_yards_per_carry,0.0002032107295265595,extra_trees_all_leaf50,2020
lag2_rush_first_down_rate,-0.0001185395922237431,extra_trees_all_leaf50,2020
lag2_rush_20_rate,3.810201178644501e-05,extra_trees_all_leaf50,2020
lag2_receiving_yards_per_reception,0.00021591140012200416,extra_trees_all_leaf50,2020
lag2_receiving_first_down_rate,0.00021167784325692995,extra_trees_all_leaf50,2020
lag2_receiving_20_rate,7.620402357255696e-05,extra_trees_all_leaf50,2020
lag2_field_goal_make_rate,4.2335568651408195e-05,extra_trees_all_leaf50,2020
lag2_made_field_goal_mean_distance,-2.1167784325593075e-05,extra_trees_all_leaf50,2020
lag2_missed_field_goal_mean_distance,4.2335568651852284e-06,extra_trees_all_leaf50,2020
lag2_pat_make_rate,5.503623924685286e-05,extra_trees_all_leaf50,2020
lag2_catch_rate,6.773690984229752e-05,extra_trees_all_leaf50,2020
lag2_receiving_yards_per_target,-2.540134119066728e-05,extra_trees_all_leaf50,2020
lag2_receiving_air_yards_per_target,0.00022861207071744882,extra_trees_all_leaf50,2020
lag2_receiving_yards_after_catch_per_reception,9.313825103307583e-05,extra_trees_all_leaf50,2020
lag2_passing_air_yards_per_attempt,4.2335568651852284e-06,extra_trees_all_leaf50,2020
lag2_passing_yards_after_catch_per_completion,8.467113730370457e-06,extra_trees_all_leaf50,2020
lag3_completion_rate,1.693422746062989e-05,extra_trees_all_leaf50,2020
lag3_pass_yards_per_attempt,-8.043758043740912e-05,extra_trees_all_leaf50,2020
lag3_pass_td_rate,-7.19704667072607e-05,extra_trees_all_leaf50,2020
lag3_interception_rate,0.0,extra_trees_all_leaf50,2020
lag3_rush_yards_per_carry,-0.00012700670595400254,extra_trees_all_leaf50,2020
lag3_rush_first_down_rate,-0.00014817449027970664,extra_trees_all_leaf50,2020
lag3_rush_20_rate,1.2700670595444663e-05,extra_trees_all_leaf50,2020
lag3_receiving_yards_per_reception,1.2700670595444663e-05,extra_trees_all_leaf50,2020
lag3_receiving_first_down_rate,0.0004360563571089715,extra_trees_all_leaf50,2020
lag3_receiving_20_rate,2.116778432581512e-05,extra_trees_all_leaf50,2020
lag3_field_goal_make_rate,0.0,extra_trees_all_leaf50,2020
lag3_made_field_goal_mean_distance,-1.2700670595444663e-05,extra_trees_all_leaf50,2020
lag3_missed_field_goal_mean_distance,0.0,extra_trees_all_leaf50,2020
lag3_pat_make_rate,0.0,extra_trees_all_leaf50,2020
lag3_catch_rate,-5.926979611181604e-05,extra_trees_all_leaf50,2020
lag3_receiving_yards_per_target,-9.737180789815003e-05,extra_trees_all_leaf50,2020
lag3_receiving_air_yards_per_target,-0.00013124026281918777,extra_trees_all_leaf50,2020
lag3_receiving_yards_after_catch_per_reception,7.197046670737173e-05,extra_trees_all_leaf50,2020
lag3_passing_air_yards_per_attempt,-7.19704667072607e-05,extra_trees_all_leaf50,2020
lag3_passing_yards_after_catch_per_completion,4.2335568651852284e-06,extra_trees_all_leaf50,2020
lag4_completion_rate,0.000135473819684373,extra_trees_all_leaf50,2020
lag4_pass_yards_per_attempt,1.693422746062989e-05,extra_trees_all_leaf50,2020
lag4_pass_td_rate,0.0,extra_trees_all_leaf50,2020
lag4_interception_rate,0.0,extra_trees_all_leaf50,2020
lag4_rush_yards_per_carry,5.9269796111927064e-05,extra_trees_all_leaf50,2020
lag4_rush_first_down_rate,8.043758043752014e-05,extra_trees_all_leaf50,2020
lag4_rush_20_rate,-4.2335568651852284e-06,extra_trees_all_leaf50,2020
lag4_receiving_yards_per_reception,0.00019051005893122586,extra_trees_all_leaf50,2020
lag4_receiving_first_down_rate,-7.197046670737173e-05,extra_trees_all_leaf50,2020
lag4_receiving_20_rate,8.467113730370457e-06,extra_trees_all_leaf50,2020
lag4_field_goal_make_rate,0.0,extra_trees_all_leaf50,2020
lag4_made_field_goal_mean_distance,0.0,extra_trees_all_leaf50,2020
lag4_missed_field_goal_mean_distance,0.0,extra_trees_all_leaf50,2020
lag4_pat_make_rate,-4.233556865074206e-06,extra_trees_all_leaf50,2020
lag4_catch_rate,-0.0005757637336584187,extra_trees_all_leaf50,2020
lag4_receiving_yards_per_target,-3.386845492103774e-05,extra_trees_all_leaf50,2020
lag4_receiving_air_yards_per_target,6.773690984207548e-05,extra_trees_all_leaf50,2020
lag4_receiving_yards_after_catch_per_reception,0.00013970737654933618,extra_trees_all_leaf50,2020
lag4_passing_air_yards_per_attempt,-4.233556864963184e-06,extra_trees_all_leaf50,2020
lag4_passing_yards_after_catch_per_completion,-4.2335568651852284e-06,extra_trees_all_leaf50,2020
lag1_late6_attempts,8.043758043763116e-05,extra_trees_all_leaf50,2020
lag1_weekly_slope_attempts,0.0,extra_trees_all_leaf50,2020
lag1_late6_mean_delta_attempts,0.0,extra_trees_all_leaf50,2020
lag1_late6_passing_yards,0.00021167784325692995,extra_trees_all_leaf50,2020
lag1_weekly_slope_passing_yards,0.0,extra_trees_all_leaf50,2020
lag1_late6_mean_delta_passing_yards,0.0,extra_trees_all_leaf50,2020
lag1_late6_passing_first_downs,0.00013547381968448402,extra_trees_all_leaf50,2020
lag1_weekly_slope_passing_first_downs,0.0,extra_trees_all_leaf50,2020
lag1_late6_mean_delta_passing_first_downs,4.2335568651852284e-06,extra_trees_all_leaf50,2020
lag1_late6_passing_20,5.080268238155661e-05,extra_trees_all_leaf50,2020
lag1_weekly_slope_passing_20,2.9634898055963532e-05,extra_trees_all_leaf50,2020
lag1_late6_mean_delta_passing_20,-4.233556865074206e-06,extra_trees_all_leaf50,2020
lag1_late6_carries,2.540134119100035e-05,extra_trees_all_leaf50,2020
lag1_weekly_slope_carries,1.693422746062989e-05,extra_trees_all_leaf50,2020
lag1_late6_mean_delta_carries,8.467113730259435e-06,extra_trees_all_leaf50,2020
lag1_late6_rushing_yards,0.0007916751337804229,extra_trees_all_leaf50,2020
lag1_weekly_slope_rushing_yards,-0.00013970737654933618,extra_trees_all_leaf50,2020
lag1_late6_mean_delta_rushing_yards,7.197046670737173e-05,extra_trees_all_leaf50,2020
lag1_late6_rushing_first_downs,8.467113730270537e-05,extra_trees_all_leaf50,2020
lag1_weekly_slope_rushing_first_downs,-4.233556865074206e-06,extra_trees_all_leaf50,2020
lag1_late6_mean_delta_rushing_first_downs,-4.2335568651852284e-06,extra_trees_all_leaf50,2020
lag1_late6_rushing_20,9.737180789815003e-05,extra_trees_all_leaf50,2020
lag1_weekly_slope_rushing_20,-2.1167784325704098e-05,extra_trees_all_leaf50,2020
lag1_late6_mean_delta_rushing_20,-2.1167784325704098e-05,extra_trees_all_leaf50,2020
lag1_late6_receptions,-0.000774740906319682,extra_trees_all_leaf50,2020
lag1_weekly_slope_receptions,-5.080268238166763e-05,extra_trees_all_leaf50,2020
lag1_late6_mean_delta_receptions,-6.77369098421865e-05,extra_trees_all_leaf50,2020
lag1_late6_receiving_yards,-5.503623924685286e-05,extra_trees_all_leaf50,2020
lag1_weekly_slope_receiving_yards,-4.233556865074206e-06,extra_trees_all_leaf50,2020
lag1_late6_mean_delta_receiving_yards,-0.0002794147530988944,extra_trees_all_leaf50,2020
lag1_late6_receiving_first_downs,0.00041488857278337843,extra_trees_all_leaf50,2020
lag1_weekly_slope_receiving_first_downs,-8.043758043752014e-05,extra_trees_all_leaf50,2020
lag1_late6_mean_delta_receiving_first_downs,-2.5401341190778304e-05,extra_trees_all_leaf50,2020
lag1_late6_receiving_20,-0.00028364830996407964,extra_trees_all_leaf50,2020
lag1_weekly_slope_receiving_20,-0.0001439409334145214,extra_trees_all_leaf50,2020
lag1_late6_mean_delta_receiving_20,1.1102230246251565e-16,extra_trees_all_leaf50,2020
lag1_late6_punt_return_yards,-8.467113730259435e-06,extra_trees_all_leaf50,2020
lag1_weekly_slope_punt_return_yards,0.0,extra_trees_all_leaf50,2020
lag1_late6_mean_delta_punt_return_yards,0.0,extra_trees_all_leaf50,2020
lag1_late6_kickoff_return_yards,-4.233556865074206e-06,extra_trees_all_leaf50,2020
lag1_weekly_slope_kickoff_return_yards,0.0,extra_trees_all_leaf50,2020
lag1_late6_mean_delta_kickoff_return_yards,0.0,extra_trees_all_leaf50,2020
lag1_late6_fg_made,-2.1167784325593075e-05,extra_trees_all_leaf50,2020
lag1_weekly_slope_fg_made,0.0,extra_trees_all_leaf50,2020
lag1_late6_mean_delta_fg_made,0.0,extra_trees_all_leaf50,2020
lag1_late6_fg_att,8.467113730370457e-06,extra_trees_all_leaf50,2020
lag1_weekly_slope_fg_att,0.0,extra_trees_all_leaf50,2020
lag1_late6_mean_delta_fg_att,0.0,extra_trees_all_leaf50,2020
lag1_late6_pat_att,-4.233556865074206e-06,extra_trees_all_leaf50,2020
lag1_weekly_slope_pat_att,-8.467113730148412e-06,extra_trees_all_leaf50,2020
lag1_late6_mean_delta_pat_att,0.0,extra_trees_all_leaf50,2020
lag1_late6_targets,0.0003429181060761177,extra_trees_all_leaf50,2020
lag1_weekly_slope_targets,8.467113730370457e-06,extra_trees_all_leaf50,2020
lag1_late6_mean_delta_targets,-3.386845492103774e-05,extra_trees_all_leaf50,2020
lag1_late6_passing_air_yards,8.467113730259435e-06,extra_trees_all_leaf50,2020
lag1_weekly_slope_passing_air_yards,8.467113730259435e-06,extra_trees_all_leaf50,2020
lag1_late6_mean_delta_passing_air_yards,0.0,extra_trees_all_leaf50,2020
lag1_late6_passing_yards_after_catch,6.77369098421865e-05,extra_trees_all_leaf50,2020
lag1_weekly_slope_passing_yards_after_catch,-2.1167784325704098e-05,extra_trees_all_leaf50,2020
lag1_late6_mean_delta_passing_yards_after_catch,0.0,extra_trees_all_leaf50,2020
lag1_late6_receiving_air_yards,2.5401341190889326e-05,extra_trees_all_leaf50,2020
lag1_weekly_slope_receiving_air_yards,-0.0001989771726614853,extra_trees_all_leaf50,2020
lag1_late6_mean_delta_receiving_air_yards,-0.00038102011786222967,extra_trees_all_leaf50,2020
lag1_late6_receiving_yards_after_catch,0.000541895278737381,extra_trees_all_leaf50,2020
lag1_weekly_slope_receiving_yards_after_catch,0.0001566416040100771,extra_trees_all_leaf50,2020
lag1_late6_mean_delta_receiving_yards_after_catch,0.00014817449027992868,extra_trees_all_leaf50,2020
position_K,0.0007408724513987552,extra_trees_all_leaf50,2020
injury_lag2_injury_reported,-0.0015621824832350306,extra_trees_all_leaf50,2020
injury_lag2_injury_report_weeks,-9.31382510329648e-05,extra_trees_all_leaf50,2020
injury_lag2_designation_count,-0.0006689019846912725,extra_trees_all_leaf50,2020
injury_lag3_injury_reported,0.00034715166294119193,extra_trees_all_leaf50,2020
injury_lag3_injury_report_weeks,1.693422746051887e-05,extra_trees_all_leaf50,2020
injury_lag3_designation_count,-3.3868454920926716e-05,extra_trees_all_leaf50,2020
injury_lag4_injury_reported,0.0007662737925896446,extra_trees_all_leaf50,2020
injury_lag4_injury_report_weeks,0.00018627650206604063,extra_trees_all_leaf50,2020
injury_lag4_designation_count,5.926979611203809e-05,extra_trees_all_leaf50,2020
injury_lag5_injury_reported,0.00016934227460552176,extra_trees_all_leaf50,2020
injury_lag5_injury_report_weeks,2.9634898055963532e-05,extra_trees_all_leaf50,2020
injury_lag5_designation_count,1.270067059533364e-05,extra_trees_all_leaf50,2020
injury_lag1_reserve_weeks,0.00047839192576060174,extra_trees_all_leaf50,2020
injury_lag2_reserve_weeks,-3.810201178622297e-05,extra_trees_all_leaf50,2020
injury_lag3_reserve_weeks,5.9269796111927064e-05,extra_trees_all_leaf50,2020
injury_lag4_reserve_weeks,0.0,extra_trees_all_leaf50,2020
injury_lag2_absence_report_weeks,2.1167784325704098e-05,extra_trees_all_leaf50,2020
injury_lag2_absence_reported,0.00023284562758252303,extra_trees_all_leaf50,2020
injury_lag3_absence_report_weeks,6.350335297711229e-05,extra_trees_all_leaf50,2020
injury_lag3_absence_reported,0.0002497798550431529,extra_trees_all_leaf50,2020
injury_lag4_absence_report_weeks,9.737180789826105e-05,extra_trees_all_leaf50,2020
injury_lag4_absence_reported,0.00013124026281918777,extra_trees_all_leaf50,2020
injury_lag5_absence_report_weeks,0.0,extra_trees_all_leaf50,2020
injury_lag5_absence_reported,4.2335568651408195e-05,extra_trees_all_leaf50,2020
age,0.0011418712370151463,extra_trees_all_leaf50,2021
missing_age,0.006446740118697281,extra_trees_all_leaf50,2021
years_exp,0.0003382659307145097,extra_trees_all_leaf50,2021
missing_years_exp,7.159067316742096e-06,extra_trees_all_leaf50,2021
height,4.832370438767608e-05,extra_trees_all_leaf50,2021
missing_height,7.159067316697687e-05,extra_trees_all_leaf50,2021
weight,0.0003364761638852132,extra_trees_all_leaf50,2021
missing_weight,-1.789766829185524e-05,extra_trees_all_leaf50,2021
draft_number,-0.0018953630720990322,extra_trees_all_leaf50,2021
missing_draft_number,0.005238647509002492,extra_trees_all_leaf50,2021
draft_round,-0.0003454249980312518,extra_trees_all_leaf50,2021
missing_draft_round,0.010174824423873963,extra_trees_all_leaf50,2021
was_drafted,-0.0005047142458282083,extra_trees_all_leaf50,2021
missing_was_drafted,0.0,extra_trees_all_leaf50,2021
is_rookie,0.016392474388436606,extra_trees_all_leaf50,2021
missing_is_rookie,0.0,extra_trees_all_leaf50,2021
missing_team_changed,0.0,extra_trees_all_leaf50,2021
combine_forty,-0.001206302842865714,extra_trees_all_leaf50,2021
missing_combine_forty,-0.002380389882806311,extra_trees_all_leaf50,2021
combine_bench,-0.0011221838018943275,extra_trees_all_leaf50,2021
missing_combine_bench,-0.0007499123014255149,extra_trees_all_leaf50,2021
combine_vertical,0.00015570971413836343,extra_trees_all_leaf50,2021
missing_combine_vertical,0.0004993449453405407,extra_trees_all_leaf50,2021
combine_broad_jump,0.00011454507706731842,extra_trees_all_leaf50,2021
missing_combine_broad_jump,9.306787511709214e-05,extra_trees_all_leaf50,2021
combine_cone,-0.00033647616388554624,extra_trees_all_leaf50,2021
missing_combine_cone,-0.0002953115268143902,extra_trees_all_leaf50,2021
combine_shuttle,-0.0006299979238706399,extra_trees_all_leaf50,2021
missing_combine_shuttle,-0.0009843717560477083,extra_trees_all_leaf50,2021
position_QB,0.0004259645053441563,extra_trees_all_leaf50,2021
position_RB,-0.0001503404136510289,extra_trees_all_leaf50,2021
position_WR,0.001075649864335504,extra_trees_all_leaf50,2021
position_TE,0.00946428699269053,extra_trees_all_leaf50,2021
lag1_history_available,0.0011722972731113002,extra_trees_all_leaf50,2021
lag1_completions,-3.579533658371048e-06,extra_trees_all_leaf50,2021
lag1_attempts,-0.0003114194282769489,extra_trees_all_leaf50,2021
lag1_passing_yards,-1.789766829185524e-05,extra_trees_all_leaf50,2021
lag1_passing_tds,-3.9374870241970505e-05,extra_trees_all_leaf50,2021
lag1_passing_interceptions,1.4318134633262147e-05,extra_trees_all_leaf50,2021
lag1_sacks_suffered,-6.085207219219679e-05,extra_trees_all_leaf50,2021
lag1_sack_yards_lost,-3.937487024208153e-05,extra_trees_all_leaf50,2021
lag1_sack_fumbles,-1.4318134633484192e-05,extra_trees_all_leaf50,2021
lag1_sack_fumbles_lost,-7.159067316853118e-06,extra_trees_all_leaf50,2021
lag1_passing_first_downs,2.1477201950004243e-05,extra_trees_all_leaf50,2021
lag1_passing_10,7.159067316631074e-06,extra_trees_all_leaf50,2021
lag1_passing_16,1.07386009748911e-05,extra_trees_all_leaf50,2021
lag1_passing_20,7.159067316631074e-06,extra_trees_all_leaf50,2021
lag1_passing_40,-0.0001181246107258005,extra_trees_all_leaf50,2021
lag1_carries,-5.36930048754547e-05,extra_trees_all_leaf50,2021
lag1_rushing_yards,-9.48576419464997e-05,extra_trees_all_leaf50,2021
lag1_rushing_tds,-0.0002613059570599763,extra_trees_all_leaf50,2021
lag1_rushing_fumbles,-6.443160585056784e-05,extra_trees_all_leaf50,2021
lag1_rushing_fumbles_lost,-3.579533658371048e-06,extra_trees_all_leaf50,2021
lag1_rushing_first_downs,0.00016107901462603103,extra_trees_all_leaf50,2021
lag1_rushing_10,0.0002720445580348674,extra_trees_all_leaf50,2021
lag1_rushing_12,-0.0002290901541348589,extra_trees_all_leaf50,2021
lag1_rushing_20,-4.474417072952708e-05,extra_trees_all_leaf50,2021
lag1_rushing_40,0.0,extra_trees_all_leaf50,2021
lag1_receptions,0.0015803641101637123,extra_trees_all_leaf50,2021
lag1_receiving_yards,-0.0005261914477783236,extra_trees_all_leaf50,2021
lag1_receiving_tds,0.00010380647609209426,extra_trees_all_leaf50,2021
lag1_receiving_fumbles,6.44316058503458e-05,extra_trees_all_leaf50,2021
lag1_receiving_fumbles_lost,-7.159067316742096e-06,extra_trees_all_leaf50,2021
lag1_receiving_first_downs,-0.0016125799130890517,extra_trees_all_leaf50,2021
lag1_receiving_10,-0.0006640034936250538,extra_trees_all_leaf50,2021
lag1_receiving_16,-5.369300487667594e-06,extra_trees_all_leaf50,2021
lag1_receiving_20,9.664740877546318e-05,extra_trees_all_leaf50,2021
lag1_receiving_40,0.000322158029251729,extra_trees_all_leaf50,2021
lag1_special_teams_tds,0.0,extra_trees_all_leaf50,2021
lag1_fumbles_total,-0.00017539714925951522,extra_trees_all_leaf50,2021
lag1_fumbles_lost_total,3.937487024185948e-05,extra_trees_all_leaf50,2021
lag1_punt_returns,7.159067316631074e-06,extra_trees_all_leaf50,2021
lag1_punt_return_yards,-7.159067316742096e-06,extra_trees_all_leaf50,2021
lag1_kickoff_returns,9.66474087755742e-05,extra_trees_all_leaf50,2021
lag1_kickoff_return_yards,6.443160585023477e-05,extra_trees_all_leaf50,2021
lag1_fg_made,-0.0001038064760923163,extra_trees_all_leaf50,2021
lag1_fg_att,-5.727253853371472e-05,extra_trees_all_leaf50,2021
lag1_fg_missed,-0.0001897152838929994,extra_trees_all_leaf50,2021
lag1_fg_blocked,-0.0001109655434090584,extra_trees_all_leaf50,2021
lag1_fg_made_0_19,0.0,extra_trees_all_leaf50,2021
lag1_fg_made_20_29,5.011347121697263e-05,extra_trees_all_leaf50,2021
lag1_fg_made_30_39,3.579533658371048e-06,extra_trees_all_leaf50,2021
lag1_fg_made_40_49,-1.4318134633484192e-05,extra_trees_all_leaf50,2021
lag1_fg_made_50_59,1.07386009748911e-05,extra_trees_all_leaf50,2021
lag1_fg_made_60_,0.0,extra_trees_all_leaf50,2021
lag1_fg_missed_0_19,0.0,extra_trees_all_leaf50,2021
lag1_fg_missed_20_29,0.0,extra_trees_all_leaf50,2021
lag1_fg_missed_30_39,1.0738600975113144e-05,extra_trees_all_leaf50,2021
lag1_fg_missed_40_49,2.5056735608486314e-05,extra_trees_all_leaf50,2021
lag1_fg_missed_50_59,-0.0005190323804615815,extra_trees_all_leaf50,2021
lag1_fg_missed_60_,0.0,extra_trees_all_leaf50,2021
lag1_fg_made_distance,-6.801113950882787e-05,extra_trees_all_leaf50,2021
lag1_fg_missed_distance,-6.085207219208577e-05,extra_trees_all_leaf50,2021
lag1_pat_made,-3.5795336584820703e-06,extra_trees_all_leaf50,2021
lag1_pat_att,-2.5056735608597336e-05,extra_trees_all_leaf50,2021
lag1_pat_missed,1.7897668291633195e-05,extra_trees_all_leaf50,2021
lag1_pat_blocked,0.0,extra_trees_all_leaf50,2021
lag1_gwfg_made,0.00015034041365091788,extra_trees_all_leaf50,2021
lag1_gwfg_att,5.011347121675058e-05,extra_trees_all_leaf50,2021
lag1_gwfg_missed,0.0,extra_trees_all_leaf50,2021
lag1_gwfg_blocked,0.0,extra_trees_all_leaf50,2021
lag1_gwfg_distance,1.4318134633262147e-05,extra_trees_all_leaf50,2021
lag1_targets,0.0009449968858056268,extra_trees_all_leaf50,2021
lag1_passing_air_yards,-0.00038658963510251887,extra_trees_all_leaf50,2021
lag1_passing_yards_after_catch,0.0,extra_trees_all_leaf50,2021
lag1_receiving_air_yards,-5.011347121697263e-05,extra_trees_all_leaf50,2021
lag1_receiving_yards_after_catch,0.001487296235046398,extra_trees_all_leaf50,2021
lag1_games,0.00308734778033104,extra_trees_all_leaf50,2021
lag1_roster_weeks,0.0008734062126385389,extra_trees_all_leaf50,2021
lag1_offense_snaps,-0.000558407250703441,extra_trees_all_leaf50,2021
lag2_history_available,0.0014139157950501247,extra_trees_all_leaf50,2021
lag2_completions,-3.579533658371048e-06,extra_trees_all_leaf50,2021
lag2_attempts,1.431813463337317e-05,extra_trees_all_leaf50,2021
lag2_passing_yards,0.0,extra_trees_all_leaf50,2021
lag2_passing_tds,2.1477201950115266e-05,extra_trees_all_leaf50,2021
lag2_passing_interceptions,-1.0738600975113144e-05,extra_trees_all_leaf50,2021
lag2_sacks_suffered,-3.579533658371048e-06,extra_trees_all_leaf50,2021
lag2_sack_yards_lost,-1.789766829185524e-05,extra_trees_all_leaf50,2021
lag2_sack_fumbles,-5.011347121708365e-05,extra_trees_all_leaf50,2021
lag2_sack_fumbles_lost,-1.789766829185524e-05,extra_trees_all_leaf50,2021
lag2_passing_first_downs,-2.863626926685736e-05,extra_trees_all_leaf50,2021
lag2_passing_10,-2.5056735608486314e-05,extra_trees_all_leaf50,2021
lag2_passing_16,-3.579533658371048e-06,extra_trees_all_leaf50,2021
lag2_passing_20,-3.579533658371048e-05,extra_trees_all_leaf50,2021
lag2_passing_40,-3.579533658371048e-06,extra_trees_all_leaf50,2021
lag2_carries,2.5056735608486314e-05,extra_trees_all_leaf50,2021
lag2_rushing_yards,-2.863626926685736e-05,extra_trees_all_leaf50,2021
lag2_rushing_tds,-5.727253853371472e-05,extra_trees_all_leaf50,2021
lag2_rushing_fumbles,7.874974048382999e-05,extra_trees_all_leaf50,2021
lag2_rushing_fumbles_lost,0.0005440891160699568,extra_trees_all_leaf50,2021
lag2_rushing_first_downs,-6.085207219208577e-05,extra_trees_all_leaf50,2021
lag2_rushing_10,-8.948834145905415e-05,extra_trees_all_leaf50,2021
lag2_rushing_12,3.758510341256294e-05,extra_trees_all_leaf50,2021
lag2_rushing_20,-1.4318134633484192e-05,extra_trees_all_leaf50,2021
lag2_rushing_40,-5.36930048754547e-05,extra_trees_all_leaf50,2021
lag2_receptions,8.948834145883211e-05,extra_trees_all_leaf50,2021
lag2_receiving_yards,0.0001467608799924358,extra_trees_all_leaf50,2021
lag2_receiving_tds,-0.0001503404136510289,extra_trees_all_leaf50,2021
lag2_receiving_fumbles,-0.00015391994730928893,extra_trees_all_leaf50,2021
lag2_receiving_fumbles_lost,-5.727253853371472e-05,extra_trees_all_leaf50,2021
lag2_receiving_first_downs,3.5795336583488435e-05,extra_trees_all_leaf50,2021
lag2_receiving_10,0.0003078398946183558,extra_trees_all_leaf50,2021
lag2_receiving_16,3.221580292511739e-05,extra_trees_all_leaf50,2021
lag2_receiving_20,9.306787511720316e-05,extra_trees_all_leaf50,2021
lag2_receiving_40,-8.232927414220104e-05,extra_trees_all_leaf50,2021
lag2_special_teams_tds,0.0,extra_trees_all_leaf50,2021
lag2_fumbles_total,0.00042596450534426733,extra_trees_all_leaf50,2021
lag2_fumbles_lost_total,0.0,extra_trees_all_leaf50,2021
lag2_punt_returns,2.863626926674634e-05,extra_trees_all_leaf50,2021
lag2_punt_return_yards,0.0,extra_trees_all_leaf50,2021
lag2_kickoff_returns,3.579533658371048e-06,extra_trees_all_leaf50,2021
lag2_kickoff_return_yards,2.505673560837529e-05,extra_trees_all_leaf50,2021
lag2_fg_made,0.0,extra_trees_all_leaf50,2021
lag2_fg_att,-2.5056735608597336e-05,extra_trees_all_leaf50,2021
lag2_fg_missed,-6.085207219208577e-05,extra_trees_all_leaf50,2021
lag2_fg_blocked,0.0,extra_trees_all_leaf50,2021
lag2_fg_made_0_19,-7.159067316742096e-06,extra_trees_all_leaf50,2021
lag2_fg_made_20_29,-1.4318134633484192e-05,extra_trees_all_leaf50,2021
lag2_fg_made_30_39,7.159067316697687e-05,extra_trees_all_leaf50,2021
lag2_fg_made_40_49,3.579533658371048e-06,extra_trees_all_leaf50,2021
lag2_fg_made_50_59,0.0,extra_trees_all_leaf50,2021
lag2_fg_made_60_,0.0,extra_trees_all_leaf50,2021
lag2_fg_missed_0_19,0.0,extra_trees_all_leaf50,2021
lag2_fg_missed_20_29,0.0,extra_trees_all_leaf50,2021
lag2_fg_missed_30_39,0.0,extra_trees_all_leaf50,2021
lag2_fg_missed_40_49,2.863626926674634e-05,extra_trees_all_leaf50,2021
lag2_fg_missed_50_59,-2.5056735608597336e-05,extra_trees_all_leaf50,2021
lag2_fg_missed_60_,0.0,extra_trees_all_leaf50,2021
lag2_fg_made_distance,-4.2954403900452576e-05,extra_trees_all_leaf50,2021
lag2_fg_missed_distance,-0.00013960181267602678,extra_trees_all_leaf50,2021
lag2_pat_made,-3.221580292533943e-05,extra_trees_all_leaf50,2021
lag2_pat_att,3.5795336581490034e-06,extra_trees_all_leaf50,2021
lag2_pat_missed,7.517020682534792e-05,extra_trees_all_leaf50,2021
lag2_pat_blocked,0.0,extra_trees_all_leaf50,2021
lag2_gwfg_made,0.0,extra_trees_all_leaf50,2021
lag2_gwfg_att,0.0,extra_trees_all_leaf50,2021
lag2_gwfg_missed,0.0,extra_trees_all_leaf50,2021
lag2_gwfg_blocked,0.0,extra_trees_all_leaf50,2021
lag2_gwfg_distance,0.0,extra_trees_all_leaf50,2021
lag2_targets,0.00023982875510952795,extra_trees_all_leaf50,2021
lag2_passing_air_yards,-1.4318134633484192e-05,extra_trees_all_leaf50,2021
lag2_passing_yards_after_catch,-3.221580292522841e-05,extra_trees_all_leaf50,2021
lag2_receiving_air_yards,-8.590880780057208e-05,extra_trees_all_leaf50,2021
lag2_receiving_yards_after_catch,9.306787511720316e-05,extra_trees_all_leaf50,2021
lag2_games,5.727253853349268e-05,extra_trees_all_leaf50,2021
lag2_roster_weeks,-0.0003865896351022968,extra_trees_all_leaf50,2021
lag2_offense_snaps,0.0007517020682544784,extra_trees_all_leaf50,2021
lag3_history_available,-0.0003901691687608899,extra_trees_all_leaf50,2021
lag3_completions,-3.579533658359946e-05,extra_trees_all_leaf50,2021
lag3_attempts,-0.00011096554340916942,extra_trees_all_leaf50,2021
lag3_passing_yards,-2.1477201950226288e-05,extra_trees_all_leaf50,2021
lag3_passing_tds,-2.147720195033731e-05,extra_trees_all_leaf50,2021
lag3_passing_interceptions,-3.5795336585930926e-06,extra_trees_all_leaf50,2021
lag3_sacks_suffered,-4.653393755860158e-05,extra_trees_all_leaf50,2021
lag3_sack_yards_lost,1.4318134633262147e-05,extra_trees_all_leaf50,2021
lag3_sack_fumbles,-7.159067316742096e-06,extra_trees_all_leaf50,2021
lag3_sack_fumbles_lost,-2.220446049250313e-16,extra_trees_all_leaf50,2021
lag3_passing_first_downs,0.0,extra_trees_all_leaf50,2021
lag3_passing_10,-3.579533658371048e-06,extra_trees_all_leaf50,2021
lag3_passing_16,-9.664740877579625e-05,extra_trees_all_leaf50,2021
lag3_passing_20,-1.789766829185524e-05,extra_trees_all_leaf50,2021
lag3_passing_40,-1.4318134633484192e-05,extra_trees_all_leaf50,2021
lag3_carries,-7.159067316853118e-06,extra_trees_all_leaf50,2021
lag3_rushing_yards,-1.1102230246251565e-16,extra_trees_all_leaf50,2021
lag3_rushing_tds,2.1477201950004243e-05,extra_trees_all_leaf50,2021
lag3_rushing_fumbles,-2.5056735608597336e-05,extra_trees_all_leaf50,2021
lag3_rushing_fumbles_lost,-1.4318134633484192e-05,extra_trees_all_leaf50,2021
lag3_rushing_first_downs,-5.36930048754547e-05,extra_trees_all_leaf50,2021
lag3_rushing_10,1.7897668291633195e-05,extra_trees_all_leaf50,2021
lag3_rushing_12,-4.65339375587126e-05,extra_trees_all_leaf50,2021
lag3_rushing_20,6.0852072191752704e-05,extra_trees_all_leaf50,2021
lag3_rushing_40,0.0,extra_trees_all_leaf50,2021
lag3_receptions,2.1477201950004243e-05,extra_trees_all_leaf50,2021
lag3_receiving_yards,-8.232927414220104e-05,extra_trees_all_leaf50,2021
lag3_receiving_tds,-8.232927414231206e-05,extra_trees_all_leaf50,2021
lag3_receiving_fumbles,2.5056735608486314e-05,extra_trees_all_leaf50,2021
lag3_receiving_fumbles_lost,0.0,extra_trees_all_leaf50,2021
lag3_receiving_first_downs,-4.2954403900452576e-05,extra_trees_all_leaf50,2021
lag3_receiving_10,-2.1477201950226288e-05,extra_trees_all_leaf50,2021
lag3_receiving_16,2.505673560826427e-05,extra_trees_all_leaf50,2021
lag3_receiving_20,-2.8636269266968384e-05,extra_trees_all_leaf50,2021
lag3_receiving_40,0.0001360222790174337,extra_trees_all_leaf50,2021
lag3_special_teams_tds,0.0,extra_trees_all_leaf50,2021
lag3_fumbles_total,-6.085207219208577e-05,extra_trees_all_leaf50,2021
lag3_fumbles_lost_total,-6.443160585045682e-05,extra_trees_all_leaf50,2021
lag3_punt_returns,-3.579533658371048e-06,extra_trees_all_leaf50,2021
lag3_punt_return_yards,-1.1102230246251565e-16,extra_trees_all_leaf50,2021
lag3_kickoff_returns,5.72725385336037e-05,extra_trees_all_leaf50,2021
lag3_kickoff_return_yards,-1.0738600975113144e-05,extra_trees_all_leaf50,2021
lag3_fg_made,-3.579533658371048e-06,extra_trees_all_leaf50,2021
lag3_fg_att,-7.159067316742096e-06,extra_trees_all_leaf50,2021
lag3_fg_missed,0.0,extra_trees_all_leaf50,2021
lag3_fg_blocked,0.0,extra_trees_all_leaf50,2021
lag3_fg_made_0_19,0.0,extra_trees_all_leaf50,2021
lag3_fg_made_20_29,-3.221580292533943e-05,extra_trees_all_leaf50,2021
lag3_fg_made_30_39,-1.789766829185524e-05,extra_trees_all_leaf50,2021
lag3_fg_made_40_49,0.0,extra_trees_all_leaf50,2021
lag3_fg_made_50_59,-3.5795336585930926e-06,extra_trees_all_leaf50,2021
lag3_fg_made_60_,0.0,extra_trees_all_leaf50,2021
lag3_fg_missed_0_19,0.0,extra_trees_all_leaf50,2021
lag3_fg_missed_20_29,0.0,extra_trees_all_leaf50,2021
lag3_fg_missed_30_39,0.0,extra_trees_all_leaf50,2021
lag3_fg_missed_40_49,0.0,extra_trees_all_leaf50,2021
lag3_fg_missed_50_59,-7.159067316742096e-06,extra_trees_all_leaf50,2021
lag3_fg_missed_60_,0.0,extra_trees_all_leaf50,2021
lag3_fg_made_distance,-7.159067316742096e-06,extra_trees_all_leaf50,2021
lag3_fg_missed_distance,-1.4318134633484192e-05,extra_trees_all_leaf50,2021
lag3_pat_made,3.937487024185948e-05,extra_trees_all_leaf50,2021
lag3_pat_att,-1.789766829185524e-05,extra_trees_all_leaf50,2021
lag3_pat_missed,0.0,extra_trees_all_leaf50,2021
lag3_pat_blocked,0.0,extra_trees_all_leaf50,2021
lag3_gwfg_made,0.0,extra_trees_all_leaf50,2021
lag3_gwfg_att,0.0,extra_trees_all_leaf50,2021
lag3_gwfg_missed,0.0,extra_trees_all_leaf50,2021
lag3_gwfg_blocked,0.0,extra_trees_all_leaf50,2021
lag3_gwfg_distance,-2.220446049250313e-16,extra_trees_all_leaf50,2021
lag3_targets,-5.7272538533825745e-05,extra_trees_all_leaf50,2021
lag3_passing_air_yards,7.159067316631074e-06,extra_trees_all_leaf50,2021
lag3_passing_yards_after_catch,-7.874974048394101e-05,extra_trees_all_leaf50,2021
lag3_receiving_air_yards,-6.443160585045682e-05,extra_trees_all_leaf50,2021
lag3_receiving_yards_after_catch,-7.159067316742096e-06,extra_trees_all_leaf50,2021
lag3_games,0.00010022694243394525,extra_trees_all_leaf50,2021
lag3_roster_weeks,0.00037943056778566575,extra_trees_all_leaf50,2021
lag3_offense_snaps,0.00025414688974312316,extra_trees_all_leaf50,2021
lag4_history_available,0.000644316058503791,extra_trees_all_leaf50,2021
lag4_completions,3.579533658371048e-06,extra_trees_all_leaf50,2021
lag4_attempts,-3.5795336584820703e-06,extra_trees_all_leaf50,2021
lag4_passing_yards,-7.159067316742096e-06,extra_trees_all_leaf50,2021
lag4_passing_tds,1.07386009748911e-05,extra_trees_all_leaf50,2021
lag4_passing_interceptions,-3.579533658371048e-06,extra_trees_all_leaf50,2021
lag4_sacks_suffered,-7.159067316742096e-06,extra_trees_all_leaf50,2021
lag4_sack_yards_lost,3.221580292511739e-05,extra_trees_all_leaf50,2021
lag4_sack_fumbles,-3.5795336582600257e-06,extra_trees_all_leaf50,2021
lag4_sack_fumbles_lost,-3.9374870241970505e-05,extra_trees_all_leaf50,2021
lag4_passing_first_downs,0.0,extra_trees_all_leaf50,2021
lag4_passing_10,4.6533937558379534e-05,extra_trees_all_leaf50,2021
lag4_passing_16,3.5795336582600257e-06,extra_trees_all_leaf50,2021
lag4_passing_20,0.0,extra_trees_all_leaf50,2021
lag4_passing_40,-1.0738600975113144e-05,extra_trees_all_leaf50,2021
lag4_carries,-3.579533658371048e-06,extra_trees_all_leaf50,2021
lag4_rushing_yards,0.0,extra_trees_all_leaf50,2021
lag4_rushing_tds,-1.0738600975113144e-05,extra_trees_all_leaf50,2021
lag4_rushing_fumbles,1.0738600975002122e-05,extra_trees_all_leaf50,2021
lag4_rushing_fumbles_lost,3.221580292522841e-05,extra_trees_all_leaf50,2021
lag4_rushing_first_downs,7.159067316631074e-06,extra_trees_all_leaf50,2021
lag4_rushing_10,-2.8636269266968384e-05,extra_trees_all_leaf50,2021
lag4_rushing_12,0.0,extra_trees_all_leaf50,2021
lag4_rushing_20,-7.159067316853118e-06,extra_trees_all_leaf50,2021
lag4_rushing_40,-3.579533658371048e-06,extra_trees_all_leaf50,2021
lag4_receptions,-8.232927414220104e-05,extra_trees_all_leaf50,2021
lag4_receiving_yards,-0.00016465854828440207,extra_trees_all_leaf50,2021
lag4_receiving_tds,0.00031857849559358,extra_trees_all_leaf50,2021
lag4_receiving_fumbles,-5.727253853371472e-05,extra_trees_all_leaf50,2021
lag4_receiving_fumbles_lost,0.0,extra_trees_all_leaf50,2021
lag4_receiving_first_downs,-0.00022551062047648784,extra_trees_all_leaf50,2021
lag4_receiving_10,-6.085207219219679e-05,extra_trees_all_leaf50,2021
lag4_receiving_16,-0.0001109655434090584,extra_trees_all_leaf50,2021
lag4_receiving_20,2.1477201950115266e-05,extra_trees_all_leaf50,2021
lag4_receiving_40,-2.863626926685736e-05,extra_trees_all_leaf50,2021
lag4_special_teams_tds,0.0,extra_trees_all_leaf50,2021
lag4_fumbles_total,-3.221580292533943e-05,extra_trees_all_leaf50,2021
lag4_fumbles_lost_total,-0.0001360222790175447,extra_trees_all_leaf50,2021
lag4_punt_returns,-1.0738600975113144e-05,extra_trees_all_leaf50,2021
lag4_punt_return_yards,0.0,extra_trees_all_leaf50,2021
lag4_kickoff_returns,-2.1477201950226288e-05,extra_trees_all_leaf50,2021
lag4_kickoff_return_yards,-2.1477201950115266e-05,extra_trees_all_leaf50,2021
lag4_fg_made,0.0,extra_trees_all_leaf50,2021
lag4_fg_att,0.0,extra_trees_all_leaf50,2021
lag4_fg_missed,0.0,extra_trees_all_leaf50,2021
lag4_fg_blocked,0.0,extra_trees_all_leaf50,2021
lag4_fg_made_0_19,0.0,extra_trees_all_leaf50,2021
lag4_fg_made_20_29,-7.159067316742096e-06,extra_trees_all_leaf50,2021
lag4_fg_made_30_39,0.0,extra_trees_all_leaf50,2021
lag4_fg_made_40_49,0.0,extra_trees_all_leaf50,2021
lag4_fg_made_50_59,-1.0738600975113144e-05,extra_trees_all_leaf50,2021
lag4_fg_made_60_,0.0,extra_trees_all_leaf50,2021
lag4_fg_missed_0_19,0.0,extra_trees_all_leaf50,2021
lag4_fg_missed_20_29,0.0,extra_trees_all_leaf50,2021
lag4_fg_missed_30_39,0.0,extra_trees_all_leaf50,2021
lag4_fg_missed_40_49,0.0,extra_trees_all_leaf50,2021
lag4_fg_missed_50_59,0.0,extra_trees_all_leaf50,2021
lag4_fg_missed_60_,0.0,extra_trees_all_leaf50,2021
lag4_fg_made_distance,0.0,extra_trees_all_leaf50,2021
lag4_fg_missed_distance,0.0,extra_trees_all_leaf50,2021
lag4_pat_made,0.0,extra_trees_all_leaf50,2021
lag4_pat_att,-1.4318134633484192e-05,extra_trees_all_leaf50,2021
lag4_pat_missed,0.0,extra_trees_all_leaf50,2021
lag4_pat_blocked,0.0,extra_trees_all_leaf50,2021
lag4_gwfg_made,0.0,extra_trees_all_leaf50,2021
lag4_gwfg_att,3.579533658371048e-06,extra_trees_all_leaf50,2021
lag4_gwfg_missed,0.0,extra_trees_all_leaf50,2021
lag4_gwfg_blocked,0.0,extra_trees_all_leaf50,2021
lag4_gwfg_distance,0.0,extra_trees_all_leaf50,2021
lag4_targets,-0.00010738600975068735,extra_trees_all_leaf50,2021
lag4_passing_air_yards,1.4318134633151125e-05,extra_trees_all_leaf50,2021
lag4_passing_yards_after_catch,-1.1102230246251565e-16,extra_trees_all_leaf50,2021
lag4_receiving_air_yards,-5.7272538533825745e-05,extra_trees_all_leaf50,2021
lag4_receiving_yards_after_catch,-5.3693004875343675e-05,extra_trees_all_leaf50,2021
lag4_games,-0.00016107901462614205,extra_trees_all_leaf50,2021
lag4_roster_weeks,-0.0003579533658355505,extra_trees_all_leaf50,2021
lag4_offense_snaps,0.00020761295218441056,extra_trees_all_leaf50,2021
lag1_completion_rate,-1.4318134633484192e-05,extra_trees_all_leaf50,2021
lag1_pass_yards_per_attempt,-3.5795336583488435e-05,extra_trees_all_leaf50,2021
lag1_pass_td_rate,0.0,extra_trees_all_leaf50,2021
lag1_interception_rate,-2.863626926685736e-05,extra_trees_all_leaf50,2021
lag1_rush_yards_per_carry,3.579533658337741e-05,extra_trees_all_leaf50,2021
lag1_rush_first_down_rate,-0.00022551062047637682,extra_trees_all_leaf50,2021
lag1_rush_20_rate,-7.874974048405203e-05,extra_trees_all_leaf50,2021
lag1_receiving_yards_per_reception,-1.789766829185524e-05,extra_trees_all_leaf50,2021
lag1_receiving_first_down_rate,-0.0015642562087011536,extra_trees_all_leaf50,2021
lag1_receiving_20_rate,0.00018076644974684974,extra_trees_all_leaf50,2021
lag1_field_goal_make_rate,-0.00013602227901765573,extra_trees_all_leaf50,2021
lag1_made_field_goal_mean_distance,-0.0002720445580350894,extra_trees_all_leaf50,2021
lag1_missed_field_goal_mean_distance,-7.159067316719891e-05,extra_trees_all_leaf50,2021
lag1_pat_make_rate,-0.00022193108681822782,extra_trees_all_leaf50,2021
lag1_catch_rate,0.0002487775892555666,extra_trees_all_leaf50,2021
lag1_receiving_yards_per_target,-0.0002595161902309018,extra_trees_all_leaf50,2021
lag1_receiving_air_yards_per_target,-0.0001431813463342868,extra_trees_all_leaf50,2021
lag1_receiving_yards_after_catch_per_reception,-0.0002845729258393881,extra_trees_all_leaf50,2021
lag1_passing_air_yards_per_attempt,-0.0008376108760551615,extra_trees_all_leaf50,2021
lag1_passing_yards_after_catch_per_completion,3.5795336582600257e-06,extra_trees_all_leaf50,2021
lag2_completion_rate,3.5795336583488435e-05,extra_trees_all_leaf50,2021
lag2_pass_yards_per_attempt,-2.1477201950226288e-05,extra_trees_all_leaf50,2021
lag2_pass_td_rate,-1.0738600975113144e-05,extra_trees_all_leaf50,2021
lag2_interception_rate,3.5795336582600257e-06,extra_trees_all_leaf50,2021
lag2_rush_yards_per_carry,-1.1102230246251565e-16,extra_trees_all_leaf50,2021
lag2_rush_first_down_rate,2.5056735608486314e-05,extra_trees_all_leaf50,2021
lag2_rush_20_rate,-8.232927414231206e-05,extra_trees_all_leaf50,2021
lag2_receiving_yards_per_reception,1.07386009748911e-05,extra_trees_all_leaf50,2021
lag2_receiving_first_down_rate,-0.00010022694243405628,extra_trees_all_leaf50,2021
lag2_receiving_20_rate,0.00018613575023440632,extra_trees_all_leaf50,2021
lag2_field_goal_make_rate,-1.4318134633484192e-05,extra_trees_all_leaf50,2021
lag2_made_field_goal_mean_distance,-1.4318134633484192e-05,extra_trees_all_leaf50,2021
lag2_missed_field_goal_mean_distance,2.1477201950004243e-05,extra_trees_all_leaf50,2021
lag2_pat_make_rate,-6.443160585045682e-05,extra_trees_all_leaf50,2021
lag2_catch_rate,0.0001539199473091779,extra_trees_all_leaf50,2021
lag2_receiving_yards_per_target,0.0001861357502342953,extra_trees_all_leaf50,2021
lag2_receiving_air_yards_per_target,-7.874974048382999e-05,extra_trees_all_leaf50,2021
lag2_receiving_yards_after_catch_per_reception,-5.369300487556572e-05,extra_trees_all_leaf50,2021
lag2_passing_air_yards_per_attempt,0.0001217041443839495,extra_trees_all_leaf50,2021
lag2_passing_yards_after_catch_per_completion,-2.220446049250313e-16,extra_trees_all_leaf50,2021
lag3_completion_rate,-0.00028278315901009154,extra_trees_all_leaf50,2021
lag3_pass_yards_per_attempt,-0.00025772642340171625,extra_trees_all_leaf50,2021
lag3_pass_td_rate,-2.8636269266968384e-05,extra_trees_all_leaf50,2021
lag3_interception_rate,1.4318134633262147e-05,extra_trees_all_leaf50,2021
lag3_rush_yards_per_carry,-1.0738600975113144e-05,extra_trees_all_leaf50,2021
lag3_rush_first_down_rate,-0.00017181761560114417,extra_trees_all_leaf50,2021
lag3_rush_20_rate,2.1477201950115266e-05,extra_trees_all_leaf50,2021
lag3_receiving_yards_per_reception,0.00013602227901732267,extra_trees_all_leaf50,2021
lag3_receiving_first_down_rate,0.0003293170965685821,extra_trees_all_leaf50,2021
lag3_receiving_20_rate,-7.517020682545894e-05,extra_trees_all_leaf50,2021
lag3_field_goal_make_rate,-2.5056735608597336e-05,extra_trees_all_leaf50,2021
lag3_made_field_goal_mean_distance,0.0,extra_trees_all_leaf50,2021
lag3_missed_field_goal_mean_distance,-2.8636269266968384e-05,extra_trees_all_leaf50,2021
lag3_pat_make_rate,-2.1477201950226288e-05,extra_trees_all_leaf50,2021
lag3_catch_rate,-0.00017897668291777524,extra_trees_all_leaf50,2021
lag3_receiving_yards_per_target,-0.00011096554340894738,extra_trees_all_leaf50,2021
lag3_receiving_air_yards_per_target,-5.727253853371472e-05,extra_trees_all_leaf50,2021
lag3_receiving_yards_after_catch_per_reception,-0.00010380647609242732,extra_trees_all_leaf50,2021
lag3_passing_air_yards_per_attempt,-8.232927414220104e-05,extra_trees_all_leaf50,2021
lag3_passing_yards_after_catch_per_completion,-8.232927414220104e-05,extra_trees_all_leaf50,2021
lag4_completion_rate,0.00011812461072557845,extra_trees_all_leaf50,2021
lag4_pass_yards_per_attempt,-1.4318134633484192e-05,extra_trees_all_leaf50,2021
lag4_pass_td_rate,-1.789766829185524e-05,extra_trees_all_leaf50,2021
lag4_interception_rate,0.0,extra_trees_all_leaf50,2021
lag4_rush_yards_per_carry,-2.8636269266968384e-05,extra_trees_all_leaf50,2021
lag4_rush_first_down_rate,5.727253853349268e-05,extra_trees_all_leaf50,2021
lag4_rush_20_rate,-7.159067316742096e-06,extra_trees_all_leaf50,2021
lag4_receiving_yards_per_reception,-0.00021477201950148572,extra_trees_all_leaf50,2021
lag4_receiving_first_down_rate,0.00020403341852615053,extra_trees_all_leaf50,2021
lag4_receiving_20_rate,-3.5795336584820703e-06,extra_trees_all_leaf50,2021
lag4_field_goal_make_rate,0.0,extra_trees_all_leaf50,2021
lag4_made_field_goal_mean_distance,0.0,extra_trees_all_leaf50,2021
lag4_missed_field_goal_mean_distance,0.0,extra_trees_all_leaf50,2021
lag4_pat_make_rate,0.0,extra_trees_all_leaf50,2021
lag4_catch_rate,2.863626926685736e-05,extra_trees_all_leaf50,2021
lag4_receiving_yards_per_target,-0.000558407250703552,extra_trees_all_leaf50,2021
lag4_receiving_air_yards_per_target,-0.00010559624292150183,extra_trees_all_leaf50,2021
lag4_receiving_yards_after_catch_per_reception,-0.0001503404136510289,extra_trees_all_leaf50,2021
lag4_passing_air_yards_per_attempt,1.07386009748911e-05,extra_trees_all_leaf50,2021
lag4_passing_yards_after_catch_per_completion,-3.5795336584820703e-06,extra_trees_all_leaf50,2021
lag1_late6_attempts,-1.0738600975113144e-05,extra_trees_all_leaf50,2021
lag1_weekly_slope_attempts,7.159067316631074e-06,extra_trees_all_leaf50,2021
lag1_late6_mean_delta_attempts,1.0738600975113144e-05,extra_trees_all_leaf50,2021
lag1_late6_passing_yards,-5.011347121708365e-05,extra_trees_all_leaf50,2021
lag1_weekly_slope_passing_yards,7.159067316520051e-06,extra_trees_all_leaf50,2021
lag1_late6_mean_delta_passing_yards,-3.579533658371048e-06,extra_trees_all_leaf50,2021
lag1_late6_passing_first_downs,6.801113950860582e-05,extra_trees_all_leaf50,2021
lag1_weekly_slope_passing_first_downs,3.5795336582600257e-06,extra_trees_all_leaf50,2021
lag1_late6_mean_delta_passing_first_downs,0.0,extra_trees_all_leaf50,2021
lag1_late6_passing_20,-8.232927414231206e-05,extra_trees_all_leaf50,2021
lag1_weekly_slope_passing_20,-1.0738600975113144e-05,extra_trees_all_leaf50,2021
lag1_late6_mean_delta_passing_20,0.0,extra_trees_all_leaf50,2021
lag1_late6_carries,0.00016107901462592,extra_trees_all_leaf50,2021
lag1_weekly_slope_carries,-2.1477201950226288e-05,extra_trees_all_leaf50,2021
lag1_late6_mean_delta_carries,-0.00012170414438417154,extra_trees_all_leaf50,2021
lag1_late6_rushing_yards,0.0002183515531595237,extra_trees_all_leaf50,2021
lag1_weekly_slope_rushing_yards,-6.085207219219679e-05,extra_trees_all_leaf50,2021
lag1_late6_mean_delta_rushing_yards,-2.5056735608597336e-05,extra_trees_all_leaf50,2021
lag1_late6_rushing_first_downs,-6.085207219208577e-05,extra_trees_all_leaf50,2021
lag1_weekly_slope_rushing_first_downs,2.863626926674634e-05,extra_trees_all_leaf50,2021
lag1_late6_mean_delta_rushing_first_downs,-3.9374870241970505e-05,extra_trees_all_leaf50,2021
lag1_late6_rushing_20,-3.221580292533943e-05,extra_trees_all_leaf50,2021
lag1_weekly_slope_rushing_20,-1.0738600975113144e-05,extra_trees_all_leaf50,2021
lag1_late6_mean_delta_rushing_20,7.159067316631074e-06,extra_trees_all_leaf50,2021
lag1_late6_receptions,-0.001161558672136298,extra_trees_all_leaf50,2021
lag1_weekly_slope_receptions,-0.0001252836780425426,extra_trees_all_leaf50,2021
lag1_late6_mean_delta_receptions,-0.00026488549071834733,extra_trees_all_leaf50,2021
lag1_late6_receiving_yards,-0.0004474417072944936,extra_trees_all_leaf50,2021
lag1_weekly_slope_receiving_yards,-8.590880780057208e-05,extra_trees_all_leaf50,2021
lag1_late6_mean_delta_receiving_yards,-1.0738600975224166e-05,extra_trees_all_leaf50,2021
lag1_late6_receiving_first_downs,7.517020682534792e-05,extra_trees_all_leaf50,2021
lag1_weekly_slope_receiving_first_downs,-4.2954403900452576e-05,extra_trees_all_leaf50,2021
lag1_late6_mean_delta_receiving_first_downs,-0.00029352175998509367,extra_trees_all_leaf50,2021
lag1_late6_receiving_20,1.431813463337317e-05,extra_trees_all_leaf50,2021
lag1_weekly_slope_receiving_20,-0.00021835155315963473,extra_trees_all_leaf50,2021
lag1_late6_mean_delta_receiving_20,-0.00020403341852637258,extra_trees_all_leaf50,2021
lag1_late6_punt_return_yards,2.863626926674634e-05,extra_trees_all_leaf50,2021
lag1_weekly_slope_punt_return_yards,5.72725385336037e-05,extra_trees_all_leaf50,2021
lag1_late6_mean_delta_punt_return_yards,1.0738600975002122e-05,extra_trees_all_leaf50,2021
lag1_late6_kickoff_return_yards,2.863626926674634e-05,extra_trees_all_leaf50,2021
lag1_weekly_slope_kickoff_return_yards,1.7897668291744218e-05,extra_trees_all_leaf50,2021
lag1_late6_mean_delta_kickoff_return_yards,-3.579533658371048e-06,extra_trees_all_leaf50,2021
lag1_late6_fg_made,0.0,extra_trees_all_leaf50,2021
lag1_weekly_slope_fg_made,0.0,extra_trees_all_leaf50,2021
lag1_late6_mean_delta_fg_made,0.0,extra_trees_all_leaf50,2021
lag1_late6_fg_att,1.7897668291633195e-05,extra_trees_all_leaf50,2021
lag1_weekly_slope_fg_att,0.0,extra_trees_all_leaf50,2021
lag1_late6_mean_delta_fg_att,0.0,extra_trees_all_leaf50,2021
lag1_late6_pat_att,7.159067316742096e-06,extra_trees_all_leaf50,2021
lag1_weekly_slope_pat_att,0.0,extra_trees_all_leaf50,2021
lag1_late6_mean_delta_pat_att,-7.159067316742096e-06,extra_trees_all_leaf50,2021
lag1_late6_targets,-0.0004062770702233376,extra_trees_all_leaf50,2021
lag1_weekly_slope_targets,-0.0001181246107258005,extra_trees_all_leaf50,2021
lag1_late6_mean_delta_targets,0.00011812461072557845,extra_trees_all_leaf50,2021
lag1_late6_passing_air_yards,2.1477201950004243e-05,extra_trees_all_leaf50,2021
lag1_weekly_slope_passing_air_yards,0.0,extra_trees_all_leaf50,2021
lag1_late6_mean_delta_passing_air_yards,2.1477201950115266e-05,extra_trees_all_leaf50,2021
lag1_late6_passing_yards_after_catch,5.011347121675058e-05,extra_trees_all_leaf50,2021
lag1_weekly_slope_passing_yards_after_catch,7.159067316742096e-06,extra_trees_all_leaf50,2021
lag1_late6_mean_delta_passing_yards_after_catch,0.0,extra_trees_all_leaf50,2021
lag1_late6_receiving_air_yards,-6.443160585045682e-05,extra_trees_all_leaf50,2021
lag1_weekly_slope_receiving_air_yards,-0.0001431813463342868,extra_trees_all_leaf50,2021
lag1_late6_mean_delta_receiving_air_yards,-0.00021119248584300365,extra_trees_all_leaf50,2021
lag1_late6_receiving_yards_after_catch,-0.00020224365169718705,extra_trees_all_leaf50,2021
lag1_weekly_slope_receiving_yards_after_catch,1.789766829185524e-05,extra_trees_all_leaf50,2021
lag1_late6_mean_delta_receiving_yards_after_catch,-1.6107901462780738e-05,extra_trees_all_leaf50,2021
position_K,-7.159067316742096e-06,extra_trees_all_leaf50,2021
injury_lag2_injury_reported,0.0032573756291029987,extra_trees_all_leaf50,2021
injury_lag2_injury_report_weeks,-0.0003418454643729918,extra_trees_all_leaf50,2021
injury_lag2_designation_count,-0.00016107901462614205,extra_trees_all_leaf50,2021
injury_lag3_injury_reported,-4.6533937558823624e-05,extra_trees_all_leaf50,2021
injury_lag3_injury_report_weeks,1.4318134633262147e-05,extra_trees_all_leaf50,2021
injury_lag3_designation_count,8.948834145883211e-05,extra_trees_all_leaf50,2021
injury_lag4_injury_reported,-0.00019329481755125943,extra_trees_all_leaf50,2021
injury_lag4_injury_report_weeks,-1.789766829185524e-05,extra_trees_all_leaf50,2021
injury_lag4_designation_count,0.0001145450770672074,extra_trees_all_leaf50,2021
injury_lag5_injury_reported,-3.937487024208153e-05,extra_trees_all_leaf50,2021
injury_lag5_injury_report_weeks,-3.579533658371048e-06,extra_trees_all_leaf50,2021
injury_lag5_designation_count,1.4318134633262147e-05,extra_trees_all_leaf50,2021
injury_lag1_reserve_weeks,0.0006335774575287889,extra_trees_all_leaf50,2021
injury_lag2_reserve_weeks,0.0001217041443839495,extra_trees_all_leaf50,2021
injury_lag3_reserve_weeks,9.664740877546318e-05,extra_trees_all_leaf50,2021
injury_lag4_reserve_weeks,0.0,extra_trees_all_leaf50,2021
injury_lag2_absence_report_weeks,3.937487024185948e-05,extra_trees_all_leaf50,2021
injury_lag2_absence_reported,-0.0001646585482845131,extra_trees_all_leaf50,2021
injury_lag3_absence_report_weeks,-1.4318134633484192e-05,extra_trees_all_leaf50,2021
injury_lag3_absence_reported,-0.00025772642340171625,extra_trees_all_leaf50,2021
injury_lag4_absence_report_weeks,-5.011347121708365e-05,extra_trees_all_leaf50,2021
injury_lag4_absence_reported,0.0002648854907181253,extra_trees_all_leaf50,2021
injury_lag5_absence_report_weeks,-1.789766829185524e-05,extra_trees_all_leaf50,2021
injury_lag5_absence_reported,4.653393755860158e-05,extra_trees_all_leaf50,2021
