feature,importance,learner,target_season
age,0.0046470934519941,ext_et_all,2019
missing_age,0.005764900750807489,ext_et_all,2019
years_exp,0.0009200640432245333,ext_et_all,2019
missing_years_exp,0.00011372957142852247,ext_et_all,2019
height,0.0018453222030341276,ext_et_all,2019
missing_height,0.00010272009099565604,ext_et_all,2019
weight,0.00045214442892071993,ext_et_all,2019
missing_weight,9.264547395126943e-05,ext_et_all,2019
draft_number,-0.0019497431237407437,ext_et_all,2019
missing_draft_number,0.042062882975972826,ext_et_all,2019
draft_round,0.0016043345165102085,ext_et_all,2019
missing_draft_round,0.046172718939779034,ext_et_all,2019
was_drafted,0.040965296300775056,ext_et_all,2019
missing_was_drafted,0.0,ext_et_all,2019
is_rookie,0.012804535712721998,ext_et_all,2019
missing_is_rookie,0.0,ext_et_all,2019
missing_team_changed,0.0,ext_et_all,2019
combine_forty,3.0407942113175324e-06,ext_et_all,2019
missing_combine_forty,0.0001065247603678765,ext_et_all,2019
combine_bench,0.0006325486950129466,ext_et_all,2019
missing_combine_bench,-0.001427890580730784,ext_et_all,2019
combine_vertical,0.0008066831760161763,ext_et_all,2019
missing_combine_vertical,0.00033755535798574154,ext_et_all,2019
combine_broad_jump,0.0002733182661015521,ext_et_all,2019
missing_combine_broad_jump,-8.829750303751549e-05,ext_et_all,2019
combine_cone,-0.00043355429529767786,ext_et_all,2019
missing_combine_cone,0.00013239446796664556,ext_et_all,2019
combine_shuttle,0.00012066600512961045,ext_et_all,2019
missing_combine_shuttle,-0.0007841240132058225,ext_et_all,2019
position_QB,-0.001523352498983832,ext_et_all,2019
position_RB,0.0012102470715213975,ext_et_all,2019
position_WR,0.0007888237051605351,ext_et_all,2019
position_TE,-0.0004623348108050429,ext_et_all,2019
lag1_history_available,0.003403827745208976,ext_et_all,2019
lag1_completions,0.0008325138294484891,ext_et_all,2019
lag1_attempts,-3.985788295013393e-05,ext_et_all,2019
lag1_passing_yards,0.001507017892574125,ext_et_all,2019
lag1_passing_tds,0.00010144913997633953,ext_et_all,2019
lag1_passing_interceptions,-0.0005899165993014099,ext_et_all,2019
lag1_sacks_suffered,-0.00010441901786850671,ext_et_all,2019
lag1_sack_yards_lost,-0.0001467703082427274,ext_et_all,2019
lag1_sack_fumbles,-0.00027814211360255303,ext_et_all,2019
lag1_sack_fumbles_lost,-1.4116005996989145e-05,ext_et_all,2019
lag1_passing_first_downs,0.0008123620459087322,ext_et_all,2019
lag1_passing_10,-0.0008867192146549963,ext_et_all,2019
lag1_passing_16,-0.0002679930235626182,ext_et_all,2019
lag1_passing_20,-9.875832932881856e-06,ext_et_all,2019
lag1_passing_40,-6.760400701044667e-05,ext_et_all,2019
lag1_carries,0.0021713042503438418,ext_et_all,2019
lag1_rushing_yards,0.001738021566407677,ext_et_all,2019
lag1_rushing_tds,0.0007518941224012865,ext_et_all,2019
lag1_rushing_fumbles,-3.082212898541936e-05,ext_et_all,2019
lag1_rushing_fumbles_lost,-0.000775480158422992,ext_et_all,2019
lag1_rushing_first_downs,0.008412495831180311,ext_et_all,2019
lag1_rushing_10,0.007073207762599121,ext_et_all,2019
lag1_rushing_12,0.00415897242526031,ext_et_all,2019
lag1_rushing_20,0.001757946104572139,ext_et_all,2019
lag1_rushing_40,0.0004494874935225823,ext_et_all,2019
lag1_receptions,0.013157864707907474,ext_et_all,2019
lag1_receiving_yards,0.013171220068454392,ext_et_all,2019
lag1_receiving_tds,0.00549740042469804,ext_et_all,2019
lag1_receiving_fumbles,1.5381730152586037e-05,ext_et_all,2019
lag1_receiving_fumbles_lost,-5.081982148658071e-05,ext_et_all,2019
lag1_receiving_first_downs,0.01002737744462523,ext_et_all,2019
lag1_receiving_10,0.004272005362707887,ext_et_all,2019
lag1_receiving_16,-0.0005342761577349364,ext_et_all,2019
lag1_receiving_20,0.003024531145492615,ext_et_all,2019
lag1_receiving_40,0.0009381138502029263,ext_et_all,2019
lag1_special_teams_tds,3.848216883350908e-05,ext_et_all,2019
lag1_fumbles_total,-0.00023279736948655927,ext_et_all,2019
lag1_fumbles_lost_total,0.000623945310981644,ext_et_all,2019
lag1_punt_returns,-8.839452575459816e-07,ext_et_all,2019
lag1_punt_return_yards,-3.521871365752549e-05,ext_et_all,2019
lag1_kickoff_returns,-0.0005491429613970755,ext_et_all,2019
lag1_kickoff_return_yards,0.0001540181412246211,ext_et_all,2019
lag1_fg_made,0.0,ext_et_all,2019
lag1_fg_att,0.0,ext_et_all,2019
lag1_fg_missed,0.0,ext_et_all,2019
lag1_fg_blocked,0.0,ext_et_all,2019
lag1_fg_made_0_19,0.0,ext_et_all,2019
lag1_fg_made_20_29,0.0,ext_et_all,2019
lag1_fg_made_30_39,0.0,ext_et_all,2019
lag1_fg_made_40_49,0.0,ext_et_all,2019
lag1_fg_made_50_59,0.0,ext_et_all,2019
lag1_fg_made_60_,0.0,ext_et_all,2019
lag1_fg_missed_0_19,0.0,ext_et_all,2019
lag1_fg_missed_20_29,0.0,ext_et_all,2019
lag1_fg_missed_30_39,0.0,ext_et_all,2019
lag1_fg_missed_40_49,0.0,ext_et_all,2019
lag1_fg_missed_50_59,0.0,ext_et_all,2019
lag1_fg_missed_60_,0.0,ext_et_all,2019
lag1_fg_made_distance,0.0,ext_et_all,2019
lag1_fg_missed_distance,0.0,ext_et_all,2019
lag1_pat_made,0.0,ext_et_all,2019
lag1_pat_att,0.0,ext_et_all,2019
lag1_pat_missed,0.0,ext_et_all,2019
lag1_pat_blocked,0.0,ext_et_all,2019
lag1_gwfg_made,0.0,ext_et_all,2019
lag1_gwfg_att,0.0,ext_et_all,2019
lag1_gwfg_missed,0.0,ext_et_all,2019
lag1_gwfg_blocked,0.0,ext_et_all,2019
lag1_gwfg_distance,0.0,ext_et_all,2019
lag1_targets,0.0075910022179714876,ext_et_all,2019
lag1_passing_air_yards,0.0007006094864488999,ext_et_all,2019
lag1_passing_yards_after_catch,0.0008901110834275139,ext_et_all,2019
lag1_receiving_air_yards,0.004001198438627784,ext_et_all,2019
lag1_receiving_yards_after_catch,0.01237305465786065,ext_et_all,2019
lag1_games,0.014653812251686271,ext_et_all,2019
lag1_roster_weeks,-0.00015311989830224526,ext_et_all,2019
lag1_offense_snaps,0.03236094588282945,ext_et_all,2019
lag2_history_available,0.009175296523278309,ext_et_all,2019
lag2_completions,0.0003381521849114,ext_et_all,2019
lag2_attempts,0.00016717648451525235,ext_et_all,2019
lag2_passing_yards,0.0005198297414122921,ext_et_all,2019
lag2_passing_tds,0.0005408639942070526,ext_et_all,2019
lag2_passing_interceptions,0.00030739858508765927,ext_et_all,2019
lag2_sacks_suffered,-0.0001349922931922487,ext_et_all,2019
lag2_sack_yards_lost,-5.881669165375136e-06,ext_et_all,2019
lag2_sack_fumbles,-2.067083611301257e-05,ext_et_all,2019
lag2_sack_fumbles_lost,0.00012255898913748897,ext_et_all,2019
lag2_passing_first_downs,0.000902004955043445,ext_et_all,2019
lag2_passing_10,0.0003869176228158411,ext_et_all,2019
lag2_passing_16,0.0006343968545999834,ext_et_all,2019
lag2_passing_20,0.00022422866139126807,ext_et_all,2019
lag2_passing_40,0.0006029137647295402,ext_et_all,2019
lag2_carries,5.2177964906308105e-05,ext_et_all,2019
lag2_rushing_yards,0.0002188223175868531,ext_et_all,2019
lag2_rushing_tds,-4.668989127665224e-05,ext_et_all,2019
lag2_rushing_fumbles,0.00059172323570722,ext_et_all,2019
lag2_rushing_fumbles_lost,-0.00027594773553030194,ext_et_all,2019
lag2_rushing_first_downs,0.0005610259621028346,ext_et_all,2019
lag2_rushing_10,0.00039739825948514884,ext_et_all,2019
lag2_rushing_12,0.0013714025706271782,ext_et_all,2019
lag2_rushing_20,0.00023858150184485893,ext_et_all,2019
lag2_rushing_40,-0.00020443914430234855,ext_et_all,2019
lag2_receptions,0.0017038742957625752,ext_et_all,2019
lag2_receiving_yards,-2.0349931407759314e-06,ext_et_all,2019
lag2_receiving_tds,-6.0780682960115406e-05,ext_et_all,2019
lag2_receiving_fumbles,-0.00034494090688619305,ext_et_all,2019
lag2_receiving_fumbles_lost,-0.0005896084130098123,ext_et_all,2019
lag2_receiving_first_downs,0.0010876774723812543,ext_et_all,2019
lag2_receiving_10,0.001245634657047412,ext_et_all,2019
lag2_receiving_16,0.0018339030112057841,ext_et_all,2019
lag2_receiving_20,-0.0003966489875136814,ext_et_all,2019
lag2_receiving_40,0.00014503075065286364,ext_et_all,2019
lag2_special_teams_tds,0.0,ext_et_all,2019
lag2_fumbles_total,0.0008989705344005783,ext_et_all,2019
lag2_fumbles_lost_total,-4.574549742630829e-05,ext_et_all,2019
lag2_punt_returns,5.597372314769533e-05,ext_et_all,2019
lag2_punt_return_yards,0.000217133356322341,ext_et_all,2019
lag2_kickoff_returns,-5.391976548241306e-05,ext_et_all,2019
lag2_kickoff_return_yards,-4.034059786106603e-05,ext_et_all,2019
lag2_fg_made,0.0,ext_et_all,2019
lag2_fg_att,0.0,ext_et_all,2019
lag2_fg_missed,0.0,ext_et_all,2019
lag2_fg_blocked,0.0,ext_et_all,2019
lag2_fg_made_0_19,0.0,ext_et_all,2019
lag2_fg_made_20_29,0.0,ext_et_all,2019
lag2_fg_made_30_39,0.0,ext_et_all,2019
lag2_fg_made_40_49,0.0,ext_et_all,2019
lag2_fg_made_50_59,0.0,ext_et_all,2019
lag2_fg_made_60_,0.0,ext_et_all,2019
lag2_fg_missed_0_19,0.0,ext_et_all,2019
lag2_fg_missed_20_29,0.0,ext_et_all,2019
lag2_fg_missed_30_39,0.0,ext_et_all,2019
lag2_fg_missed_40_49,0.0,ext_et_all,2019
lag2_fg_missed_50_59,0.0,ext_et_all,2019
lag2_fg_missed_60_,0.0,ext_et_all,2019
lag2_fg_made_distance,0.0,ext_et_all,2019
lag2_fg_missed_distance,0.0,ext_et_all,2019
lag2_pat_made,0.0,ext_et_all,2019
lag2_pat_att,0.0,ext_et_all,2019
lag2_pat_missed,0.0,ext_et_all,2019
lag2_pat_blocked,0.0,ext_et_all,2019
lag2_gwfg_made,0.0,ext_et_all,2019
lag2_gwfg_att,0.0,ext_et_all,2019
lag2_gwfg_missed,0.0,ext_et_all,2019
lag2_gwfg_blocked,0.0,ext_et_all,2019
lag2_gwfg_distance,0.0,ext_et_all,2019
lag2_targets,0.003543880036270375,ext_et_all,2019
lag2_passing_air_yards,-0.0004955624874422027,ext_et_all,2019
lag2_passing_yards_after_catch,0.00020179558796273867,ext_et_all,2019
lag2_receiving_air_yards,0.00019234709657245386,ext_et_all,2019
lag2_receiving_yards_after_catch,0.0004682749246298634,ext_et_all,2019
lag2_games,0.0008964897826849727,ext_et_all,2019
lag2_roster_weeks,0.0007951464092785798,ext_et_all,2019
lag2_offense_snaps,0.004861848054280915,ext_et_all,2019
lag3_history_available,0.0001747115525593257,ext_et_all,2019
lag3_completions,-5.015268728680855e-05,ext_et_all,2019
lag3_attempts,-1.4229977703394958e-05,ext_et_all,2019
lag3_passing_yards,0.00022093265611433655,ext_et_all,2019
lag3_passing_tds,9.230428619555475e-06,ext_et_all,2019
lag3_passing_interceptions,2.1762175911987924e-05,ext_et_all,2019
lag3_sacks_suffered,0.0,ext_et_all,2019
lag3_sack_yards_lost,-3.6678331506334594e-05,ext_et_all,2019
lag3_sack_fumbles,9.940020889553924e-05,ext_et_all,2019
lag3_sack_fumbles_lost,0.0,ext_et_all,2019
lag3_passing_first_downs,0.0002503973542299365,ext_et_all,2019
lag3_passing_10,0.0001908139856666713,ext_et_all,2019
lag3_passing_16,-1.4116005996989145e-05,ext_et_all,2019
lag3_passing_20,-1.264236690479148e-05,ext_et_all,2019
lag3_passing_40,4.035572480576288e-05,ext_et_all,2019
lag3_carries,-0.00012887340220046895,ext_et_all,2019
lag3_rushing_yards,0.00018663072112323764,ext_et_all,2019
lag3_rushing_tds,-7.732128253890025e-06,ext_et_all,2019
lag3_rushing_fumbles,-2.829590511943536e-05,ext_et_all,2019
lag3_rushing_fumbles_lost,-6.29266371066084e-06,ext_et_all,2019
lag3_rushing_first_downs,7.819126528929576e-05,ext_et_all,2019
lag3_rushing_10,1.2859391343988946e-06,ext_et_all,2019
lag3_rushing_12,2.8161865549658494e-05,ext_et_all,2019
lag3_rushing_20,7.478939641680782e-05,ext_et_all,2019
lag3_rushing_40,-2.899222493224496e-05,ext_et_all,2019
lag3_receptions,0.0004230845170943853,ext_et_all,2019
lag3_receiving_yards,0.00011298333047238263,ext_et_all,2019
lag3_receiving_tds,6.759741455775181e-05,ext_et_all,2019
lag3_receiving_fumbles,-5.94748416696822e-05,ext_et_all,2019
lag3_receiving_fumbles_lost,1.684764259879401e-05,ext_et_all,2019
lag3_receiving_first_downs,0.00019118331949630196,ext_et_all,2019
lag3_receiving_10,-0.0006443051609954509,ext_et_all,2019
lag3_receiving_16,-0.0002426865934165301,ext_et_all,2019
lag3_receiving_20,-9.329501681887287e-05,ext_et_all,2019
lag3_receiving_40,1.466912014036481e-05,ext_et_all,2019
lag3_special_teams_tds,0.0,ext_et_all,2019
lag3_fumbles_total,-0.00013064988127098331,ext_et_all,2019
lag3_fumbles_lost_total,-5.576821833019885e-05,ext_et_all,2019
lag3_punt_returns,0.00018448384214597713,ext_et_all,2019
lag3_punt_return_yards,0.0001099843957418356,ext_et_all,2019
lag3_kickoff_returns,0.00010686000389947825,ext_et_all,2019
lag3_kickoff_return_yards,6.307808978112117e-05,ext_et_all,2019
lag3_fg_made,0.0,ext_et_all,2019
lag3_fg_att,0.0,ext_et_all,2019
lag3_fg_missed,0.0,ext_et_all,2019
lag3_fg_blocked,0.0,ext_et_all,2019
lag3_fg_made_0_19,0.0,ext_et_all,2019
lag3_fg_made_20_29,0.0,ext_et_all,2019
lag3_fg_made_30_39,0.0,ext_et_all,2019
lag3_fg_made_40_49,0.0,ext_et_all,2019
lag3_fg_made_50_59,0.0,ext_et_all,2019
lag3_fg_made_60_,0.0,ext_et_all,2019
lag3_fg_missed_0_19,0.0,ext_et_all,2019
lag3_fg_missed_20_29,0.0,ext_et_all,2019
lag3_fg_missed_30_39,0.0,ext_et_all,2019
lag3_fg_missed_40_49,0.0,ext_et_all,2019
lag3_fg_missed_50_59,0.0,ext_et_all,2019
lag3_fg_missed_60_,0.0,ext_et_all,2019
lag3_fg_made_distance,0.0,ext_et_all,2019
lag3_fg_missed_distance,0.0,ext_et_all,2019
lag3_pat_made,0.0,ext_et_all,2019
lag3_pat_att,0.0,ext_et_all,2019
lag3_pat_missed,0.0,ext_et_all,2019
lag3_pat_blocked,0.0,ext_et_all,2019
lag3_gwfg_made,0.0,ext_et_all,2019
lag3_gwfg_att,0.0,ext_et_all,2019
lag3_gwfg_missed,0.0,ext_et_all,2019
lag3_gwfg_blocked,0.0,ext_et_all,2019
lag3_gwfg_distance,0.0,ext_et_all,2019
lag3_targets,-0.00020252297148848353,ext_et_all,2019
lag3_passing_air_yards,0.00028331659807889764,ext_et_all,2019
lag3_passing_yards_after_catch,5.855300536772301e-05,ext_et_all,2019
lag3_receiving_air_yards,2.561424093316944e-05,ext_et_all,2019
lag3_receiving_yards_after_catch,0.0006934671920156843,ext_et_all,2019
lag3_games,7.016555691419235e-05,ext_et_all,2019
lag3_roster_weeks,0.000225825222419207,ext_et_all,2019
lag3_offense_snaps,-9.553917381732724e-05,ext_et_all,2019
lag4_history_available,-0.0017297119503852931,ext_et_all,2019
lag4_completions,0.0002645077791032513,ext_et_all,2019
lag4_attempts,6.615758654571202e-06,ext_et_all,2019
lag4_passing_yards,0.0002082110884557009,ext_et_all,2019
lag4_passing_tds,-9.733093096786494e-05,ext_et_all,2019
lag4_passing_interceptions,3.5290014992472862e-06,ext_et_all,2019
lag4_sacks_suffered,1.5429285822876615e-05,ext_et_all,2019
lag4_sack_yards_lost,6.999186306844152e-05,ext_et_all,2019
lag4_sack_fumbles,1.8100197970438714e-06,ext_et_all,2019
lag4_sack_fumbles_lost,-1.6468673663116995e-05,ext_et_all,2019
lag4_passing_first_downs,-2.823201199397829e-05,ext_et_all,2019
lag4_passing_10,-1.4116005996989145e-05,ext_et_all,2019
lag4_passing_16,-4.1969176701739386e-06,ext_et_all,2019
lag4_passing_20,-4.146974344154675e-05,ext_et_all,2019
lag4_passing_40,-0.0001099872133932811,ext_et_all,2019
lag4_carries,0.00013977566857181767,ext_et_all,2019
lag4_rushing_yards,-2.0066610228686166e-05,ext_et_all,2019
lag4_rushing_tds,-1.228809658671004e-05,ext_et_all,2019
lag4_rushing_fumbles,4.519350755216589e-05,ext_et_all,2019
lag4_rushing_fumbles_lost,9.438298553265945e-05,ext_et_all,2019
lag4_rushing_first_downs,2.101426576850418e-05,ext_et_all,2019
lag4_rushing_10,-4.361517736861664e-06,ext_et_all,2019
lag4_rushing_12,-0.00014763355916236343,ext_et_all,2019
lag4_rushing_20,0.0001113101712596487,ext_et_all,2019
lag4_rushing_40,5.097777832085981e-05,ext_et_all,2019
lag4_receptions,6.215651238361541e-05,ext_et_all,2019
lag4_receiving_yards,0.00010715244968806381,ext_et_all,2019
lag4_receiving_tds,-1.3505564120830371e-05,ext_et_all,2019
lag4_receiving_fumbles,-2.602595673806274e-05,ext_et_all,2019
lag4_receiving_fumbles_lost,-0.00024166047215468112,ext_et_all,2019
lag4_receiving_first_downs,0.0001120236819892595,ext_et_all,2019
lag4_receiving_10,0.0001512073742460096,ext_et_all,2019
lag4_receiving_16,-7.021220465897038e-05,ext_et_all,2019
lag4_receiving_20,-9.670106972392567e-06,ext_et_all,2019
lag4_receiving_40,-0.00020258963563535293,ext_et_all,2019
lag4_special_teams_tds,0.0,ext_et_all,2019
lag4_fumbles_total,-0.0001652595405085,ext_et_all,2019
lag4_fumbles_lost_total,-6.050000365787067e-05,ext_et_all,2019
lag4_punt_returns,0.0,ext_et_all,2019
lag4_punt_return_yards,0.0,ext_et_all,2019
lag4_kickoff_returns,2.05750235323654e-05,ext_et_all,2019
lag4_kickoff_return_yards,6.696891182755849e-05,ext_et_all,2019
lag4_fg_made,0.0,ext_et_all,2019
lag4_fg_att,0.0,ext_et_all,2019
lag4_fg_missed,0.0,ext_et_all,2019
lag4_fg_blocked,0.0,ext_et_all,2019
lag4_fg_made_0_19,0.0,ext_et_all,2019
lag4_fg_made_20_29,0.0,ext_et_all,2019
lag4_fg_made_30_39,0.0,ext_et_all,2019
lag4_fg_made_40_49,0.0,ext_et_all,2019
lag4_fg_made_50_59,0.0,ext_et_all,2019
lag4_fg_made_60_,0.0,ext_et_all,2019
lag4_fg_missed_0_19,0.0,ext_et_all,2019
lag4_fg_missed_20_29,0.0,ext_et_all,2019
lag4_fg_missed_30_39,0.0,ext_et_all,2019
lag4_fg_missed_40_49,0.0,ext_et_all,2019
lag4_fg_missed_50_59,0.0,ext_et_all,2019
lag4_fg_missed_60_,0.0,ext_et_all,2019
lag4_fg_made_distance,0.0,ext_et_all,2019
lag4_fg_missed_distance,0.0,ext_et_all,2019
lag4_pat_made,0.0,ext_et_all,2019
lag4_pat_att,0.0,ext_et_all,2019
lag4_pat_missed,0.0,ext_et_all,2019
lag4_pat_blocked,0.0,ext_et_all,2019
lag4_gwfg_made,0.0,ext_et_all,2019
lag4_gwfg_att,0.0,ext_et_all,2019
lag4_gwfg_missed,0.0,ext_et_all,2019
lag4_gwfg_blocked,0.0,ext_et_all,2019
lag4_gwfg_distance,0.0,ext_et_all,2019
lag4_targets,5.157006948197651e-05,ext_et_all,2019
lag4_passing_air_yards,0.00025152025052954663,ext_et_all,2019
lag4_passing_yards_after_catch,3.7054515742096505e-05,ext_et_all,2019
lag4_receiving_air_yards,3.445568685211953e-05,ext_et_all,2019
lag4_receiving_yards_after_catch,-5.546376086651428e-05,ext_et_all,2019
lag4_games,0.0004994854360605983,ext_et_all,2019
lag4_roster_weeks,-0.0004445126628841445,ext_et_all,2019
lag4_offense_snaps,0.00013149278013302457,ext_et_all,2019
lag1_completion_rate,-1.5773446268241287e-05,ext_et_all,2019
lag1_pass_yards_per_attempt,0.00021715999917693019,ext_et_all,2019
lag1_pass_td_rate,0.0011818297847070447,ext_et_all,2019
lag1_interception_rate,-0.00015165617044654578,ext_et_all,2019
lag1_rush_yards_per_carry,-0.0007772406400705645,ext_et_all,2019
lag1_rush_first_down_rate,0.00018638432806472593,ext_et_all,2019
lag1_rush_20_rate,-0.0002507040251824577,ext_et_all,2019
lag1_receiving_yards_per_reception,0.000310884564099001,ext_et_all,2019
lag1_receiving_first_down_rate,0.00045562082460914866,ext_et_all,2019
lag1_receiving_20_rate,0.00041813961632819474,ext_et_all,2019
lag1_field_goal_make_rate,0.0,ext_et_all,2019
lag1_made_field_goal_mean_distance,0.0,ext_et_all,2019
lag1_missed_field_goal_mean_distance,0.0,ext_et_all,2019
lag1_pat_make_rate,0.0,ext_et_all,2019
lag1_catch_rate,0.0016261989699518642,ext_et_all,2019
lag1_receiving_yards_per_target,0.0001327760210952933,ext_et_all,2019
lag1_receiving_air_yards_per_target,0.00014867902982673709,ext_et_all,2019
lag1_receiving_yards_after_catch_per_reception,0.0014248462668575712,ext_et_all,2019
lag1_passing_air_yards_per_attempt,0.0002817443864590041,ext_et_all,2019
lag1_passing_yards_after_catch_per_completion,-0.0035362392778477414,ext_et_all,2019
lag2_completion_rate,-1.8486964024844177e-05,ext_et_all,2019
lag2_pass_yards_per_attempt,-4.683828439211446e-06,ext_et_all,2019
lag2_pass_td_rate,8.229015468053102e-05,ext_et_all,2019
lag2_interception_rate,-7.55334645476946e-05,ext_et_all,2019
lag2_rush_yards_per_carry,7.03631660744497e-05,ext_et_all,2019
lag2_rush_first_down_rate,-0.0002557559100589968,ext_et_all,2019
lag2_rush_20_rate,7.978441378697632e-05,ext_et_all,2019
lag2_receiving_yards_per_reception,6.698431803142668e-05,ext_et_all,2019
lag2_receiving_first_down_rate,1.0014774855515718e-05,ext_et_all,2019
lag2_receiving_20_rate,-0.0009647277137850852,ext_et_all,2019
lag2_field_goal_make_rate,0.0,ext_et_all,2019
lag2_made_field_goal_mean_distance,0.0,ext_et_all,2019
lag2_missed_field_goal_mean_distance,0.0,ext_et_all,2019
lag2_pat_make_rate,0.0,ext_et_all,2019
lag2_catch_rate,0.0003525501204372228,ext_et_all,2019
lag2_receiving_yards_per_target,-0.00027265440902202176,ext_et_all,2019
lag2_receiving_air_yards_per_target,9.428946178713371e-05,ext_et_all,2019
lag2_receiving_yards_after_catch_per_reception,0.0004225423043248133,ext_et_all,2019
lag2_passing_air_yards_per_attempt,8.285289359033499e-07,ext_et_all,2019
lag2_passing_yards_after_catch_per_completion,-0.0003555419769085688,ext_et_all,2019
lag3_completion_rate,3.366325921905222e-06,ext_et_all,2019
lag3_pass_yards_per_attempt,-1.4610794832115026e-05,ext_et_all,2019
lag3_pass_td_rate,-7.685918329669583e-06,ext_et_all,2019
lag3_interception_rate,-3.6627006837708365e-05,ext_et_all,2019
lag3_rush_yards_per_carry,0.00013918496203013664,ext_et_all,2019
lag3_rush_first_down_rate,8.821207578435519e-05,ext_et_all,2019
lag3_rush_20_rate,0.00014615095301240277,ext_et_all,2019
lag3_receiving_yards_per_reception,-3.6933844424491546e-05,ext_et_all,2019
lag3_receiving_first_down_rate,-9.481385248111263e-05,ext_et_all,2019
lag3_receiving_20_rate,-2.839620192984782e-05,ext_et_all,2019
lag3_field_goal_make_rate,0.0,ext_et_all,2019
lag3_made_field_goal_mean_distance,0.0,ext_et_all,2019
lag3_missed_field_goal_mean_distance,0.0,ext_et_all,2019
lag3_pat_make_rate,0.0,ext_et_all,2019
lag3_catch_rate,0.00047477286307562316,ext_et_all,2019
lag3_receiving_yards_per_target,-0.00025926535430531583,ext_et_all,2019
lag3_receiving_air_yards_per_target,2.3526535878448662e-05,ext_et_all,2019
lag3_receiving_yards_after_catch_per_reception,-9.695142493826303e-06,ext_et_all,2019
lag3_passing_air_yards_per_attempt,-0.0001751651796000342,ext_et_all,2019
lag3_passing_yards_after_catch_per_completion,-0.00011316428243413057,ext_et_all,2019
lag4_completion_rate,-2.282366164119143e-05,ext_et_all,2019
lag4_pass_yards_per_attempt,2.5320720464794277e-06,ext_et_all,2019
lag4_pass_td_rate,-0.0001470417291353776,ext_et_all,2019
lag4_interception_rate,0.00015762873363311947,ext_et_all,2019
lag4_rush_yards_per_carry,1.7638643163397916e-05,ext_et_all,2019
lag4_rush_first_down_rate,0.0001927112069283199,ext_et_all,2019
lag4_rush_20_rate,-1.9623558360271076e-05,ext_et_all,2019
lag4_receiving_yards_per_reception,0.00021626596225987615,ext_et_all,2019
lag4_receiving_first_down_rate,0.00018817407907134598,ext_et_all,2019
lag4_receiving_20_rate,3.222734250019066e-05,ext_et_all,2019
lag4_field_goal_make_rate,0.0,ext_et_all,2019
lag4_made_field_goal_mean_distance,0.0,ext_et_all,2019
lag4_missed_field_goal_mean_distance,0.0,ext_et_all,2019
lag4_pat_make_rate,0.0,ext_et_all,2019
lag4_catch_rate,0.0005231693857069564,ext_et_all,2019
lag4_receiving_yards_per_target,0.0002465775119028235,ext_et_all,2019
lag4_receiving_air_yards_per_target,0.00013724574825690894,ext_et_all,2019
lag4_receiving_yards_after_catch_per_reception,1.5094402125659379e-05,ext_et_all,2019
lag4_passing_air_yards_per_attempt,0.0,ext_et_all,2019
lag4_passing_yards_after_catch_per_completion,0.00015582259787561004,ext_et_all,2019
lag1_late6_attempts,7.466958407031932e-05,ext_et_all,2019
lag1_weekly_slope_attempts,0.00014221773988365438,ext_et_all,2019
lag1_late6_mean_delta_attempts,0.00020397554301765375,ext_et_all,2019
lag1_late6_passing_yards,-0.00023125272678459208,ext_et_all,2019
lag1_weekly_slope_passing_yards,-3.117284657672137e-05,ext_et_all,2019
lag1_late6_mean_delta_passing_yards,9.403729893864288e-05,ext_et_all,2019
lag1_late6_passing_first_downs,0.00020324945325667088,ext_et_all,2019
lag1_weekly_slope_passing_first_downs,0.0004443869572244852,ext_et_all,2019
lag1_late6_mean_delta_passing_first_downs,0.00034090879717074696,ext_et_all,2019
lag1_late6_passing_20,1.9409508245860074e-05,ext_et_all,2019
lag1_weekly_slope_passing_20,-0.000145751944768735,ext_et_all,2019
lag1_late6_mean_delta_passing_20,0.00017114530335804456,ext_et_all,2019
lag1_late6_carries,0.0004163672014495523,ext_et_all,2019
lag1_weekly_slope_carries,-0.0012553001752719783,ext_et_all,2019
lag1_late6_mean_delta_carries,-0.0010191934577411521,ext_et_all,2019
lag1_late6_rushing_yards,0.000598704483545931,ext_et_all,2019
lag1_weekly_slope_rushing_yards,0.0018849691296197735,ext_et_all,2019
lag1_late6_mean_delta_rushing_yards,0.0008067961148721103,ext_et_all,2019
lag1_late6_rushing_first_downs,-7.375415800647822e-05,ext_et_all,2019
lag1_weekly_slope_rushing_first_downs,0.0007934225684645968,ext_et_all,2019
lag1_late6_mean_delta_rushing_first_downs,-0.0006075501992729437,ext_et_all,2019
lag1_late6_rushing_20,-5.337424747919872e-05,ext_et_all,2019
lag1_weekly_slope_rushing_20,0.0015506108177602007,ext_et_all,2019
lag1_late6_mean_delta_rushing_20,0.0007837643979854425,ext_et_all,2019
lag1_late6_receptions,0.0038602079054130822,ext_et_all,2019
lag1_weekly_slope_receptions,0.001397659173820287,ext_et_all,2019
lag1_late6_mean_delta_receptions,0.0005302489561621604,ext_et_all,2019
lag1_late6_receiving_yards,0.0006835401482833126,ext_et_all,2019
lag1_weekly_slope_receiving_yards,0.0006559268820409692,ext_et_all,2019
lag1_late6_mean_delta_receiving_yards,0.00077933300615185,ext_et_all,2019
lag1_late6_receiving_first_downs,0.0015614755487532994,ext_et_all,2019
lag1_weekly_slope_receiving_first_downs,0.0002749706104795413,ext_et_all,2019
lag1_late6_mean_delta_receiving_first_downs,0.0002765955408146059,ext_et_all,2019
lag1_late6_receiving_20,0.00015995409992830556,ext_et_all,2019
lag1_weekly_slope_receiving_20,0.00039257857564167775,ext_et_all,2019
lag1_late6_mean_delta_receiving_20,0.0008426289787296648,ext_et_all,2019
lag1_late6_punt_return_yards,5.9135312727609524e-05,ext_et_all,2019
lag1_weekly_slope_punt_return_yards,-2.8519443646679576e-06,ext_et_all,2019
lag1_late6_mean_delta_punt_return_yards,-1.9600668942132415e-05,ext_et_all,2019
lag1_late6_kickoff_return_yards,2.5419380414892778e-05,ext_et_all,2019
lag1_weekly_slope_kickoff_return_yards,0.0007507331584725163,ext_et_all,2019
lag1_late6_mean_delta_kickoff_return_yards,0.0010019778396547219,ext_et_all,2019
lag1_late6_fg_made,0.0,ext_et_all,2019
lag1_weekly_slope_fg_made,0.0,ext_et_all,2019
lag1_late6_mean_delta_fg_made,0.0,ext_et_all,2019
lag1_late6_fg_att,0.0,ext_et_all,2019
lag1_weekly_slope_fg_att,0.0,ext_et_all,2019
lag1_late6_mean_delta_fg_att,0.0,ext_et_all,2019
lag1_late6_pat_att,0.0,ext_et_all,2019
lag1_weekly_slope_pat_att,0.0,ext_et_all,2019
lag1_late6_mean_delta_pat_att,0.0,ext_et_all,2019
lag1_late6_targets,0.0014749399510965988,ext_et_all,2019
lag1_weekly_slope_targets,0.00046809855243867826,ext_et_all,2019
lag1_late6_mean_delta_targets,0.0002778951886207581,ext_et_all,2019
lag1_late6_passing_air_yards,1.995682616495742e-05,ext_et_all,2019
lag1_weekly_slope_passing_air_yards,-0.00011049890176939581,ext_et_all,2019
lag1_late6_mean_delta_passing_air_yards,-0.0001605034257592397,ext_et_all,2019
lag1_late6_passing_yards_after_catch,-0.0015544035011025858,ext_et_all,2019
lag1_weekly_slope_passing_yards_after_catch,0.00034937308606497464,ext_et_all,2019
lag1_late6_mean_delta_passing_yards_after_catch,0.0005024635427586244,ext_et_all,2019
lag1_late6_receiving_air_yards,0.0002526532653973623,ext_et_all,2019
lag1_weekly_slope_receiving_air_yards,3.0408887755184466e-05,ext_et_all,2019
lag1_late6_mean_delta_receiving_air_yards,-0.000674571275227076,ext_et_all,2019
lag1_late6_receiving_yards_after_catch,0.0009296392673975307,ext_et_all,2019
lag1_weekly_slope_receiving_yards_after_catch,0.00044750213965616403,ext_et_all,2019
lag1_late6_mean_delta_receiving_yards_after_catch,0.00026645830995497555,ext_et_all,2019
position_K,0.0,ext_et_all,2019
injury_lag2_injury_reported,0.00020057809164708562,ext_et_all,2019
injury_lag2_injury_report_weeks,5.5579229334856706e-05,ext_et_all,2019
injury_lag2_designation_count,0.00035544076112070666,ext_et_all,2019
injury_lag3_injury_reported,3.571539577484906e-05,ext_et_all,2019
injury_lag3_injury_report_weeks,0.0006469813469721641,ext_et_all,2019
injury_lag3_designation_count,2.8211374960895874e-05,ext_et_all,2019
injury_lag4_injury_reported,0.000246872675749632,ext_et_all,2019
injury_lag4_injury_report_weeks,7.716950082292673e-05,ext_et_all,2019
injury_lag4_designation_count,-1.671145151083131e-05,ext_et_all,2019
injury_lag5_injury_reported,0.00014231056564939504,ext_et_all,2019
injury_lag5_injury_report_weeks,-3.80107089129611e-05,ext_et_all,2019
injury_lag5_designation_count,8.08919903337868e-05,ext_et_all,2019
injury_lag1_reserve_weeks,0.0011179890317732921,ext_et_all,2019
injury_lag2_reserve_weeks,-2.063710151178899e-05,ext_et_all,2019
injury_lag3_reserve_weeks,3.595461322281057e-05,ext_et_all,2019
injury_lag4_reserve_weeks,0.0,ext_et_all,2019
injury_lag2_absence_report_weeks,-2.208183073126868e-05,ext_et_all,2019
injury_lag2_absence_reported,-0.0001472937255119211,ext_et_all,2019
injury_lag3_absence_report_weeks,0.00011553450896040207,ext_et_all,2019
injury_lag3_absence_reported,0.00037495118126196214,ext_et_all,2019
injury_lag4_absence_report_weeks,4.041970159662789e-05,ext_et_all,2019
injury_lag4_absence_reported,0.00015519146751663548,ext_et_all,2019
injury_lag5_absence_report_weeks,2.1555997585465114e-05,ext_et_all,2019
injury_lag5_absence_reported,3.12320427251489e-05,ext_et_all,2019
age,0.0014943206280062515,ext_et_all,2020
missing_age,0.0025556501844726798,ext_et_all,2020
years_exp,0.0012696767931258401,ext_et_all,2020
missing_years_exp,-2.1123636144926294e-05,ext_et_all,2020
height,0.0019037412057318903,ext_et_all,2020
missing_height,-7.002644384135337e-05,ext_et_all,2020
weight,-0.000201745038828971,ext_et_all,2020
missing_weight,3.548712195622361e-05,ext_et_all,2020
draft_number,0.006536755355850632,ext_et_all,2020
missing_draft_number,0.04706622347472311,ext_et_all,2020
draft_round,0.012755153913093675,ext_et_all,2020
missing_draft_round,0.06744993906110808,ext_et_all,2020
was_drafted,0.044713787388438786,ext_et_all,2020
missing_was_drafted,0.0,ext_et_all,2020
is_rookie,0.00497955882403589,ext_et_all,2020
missing_is_rookie,0.0,ext_et_all,2020
missing_team_changed,0.0,ext_et_all,2020
combine_forty,-0.0005668615241775088,ext_et_all,2020
missing_combine_forty,-0.0010776732019035506,ext_et_all,2020
combine_bench,0.0004334377377230858,ext_et_all,2020
missing_combine_bench,-0.0011088516084943878,ext_et_all,2020
combine_vertical,-0.0010841336049972616,ext_et_all,2020
missing_combine_vertical,-0.00027046584051548805,ext_et_all,2020
combine_broad_jump,-0.00035930973451026027,ext_et_all,2020
missing_combine_broad_jump,-0.00017486352822415618,ext_et_all,2020
combine_cone,-0.0029674279316207475,ext_et_all,2020
missing_combine_cone,-0.0014055161563601981,ext_et_all,2020
combine_shuttle,-0.00033879313697815494,ext_et_all,2020
missing_combine_shuttle,-0.00037638580428089874,ext_et_all,2020
position_QB,0.0023417332955482095,ext_et_all,2020
position_RB,0.0040371630879082465,ext_et_all,2020
position_WR,-0.0009196067458419055,ext_et_all,2020
position_TE,0.000307287863862693,ext_et_all,2020
lag1_history_available,0.008655730233926517,ext_et_all,2020
lag1_completions,0.000144510989193658,ext_et_all,2020
lag1_attempts,4.3114487969897475e-05,ext_et_all,2020
lag1_passing_yards,0.006580329982019517,ext_et_all,2020
lag1_passing_tds,0.002995836799501439,ext_et_all,2020
lag1_passing_interceptions,-0.0002542924199991914,ext_et_all,2020
lag1_sacks_suffered,0.00011218376976995792,ext_et_all,2020
lag1_sack_yards_lost,1.895045145161589e-05,ext_et_all,2020
lag1_sack_fumbles,0.00017115975923109872,ext_et_all,2020
lag1_sack_fumbles_lost,-0.00012060361377319584,ext_et_all,2020
lag1_passing_first_downs,0.0008145144137204907,ext_et_all,2020
lag1_passing_10,-0.00033057371691314064,ext_et_all,2020
lag1_passing_16,0.0006073930943766293,ext_et_all,2020
lag1_passing_20,-0.0009055654855609774,ext_et_all,2020
lag1_passing_40,4.156279632272497e-05,ext_et_all,2020
lag1_carries,-0.0005740264353584212,ext_et_all,2020
lag1_rushing_yards,0.0007403528203990817,ext_et_all,2020
lag1_rushing_tds,0.004603835065292716,ext_et_all,2020
lag1_rushing_fumbles,0.0019404981998504267,ext_et_all,2020
lag1_rushing_fumbles_lost,-0.00028636011880334156,ext_et_all,2020
lag1_rushing_first_downs,0.0008777066064549199,ext_et_all,2020
lag1_rushing_10,0.005549617199773871,ext_et_all,2020
lag1_rushing_12,0.0006673591209735985,ext_et_all,2020
lag1_rushing_20,0.0037356143647225837,ext_et_all,2020
lag1_rushing_40,0.00027073624988749323,ext_et_all,2020
lag1_receptions,0.01669813245885743,ext_et_all,2020
lag1_receiving_yards,0.006081606787238347,ext_et_all,2020
lag1_receiving_tds,0.00028108044412289424,ext_et_all,2020
lag1_receiving_fumbles,0.00016173389212936762,ext_et_all,2020
lag1_receiving_fumbles_lost,3.410136558135157e-05,ext_et_all,2020
lag1_receiving_first_downs,0.009174361059627767,ext_et_all,2020
lag1_receiving_10,0.0041217482192168475,ext_et_all,2020
lag1_receiving_16,0.0009726926765249999,ext_et_all,2020
lag1_receiving_20,-4.0479625371014905e-05,ext_et_all,2020
lag1_receiving_40,-0.0001297105365504203,ext_et_all,2020
lag1_special_teams_tds,-4.410811408606108e-05,ext_et_all,2020
lag1_fumbles_total,0.0001710667084198203,ext_et_all,2020
lag1_fumbles_lost_total,-7.665813446655623e-05,ext_et_all,2020
lag1_punt_returns,-0.00011157910477765931,ext_et_all,2020
lag1_punt_return_yards,-0.0005051432125884325,ext_et_all,2020
lag1_kickoff_returns,0.0009205747268146158,ext_et_all,2020
lag1_kickoff_return_yards,0.0009844165671876182,ext_et_all,2020
lag1_fg_made,0.0,ext_et_all,2020
lag1_fg_att,0.0,ext_et_all,2020
lag1_fg_missed,0.0,ext_et_all,2020
lag1_fg_blocked,0.0,ext_et_all,2020
lag1_fg_made_0_19,0.0,ext_et_all,2020
lag1_fg_made_20_29,0.0,ext_et_all,2020
lag1_fg_made_30_39,0.0,ext_et_all,2020
lag1_fg_made_40_49,0.0,ext_et_all,2020
lag1_fg_made_50_59,0.0,ext_et_all,2020
lag1_fg_made_60_,0.0,ext_et_all,2020
lag1_fg_missed_0_19,0.0,ext_et_all,2020
lag1_fg_missed_20_29,0.0,ext_et_all,2020
lag1_fg_missed_30_39,0.0,ext_et_all,2020
lag1_fg_missed_40_49,0.0,ext_et_all,2020
lag1_fg_missed_50_59,0.0,ext_et_all,2020
lag1_fg_missed_60_,0.0,ext_et_all,2020
lag1_fg_made_distance,0.0,ext_et_all,2020
lag1_fg_missed_distance,0.0,ext_et_all,2020
lag1_pat_made,0.0,ext_et_all,2020
lag1_pat_att,0.0,ext_et_all,2020
lag1_pat_missed,0.0,ext_et_all,2020
lag1_pat_blocked,0.0,ext_et_all,2020
lag1_gwfg_made,0.0,ext_et_all,2020
lag1_gwfg_att,0.0,ext_et_all,2020
lag1_gwfg_missed,0.0,ext_et_all,2020
lag1_gwfg_blocked,0.0,ext_et_all,2020
lag1_gwfg_distance,0.0,ext_et_all,2020
lag1_targets,0.009059739124860133,ext_et_all,2020
lag1_passing_air_yards,0.0023068281881257757,ext_et_all,2020
lag1_passing_yards_after_catch,0.001710266349826961,ext_et_all,2020
lag1_receiving_air_yards,0.0021563919790781316,ext_et_all,2020
lag1_receiving_yards_after_catch,0.007991011110943025,ext_et_all,2020
lag1_games,0.03075441963344905,ext_et_all,2020
lag1_roster_weeks,-0.0003376602484261859,ext_et_all,2020
lag1_offense_snaps,0.05500586254354778,ext_et_all,2020
lag2_history_available,0.00021592390717206644,ext_et_all,2020
lag2_completions,-9.020945602222774e-05,ext_et_all,2020
lag2_attempts,-0.0005713859057256965,ext_et_all,2020
lag2_passing_yards,6.188823187258663e-05,ext_et_all,2020
lag2_passing_tds,0.000673827516414649,ext_et_all,2020
lag2_passing_interceptions,-0.00016016922619677132,ext_et_all,2020
lag2_sacks_suffered,-8.967485854038948e-05,ext_et_all,2020
lag2_sack_yards_lost,5.012457682063154e-05,ext_et_all,2020
lag2_sack_fumbles,-0.0001535897756236304,ext_et_all,2020
lag2_sack_fumbles_lost,-8.199138960074404e-05,ext_et_all,2020
lag2_passing_first_downs,0.0004428525225577129,ext_et_all,2020
lag2_passing_10,-0.00013879924535453725,ext_et_all,2020
lag2_passing_16,0.0007137511588806156,ext_et_all,2020
lag2_passing_20,-0.00017277666718318319,ext_et_all,2020
lag2_passing_40,0.0005324345676098741,ext_et_all,2020
lag2_carries,0.00012971291359731296,ext_et_all,2020
lag2_rushing_yards,-0.0005070820365098427,ext_et_all,2020
lag2_rushing_tds,-1.9548533778501742e-05,ext_et_all,2020
lag2_rushing_fumbles,-0.001349718720473625,ext_et_all,2020
lag2_rushing_fumbles_lost,-0.00011153087750048751,ext_et_all,2020
lag2_rushing_first_downs,-1.6216282554659678e-05,ext_et_all,2020
lag2_rushing_10,0.0002875511635540562,ext_et_all,2020
lag2_rushing_12,0.0014190282936485943,ext_et_all,2020
lag2_rushing_20,0.0001814986934426388,ext_et_all,2020
lag2_rushing_40,-5.773371615636069e-05,ext_et_all,2020
lag2_receptions,0.004464090242246588,ext_et_all,2020
lag2_receiving_yards,0.0027763950938608506,ext_et_all,2020
lag2_receiving_tds,-0.0005244789863405597,ext_et_all,2020
lag2_receiving_fumbles,0.00039357376265503063,ext_et_all,2020
lag2_receiving_fumbles_lost,0.00033732329627023105,ext_et_all,2020
lag2_receiving_first_downs,0.0005905437986533091,ext_et_all,2020
lag2_receiving_10,0.002013440548544243,ext_et_all,2020
lag2_receiving_16,0.0009622726602919185,ext_et_all,2020
lag2_receiving_20,0.00043381176867240967,ext_et_all,2020
lag2_receiving_40,0.00043615701387411665,ext_et_all,2020
lag2_special_teams_tds,0.0,ext_et_all,2020
lag2_fumbles_total,0.00012095490602870296,ext_et_all,2020
lag2_fumbles_lost_total,0.000669474376618906,ext_et_all,2020
lag2_punt_returns,9.988888083678482e-05,ext_et_all,2020
lag2_punt_return_yards,9.966521811710649e-05,ext_et_all,2020
lag2_kickoff_returns,-0.0001625295656776382,ext_et_all,2020
lag2_kickoff_return_yards,-6.44547603736445e-05,ext_et_all,2020
lag2_fg_made,0.0,ext_et_all,2020
lag2_fg_att,0.0,ext_et_all,2020
lag2_fg_missed,0.0,ext_et_all,2020
lag2_fg_blocked,0.0,ext_et_all,2020
lag2_fg_made_0_19,0.0,ext_et_all,2020
lag2_fg_made_20_29,0.0,ext_et_all,2020
lag2_fg_made_30_39,0.0,ext_et_all,2020
lag2_fg_made_40_49,0.0,ext_et_all,2020
lag2_fg_made_50_59,0.0,ext_et_all,2020
lag2_fg_made_60_,0.0,ext_et_all,2020
lag2_fg_missed_0_19,0.0,ext_et_all,2020
lag2_fg_missed_20_29,0.0,ext_et_all,2020
lag2_fg_missed_30_39,0.0,ext_et_all,2020
lag2_fg_missed_40_49,0.0,ext_et_all,2020
lag2_fg_missed_50_59,0.0,ext_et_all,2020
lag2_fg_missed_60_,0.0,ext_et_all,2020
lag2_fg_made_distance,0.0,ext_et_all,2020
lag2_fg_missed_distance,0.0,ext_et_all,2020
lag2_pat_made,0.0,ext_et_all,2020
lag2_pat_att,0.0,ext_et_all,2020
lag2_pat_missed,0.0,ext_et_all,2020
lag2_pat_blocked,0.0,ext_et_all,2020
lag2_gwfg_made,0.0,ext_et_all,2020
lag2_gwfg_att,0.0,ext_et_all,2020
lag2_gwfg_missed,0.0,ext_et_all,2020
lag2_gwfg_blocked,0.0,ext_et_all,2020
lag2_gwfg_distance,0.0,ext_et_all,2020
lag2_targets,0.00027698712922175073,ext_et_all,2020
lag2_passing_air_yards,8.561985464095034e-05,ext_et_all,2020
lag2_passing_yards_after_catch,-0.00024521734647919846,ext_et_all,2020
lag2_receiving_air_yards,-3.158530583058372e-05,ext_et_all,2020
lag2_receiving_yards_after_catch,0.0040307952251712464,ext_et_all,2020
lag2_games,-0.0005382068974666421,ext_et_all,2020
lag2_roster_weeks,0.0003513650269935109,ext_et_all,2020
lag2_offense_snaps,-0.0004583422890801492,ext_et_all,2020
lag3_history_available,0.00039761126524240353,ext_et_all,2020
lag3_completions,-6.3877012828506e-05,ext_et_all,2020
lag3_attempts,-8.437486022871976e-05,ext_et_all,2020
lag3_passing_yards,0.0002238845766283637,ext_et_all,2020
lag3_passing_tds,3.241520053987035e-05,ext_et_all,2020
lag3_passing_interceptions,4.5191674745592714e-05,ext_et_all,2020
lag3_sacks_suffered,-0.0001584358012211018,ext_et_all,2020
lag3_sack_yards_lost,-0.00011162003686460142,ext_et_all,2020
lag3_sack_fumbles,-0.0003644685115359314,ext_et_all,2020
lag3_sack_fumbles_lost,4.576263605626796e-05,ext_et_all,2020
lag3_passing_first_downs,-2.192792977695479e-05,ext_et_all,2020
lag3_passing_10,8.509541419410294e-05,ext_et_all,2020
lag3_passing_16,-7.286201091172284e-05,ext_et_all,2020
lag3_passing_20,5.516102915059662e-05,ext_et_all,2020
lag3_passing_40,2.3834706279313167e-05,ext_et_all,2020
lag3_carries,-5.371321453617739e-06,ext_et_all,2020
lag3_rushing_yards,-0.00013500036280822414,ext_et_all,2020
lag3_rushing_tds,-2.9599263700941236e-05,ext_et_all,2020
lag3_rushing_fumbles,-0.00024291125418418602,ext_et_all,2020
lag3_rushing_fumbles_lost,6.274298154063107e-05,ext_et_all,2020
lag3_rushing_first_downs,-1.1703594814616025e-05,ext_et_all,2020
lag3_rushing_10,-2.1586746044799376e-05,ext_et_all,2020
lag3_rushing_12,-4.4589774330860976e-05,ext_et_all,2020
lag3_rushing_20,-1.3753293706120218e-05,ext_et_all,2020
lag3_rushing_40,-4.956016626300741e-05,ext_et_all,2020
lag3_receptions,-0.0003035012388079572,ext_et_all,2020
lag3_receiving_yards,0.0003654327936996049,ext_et_all,2020
lag3_receiving_tds,0.00019208180821261855,ext_et_all,2020
lag3_receiving_fumbles,-0.00015147101270707175,ext_et_all,2020
lag3_receiving_fumbles_lost,-6.856340955929685e-05,ext_et_all,2020
lag3_receiving_first_downs,-3.686919625267571e-05,ext_et_all,2020
lag3_receiving_10,0.00015594769536420028,ext_et_all,2020
lag3_receiving_16,0.00011208487777281118,ext_et_all,2020
lag3_receiving_20,1.1236808720171965e-05,ext_et_all,2020
lag3_receiving_40,-4.6071016438720136e-05,ext_et_all,2020
lag3_special_teams_tds,-6.4159408368347215e-06,ext_et_all,2020
lag3_fumbles_total,-0.00010988411980428214,ext_et_all,2020
lag3_fumbles_lost_total,0.00026526507741642114,ext_et_all,2020
lag3_punt_returns,6.873927024630966e-05,ext_et_all,2020
lag3_punt_return_yards,-8.633528394119683e-05,ext_et_all,2020
lag3_kickoff_returns,5.724546947738496e-05,ext_et_all,2020
lag3_kickoff_return_yards,2.9141112474984077e-05,ext_et_all,2020
lag3_fg_made,0.0,ext_et_all,2020
lag3_fg_att,0.0,ext_et_all,2020
lag3_fg_missed,0.0,ext_et_all,2020
lag3_fg_blocked,0.0,ext_et_all,2020
lag3_fg_made_0_19,0.0,ext_et_all,2020
lag3_fg_made_20_29,0.0,ext_et_all,2020
lag3_fg_made_30_39,0.0,ext_et_all,2020
lag3_fg_made_40_49,0.0,ext_et_all,2020
lag3_fg_made_50_59,0.0,ext_et_all,2020
lag3_fg_made_60_,0.0,ext_et_all,2020
lag3_fg_missed_0_19,0.0,ext_et_all,2020
lag3_fg_missed_20_29,0.0,ext_et_all,2020
lag3_fg_missed_30_39,0.0,ext_et_all,2020
lag3_fg_missed_40_49,0.0,ext_et_all,2020
lag3_fg_missed_50_59,0.0,ext_et_all,2020
lag3_fg_missed_60_,0.0,ext_et_all,2020
lag3_fg_made_distance,0.0,ext_et_all,2020
lag3_fg_missed_distance,0.0,ext_et_all,2020
lag3_pat_made,0.0,ext_et_all,2020
lag3_pat_att,0.0,ext_et_all,2020
lag3_pat_missed,0.0,ext_et_all,2020
lag3_pat_blocked,0.0,ext_et_all,2020
lag3_gwfg_made,0.0,ext_et_all,2020
lag3_gwfg_att,0.0,ext_et_all,2020
lag3_gwfg_missed,0.0,ext_et_all,2020
lag3_gwfg_blocked,0.0,ext_et_all,2020
lag3_gwfg_distance,0.0,ext_et_all,2020
lag3_targets,5.6470095616822924e-05,ext_et_all,2020
lag3_passing_air_yards,-6.30123698350804e-05,ext_et_all,2020
lag3_passing_yards_after_catch,0.0,ext_et_all,2020
lag3_receiving_air_yards,-0.00012216782170926255,ext_et_all,2020
lag3_receiving_yards_after_catch,0.0009562466975321371,ext_et_all,2020
lag3_games,-8.436811253653698e-05,ext_et_all,2020
lag3_roster_weeks,0.00029112188457458554,ext_et_all,2020
lag3_offense_snaps,0.00015780988691505016,ext_et_all,2020
lag4_history_available,0.000610400467910388,ext_et_all,2020
lag4_completions,0.00010195771883214633,ext_et_all,2020
lag4_attempts,0.00015123058298982528,ext_et_all,2020
lag4_passing_yards,3.804896783177192e-05,ext_et_all,2020
lag4_passing_tds,-3.0338053277345622e-05,ext_et_all,2020
lag4_passing_interceptions,4.576263605626796e-05,ext_et_all,2020
lag4_sacks_suffered,3.06003463003135e-05,ext_et_all,2020
lag4_sack_yards_lost,-0.0002969314071078477,ext_et_all,2020
lag4_sack_fumbles,-8.149584063887882e-05,ext_et_all,2020
lag4_sack_fumbles_lost,-1.9062391515722865e-05,ext_et_all,2020
lag4_passing_first_downs,-9.035951970159939e-05,ext_et_all,2020
lag4_passing_10,-0.00015788002067274043,ext_et_all,2020
lag4_passing_16,0.0003201944337671847,ext_et_all,2020
lag4_passing_20,0.0007836845961157746,ext_et_all,2020
lag4_passing_40,-8.404648070237108e-05,ext_et_all,2020
lag4_carries,2.985260198828943e-05,ext_et_all,2020
lag4_rushing_yards,1.0525432807773072e-05,ext_et_all,2020
lag4_rushing_tds,-7.663973163984927e-06,ext_et_all,2020
lag4_rushing_fumbles,-6.721692537747792e-05,ext_et_all,2020
lag4_rushing_fumbles_lost,1.9590363062538252e-05,ext_et_all,2020
lag4_rushing_first_downs,3.284877046672019e-05,ext_et_all,2020
lag4_rushing_10,8.833891290260798e-05,ext_et_all,2020
lag4_rushing_12,-9.70597626935854e-05,ext_et_all,2020
lag4_rushing_20,-7.491446623464348e-05,ext_et_all,2020
lag4_rushing_40,4.505469660243122e-06,ext_et_all,2020
lag4_receptions,1.4520632670156353e-05,ext_et_all,2020
lag4_receiving_yards,5.73895882463038e-05,ext_et_all,2020
lag4_receiving_tds,2.4719235423686925e-05,ext_et_all,2020
lag4_receiving_fumbles,-8.34045339730416e-05,ext_et_all,2020
lag4_receiving_fumbles_lost,0.00010796014003733312,ext_et_all,2020
lag4_receiving_first_downs,-7.381720209120868e-05,ext_et_all,2020
lag4_receiving_10,6.147937635569978e-05,ext_et_all,2020
lag4_receiving_16,0.00013328834872483597,ext_et_all,2020
lag4_receiving_20,3.1835603684360336e-06,ext_et_all,2020
lag4_receiving_40,-0.00021052812095945228,ext_et_all,2020
lag4_special_teams_tds,0.0,ext_et_all,2020
lag4_fumbles_total,-0.00019784471987449592,ext_et_all,2020
lag4_fumbles_lost_total,-0.00014754581376674736,ext_et_all,2020
lag4_punt_returns,-3.515584020119533e-06,ext_et_all,2020
lag4_punt_return_yards,2.393560126989769e-06,ext_et_all,2020
lag4_kickoff_returns,6.303430381660036e-06,ext_et_all,2020
lag4_kickoff_return_yards,7.866799897615628e-06,ext_et_all,2020
lag4_fg_made,0.0,ext_et_all,2020
lag4_fg_att,0.0,ext_et_all,2020
lag4_fg_missed,0.0,ext_et_all,2020
lag4_fg_blocked,0.0,ext_et_all,2020
lag4_fg_made_0_19,0.0,ext_et_all,2020
lag4_fg_made_20_29,0.0,ext_et_all,2020
lag4_fg_made_30_39,0.0,ext_et_all,2020
lag4_fg_made_40_49,0.0,ext_et_all,2020
lag4_fg_made_50_59,0.0,ext_et_all,2020
lag4_fg_made_60_,0.0,ext_et_all,2020
lag4_fg_missed_0_19,0.0,ext_et_all,2020
lag4_fg_missed_20_29,0.0,ext_et_all,2020
lag4_fg_missed_30_39,0.0,ext_et_all,2020
lag4_fg_missed_40_49,0.0,ext_et_all,2020
lag4_fg_missed_50_59,0.0,ext_et_all,2020
lag4_fg_missed_60_,0.0,ext_et_all,2020
lag4_fg_made_distance,0.0,ext_et_all,2020
lag4_fg_missed_distance,0.0,ext_et_all,2020
lag4_pat_made,0.0,ext_et_all,2020
lag4_pat_att,0.0,ext_et_all,2020
lag4_pat_missed,0.0,ext_et_all,2020
lag4_pat_blocked,0.0,ext_et_all,2020
lag4_gwfg_made,0.0,ext_et_all,2020
lag4_gwfg_att,0.0,ext_et_all,2020
lag4_gwfg_missed,0.0,ext_et_all,2020
lag4_gwfg_blocked,0.0,ext_et_all,2020
lag4_gwfg_distance,0.0,ext_et_all,2020
lag4_targets,-6.3549628274151004e-06,ext_et_all,2020
lag4_passing_air_yards,-0.0002694856369295229,ext_et_all,2020
lag4_passing_yards_after_catch,2.434536213069549e-05,ext_et_all,2020
lag4_receiving_air_yards,-3.58844410954795e-05,ext_et_all,2020
lag4_receiving_yards_after_catch,-0.0006753051333149296,ext_et_all,2020
lag4_games,7.691435816425951e-05,ext_et_all,2020
lag4_roster_weeks,-7.515632585675114e-05,ext_et_all,2020
lag4_offense_snaps,5.6638310216072796e-05,ext_et_all,2020
lag1_completion_rate,0.00014122290719154051,ext_et_all,2020
lag1_pass_yards_per_attempt,-0.00022396341278430043,ext_et_all,2020
lag1_pass_td_rate,0.00047749172388544814,ext_et_all,2020
lag1_interception_rate,-2.72803571765845e-06,ext_et_all,2020
lag1_rush_yards_per_carry,5.059199607693188e-05,ext_et_all,2020
lag1_rush_first_down_rate,0.0003415831586603968,ext_et_all,2020
lag1_rush_20_rate,0.0025638141948172155,ext_et_all,2020
lag1_receiving_yards_per_reception,-0.00033832442573789034,ext_et_all,2020
lag1_receiving_first_down_rate,2.2441876794121463e-05,ext_et_all,2020
lag1_receiving_20_rate,0.0003271557313834217,ext_et_all,2020
lag1_field_goal_make_rate,0.0,ext_et_all,2020
lag1_made_field_goal_mean_distance,0.0,ext_et_all,2020
lag1_missed_field_goal_mean_distance,0.0,ext_et_all,2020
lag1_pat_make_rate,0.0,ext_et_all,2020
lag1_catch_rate,0.004036105662492684,ext_et_all,2020
lag1_receiving_yards_per_target,0.003681078144742389,ext_et_all,2020
lag1_receiving_air_yards_per_target,-0.00031605514827837133,ext_et_all,2020
lag1_receiving_yards_after_catch_per_reception,-0.0003255600066643938,ext_et_all,2020
lag1_passing_air_yards_per_attempt,-3.468225442926354e-05,ext_et_all,2020
lag1_passing_yards_after_catch_per_completion,-0.00017890962227495866,ext_et_all,2020
lag2_completion_rate,0.00011315701484992946,ext_et_all,2020
lag2_pass_yards_per_attempt,-0.0002901191126821745,ext_et_all,2020
lag2_pass_td_rate,-8.008461309838566e-05,ext_et_all,2020
lag2_interception_rate,2.8124953409536246e-05,ext_et_all,2020
lag2_rush_yards_per_carry,-0.00034788288926745903,ext_et_all,2020
lag2_rush_first_down_rate,-0.0007248373713829581,ext_et_all,2020
lag2_rush_20_rate,0.00012874565136211658,ext_et_all,2020
lag2_receiving_yards_per_reception,-0.00023874835867943034,ext_et_all,2020
lag2_receiving_first_down_rate,7.422545145141513e-05,ext_et_all,2020
lag2_receiving_20_rate,0.0003223285132132325,ext_et_all,2020
lag2_field_goal_make_rate,0.0,ext_et_all,2020
lag2_made_field_goal_mean_distance,0.0,ext_et_all,2020
lag2_missed_field_goal_mean_distance,0.0,ext_et_all,2020
lag2_pat_make_rate,0.0,ext_et_all,2020
lag2_catch_rate,-6.827820256671835e-05,ext_et_all,2020
lag2_receiving_yards_per_target,8.058205705485655e-05,ext_et_all,2020
lag2_receiving_air_yards_per_target,3.9358689793544954e-05,ext_et_all,2020
lag2_receiving_yards_after_catch_per_reception,7.363041094254896e-05,ext_et_all,2020
lag2_passing_air_yards_per_attempt,-4.14249726365945e-06,ext_et_all,2020
lag2_passing_yards_after_catch_per_completion,0.00017948577098381158,ext_et_all,2020
lag3_completion_rate,0.00017521793108654649,ext_et_all,2020
lag3_pass_yards_per_attempt,6.580538026157434e-06,ext_et_all,2020
lag3_pass_td_rate,1.2711483327487727e-05,ext_et_all,2020
lag3_interception_rate,1.5292073869521694e-05,ext_et_all,2020
lag3_rush_yards_per_carry,-0.0002473802173719175,ext_et_all,2020
lag3_rush_first_down_rate,0.00013069664498810418,ext_et_all,2020
lag3_rush_20_rate,-3.1083781305452085e-05,ext_et_all,2020
lag3_receiving_yards_per_reception,-2.2010645437831045e-05,ext_et_all,2020
lag3_receiving_first_down_rate,-8.589195102715053e-05,ext_et_all,2020
lag3_receiving_20_rate,-1.5839690097219083e-05,ext_et_all,2020
lag3_field_goal_make_rate,0.0,ext_et_all,2020
lag3_made_field_goal_mean_distance,0.0,ext_et_all,2020
lag3_missed_field_goal_mean_distance,0.0,ext_et_all,2020
lag3_pat_make_rate,0.0,ext_et_all,2020
lag3_catch_rate,-8.93869472695652e-05,ext_et_all,2020
lag3_receiving_yards_per_target,2.8525632473908047e-06,ext_et_all,2020
lag3_receiving_air_yards_per_target,5.4162471759156006e-05,ext_et_all,2020
lag3_receiving_yards_after_catch_per_reception,0.00012333346849691118,ext_et_all,2020
lag3_passing_air_yards_per_attempt,-4.730929758389735e-06,ext_et_all,2020
lag3_passing_yards_after_catch_per_completion,1.5449726472382963e-05,ext_et_all,2020
lag4_completion_rate,-0.00015158873193632516,ext_et_all,2020
lag4_pass_yards_per_attempt,-0.00015260825130214428,ext_et_all,2020
lag4_pass_td_rate,-4.7684900195799074e-05,ext_et_all,2020
lag4_interception_rate,3.575205941885873e-05,ext_et_all,2020
lag4_rush_yards_per_carry,-1.4934548793199554e-05,ext_et_all,2020
lag4_rush_first_down_rate,-0.00010659718964145526,ext_et_all,2020
lag4_rush_20_rate,8.694866459935113e-06,ext_et_all,2020
lag4_receiving_yards_per_reception,-8.107850267169425e-06,ext_et_all,2020
lag4_receiving_first_down_rate,-0.0001455260255187607,ext_et_all,2020
lag4_receiving_20_rate,-2.6750272333897485e-05,ext_et_all,2020
lag4_field_goal_make_rate,0.0,ext_et_all,2020
lag4_made_field_goal_mean_distance,0.0,ext_et_all,2020
lag4_missed_field_goal_mean_distance,0.0,ext_et_all,2020
lag4_pat_make_rate,0.0,ext_et_all,2020
lag4_catch_rate,0.0001395619946930049,ext_et_all,2020
lag4_receiving_yards_per_target,2.2839149957043503e-05,ext_et_all,2020
lag4_receiving_air_yards_per_target,9.750981950973348e-05,ext_et_all,2020
lag4_receiving_yards_after_catch_per_reception,9.725453176090415e-05,ext_et_all,2020
lag4_passing_air_yards_per_attempt,-3.86122241724518e-05,ext_et_all,2020
lag4_passing_yards_after_catch_per_completion,3.0508424037511972e-05,ext_et_all,2020
lag1_late6_attempts,-0.00018468209433208926,ext_et_all,2020
lag1_weekly_slope_attempts,-0.00023188646807303925,ext_et_all,2020
lag1_late6_mean_delta_attempts,-0.00023463521285194133,ext_et_all,2020
lag1_late6_passing_yards,-0.0025349248691308723,ext_et_all,2020
lag1_weekly_slope_passing_yards,0.0002160393425336693,ext_et_all,2020
lag1_late6_mean_delta_passing_yards,0.0009921955263483273,ext_et_all,2020
lag1_late6_passing_first_downs,4.7341456224314626e-05,ext_et_all,2020
lag1_weekly_slope_passing_first_downs,-9.442067084863837e-06,ext_et_all,2020
lag1_late6_mean_delta_passing_first_downs,0.00015590099936946267,ext_et_all,2020
lag1_late6_passing_20,0.000443559296243734,ext_et_all,2020
lag1_weekly_slope_passing_20,-0.00013634434121834182,ext_et_all,2020
lag1_late6_mean_delta_passing_20,-3.685566678790497e-05,ext_et_all,2020
lag1_late6_carries,-8.201391573869898e-06,ext_et_all,2020
lag1_weekly_slope_carries,0.00024471382110258233,ext_et_all,2020
lag1_late6_mean_delta_carries,-0.0004884311218000814,ext_et_all,2020
lag1_late6_rushing_yards,0.0005051198961263381,ext_et_all,2020
lag1_weekly_slope_rushing_yards,0.0007138667307198254,ext_et_all,2020
lag1_late6_mean_delta_rushing_yards,0.0018465800219744644,ext_et_all,2020
lag1_late6_rushing_first_downs,-0.00025716662846408944,ext_et_all,2020
lag1_weekly_slope_rushing_first_downs,-0.00010602722344699167,ext_et_all,2020
lag1_late6_mean_delta_rushing_first_downs,-0.000120707755895344,ext_et_all,2020
lag1_late6_rushing_20,-0.00015208370303398944,ext_et_all,2020
lag1_weekly_slope_rushing_20,0.001137155921797972,ext_et_all,2020
lag1_late6_mean_delta_rushing_20,-5.8772280006946787e-05,ext_et_all,2020
lag1_late6_receptions,-0.000426488448472373,ext_et_all,2020
lag1_weekly_slope_receptions,-0.0004536974687832096,ext_et_all,2020
lag1_late6_mean_delta_receptions,0.0008218693218147166,ext_et_all,2020
lag1_late6_receiving_yards,-6.825488167472304e-05,ext_et_all,2020
lag1_weekly_slope_receiving_yards,0.0007575593104093281,ext_et_all,2020
lag1_late6_mean_delta_receiving_yards,0.0004580077446683095,ext_et_all,2020
lag1_late6_receiving_first_downs,0.00012436998454701254,ext_et_all,2020
lag1_weekly_slope_receiving_first_downs,-0.00025554733233779103,ext_et_all,2020
lag1_late6_mean_delta_receiving_first_downs,0.0002363224669080788,ext_et_all,2020
lag1_late6_receiving_20,-0.00021502295598807564,ext_et_all,2020
lag1_weekly_slope_receiving_20,0.0001997518914735874,ext_et_all,2020
lag1_late6_mean_delta_receiving_20,-3.2700393792661764e-05,ext_et_all,2020
lag1_late6_punt_return_yards,-0.00014682328730153404,ext_et_all,2020
lag1_weekly_slope_punt_return_yards,-0.00021917221150957733,ext_et_all,2020
lag1_late6_mean_delta_punt_return_yards,1.2831881673669443e-05,ext_et_all,2020
lag1_late6_kickoff_return_yards,0.00040846336921940285,ext_et_all,2020
lag1_weekly_slope_kickoff_return_yards,0.0006429054891898822,ext_et_all,2020
lag1_late6_mean_delta_kickoff_return_yards,-4.7405598768923696e-05,ext_et_all,2020
lag1_late6_fg_made,0.0,ext_et_all,2020
lag1_weekly_slope_fg_made,0.0,ext_et_all,2020
lag1_late6_mean_delta_fg_made,0.0,ext_et_all,2020
lag1_late6_fg_att,0.0,ext_et_all,2020
lag1_weekly_slope_fg_att,0.0,ext_et_all,2020
lag1_late6_mean_delta_fg_att,0.0,ext_et_all,2020
lag1_late6_pat_att,0.0,ext_et_all,2020
lag1_weekly_slope_pat_att,0.0,ext_et_all,2020
lag1_late6_mean_delta_pat_att,0.0,ext_et_all,2020
lag1_late6_targets,0.0006498800610691413,ext_et_all,2020
lag1_weekly_slope_targets,-7.696479315355553e-05,ext_et_all,2020
lag1_late6_mean_delta_targets,-0.0009835914620128783,ext_et_all,2020
lag1_late6_passing_air_yards,-4.9806516371431186e-05,ext_et_all,2020
lag1_weekly_slope_passing_air_yards,-0.00011555939891416678,ext_et_all,2020
lag1_late6_mean_delta_passing_air_yards,-0.00014116240823214277,ext_et_all,2020
lag1_late6_passing_yards_after_catch,0.0013796845349567377,ext_et_all,2020
lag1_weekly_slope_passing_yards_after_catch,0.00010311367496274038,ext_et_all,2020
lag1_late6_mean_delta_passing_yards_after_catch,-6.561629215529052e-05,ext_et_all,2020
lag1_late6_receiving_air_yards,4.5234510411051865e-05,ext_et_all,2020
lag1_weekly_slope_receiving_air_yards,0.0004493840553654316,ext_et_all,2020
lag1_late6_mean_delta_receiving_air_yards,0.0002696908257384667,ext_et_all,2020
lag1_late6_receiving_yards_after_catch,0.0013796779650969704,ext_et_all,2020
lag1_weekly_slope_receiving_yards_after_catch,-0.0004677587378767445,ext_et_all,2020
lag1_late6_mean_delta_receiving_yards_after_catch,0.00014166646134716743,ext_et_all,2020
position_K,0.0,ext_et_all,2020
injury_lag2_injury_reported,-0.000205449957804138,ext_et_all,2020
injury_lag2_injury_report_weeks,-6.999790560002772e-05,ext_et_all,2020
injury_lag2_designation_count,-0.0004345566776662313,ext_et_all,2020
injury_lag3_injury_reported,-4.584366816717811e-05,ext_et_all,2020
injury_lag3_injury_report_weeks,0.00015906526392139853,ext_et_all,2020
injury_lag3_designation_count,4.86138188192653e-05,ext_et_all,2020
injury_lag4_injury_reported,1.7346451197330914e-05,ext_et_all,2020
injury_lag4_injury_report_weeks,-5.4536387648074225e-06,ext_et_all,2020
injury_lag4_designation_count,-6.374077398341171e-06,ext_et_all,2020
injury_lag5_injury_reported,6.196291629034789e-05,ext_et_all,2020
injury_lag5_injury_report_weeks,0.00025777893328504664,ext_et_all,2020
injury_lag5_designation_count,0.00011824618056821556,ext_et_all,2020
injury_lag1_reserve_weeks,0.0014421990252260208,ext_et_all,2020
injury_lag2_reserve_weeks,7.363157719020297e-05,ext_et_all,2020
injury_lag3_reserve_weeks,-0.00023535248191797198,ext_et_all,2020
injury_lag4_reserve_weeks,-2.1005614520674953e-05,ext_et_all,2020
injury_lag2_absence_report_weeks,-0.00015441423819784195,ext_et_all,2020
injury_lag2_absence_reported,3.143021239582211e-05,ext_et_all,2020
injury_lag3_absence_report_weeks,6.15875891691875e-05,ext_et_all,2020
injury_lag3_absence_reported,1.715765543552905e-05,ext_et_all,2020
injury_lag4_absence_report_weeks,1.7171985547959068e-06,ext_et_all,2020
injury_lag4_absence_reported,0.0003645745093334707,ext_et_all,2020
injury_lag5_absence_report_weeks,-9.804572790428345e-06,ext_et_all,2020
injury_lag5_absence_reported,-5.821179667808707e-05,ext_et_all,2020
age,0.004628723291352221,ext_et_all,2021
missing_age,0.012998906329930948,ext_et_all,2021
years_exp,0.002254790096639203,ext_et_all,2021
missing_years_exp,2.0403315681427614e-07,ext_et_all,2021
height,0.00016842259546767657,ext_et_all,2021
missing_height,-8.644569991389517e-06,ext_et_all,2021
weight,-0.0005014594056993449,ext_et_all,2021
missing_weight,1.3602218307262604e-07,ext_et_all,2021
draft_number,0.009138133321034747,ext_et_all,2021
missing_draft_number,0.08136254601898774,ext_et_all,2021
draft_round,0.012154851772977038,ext_et_all,2021
missing_draft_round,0.07132238649098166,ext_et_all,2021
was_drafted,0.04887013388912831,ext_et_all,2021
missing_was_drafted,0.0,ext_et_all,2021
is_rookie,0.008112684287707284,ext_et_all,2021
missing_is_rookie,0.0,ext_et_all,2021
missing_team_changed,0.0,ext_et_all,2021
combine_forty,0.00016527476284211584,ext_et_all,2021
missing_combine_forty,0.0004093593737637402,ext_et_all,2021
combine_bench,1.9925858788627515e-05,ext_et_all,2021
missing_combine_bench,0.0013620509198164488,ext_et_all,2021
combine_vertical,0.0005297293149049143,ext_et_all,2021
missing_combine_vertical,-0.0006020532264735534,ext_et_all,2021
combine_broad_jump,0.0004406917190106219,ext_et_all,2021
missing_combine_broad_jump,2.5504445912649665e-05,ext_et_all,2021
combine_cone,-0.00037796469397521903,ext_et_all,2021
missing_combine_cone,0.00013125202528918578,ext_et_all,2021
combine_shuttle,8.369365444271804e-05,ext_et_all,2021
missing_combine_shuttle,-0.00012624814942141516,ext_et_all,2021
position_QB,0.0010289886977613572,ext_et_all,2021
position_RB,0.004118139968269596,ext_et_all,2021
position_WR,0.0001849742694740586,ext_et_all,2021
position_TE,-0.0009751311218006986,ext_et_all,2021
lag1_history_available,0.008994423078389269,ext_et_all,2021
lag1_completions,9.954842687387444e-05,ext_et_all,2021
lag1_attempts,0.0005209090684890061,ext_et_all,2021
lag1_passing_yards,-0.00029555192007979514,ext_et_all,2021
lag1_passing_tds,0.005403223974165594,ext_et_all,2021
lag1_passing_interceptions,-5.609620737923038e-07,ext_et_all,2021
lag1_sacks_suffered,1.501243888057946e-05,ext_et_all,2021
lag1_sack_yards_lost,0.0003082270043366364,ext_et_all,2021
lag1_sack_fumbles,1.5770723428065736e-05,ext_et_all,2021
lag1_sack_fumbles_lost,7.419536537045524e-05,ext_et_all,2021
lag1_passing_first_downs,0.0008002988001227784,ext_et_all,2021
lag1_passing_10,9.581663153912512e-05,ext_et_all,2021
lag1_passing_16,0.00014934989746362426,ext_et_all,2021
lag1_passing_20,0.00020922931873912365,ext_et_all,2021
lag1_passing_40,0.00025204637600795277,ext_et_all,2021
lag1_carries,0.003602723753466597,ext_et_all,2021
lag1_rushing_yards,0.0014113433920442953,ext_et_all,2021
lag1_rushing_tds,0.008263298140271269,ext_et_all,2021
lag1_rushing_fumbles,0.00032469809638258074,ext_et_all,2021
lag1_rushing_fumbles_lost,-0.0001370255067169035,ext_et_all,2021
lag1_rushing_first_downs,0.004104592594269985,ext_et_all,2021
lag1_rushing_10,0.007819946925862187,ext_et_all,2021
lag1_rushing_12,0.001914961733255005,ext_et_all,2021
lag1_rushing_20,-0.0002757267893357396,ext_et_all,2021
lag1_rushing_40,-0.00014564334367106468,ext_et_all,2021
lag1_receptions,0.011339719099076273,ext_et_all,2021
lag1_receiving_yards,0.011583571847350482,ext_et_all,2021
lag1_receiving_tds,0.0028142962095967228,ext_et_all,2021
lag1_receiving_fumbles,-2.473446605222307e-05,ext_et_all,2021
lag1_receiving_fumbles_lost,4.6068546933120125e-05,ext_et_all,2021
lag1_receiving_first_downs,0.0010792587609035342,ext_et_all,2021
lag1_receiving_10,-7.499203667760135e-05,ext_et_all,2021
lag1_receiving_16,9.480060748345842e-05,ext_et_all,2021
lag1_receiving_20,0.002019498274984821,ext_et_all,2021
lag1_receiving_40,0.00021614920106660662,ext_et_all,2021
lag1_special_teams_tds,3.404093601888647e-05,ext_et_all,2021
lag1_fumbles_total,8.477156845465572e-05,ext_et_all,2021
lag1_fumbles_lost_total,-1.3956525439784428e-06,ext_et_all,2021
lag1_punt_returns,5.056188020446939e-05,ext_et_all,2021
lag1_punt_return_yards,-6.443678716760992e-05,ext_et_all,2021
lag1_kickoff_returns,0.0013144326210499102,ext_et_all,2021
lag1_kickoff_return_yards,-0.001223918166447846,ext_et_all,2021
lag1_fg_made,0.0,ext_et_all,2021
lag1_fg_att,0.0,ext_et_all,2021
lag1_fg_missed,0.0,ext_et_all,2021
lag1_fg_blocked,0.0,ext_et_all,2021
lag1_fg_made_0_19,0.0,ext_et_all,2021
lag1_fg_made_20_29,0.0,ext_et_all,2021
lag1_fg_made_30_39,0.0,ext_et_all,2021
lag1_fg_made_40_49,0.0,ext_et_all,2021
lag1_fg_made_50_59,0.0,ext_et_all,2021
lag1_fg_made_60_,0.0,ext_et_all,2021
lag1_fg_missed_0_19,0.0,ext_et_all,2021
lag1_fg_missed_20_29,0.0,ext_et_all,2021
lag1_fg_missed_30_39,0.0,ext_et_all,2021
lag1_fg_missed_40_49,0.0,ext_et_all,2021
lag1_fg_missed_50_59,0.0,ext_et_all,2021
lag1_fg_missed_60_,0.0,ext_et_all,2021
lag1_fg_made_distance,0.0,ext_et_all,2021
lag1_fg_missed_distance,0.0,ext_et_all,2021
lag1_pat_made,0.0,ext_et_all,2021
lag1_pat_att,0.0,ext_et_all,2021
lag1_pat_missed,0.0,ext_et_all,2021
lag1_pat_blocked,0.0,ext_et_all,2021
lag1_gwfg_made,0.0,ext_et_all,2021
lag1_gwfg_att,0.0,ext_et_all,2021
lag1_gwfg_missed,0.0,ext_et_all,2021
lag1_gwfg_blocked,0.0,ext_et_all,2021
lag1_gwfg_distance,0.0,ext_et_all,2021
lag1_targets,0.011822479540384845,ext_et_all,2021
lag1_passing_air_yards,0.0015039716697957672,ext_et_all,2021
lag1_passing_yards_after_catch,0.0003251319514192552,ext_et_all,2021
lag1_receiving_air_yards,0.0007288347308729293,ext_et_all,2021
lag1_receiving_yards_after_catch,0.006597196529930183,ext_et_all,2021
lag1_games,0.02292067923338359,ext_et_all,2021
lag1_roster_weeks,0.0008758678528534292,ext_et_all,2021
lag1_offense_snaps,0.033209016090752996,ext_et_all,2021
lag2_history_available,0.0024008179883842073,ext_et_all,2021
lag2_completions,0.00018026133803739075,ext_et_all,2021
lag2_attempts,0.00023681644842543648,ext_et_all,2021
lag2_passing_yards,0.0016177649224300428,ext_et_all,2021
lag2_passing_tds,0.0009734018732868721,ext_et_all,2021
lag2_passing_interceptions,-3.0563900847990766e-05,ext_et_all,2021
lag2_sacks_suffered,0.00025498449222949304,ext_et_all,2021
lag2_sack_yards_lost,0.0004021058492758023,ext_et_all,2021
lag2_sack_fumbles,-0.0004878227788036593,ext_et_all,2021
lag2_sack_fumbles_lost,9.158845470524923e-05,ext_et_all,2021
lag2_passing_first_downs,0.0017672523661182993,ext_et_all,2021
lag2_passing_10,0.002087044145533623,ext_et_all,2021
lag2_passing_16,0.0003236456263293608,ext_et_all,2021
lag2_passing_20,0.001400137985654193,ext_et_all,2021
lag2_passing_40,-0.00027670067682561417,ext_et_all,2021
lag2_carries,-0.0002161246479585044,ext_et_all,2021
lag2_rushing_yards,0.00017370580941256097,ext_et_all,2021
lag2_rushing_tds,-0.00021871045234012065,ext_et_all,2021
lag2_rushing_fumbles,2.9278522251763306e-05,ext_et_all,2021
lag2_rushing_fumbles_lost,5.15772430554895e-05,ext_et_all,2021
lag2_rushing_first_downs,0.00011960023397128428,ext_et_all,2021
lag2_rushing_10,0.0006226494589122167,ext_et_all,2021
lag2_rushing_12,-0.0008855979276325421,ext_et_all,2021
lag2_rushing_20,4.511884563040969e-05,ext_et_all,2021
lag2_rushing_40,-1.3665845224331008e-06,ext_et_all,2021
lag2_receptions,-0.0016137334020982497,ext_et_all,2021
lag2_receiving_yards,0.0015645008266609306,ext_et_all,2021
lag2_receiving_tds,0.001191656083004311,ext_et_all,2021
lag2_receiving_fumbles,-0.0005149010327646364,ext_et_all,2021
lag2_receiving_fumbles_lost,0.0003153302800212865,ext_et_all,2021
lag2_receiving_first_downs,0.0014268248356801294,ext_et_all,2021
lag2_receiving_10,0.0026223260639535173,ext_et_all,2021
lag2_receiving_16,0.0015175173102531803,ext_et_all,2021
lag2_receiving_20,0.0015476846646302889,ext_et_all,2021
lag2_receiving_40,0.0005210603876819597,ext_et_all,2021
lag2_special_teams_tds,1.8047951700905784e-05,ext_et_all,2021
lag2_fumbles_total,0.0005461407775309013,ext_et_all,2021
lag2_fumbles_lost_total,0.0001874733298254938,ext_et_all,2021
lag2_punt_returns,-1.3125852129425297e-05,ext_et_all,2021
lag2_punt_return_yards,1.033497569569164e-05,ext_et_all,2021
lag2_kickoff_returns,-7.505765408089005e-07,ext_et_all,2021
lag2_kickoff_return_yards,0.0001751740408225677,ext_et_all,2021
lag2_fg_made,0.0,ext_et_all,2021
lag2_fg_att,0.0,ext_et_all,2021
lag2_fg_missed,0.0,ext_et_all,2021
lag2_fg_blocked,0.0,ext_et_all,2021
lag2_fg_made_0_19,0.0,ext_et_all,2021
lag2_fg_made_20_29,0.0,ext_et_all,2021
lag2_fg_made_30_39,0.0,ext_et_all,2021
lag2_fg_made_40_49,0.0,ext_et_all,2021
lag2_fg_made_50_59,0.0,ext_et_all,2021
lag2_fg_made_60_,0.0,ext_et_all,2021
lag2_fg_missed_0_19,0.0,ext_et_all,2021
lag2_fg_missed_20_29,0.0,ext_et_all,2021
lag2_fg_missed_30_39,0.0,ext_et_all,2021
lag2_fg_missed_40_49,0.0,ext_et_all,2021
lag2_fg_missed_50_59,0.0,ext_et_all,2021
lag2_fg_missed_60_,0.0,ext_et_all,2021
lag2_fg_made_distance,0.0,ext_et_all,2021
lag2_fg_missed_distance,0.0,ext_et_all,2021
lag2_pat_made,0.0,ext_et_all,2021
lag2_pat_att,0.0,ext_et_all,2021
lag2_pat_missed,0.0,ext_et_all,2021
lag2_pat_blocked,0.0,ext_et_all,2021
lag2_gwfg_made,0.0,ext_et_all,2021
lag2_gwfg_att,0.0,ext_et_all,2021
lag2_gwfg_missed,0.0,ext_et_all,2021
lag2_gwfg_blocked,0.0,ext_et_all,2021
lag2_gwfg_distance,0.0,ext_et_all,2021
lag2_targets,-0.0013992347543561046,ext_et_all,2021
lag2_passing_air_yards,0.0002629018434231467,ext_et_all,2021
lag2_passing_yards_after_catch,0.00035604325424865024,ext_et_all,2021
lag2_receiving_air_yards,0.0004142679860749121,ext_et_all,2021
lag2_receiving_yards_after_catch,0.006293883173835058,ext_et_all,2021
lag2_games,-0.0008136947427754837,ext_et_all,2021
lag2_roster_weeks,0.0005188596749370333,ext_et_all,2021
lag2_offense_snaps,0.002986034917954794,ext_et_all,2021
lag3_history_available,0.0006356309662947091,ext_et_all,2021
lag3_completions,-3.638390287374893e-05,ext_et_all,2021
lag3_attempts,-0.00010403986141716004,ext_et_all,2021
lag3_passing_yards,-0.0001341223912463274,ext_et_all,2021
lag3_passing_tds,-2.296917896993378e-06,ext_et_all,2021
lag3_passing_interceptions,-7.215604089660932e-05,ext_et_all,2021
lag3_sacks_suffered,-4.979109542779803e-05,ext_et_all,2021
lag3_sack_yards_lost,-0.0002234430207675997,ext_et_all,2021
lag3_sack_fumbles,-7.514658800333862e-05,ext_et_all,2021
lag3_sack_fumbles_lost,0.0,ext_et_all,2021
lag3_passing_first_downs,0.0,ext_et_all,2021
lag3_passing_10,-7.6097810635111784e-06,ext_et_all,2021
lag3_passing_16,-0.00011371727548958876,ext_et_all,2021
lag3_passing_20,-7.010620467107209e-05,ext_et_all,2021
lag3_passing_40,-0.000352477442924215,ext_et_all,2021
lag3_carries,0.00011252455258170535,ext_et_all,2021
lag3_rushing_yards,0.00013173218541373544,ext_et_all,2021
lag3_rushing_tds,0.00040856525003085675,ext_et_all,2021
lag3_rushing_fumbles,-3.117141719999328e-05,ext_et_all,2021
lag3_rushing_fumbles_lost,0.0003734839816200708,ext_et_all,2021
lag3_rushing_first_downs,9.756855034492862e-05,ext_et_all,2021
lag3_rushing_10,2.700244924269679e-05,ext_et_all,2021
lag3_rushing_12,-0.00024436759428425603,ext_et_all,2021
lag3_rushing_20,-1.2808461316016206e-05,ext_et_all,2021
lag3_rushing_40,-0.0008622591324538575,ext_et_all,2021
lag3_receptions,0.00011997514882133853,ext_et_all,2021
lag3_receiving_yards,5.3639183672515856e-06,ext_et_all,2021
lag3_receiving_tds,-0.0010081927767744414,ext_et_all,2021
lag3_receiving_fumbles,-0.00010735565227881771,ext_et_all,2021
lag3_receiving_fumbles_lost,-9.041515666918798e-05,ext_et_all,2021
lag3_receiving_first_downs,9.020518232816244e-05,ext_et_all,2021
lag3_receiving_10,8.025160327640446e-05,ext_et_all,2021
lag3_receiving_16,2.7005109537903138e-05,ext_et_all,2021
lag3_receiving_20,-6.868203218879376e-05,ext_et_all,2021
lag3_receiving_40,-6.302434355376363e-05,ext_et_all,2021
lag3_special_teams_tds,0.0,ext_et_all,2021
lag3_fumbles_total,-0.00034978404904850713,ext_et_all,2021
lag3_fumbles_lost_total,-7.066114375897659e-05,ext_et_all,2021
lag3_punt_returns,-3.489234301534694e-05,ext_et_all,2021
lag3_punt_return_yards,2.7741262120795085e-07,ext_et_all,2021
lag3_kickoff_returns,-0.0002746322841433724,ext_et_all,2021
lag3_kickoff_return_yards,-1.2825627161427988e-05,ext_et_all,2021
lag3_fg_made,0.0,ext_et_all,2021
lag3_fg_att,0.0,ext_et_all,2021
lag3_fg_missed,0.0,ext_et_all,2021
lag3_fg_blocked,0.0,ext_et_all,2021
lag3_fg_made_0_19,0.0,ext_et_all,2021
lag3_fg_made_20_29,0.0,ext_et_all,2021
lag3_fg_made_30_39,0.0,ext_et_all,2021
lag3_fg_made_40_49,0.0,ext_et_all,2021
lag3_fg_made_50_59,0.0,ext_et_all,2021
lag3_fg_made_60_,0.0,ext_et_all,2021
lag3_fg_missed_0_19,0.0,ext_et_all,2021
lag3_fg_missed_20_29,0.0,ext_et_all,2021
lag3_fg_missed_30_39,0.0,ext_et_all,2021
lag3_fg_missed_40_49,0.0,ext_et_all,2021
lag3_fg_missed_50_59,0.0,ext_et_all,2021
lag3_fg_missed_60_,0.0,ext_et_all,2021
lag3_fg_made_distance,0.0,ext_et_all,2021
lag3_fg_missed_distance,0.0,ext_et_all,2021
lag3_pat_made,0.0,ext_et_all,2021
lag3_pat_att,0.0,ext_et_all,2021
lag3_pat_missed,0.0,ext_et_all,2021
lag3_pat_blocked,0.0,ext_et_all,2021
lag3_gwfg_made,0.0,ext_et_all,2021
lag3_gwfg_att,0.0,ext_et_all,2021
lag3_gwfg_missed,0.0,ext_et_all,2021
lag3_gwfg_blocked,0.0,ext_et_all,2021
lag3_gwfg_distance,0.0,ext_et_all,2021
lag3_targets,-3.791507995887233e-05,ext_et_all,2021
lag3_passing_air_yards,-2.788362427275093e-05,ext_et_all,2021
lag3_passing_yards_after_catch,-0.0002508141520085605,ext_et_all,2021
lag3_receiving_air_yards,-0.00014548055317442632,ext_et_all,2021
lag3_receiving_yards_after_catch,-0.0013595915038808748,ext_et_all,2021
lag3_games,0.0001155553618279459,ext_et_all,2021
lag3_roster_weeks,-0.0004039250731174837,ext_et_all,2021
lag3_offense_snaps,7.240525101215312e-05,ext_et_all,2021
lag4_history_available,-0.0005128937033149761,ext_et_all,2021
lag4_completions,6.658558430694406e-05,ext_et_all,2021
lag4_attempts,0.00017518438034569428,ext_et_all,2021
lag4_passing_yards,0.00016632944085093193,ext_et_all,2021
lag4_passing_tds,0.0008987337207466695,ext_et_all,2021
lag4_passing_interceptions,0.0,ext_et_all,2021
lag4_sacks_suffered,0.00021457097171184714,ext_et_all,2021
lag4_sack_yards_lost,0.0003102634484770661,ext_et_all,2021
lag4_sack_fumbles,1.2518045781839682e-05,ext_et_all,2021
lag4_sack_fumbles_lost,-1.4487103547899949e-06,ext_et_all,2021
lag4_passing_first_downs,8.465881433306066e-05,ext_et_all,2021
lag4_passing_10,-0.0002659299943628124,ext_et_all,2021
lag4_passing_16,0.0005280759714887395,ext_et_all,2021
lag4_passing_20,0.00011124998439115963,ext_et_all,2021
lag4_passing_40,2.1623873470932864e-05,ext_et_all,2021
lag4_carries,3.7314847587732736e-05,ext_et_all,2021
lag4_rushing_yards,-0.0001212436887515489,ext_et_all,2021
lag4_rushing_tds,0.0001115636683222121,ext_et_all,2021
lag4_rushing_fumbles,4.552922525546954e-05,ext_et_all,2021
lag4_rushing_fumbles_lost,5.6929138602890283e-05,ext_et_all,2021
lag4_rushing_first_downs,-8.900054420224457e-06,ext_et_all,2021
lag4_rushing_10,-1.2267584769132256e-06,ext_et_all,2021
lag4_rushing_12,0.00018685514144411997,ext_et_all,2021
lag4_rushing_20,-2.7363870811258906e-05,ext_et_all,2021
lag4_rushing_40,0.00013181121302108245,ext_et_all,2021
lag4_receptions,0.00013770123674483603,ext_et_all,2021
lag4_receiving_yards,-1.3252523590634446e-05,ext_et_all,2021
lag4_receiving_tds,8.257924601617894e-05,ext_et_all,2021
lag4_receiving_fumbles,4.857209386266437e-05,ext_et_all,2021
lag4_receiving_fumbles_lost,-8.37022426241063e-05,ext_et_all,2021
lag4_receiving_first_downs,7.404440699088077e-05,ext_et_all,2021
lag4_receiving_10,-3.3772384699148894e-05,ext_et_all,2021
lag4_receiving_16,-7.484476528085704e-05,ext_et_all,2021
lag4_receiving_20,4.2141446674248684e-05,ext_et_all,2021
lag4_receiving_40,1.758011954788863e-05,ext_et_all,2021
lag4_special_teams_tds,0.0,ext_et_all,2021
lag4_fumbles_total,4.045559921639352e-05,ext_et_all,2021
lag4_fumbles_lost_total,1.2579579353744208e-06,ext_et_all,2021
lag4_punt_returns,-9.732746009682991e-06,ext_et_all,2021
lag4_punt_return_yards,4.947191743820412e-06,ext_et_all,2021
lag4_kickoff_returns,9.826184931283066e-06,ext_et_all,2021
lag4_kickoff_return_yards,1.3351020563434624e-05,ext_et_all,2021
lag4_fg_made,0.0,ext_et_all,2021
lag4_fg_att,0.0,ext_et_all,2021
lag4_fg_missed,0.0,ext_et_all,2021
lag4_fg_blocked,0.0,ext_et_all,2021
lag4_fg_made_0_19,0.0,ext_et_all,2021
lag4_fg_made_20_29,0.0,ext_et_all,2021
lag4_fg_made_30_39,0.0,ext_et_all,2021
lag4_fg_made_40_49,0.0,ext_et_all,2021
lag4_fg_made_50_59,0.0,ext_et_all,2021
lag4_fg_made_60_,0.0,ext_et_all,2021
lag4_fg_missed_0_19,0.0,ext_et_all,2021
lag4_fg_missed_20_29,0.0,ext_et_all,2021
lag4_fg_missed_30_39,0.0,ext_et_all,2021
lag4_fg_missed_40_49,0.0,ext_et_all,2021
lag4_fg_missed_50_59,0.0,ext_et_all,2021
lag4_fg_missed_60_,0.0,ext_et_all,2021
lag4_fg_made_distance,0.0,ext_et_all,2021
lag4_fg_missed_distance,0.0,ext_et_all,2021
lag4_pat_made,0.0,ext_et_all,2021
lag4_pat_att,0.0,ext_et_all,2021
lag4_pat_missed,0.0,ext_et_all,2021
lag4_pat_blocked,0.0,ext_et_all,2021
lag4_gwfg_made,0.0,ext_et_all,2021
lag4_gwfg_att,0.0,ext_et_all,2021
lag4_gwfg_missed,0.0,ext_et_all,2021
lag4_gwfg_blocked,0.0,ext_et_all,2021
lag4_gwfg_distance,0.0,ext_et_all,2021
lag4_targets,-8.238091500167855e-05,ext_et_all,2021
lag4_passing_air_yards,-4.772712853196026e-05,ext_et_all,2021
lag4_passing_yards_after_catch,0.0006853752278795922,ext_et_all,2021
lag4_receiving_air_yards,4.115092464040959e-05,ext_et_all,2021
lag4_receiving_yards_after_catch,0.00018905596127183344,ext_et_all,2021
lag4_games,-0.0005300730656919717,ext_et_all,2021
lag4_roster_weeks,-0.0008206880220705814,ext_et_all,2021
lag4_offense_snaps,0.00018663597887091932,ext_et_all,2021
lag1_completion_rate,0.00025464196142832574,ext_et_all,2021
lag1_pass_yards_per_attempt,0.00011617287339960036,ext_et_all,2021
lag1_pass_td_rate,-0.0007409557432160874,ext_et_all,2021
lag1_interception_rate,0.00010558571225804947,ext_et_all,2021
lag1_rush_yards_per_carry,7.586296215578159e-05,ext_et_all,2021
lag1_rush_first_down_rate,-0.00012260921434348315,ext_et_all,2021
lag1_rush_20_rate,1.5252329025106093e-05,ext_et_all,2021
lag1_receiving_yards_per_reception,-0.0006799357840967524,ext_et_all,2021
lag1_receiving_first_down_rate,-0.0004354170979684602,ext_et_all,2021
lag1_receiving_20_rate,0.00018029016466147851,ext_et_all,2021
lag1_field_goal_make_rate,0.0,ext_et_all,2021
lag1_made_field_goal_mean_distance,0.0,ext_et_all,2021
lag1_missed_field_goal_mean_distance,0.0,ext_et_all,2021
lag1_pat_make_rate,0.0,ext_et_all,2021
lag1_catch_rate,0.0025031240626434137,ext_et_all,2021
lag1_receiving_yards_per_target,0.0011830193475583783,ext_et_all,2021
lag1_receiving_air_yards_per_target,0.0018622769159443164,ext_et_all,2021
lag1_receiving_yards_after_catch_per_reception,0.0006006001171432462,ext_et_all,2021
lag1_passing_air_yards_per_attempt,0.00021563094296062069,ext_et_all,2021
lag1_passing_yards_after_catch_per_completion,-4.602205124926151e-05,ext_et_all,2021
lag2_completion_rate,7.850309944912315e-05,ext_et_all,2021
lag2_pass_yards_per_attempt,-1.183705319274253e-05,ext_et_all,2021
lag2_pass_td_rate,-6.208102539040361e-05,ext_et_all,2021
lag2_interception_rate,5.852178939891317e-06,ext_et_all,2021
lag2_rush_yards_per_carry,0.00024764628666928967,ext_et_all,2021
lag2_rush_first_down_rate,-0.00011261684595986754,ext_et_all,2021
lag2_rush_20_rate,2.4821683860531962e-05,ext_et_all,2021
lag2_receiving_yards_per_reception,3.210426719224557e-05,ext_et_all,2021
lag2_receiving_first_down_rate,3.684453643248986e-05,ext_et_all,2021
lag2_receiving_20_rate,-0.000100221530125566,ext_et_all,2021
lag2_field_goal_make_rate,0.0,ext_et_all,2021
lag2_made_field_goal_mean_distance,0.0,ext_et_all,2021
lag2_missed_field_goal_mean_distance,0.0,ext_et_all,2021
lag2_pat_make_rate,0.0,ext_et_all,2021
lag2_catch_rate,-2.390370250204832e-05,ext_et_all,2021
lag2_receiving_yards_per_target,0.00013980791516421398,ext_et_all,2021
lag2_receiving_air_yards_per_target,-6.783059671766623e-05,ext_et_all,2021
lag2_receiving_yards_after_catch_per_reception,0.0001847915246038223,ext_et_all,2021
lag2_passing_air_yards_per_attempt,0.00011649970127558529,ext_et_all,2021
lag2_passing_yards_after_catch_per_completion,-0.0001812690138149886,ext_et_all,2021
lag3_completion_rate,7.030295680543475e-05,ext_et_all,2021
lag3_pass_yards_per_attempt,4.421363672313383e-05,ext_et_all,2021
lag3_pass_td_rate,-3.9522213600262646e-05,ext_et_all,2021
lag3_interception_rate,8.751248223193286e-05,ext_et_all,2021
lag3_rush_yards_per_carry,-9.705016588357207e-05,ext_et_all,2021
lag3_rush_first_down_rate,8.462760811966952e-05,ext_et_all,2021
lag3_rush_20_rate,0.0001529881557688073,ext_et_all,2021
lag3_receiving_yards_per_reception,0.00012002565490654149,ext_et_all,2021
lag3_receiving_first_down_rate,-0.00044595221599685875,ext_et_all,2021
lag3_receiving_20_rate,-5.32074927503956e-05,ext_et_all,2021
lag3_field_goal_make_rate,0.0,ext_et_all,2021
lag3_made_field_goal_mean_distance,0.0,ext_et_all,2021
lag3_missed_field_goal_mean_distance,0.0,ext_et_all,2021
lag3_pat_make_rate,0.0,ext_et_all,2021
lag3_catch_rate,0.00010409503848285429,ext_et_all,2021
lag3_receiving_yards_per_target,-0.00010126254437869964,ext_et_all,2021
lag3_receiving_air_yards_per_target,1.792344395301626e-05,ext_et_all,2021
lag3_receiving_yards_after_catch_per_reception,0.00015248349077590095,ext_et_all,2021
lag3_passing_air_yards_per_attempt,7.901308845204014e-06,ext_et_all,2021
lag3_passing_yards_after_catch_per_completion,7.229292010468846e-05,ext_et_all,2021
lag4_completion_rate,-5.700557389642924e-05,ext_et_all,2021
lag4_pass_yards_per_attempt,0.00012080527438529387,ext_et_all,2021
lag4_pass_td_rate,7.33119268182536e-05,ext_et_all,2021
lag4_interception_rate,7.7409548560059e-06,ext_et_all,2021
lag4_rush_yards_per_carry,-9.56683644359746e-05,ext_et_all,2021
lag4_rush_first_down_rate,2.4468909356256674e-05,ext_et_all,2021
lag4_rush_20_rate,-4.573590486167678e-05,ext_et_all,2021
lag4_receiving_yards_per_reception,-8.891503024566205e-05,ext_et_all,2021
lag4_receiving_first_down_rate,0.00025662210324872703,ext_et_all,2021
lag4_receiving_20_rate,0.00022500446850448608,ext_et_all,2021
lag4_field_goal_make_rate,0.0,ext_et_all,2021
lag4_made_field_goal_mean_distance,0.0,ext_et_all,2021
lag4_missed_field_goal_mean_distance,0.0,ext_et_all,2021
lag4_pat_make_rate,0.0,ext_et_all,2021
lag4_catch_rate,-0.00025401072005559744,ext_et_all,2021
lag4_receiving_yards_per_target,0.00010648203726715266,ext_et_all,2021
lag4_receiving_air_yards_per_target,1.1217185140521835e-05,ext_et_all,2021
lag4_receiving_yards_after_catch_per_reception,-0.00011695826454927172,ext_et_all,2021
lag4_passing_air_yards_per_attempt,7.716070962748844e-05,ext_et_all,2021
lag4_passing_yards_after_catch_per_completion,-2.5683011089627783e-05,ext_et_all,2021
lag1_late6_attempts,1.2788318722867231e-05,ext_et_all,2021
lag1_weekly_slope_attempts,0.00014699688854991066,ext_et_all,2021
lag1_late6_mean_delta_attempts,-0.0001434870018577339,ext_et_all,2021
lag1_late6_passing_yards,0.0006771074138574029,ext_et_all,2021
lag1_weekly_slope_passing_yards,0.00037530091568460655,ext_et_all,2021
lag1_late6_mean_delta_passing_yards,0.0001058906605526655,ext_et_all,2021
lag1_late6_passing_first_downs,0.0005984821841287236,ext_et_all,2021
lag1_weekly_slope_passing_first_downs,0.0010172472177661929,ext_et_all,2021
lag1_late6_mean_delta_passing_first_downs,0.00038129830586297597,ext_et_all,2021
lag1_late6_passing_20,-0.0004064789126085877,ext_et_all,2021
lag1_weekly_slope_passing_20,0.000578975545690974,ext_et_all,2021
lag1_late6_mean_delta_passing_20,0.0002477924265518183,ext_et_all,2021
lag1_late6_carries,-0.00044604231560607666,ext_et_all,2021
lag1_weekly_slope_carries,0.0015540190503110507,ext_et_all,2021
lag1_late6_mean_delta_carries,0.0011254811737585468,ext_et_all,2021
lag1_late6_rushing_yards,0.00011120586438118085,ext_et_all,2021
lag1_weekly_slope_rushing_yards,0.0009344323434816726,ext_et_all,2021
lag1_late6_mean_delta_rushing_yards,0.00031536481876781597,ext_et_all,2021
lag1_late6_rushing_first_downs,-0.0010158322393205577,ext_et_all,2021
lag1_weekly_slope_rushing_first_downs,-0.0026231820218729496,ext_et_all,2021
lag1_late6_mean_delta_rushing_first_downs,0.0003950667616623438,ext_et_all,2021
lag1_late6_rushing_20,-0.0011104383284598063,ext_et_all,2021
lag1_weekly_slope_rushing_20,-0.00028927547447588076,ext_et_all,2021
lag1_late6_mean_delta_rushing_20,-0.00019382850830329534,ext_et_all,2021
lag1_late6_receptions,0.001329291760950091,ext_et_all,2021
lag1_weekly_slope_receptions,0.00042359237515410264,ext_et_all,2021
lag1_late6_mean_delta_receptions,0.00039014499692735516,ext_et_all,2021
lag1_late6_receiving_yards,0.0005664959349920284,ext_et_all,2021
lag1_weekly_slope_receiving_yards,0.00011417286068171606,ext_et_all,2021
lag1_late6_mean_delta_receiving_yards,-0.00019082445571383388,ext_et_all,2021
lag1_late6_receiving_first_downs,-0.0008600382742358637,ext_et_all,2021
lag1_weekly_slope_receiving_first_downs,0.00015364390396532812,ext_et_all,2021
lag1_late6_mean_delta_receiving_first_downs,0.0002483704161813094,ext_et_all,2021
lag1_late6_receiving_20,3.0105034943495035e-05,ext_et_all,2021
lag1_weekly_slope_receiving_20,-6.107481098727163e-05,ext_et_all,2021
lag1_late6_mean_delta_receiving_20,0.00027632959165901916,ext_et_all,2021
lag1_late6_punt_return_yards,-4.4475557026135704e-07,ext_et_all,2021
lag1_weekly_slope_punt_return_yards,5.411087293605288e-05,ext_et_all,2021
lag1_late6_mean_delta_punt_return_yards,-3.848179350274261e-05,ext_et_all,2021
lag1_late6_kickoff_return_yards,0.00013172208639189442,ext_et_all,2021
lag1_weekly_slope_kickoff_return_yards,0.00020522168154291087,ext_et_all,2021
lag1_late6_mean_delta_kickoff_return_yards,0.00035579414272557397,ext_et_all,2021
lag1_late6_fg_made,0.0,ext_et_all,2021
lag1_weekly_slope_fg_made,0.0,ext_et_all,2021
lag1_late6_mean_delta_fg_made,0.0,ext_et_all,2021
lag1_late6_fg_att,0.0,ext_et_all,2021
lag1_weekly_slope_fg_att,0.0,ext_et_all,2021
lag1_late6_mean_delta_fg_att,0.0,ext_et_all,2021
lag1_late6_pat_att,0.0,ext_et_all,2021
lag1_weekly_slope_pat_att,0.0,ext_et_all,2021
lag1_late6_mean_delta_pat_att,0.0,ext_et_all,2021
lag1_late6_targets,-0.0020688811823619258,ext_et_all,2021
lag1_weekly_slope_targets,0.0016110390385838391,ext_et_all,2021
lag1_late6_mean_delta_targets,0.001580705437738028,ext_et_all,2021
lag1_late6_passing_air_yards,-0.0005421768190897458,ext_et_all,2021
lag1_weekly_slope_passing_air_yards,0.0003708671341253744,ext_et_all,2021
lag1_late6_mean_delta_passing_air_yards,-0.0001966353155190559,ext_et_all,2021
lag1_late6_passing_yards_after_catch,0.0005980727958921905,ext_et_all,2021
lag1_weekly_slope_passing_yards_after_catch,0.0005425571765713677,ext_et_all,2021
lag1_late6_mean_delta_passing_yards_after_catch,0.0005208842338203512,ext_et_all,2021
lag1_late6_receiving_air_yards,0.0022575826656398013,ext_et_all,2021
lag1_weekly_slope_receiving_air_yards,4.21592060750875e-06,ext_et_all,2021
lag1_late6_mean_delta_receiving_air_yards,-0.0005142456647162508,ext_et_all,2021
lag1_late6_receiving_yards_after_catch,0.0010462139440237106,ext_et_all,2021
lag1_weekly_slope_receiving_yards_after_catch,2.6992422635041535e-05,ext_et_all,2021
lag1_late6_mean_delta_receiving_yards_after_catch,0.00042688932870027507,ext_et_all,2021
position_K,0.0,ext_et_all,2021
injury_lag2_injury_reported,0.0004167808533203088,ext_et_all,2021
injury_lag2_injury_report_weeks,-4.897676928017347e-05,ext_et_all,2021
injury_lag2_designation_count,-0.0001308930578337586,ext_et_all,2021
injury_lag3_injury_reported,0.0002910264840748633,ext_et_all,2021
injury_lag3_injury_report_weeks,-5.82444020993389e-05,ext_et_all,2021
injury_lag3_designation_count,-1.3595175164526907e-06,ext_et_all,2021
injury_lag4_injury_reported,0.00015479754391467537,ext_et_all,2021
injury_lag4_injury_report_weeks,0.00012863531813711582,ext_et_all,2021
injury_lag4_designation_count,7.335992182810891e-05,ext_et_all,2021
injury_lag5_injury_reported,0.0011450037521387735,ext_et_all,2021
injury_lag5_injury_report_weeks,9.954417099278245e-05,ext_et_all,2021
injury_lag5_designation_count,0.0001369972271699771,ext_et_all,2021
injury_lag1_reserve_weeks,0.00044051958665758395,ext_et_all,2021
injury_lag2_reserve_weeks,0.0004988200043941626,ext_et_all,2021
injury_lag3_reserve_weeks,-4.904183854981259e-05,ext_et_all,2021
injury_lag4_reserve_weeks,1.057250322822334e-05,ext_et_all,2021
injury_lag2_absence_report_weeks,0.0002469255782451274,ext_et_all,2021
injury_lag2_absence_reported,0.00020690625487351788,ext_et_all,2021
injury_lag3_absence_report_weeks,8.6638750232515e-05,ext_et_all,2021
injury_lag3_absence_reported,3.0467230389241706e-05,ext_et_all,2021
injury_lag4_absence_report_weeks,-3.818185105086691e-05,ext_et_all,2021
injury_lag4_absence_reported,-1.2264536033645967e-05,ext_et_all,2021
injury_lag5_absence_report_weeks,5.0812101102248874e-05,ext_et_all,2021
injury_lag5_absence_reported,-2.9207737718639493e-05,ext_et_all,2021
age,0.03237096934813255,ext_hgb_all,2019
missing_age,0.0,ext_hgb_all,2019
years_exp,0.0038507404902560216,ext_hgb_all,2019
missing_years_exp,0.0,ext_hgb_all,2019
height,0.0018081741621567282,ext_hgb_all,2019
missing_height,0.0,ext_hgb_all,2019
weight,0.0022039464960055266,ext_hgb_all,2019
missing_weight,0.0,ext_hgb_all,2019
draft_number,0.05075437956858819,ext_hgb_all,2019
missing_draft_number,0.04297410621765019,ext_hgb_all,2019
draft_round,-0.0035900772174848328,ext_hgb_all,2019
missing_draft_round,0.0,ext_hgb_all,2019
was_drafted,0.0,ext_hgb_all,2019
missing_was_drafted,0.0,ext_hgb_all,2019
is_rookie,0.0017829300759834021,ext_hgb_all,2019
missing_is_rookie,0.0,ext_hgb_all,2019
missing_team_changed,0.0,ext_hgb_all,2019
combine_forty,-0.001204728470753036,ext_hgb_all,2019
missing_combine_forty,0.0,ext_hgb_all,2019
combine_bench,-0.0025202460013822314,ext_hgb_all,2019
missing_combine_bench,2.8029003914187278e-05,ext_hgb_all,2019
combine_vertical,-0.0010347630692987275,ext_hgb_all,2019
missing_combine_vertical,0.0,ext_hgb_all,2019
combine_broad_jump,-0.0028183328031553545,ext_hgb_all,2019
missing_combine_broad_jump,0.0,ext_hgb_all,2019
combine_cone,-0.0004680942588733972,ext_hgb_all,2019
missing_combine_cone,0.0,ext_hgb_all,2019
combine_shuttle,0.005854862616282985,ext_hgb_all,2019
missing_combine_shuttle,0.0,ext_hgb_all,2019
position_QB,-0.0014201455601080548,ext_hgb_all,2019
position_RB,-0.0016502497260983962,ext_hgb_all,2019
position_WR,-0.0012135603072431778,ext_hgb_all,2019
position_TE,0.0003257621269531219,ext_hgb_all,2019
lag1_history_available,0.012030212284961372,ext_hgb_all,2019
lag1_completions,-0.00021129954873222445,ext_hgb_all,2019
lag1_attempts,0.00031733206073025766,ext_hgb_all,2019
lag1_passing_yards,-0.00014376241210556362,ext_hgb_all,2019
lag1_passing_tds,0.0002612835962839677,ext_hgb_all,2019
lag1_passing_interceptions,-0.0016186661728038176,ext_hgb_all,2019
lag1_sacks_suffered,-0.00215836910350653,ext_hgb_all,2019
lag1_sack_yards_lost,-0.0005879940321124044,ext_hgb_all,2019
lag1_sack_fumbles,-0.0009321833726307904,ext_hgb_all,2019
lag1_sack_fumbles_lost,-5.666479245092226e-05,ext_hgb_all,2019
lag1_passing_first_downs,0.0004122569280990973,ext_hgb_all,2019
lag1_passing_10,0.0006657490695716195,ext_hgb_all,2019
lag1_passing_16,-0.0005084054663596627,ext_hgb_all,2019
lag1_passing_20,0.0004909084569945099,ext_hgb_all,2019
lag1_passing_40,9.637845412702184e-05,ext_hgb_all,2019
lag1_carries,0.00542906137755772,ext_hgb_all,2019
lag1_rushing_yards,0.00028960411254919105,ext_hgb_all,2019
lag1_rushing_tds,-0.0014809894835053905,ext_hgb_all,2019
lag1_rushing_fumbles,0.0012597631470403492,ext_hgb_all,2019
lag1_rushing_fumbles_lost,0.001250686020072611,ext_hgb_all,2019
lag1_rushing_first_downs,0.005125691963787649,ext_hgb_all,2019
lag1_rushing_10,0.02581804717337499,ext_hgb_all,2019
lag1_rushing_12,0.0013145609950441228,ext_hgb_all,2019
lag1_rushing_20,0.0013763283977573648,ext_hgb_all,2019
lag1_rushing_40,2.6992505965939273e-06,ext_hgb_all,2019
lag1_receptions,0.04298434484691682,ext_hgb_all,2019
lag1_receiving_yards,0.0033374092233561248,ext_hgb_all,2019
lag1_receiving_tds,0.016716121754725033,ext_hgb_all,2019
lag1_receiving_fumbles,0.00032464422303013496,ext_hgb_all,2019
lag1_receiving_fumbles_lost,0.0003539469087935343,ext_hgb_all,2019
lag1_receiving_first_downs,0.0062317152682984656,ext_hgb_all,2019
lag1_receiving_10,0.0035518834015849654,ext_hgb_all,2019
lag1_receiving_16,0.006766883221248521,ext_hgb_all,2019
lag1_receiving_20,0.0007864759301688951,ext_hgb_all,2019
lag1_receiving_40,-0.00033889624801941576,ext_hgb_all,2019
lag1_special_teams_tds,-0.0005066157621577139,ext_hgb_all,2019
lag1_fumbles_total,0.0018928140636550461,ext_hgb_all,2019
lag1_fumbles_lost_total,-7.297976527842476e-05,ext_hgb_all,2019
lag1_punt_returns,-1.094696956915886e-05,ext_hgb_all,2019
lag1_punt_return_yards,2.0825722530926072e-05,ext_hgb_all,2019
lag1_kickoff_returns,7.167757081549819e-05,ext_hgb_all,2019
lag1_kickoff_return_yards,-2.38211448071457e-05,ext_hgb_all,2019
lag1_fg_made,0.0,ext_hgb_all,2019
lag1_fg_att,0.0,ext_hgb_all,2019
lag1_fg_missed,0.0,ext_hgb_all,2019
lag1_fg_blocked,0.0,ext_hgb_all,2019
lag1_fg_made_0_19,0.0,ext_hgb_all,2019
lag1_fg_made_20_29,0.0,ext_hgb_all,2019
lag1_fg_made_30_39,0.0,ext_hgb_all,2019
lag1_fg_made_40_49,0.0,ext_hgb_all,2019
lag1_fg_made_50_59,0.0,ext_hgb_all,2019
lag1_fg_made_60_,0.0,ext_hgb_all,2019
lag1_fg_missed_0_19,0.0,ext_hgb_all,2019
lag1_fg_missed_20_29,0.0,ext_hgb_all,2019
lag1_fg_missed_30_39,0.0,ext_hgb_all,2019
lag1_fg_missed_40_49,0.0,ext_hgb_all,2019
lag1_fg_missed_50_59,0.0,ext_hgb_all,2019
lag1_fg_missed_60_,0.0,ext_hgb_all,2019
lag1_fg_made_distance,0.0,ext_hgb_all,2019
lag1_fg_missed_distance,0.0,ext_hgb_all,2019
lag1_pat_made,0.0,ext_hgb_all,2019
lag1_pat_att,0.0,ext_hgb_all,2019
lag1_pat_missed,0.0,ext_hgb_all,2019
lag1_pat_blocked,0.0,ext_hgb_all,2019
lag1_gwfg_made,0.0,ext_hgb_all,2019
lag1_gwfg_att,0.0,ext_hgb_all,2019
lag1_gwfg_missed,0.0,ext_hgb_all,2019
lag1_gwfg_blocked,0.0,ext_hgb_all,2019
lag1_gwfg_distance,0.0,ext_hgb_all,2019
lag1_targets,0.0049441935271453685,ext_hgb_all,2019
lag1_passing_air_yards,0.0019594902037191053,ext_hgb_all,2019
lag1_passing_yards_after_catch,0.010655962335374025,ext_hgb_all,2019
lag1_receiving_air_yards,0.008768575014765356,ext_hgb_all,2019
lag1_receiving_yards_after_catch,0.0034110721671335442,ext_hgb_all,2019
lag1_games,0.010317720593581492,ext_hgb_all,2019
lag1_roster_weeks,0.0007513122252797988,ext_hgb_all,2019
lag1_offense_snaps,0.08150145924336805,ext_hgb_all,2019
lag2_history_available,0.0,ext_hgb_all,2019
lag2_completions,-0.00033446238689049945,ext_hgb_all,2019
lag2_attempts,0.002100859576198988,ext_hgb_all,2019
lag2_passing_yards,-0.00011003984341828588,ext_hgb_all,2019
lag2_passing_tds,0.0021426615739760235,ext_hgb_all,2019
lag2_passing_interceptions,-0.0011028798541762308,ext_hgb_all,2019
lag2_sacks_suffered,-0.00030349175132582396,ext_hgb_all,2019
lag2_sack_yards_lost,0.002768760540509896,ext_hgb_all,2019
lag2_sack_fumbles,0.0,ext_hgb_all,2019
lag2_sack_fumbles_lost,-0.0001787332445970513,ext_hgb_all,2019
lag2_passing_first_downs,-0.0005439032058618398,ext_hgb_all,2019
lag2_passing_10,0.00019780001157210236,ext_hgb_all,2019
lag2_passing_16,-0.00048584434392262565,ext_hgb_all,2019
lag2_passing_20,0.0,ext_hgb_all,2019
lag2_passing_40,0.0003050809581549574,ext_hgb_all,2019
lag2_carries,-0.00015963146731656774,ext_hgb_all,2019
lag2_rushing_yards,-0.0001267768751637144,ext_hgb_all,2019
lag2_rushing_tds,-0.0004683009317711928,ext_hgb_all,2019
lag2_rushing_fumbles,0.00029374902007750503,ext_hgb_all,2019
lag2_rushing_fumbles_lost,-0.0017971005605939006,ext_hgb_all,2019
lag2_rushing_first_downs,0.001047534289190799,ext_hgb_all,2019
lag2_rushing_10,0.00021474111209451863,ext_hgb_all,2019
lag2_rushing_12,0.0027638350851041382,ext_hgb_all,2019
lag2_rushing_20,-0.00023360737810218524,ext_hgb_all,2019
lag2_rushing_40,0.0,ext_hgb_all,2019
lag2_receptions,0.018237197880154432,ext_hgb_all,2019
lag2_receiving_yards,0.0015357715828016039,ext_hgb_all,2019
lag2_receiving_tds,-0.000998322460854073,ext_hgb_all,2019
lag2_receiving_fumbles,-6.782268922811419e-06,ext_hgb_all,2019
lag2_receiving_fumbles_lost,-4.403559096610721e-05,ext_hgb_all,2019
lag2_receiving_first_downs,0.0006157485730765577,ext_hgb_all,2019
lag2_receiving_10,-0.0033650623543775016,ext_hgb_all,2019
lag2_receiving_16,-0.0003320821589583023,ext_hgb_all,2019
lag2_receiving_20,9.798469147281885e-05,ext_hgb_all,2019
lag2_receiving_40,0.0009928042726996544,ext_hgb_all,2019
lag2_special_teams_tds,0.0,ext_hgb_all,2019
lag2_fumbles_total,0.0033114233970811258,ext_hgb_all,2019
lag2_fumbles_lost_total,0.00019960045305988938,ext_hgb_all,2019
lag2_punt_returns,-5.670634116161644e-06,ext_hgb_all,2019
lag2_punt_return_yards,-0.0001297013623776655,ext_hgb_all,2019
lag2_kickoff_returns,0.00040006260413616435,ext_hgb_all,2019
lag2_kickoff_return_yards,-0.00020958626903300193,ext_hgb_all,2019
lag2_fg_made,0.0,ext_hgb_all,2019
lag2_fg_att,0.0,ext_hgb_all,2019
lag2_fg_missed,0.0,ext_hgb_all,2019
lag2_fg_blocked,0.0,ext_hgb_all,2019
lag2_fg_made_0_19,0.0,ext_hgb_all,2019
lag2_fg_made_20_29,0.0,ext_hgb_all,2019
lag2_fg_made_30_39,0.0,ext_hgb_all,2019
lag2_fg_made_40_49,0.0,ext_hgb_all,2019
lag2_fg_made_50_59,0.0,ext_hgb_all,2019
lag2_fg_made_60_,0.0,ext_hgb_all,2019
lag2_fg_missed_0_19,0.0,ext_hgb_all,2019
lag2_fg_missed_20_29,0.0,ext_hgb_all,2019
lag2_fg_missed_30_39,0.0,ext_hgb_all,2019
lag2_fg_missed_40_49,0.0,ext_hgb_all,2019
lag2_fg_missed_50_59,0.0,ext_hgb_all,2019
lag2_fg_missed_60_,0.0,ext_hgb_all,2019
lag2_fg_made_distance,0.0,ext_hgb_all,2019
lag2_fg_missed_distance,0.0,ext_hgb_all,2019
lag2_pat_made,0.0,ext_hgb_all,2019
lag2_pat_att,0.0,ext_hgb_all,2019
lag2_pat_missed,0.0,ext_hgb_all,2019
lag2_pat_blocked,0.0,ext_hgb_all,2019
lag2_gwfg_made,0.0,ext_hgb_all,2019
lag2_gwfg_att,0.0,ext_hgb_all,2019
lag2_gwfg_missed,0.0,ext_hgb_all,2019
lag2_gwfg_blocked,0.0,ext_hgb_all,2019
lag2_gwfg_distance,0.0,ext_hgb_all,2019
lag2_targets,0.004798243600345864,ext_hgb_all,2019
lag2_passing_air_yards,0.0,ext_hgb_all,2019
lag2_passing_yards_after_catch,4.438142269647116e-05,ext_hgb_all,2019
lag2_receiving_air_yards,0.0009459417594225306,ext_hgb_all,2019
lag2_receiving_yards_after_catch,0.0041433502814745005,ext_hgb_all,2019
lag2_games,-2.1226168065435758e-05,ext_hgb_all,2019
lag2_roster_weeks,0.0006767519321743132,ext_hgb_all,2019
lag2_offense_snaps,0.006692590101561424,ext_hgb_all,2019
lag3_history_available,-0.00010555042023585592,ext_hgb_all,2019
lag3_completions,-0.00030097223497682624,ext_hgb_all,2019
lag3_attempts,0.0,ext_hgb_all,2019
lag3_passing_yards,0.0,ext_hgb_all,2019
lag3_passing_tds,-0.00016842301569941487,ext_hgb_all,2019
lag3_passing_interceptions,0.0001941442368297297,ext_hgb_all,2019
lag3_sacks_suffered,4.230756888812248e-05,ext_hgb_all,2019
lag3_sack_yards_lost,5.656031987100185e-05,ext_hgb_all,2019
lag3_sack_fumbles,-8.841529379532975e-05,ext_hgb_all,2019
lag3_sack_fumbles_lost,0.0,ext_hgb_all,2019
lag3_passing_first_downs,0.0005245871350711973,ext_hgb_all,2019
lag3_passing_10,0.0,ext_hgb_all,2019
lag3_passing_16,-0.0005543238950443952,ext_hgb_all,2019
lag3_passing_20,0.0,ext_hgb_all,2019
lag3_passing_40,0.0004475794938531008,ext_hgb_all,2019
lag3_carries,-7.571914425363868e-05,ext_hgb_all,2019
lag3_rushing_yards,-0.0009603726747489105,ext_hgb_all,2019
lag3_rushing_tds,-0.00012108892631268464,ext_hgb_all,2019
lag3_rushing_fumbles,0.0,ext_hgb_all,2019
lag3_rushing_fumbles_lost,2.2129170257678688e-05,ext_hgb_all,2019
lag3_rushing_first_downs,0.0018195884393505946,ext_hgb_all,2019
lag3_rushing_10,0.00012530510206554268,ext_hgb_all,2019
lag3_rushing_12,0.00011255294695822204,ext_hgb_all,2019
lag3_rushing_20,0.0,ext_hgb_all,2019
lag3_rushing_40,0.0,ext_hgb_all,2019
lag3_receptions,0.0009893493599806291,ext_hgb_all,2019
lag3_receiving_yards,0.00015755705889353155,ext_hgb_all,2019
lag3_receiving_tds,4.730684247677974e-05,ext_hgb_all,2019
lag3_receiving_fumbles,0.0002955242918440959,ext_hgb_all,2019
lag3_receiving_fumbles_lost,0.0001649242397800954,ext_hgb_all,2019
lag3_receiving_first_downs,0.00035838034994239987,ext_hgb_all,2019
lag3_receiving_10,-0.0003073656021066462,ext_hgb_all,2019
lag3_receiving_16,0.0002642068888639715,ext_hgb_all,2019
lag3_receiving_20,0.0005142605503491993,ext_hgb_all,2019
lag3_receiving_40,-0.00010824705526490952,ext_hgb_all,2019
lag3_special_teams_tds,0.0,ext_hgb_all,2019
lag3_fumbles_total,-0.0011892184560130525,ext_hgb_all,2019
lag3_fumbles_lost_total,-0.0006267745631889365,ext_hgb_all,2019
lag3_punt_returns,0.0,ext_hgb_all,2019
lag3_punt_return_yards,-0.00029417953664367946,ext_hgb_all,2019
lag3_kickoff_returns,-0.00013590201281055148,ext_hgb_all,2019
lag3_kickoff_return_yards,0.0,ext_hgb_all,2019
lag3_fg_made,0.0,ext_hgb_all,2019
lag3_fg_att,0.0,ext_hgb_all,2019
lag3_fg_missed,0.0,ext_hgb_all,2019
lag3_fg_blocked,0.0,ext_hgb_all,2019
lag3_fg_made_0_19,0.0,ext_hgb_all,2019
lag3_fg_made_20_29,0.0,ext_hgb_all,2019
lag3_fg_made_30_39,0.0,ext_hgb_all,2019
lag3_fg_made_40_49,0.0,ext_hgb_all,2019
lag3_fg_made_50_59,0.0,ext_hgb_all,2019
lag3_fg_made_60_,0.0,ext_hgb_all,2019
lag3_fg_missed_0_19,0.0,ext_hgb_all,2019
lag3_fg_missed_20_29,0.0,ext_hgb_all,2019
lag3_fg_missed_30_39,0.0,ext_hgb_all,2019
lag3_fg_missed_40_49,0.0,ext_hgb_all,2019
lag3_fg_missed_50_59,0.0,ext_hgb_all,2019
lag3_fg_missed_60_,0.0,ext_hgb_all,2019
lag3_fg_made_distance,0.0,ext_hgb_all,2019
lag3_fg_missed_distance,0.0,ext_hgb_all,2019
lag3_pat_made,0.0,ext_hgb_all,2019
lag3_pat_att,0.0,ext_hgb_all,2019
lag3_pat_missed,0.0,ext_hgb_all,2019
lag3_pat_blocked,0.0,ext_hgb_all,2019
lag3_gwfg_made,0.0,ext_hgb_all,2019
lag3_gwfg_att,0.0,ext_hgb_all,2019
lag3_gwfg_missed,0.0,ext_hgb_all,2019
lag3_gwfg_blocked,0.0,ext_hgb_all,2019
lag3_gwfg_distance,0.0,ext_hgb_all,2019
lag3_targets,0.0015441426145502701,ext_hgb_all,2019
lag3_passing_air_yards,-0.0004366622793297026,ext_hgb_all,2019
lag3_passing_yards_after_catch,-6.223693815421427e-06,ext_hgb_all,2019
lag3_receiving_air_yards,-0.0006458753987291788,ext_hgb_all,2019
lag3_receiving_yards_after_catch,0.0011997417220916962,ext_hgb_all,2019
lag3_games,-0.000944200844186116,ext_hgb_all,2019
lag3_roster_weeks,0.0,ext_hgb_all,2019
lag3_offense_snaps,8.402761986081586e-05,ext_hgb_all,2019
lag4_history_available,0.0,ext_hgb_all,2019
lag4_completions,0.0,ext_hgb_all,2019
lag4_attempts,0.0,ext_hgb_all,2019
lag4_passing_yards,3.7298059653467774e-05,ext_hgb_all,2019
lag4_passing_tds,0.0025059312425761426,ext_hgb_all,2019
lag4_passing_interceptions,0.0,ext_hgb_all,2019
lag4_sacks_suffered,0.0,ext_hgb_all,2019
lag4_sack_yards_lost,-3.0064328475187807e-05,ext_hgb_all,2019
lag4_sack_fumbles,-0.002441709905012801,ext_hgb_all,2019
lag4_sack_fumbles_lost,0.0,ext_hgb_all,2019
lag4_passing_first_downs,0.0,ext_hgb_all,2019
lag4_passing_10,-0.0006888710560076783,ext_hgb_all,2019
lag4_passing_16,0.00011216963407634228,ext_hgb_all,2019
lag4_passing_20,0.0,ext_hgb_all,2019
lag4_passing_40,0.0,ext_hgb_all,2019
lag4_carries,-0.00018112582493323703,ext_hgb_all,2019
lag4_rushing_yards,0.0011663944506856705,ext_hgb_all,2019
lag4_rushing_tds,0.0,ext_hgb_all,2019
lag4_rushing_fumbles,-9.762595192042145e-05,ext_hgb_all,2019
lag4_rushing_fumbles_lost,0.00048493598937227045,ext_hgb_all,2019
lag4_rushing_first_downs,-0.0003046798520812688,ext_hgb_all,2019
lag4_rushing_10,-0.00031713543051992144,ext_hgb_all,2019
lag4_rushing_12,0.0,ext_hgb_all,2019
lag4_rushing_20,0.0,ext_hgb_all,2019
lag4_rushing_40,0.0,ext_hgb_all,2019
lag4_receptions,0.00019279843352171255,ext_hgb_all,2019
lag4_receiving_yards,-0.0009202740188671843,ext_hgb_all,2019
lag4_receiving_tds,-7.853176349781332e-05,ext_hgb_all,2019
lag4_receiving_fumbles,5.811181626635964e-05,ext_hgb_all,2019
lag4_receiving_fumbles_lost,-0.0003849357392060604,ext_hgb_all,2019
lag4_receiving_first_downs,-0.00016602610900917636,ext_hgb_all,2019
lag4_receiving_10,-0.00017431899585285127,ext_hgb_all,2019
lag4_receiving_16,0.00035872859309027394,ext_hgb_all,2019
lag4_receiving_20,0.00017786438139655303,ext_hgb_all,2019
lag4_receiving_40,0.0,ext_hgb_all,2019
lag4_special_teams_tds,0.0,ext_hgb_all,2019
lag4_fumbles_total,0.001953210159094332,ext_hgb_all,2019
lag4_fumbles_lost_total,-0.00014776573756392075,ext_hgb_all,2019
lag4_punt_returns,0.0,ext_hgb_all,2019
lag4_punt_return_yards,0.0,ext_hgb_all,2019
lag4_kickoff_returns,0.0,ext_hgb_all,2019
lag4_kickoff_return_yards,0.0,ext_hgb_all,2019
lag4_fg_made,0.0,ext_hgb_all,2019
lag4_fg_att,0.0,ext_hgb_all,2019
lag4_fg_missed,0.0,ext_hgb_all,2019
lag4_fg_blocked,0.0,ext_hgb_all,2019
lag4_fg_made_0_19,0.0,ext_hgb_all,2019
lag4_fg_made_20_29,0.0,ext_hgb_all,2019
lag4_fg_made_30_39,0.0,ext_hgb_all,2019
lag4_fg_made_40_49,0.0,ext_hgb_all,2019
lag4_fg_made_50_59,0.0,ext_hgb_all,2019
lag4_fg_made_60_,0.0,ext_hgb_all,2019
lag4_fg_missed_0_19,0.0,ext_hgb_all,2019
lag4_fg_missed_20_29,0.0,ext_hgb_all,2019
lag4_fg_missed_30_39,0.0,ext_hgb_all,2019
lag4_fg_missed_40_49,0.0,ext_hgb_all,2019
lag4_fg_missed_50_59,0.0,ext_hgb_all,2019
lag4_fg_missed_60_,0.0,ext_hgb_all,2019
lag4_fg_made_distance,0.0,ext_hgb_all,2019
lag4_fg_missed_distance,0.0,ext_hgb_all,2019
lag4_pat_made,0.0,ext_hgb_all,2019
lag4_pat_att,0.0,ext_hgb_all,2019
lag4_pat_missed,0.0,ext_hgb_all,2019
lag4_pat_blocked,0.0,ext_hgb_all,2019
lag4_gwfg_made,0.0,ext_hgb_all,2019
lag4_gwfg_att,0.0,ext_hgb_all,2019
lag4_gwfg_missed,0.0,ext_hgb_all,2019
lag4_gwfg_blocked,0.0,ext_hgb_all,2019
lag4_gwfg_distance,0.0,ext_hgb_all,2019
lag4_targets,8.412675902447209e-05,ext_hgb_all,2019
lag4_passing_air_yards,-0.0003657787938965429,ext_hgb_all,2019
lag4_passing_yards_after_catch,-0.0007689365746473831,ext_hgb_all,2019
lag4_receiving_air_yards,-0.00013610465700764074,ext_hgb_all,2019
lag4_receiving_yards_after_catch,-0.00027344927784045403,ext_hgb_all,2019
lag4_games,-0.0003983177479807143,ext_hgb_all,2019
lag4_roster_weeks,0.0007670455437449597,ext_hgb_all,2019
lag4_offense_snaps,-0.0003664614070671979,ext_hgb_all,2019
lag1_completion_rate,0.010174597378827976,ext_hgb_all,2019
lag1_pass_yards_per_attempt,0.010367299457738954,ext_hgb_all,2019
lag1_pass_td_rate,-0.0020920818197680546,ext_hgb_all,2019
lag1_interception_rate,0.0016266927550298016,ext_hgb_all,2019
lag1_rush_yards_per_carry,-0.0016500130715185746,ext_hgb_all,2019
lag1_rush_first_down_rate,0.0013756141624214901,ext_hgb_all,2019
lag1_rush_20_rate,0.00032242577785024373,ext_hgb_all,2019
lag1_receiving_yards_per_reception,8.489836546232699e-05,ext_hgb_all,2019
lag1_receiving_first_down_rate,-0.00010569123734327501,ext_hgb_all,2019
lag1_receiving_20_rate,-0.0006667982014182394,ext_hgb_all,2019
lag1_field_goal_make_rate,0.0,ext_hgb_all,2019
lag1_made_field_goal_mean_distance,0.0,ext_hgb_all,2019
lag1_missed_field_goal_mean_distance,0.0,ext_hgb_all,2019
lag1_pat_make_rate,0.0,ext_hgb_all,2019
lag1_catch_rate,0.001349249038202549,ext_hgb_all,2019
lag1_receiving_yards_per_target,0.007306012893619651,ext_hgb_all,2019
lag1_receiving_air_yards_per_target,0.0022182901499261387,ext_hgb_all,2019
lag1_receiving_yards_after_catch_per_reception,0.0007497146609284355,ext_hgb_all,2019
lag1_passing_air_yards_per_attempt,0.0008558755506763438,ext_hgb_all,2019
lag1_passing_yards_after_catch_per_completion,0.001958544123190409,ext_hgb_all,2019
lag2_completion_rate,3.6702904654739577e-05,ext_hgb_all,2019
lag2_pass_yards_per_attempt,9.140818026753816e-05,ext_hgb_all,2019
lag2_pass_td_rate,4.042954185146108e-05,ext_hgb_all,2019
lag2_interception_rate,-0.0006326944207034613,ext_hgb_all,2019
lag2_rush_yards_per_carry,-0.0007100732404695664,ext_hgb_all,2019
lag2_rush_first_down_rate,-0.00043617955274721787,ext_hgb_all,2019
lag2_rush_20_rate,0.0017856097203480248,ext_hgb_all,2019
lag2_receiving_yards_per_reception,0.00011812293921498185,ext_hgb_all,2019
lag2_receiving_first_down_rate,0.00034609984939881766,ext_hgb_all,2019
lag2_receiving_20_rate,-0.0005252468044255609,ext_hgb_all,2019
lag2_field_goal_make_rate,0.0,ext_hgb_all,2019
lag2_made_field_goal_mean_distance,0.0,ext_hgb_all,2019
lag2_missed_field_goal_mean_distance,0.0,ext_hgb_all,2019
lag2_pat_make_rate,0.0,ext_hgb_all,2019
lag2_catch_rate,0.000658508811930747,ext_hgb_all,2019
lag2_receiving_yards_per_target,-0.0013027978923171313,ext_hgb_all,2019
lag2_receiving_air_yards_per_target,0.00016226538401331592,ext_hgb_all,2019
lag2_receiving_yards_after_catch_per_reception,0.0029431936723682828,ext_hgb_all,2019
lag2_passing_air_yards_per_attempt,0.0002586791260666965,ext_hgb_all,2019
lag2_passing_yards_after_catch_per_completion,0.0,ext_hgb_all,2019
lag3_completion_rate,-0.0007522687068219902,ext_hgb_all,2019
lag3_pass_yards_per_attempt,0.00048693910191510703,ext_hgb_all,2019
lag3_pass_td_rate,4.617846442889206e-05,ext_hgb_all,2019
lag3_interception_rate,-4.568515220604308e-05,ext_hgb_all,2019
lag3_rush_yards_per_carry,-0.00012890978374779927,ext_hgb_all,2019
lag3_rush_first_down_rate,0.00046845055444899586,ext_hgb_all,2019
lag3_rush_20_rate,0.0005585505724782225,ext_hgb_all,2019
lag3_receiving_yards_per_reception,4.345169397657056e-05,ext_hgb_all,2019
lag3_receiving_first_down_rate,-0.0007468639797895138,ext_hgb_all,2019
lag3_receiving_20_rate,-0.0012847820102978025,ext_hgb_all,2019
lag3_field_goal_make_rate,0.0,ext_hgb_all,2019
lag3_made_field_goal_mean_distance,0.0,ext_hgb_all,2019
lag3_missed_field_goal_mean_distance,0.0,ext_hgb_all,2019
lag3_pat_make_rate,0.0,ext_hgb_all,2019
lag3_catch_rate,0.0006954523923632383,ext_hgb_all,2019
lag3_receiving_yards_per_target,6.380205529976646e-05,ext_hgb_all,2019
lag3_receiving_air_yards_per_target,3.120087166019747e-05,ext_hgb_all,2019
lag3_receiving_yards_after_catch_per_reception,0.0006435827183184362,ext_hgb_all,2019
lag3_passing_air_yards_per_attempt,0.00010806276271879689,ext_hgb_all,2019
lag3_passing_yards_after_catch_per_completion,-4.80513422718154e-07,ext_hgb_all,2019
lag4_completion_rate,8.786976112606926e-05,ext_hgb_all,2019
lag4_pass_yards_per_attempt,-0.0020699718557690705,ext_hgb_all,2019
lag4_pass_td_rate,-0.00010375953343688682,ext_hgb_all,2019
lag4_interception_rate,8.75602535815867e-05,ext_hgb_all,2019
lag4_rush_yards_per_carry,-0.0009446485661649406,ext_hgb_all,2019
lag4_rush_first_down_rate,4.8758418273786575e-05,ext_hgb_all,2019
lag4_rush_20_rate,0.0,ext_hgb_all,2019
lag4_receiving_yards_per_reception,-0.0009233885333427283,ext_hgb_all,2019
lag4_receiving_first_down_rate,0.00013677095556152707,ext_hgb_all,2019
lag4_receiving_20_rate,2.853218571441385e-05,ext_hgb_all,2019
lag4_field_goal_make_rate,0.0,ext_hgb_all,2019
lag4_made_field_goal_mean_distance,0.0,ext_hgb_all,2019
lag4_missed_field_goal_mean_distance,0.0,ext_hgb_all,2019
lag4_pat_make_rate,0.0,ext_hgb_all,2019
lag4_catch_rate,6.885197075434668e-05,ext_hgb_all,2019
lag4_receiving_yards_per_target,-0.00033752594193492413,ext_hgb_all,2019
lag4_receiving_air_yards_per_target,2.0304097892887008e-05,ext_hgb_all,2019
lag4_receiving_yards_after_catch_per_reception,-9.524795691095989e-05,ext_hgb_all,2019
lag4_passing_air_yards_per_attempt,0.0008537928188188104,ext_hgb_all,2019
lag4_passing_yards_after_catch_per_completion,-0.00014917177030537854,ext_hgb_all,2019
lag1_late6_attempts,-0.0003170410695133574,ext_hgb_all,2019
lag1_weekly_slope_attempts,0.0021354155987330925,ext_hgb_all,2019
lag1_late6_mean_delta_attempts,8.442163046673556e-05,ext_hgb_all,2019
lag1_late6_passing_yards,0.0018867302964546973,ext_hgb_all,2019
lag1_weekly_slope_passing_yards,0.0027055938964531956,ext_hgb_all,2019
lag1_late6_mean_delta_passing_yards,-0.0006267093614525931,ext_hgb_all,2019
lag1_late6_passing_first_downs,1.3270206570825671e-05,ext_hgb_all,2019
lag1_weekly_slope_passing_first_downs,0.0020597055644353546,ext_hgb_all,2019
lag1_late6_mean_delta_passing_first_downs,0.0015012706272051757,ext_hgb_all,2019
lag1_late6_passing_20,-0.00014512922786835691,ext_hgb_all,2019
lag1_weekly_slope_passing_20,0.00020698711949185267,ext_hgb_all,2019
lag1_late6_mean_delta_passing_20,-0.00018150339353550926,ext_hgb_all,2019
lag1_late6_carries,0.0023005245607709,ext_hgb_all,2019
lag1_weekly_slope_carries,0.00245253995553385,ext_hgb_all,2019
lag1_late6_mean_delta_carries,-0.0025475142995255995,ext_hgb_all,2019
lag1_late6_rushing_yards,0.0013722377210888537,ext_hgb_all,2019
lag1_weekly_slope_rushing_yards,0.0004111158292882111,ext_hgb_all,2019
lag1_late6_mean_delta_rushing_yards,0.006890411770175464,ext_hgb_all,2019
lag1_late6_rushing_first_downs,-0.00025878225116360287,ext_hgb_all,2019
lag1_weekly_slope_rushing_first_downs,-0.0014332401910094328,ext_hgb_all,2019
lag1_late6_mean_delta_rushing_first_downs,-0.0009715947812498626,ext_hgb_all,2019
lag1_late6_rushing_20,0.0021193838923135866,ext_hgb_all,2019
lag1_weekly_slope_rushing_20,0.0038722546509620814,ext_hgb_all,2019
lag1_late6_mean_delta_rushing_20,-0.0004389054009644733,ext_hgb_all,2019
lag1_late6_receptions,-0.0009361060488780604,ext_hgb_all,2019
lag1_weekly_slope_receptions,0.0033294174906007834,ext_hgb_all,2019
lag1_late6_mean_delta_receptions,0.004543882526953924,ext_hgb_all,2019
lag1_late6_receiving_yards,-0.0001043860203160385,ext_hgb_all,2019
lag1_weekly_slope_receiving_yards,0.004405396261127459,ext_hgb_all,2019
lag1_late6_mean_delta_receiving_yards,0.0022318615375150896,ext_hgb_all,2019
lag1_late6_receiving_first_downs,0.0022046145181936483,ext_hgb_all,2019
lag1_weekly_slope_receiving_first_downs,0.0005645812717466336,ext_hgb_all,2019
lag1_late6_mean_delta_receiving_first_downs,0.0012827766956615694,ext_hgb_all,2019
lag1_late6_receiving_20,-0.000925045037562966,ext_hgb_all,2019
lag1_weekly_slope_receiving_20,0.006849103776398913,ext_hgb_all,2019
lag1_late6_mean_delta_receiving_20,-0.0013235699631400921,ext_hgb_all,2019
lag1_late6_punt_return_yards,-2.2867801409476307e-05,ext_hgb_all,2019
lag1_weekly_slope_punt_return_yards,0.0,ext_hgb_all,2019
lag1_late6_mean_delta_punt_return_yards,0.0,ext_hgb_all,2019
lag1_late6_kickoff_return_yards,-0.0007407782482263814,ext_hgb_all,2019
lag1_weekly_slope_kickoff_return_yards,0.0029210940664804452,ext_hgb_all,2019
lag1_late6_mean_delta_kickoff_return_yards,0.001501905347338739,ext_hgb_all,2019
lag1_late6_fg_made,0.0,ext_hgb_all,2019
lag1_weekly_slope_fg_made,0.0,ext_hgb_all,2019
lag1_late6_mean_delta_fg_made,0.0,ext_hgb_all,2019
lag1_late6_fg_att,0.0,ext_hgb_all,2019
lag1_weekly_slope_fg_att,0.0,ext_hgb_all,2019
lag1_late6_mean_delta_fg_att,0.0,ext_hgb_all,2019
lag1_late6_pat_att,0.0,ext_hgb_all,2019
lag1_weekly_slope_pat_att,0.0,ext_hgb_all,2019
lag1_late6_mean_delta_pat_att,0.0,ext_hgb_all,2019
lag1_late6_targets,0.0029253235757810137,ext_hgb_all,2019
lag1_weekly_slope_targets,-0.0020234574389853544,ext_hgb_all,2019
lag1_late6_mean_delta_targets,-0.0012857072427029381,ext_hgb_all,2019
lag1_late6_passing_air_yards,-0.0007625465709690804,ext_hgb_all,2019
lag1_weekly_slope_passing_air_yards,-0.00042772053784345676,ext_hgb_all,2019
lag1_late6_mean_delta_passing_air_yards,3.818036501335165e-05,ext_hgb_all,2019
lag1_late6_passing_yards_after_catch,0.002060853395075557,ext_hgb_all,2019
lag1_weekly_slope_passing_yards_after_catch,-0.0002641043432647372,ext_hgb_all,2019
lag1_late6_mean_delta_passing_yards_after_catch,7.489153116180258e-05,ext_hgb_all,2019
lag1_late6_receiving_air_yards,0.0009611012748373948,ext_hgb_all,2019
lag1_weekly_slope_receiving_air_yards,0.003054517657884115,ext_hgb_all,2019
lag1_late6_mean_delta_receiving_air_yards,0.0024090081308399958,ext_hgb_all,2019
lag1_late6_receiving_yards_after_catch,0.0024914197164686014,ext_hgb_all,2019
lag1_weekly_slope_receiving_yards_after_catch,0.0018277170564777734,ext_hgb_all,2019
lag1_late6_mean_delta_receiving_yards_after_catch,0.003329484805356997,ext_hgb_all,2019
position_K,0.0,ext_hgb_all,2019
injury_lag2_injury_reported,-1.7529509715674685e-05,ext_hgb_all,2019
injury_lag2_injury_report_weeks,0.0001341063308776258,ext_hgb_all,2019
injury_lag2_designation_count,0.0005876806906610632,ext_hgb_all,2019
injury_lag3_injury_reported,0.00021918676758536648,ext_hgb_all,2019
injury_lag3_injury_report_weeks,0.000314112726177207,ext_hgb_all,2019
injury_lag3_designation_count,0.0008030728161674272,ext_hgb_all,2019
injury_lag4_injury_reported,-2.4711341385375007e-06,ext_hgb_all,2019
injury_lag4_injury_report_weeks,0.00018166786202511442,ext_hgb_all,2019
injury_lag4_designation_count,0.0,ext_hgb_all,2019
injury_lag5_injury_reported,-2.4274442377070216e-05,ext_hgb_all,2019
injury_lag5_injury_report_weeks,-2.9035368281027374e-05,ext_hgb_all,2019
injury_lag5_designation_count,-0.0001467830866098696,ext_hgb_all,2019
injury_lag1_reserve_weeks,-0.00027185527848994084,ext_hgb_all,2019
injury_lag2_reserve_weeks,2.9588142471337342e-05,ext_hgb_all,2019
injury_lag3_reserve_weeks,0.0,ext_hgb_all,2019
injury_lag4_reserve_weeks,0.0,ext_hgb_all,2019
injury_lag2_absence_report_weeks,0.00028385471797987005,ext_hgb_all,2019
injury_lag2_absence_reported,0.0,ext_hgb_all,2019
injury_lag3_absence_report_weeks,0.0,ext_hgb_all,2019
injury_lag3_absence_reported,0.0,ext_hgb_all,2019
injury_lag4_absence_report_weeks,0.0,ext_hgb_all,2019
injury_lag4_absence_reported,0.0,ext_hgb_all,2019
injury_lag5_absence_report_weeks,0.0,ext_hgb_all,2019
injury_lag5_absence_reported,0.0,ext_hgb_all,2019
age,0.02139086744034291,ext_hgb_all,2020
missing_age,0.0,ext_hgb_all,2020
years_exp,0.0026633489712611924,ext_hgb_all,2020
missing_years_exp,0.0,ext_hgb_all,2020
height,0.0034475252669152745,ext_hgb_all,2020
missing_height,0.0,ext_hgb_all,2020
weight,0.0007883535344030967,ext_hgb_all,2020
missing_weight,0.0,ext_hgb_all,2020
draft_number,0.05817579807294848,ext_hgb_all,2020
missing_draft_number,0.03507653326790827,ext_hgb_all,2020
draft_round,1.3230182335344232e-05,ext_hgb_all,2020
missing_draft_round,0.0,ext_hgb_all,2020
was_drafted,0.0,ext_hgb_all,2020
missing_was_drafted,0.0,ext_hgb_all,2020
is_rookie,3.9260874749258434e-05,ext_hgb_all,2020
missing_is_rookie,0.0,ext_hgb_all,2020
missing_team_changed,0.0,ext_hgb_all,2020
combine_forty,-0.0005450249168414967,ext_hgb_all,2020
missing_combine_forty,0.0,ext_hgb_all,2020
combine_bench,-0.0015431797603218111,ext_hgb_all,2020
missing_combine_bench,-2.2369939655542126e-05,ext_hgb_all,2020
combine_vertical,0.0007553472613492929,ext_hgb_all,2020
missing_combine_vertical,0.0,ext_hgb_all,2020
combine_broad_jump,-0.002556599810562221,ext_hgb_all,2020
missing_combine_broad_jump,0.0,ext_hgb_all,2020
combine_cone,0.0012480716036669115,ext_hgb_all,2020
missing_combine_cone,1.3958730084695503e-05,ext_hgb_all,2020
combine_shuttle,0.0020935237676796836,ext_hgb_all,2020
missing_combine_shuttle,0.0,ext_hgb_all,2020
position_QB,0.0004179511502762079,ext_hgb_all,2020
position_RB,8.109515897769537e-05,ext_hgb_all,2020
position_WR,-0.00019374040284270144,ext_hgb_all,2020
position_TE,-2.782395385114711e-05,ext_hgb_all,2020
lag1_history_available,0.006627907319853965,ext_hgb_all,2020
lag1_completions,0.0002852468595569979,ext_hgb_all,2020
lag1_attempts,-0.0011231408677817578,ext_hgb_all,2020
lag1_passing_yards,-0.001013856711454486,ext_hgb_all,2020
lag1_passing_tds,0.0009403076174648861,ext_hgb_all,2020
lag1_passing_interceptions,0.004345169422373618,ext_hgb_all,2020
lag1_sacks_suffered,-0.00119269880421502,ext_hgb_all,2020
lag1_sack_yards_lost,0.003867749426537004,ext_hgb_all,2020
lag1_sack_fumbles,0.0,ext_hgb_all,2020
lag1_sack_fumbles_lost,0.0006334581983421517,ext_hgb_all,2020
lag1_passing_first_downs,0.0013737451213184926,ext_hgb_all,2020
lag1_passing_10,0.004568286666110755,ext_hgb_all,2020
lag1_passing_16,-0.0006454576347840746,ext_hgb_all,2020
lag1_passing_20,0.0,ext_hgb_all,2020
lag1_passing_40,-0.0006709660572450371,ext_hgb_all,2020
lag1_carries,0.00013823344034014085,ext_hgb_all,2020
lag1_rushing_yards,0.0021989313280630363,ext_hgb_all,2020
lag1_rushing_tds,0.00044592579640989616,ext_hgb_all,2020
lag1_rushing_fumbles,0.001933593479136242,ext_hgb_all,2020
lag1_rushing_fumbles_lost,0.0037475821698412792,ext_hgb_all,2020
lag1_rushing_first_downs,0.0007225591254647057,ext_hgb_all,2020
lag1_rushing_10,0.020202810821397188,ext_hgb_all,2020
lag1_rushing_12,0.00035535809491371584,ext_hgb_all,2020
lag1_rushing_20,-7.268079919819925e-05,ext_hgb_all,2020
lag1_rushing_40,0.0008527665854554112,ext_hgb_all,2020
lag1_receptions,0.008689364762927587,ext_hgb_all,2020
lag1_receiving_yards,0.005941099015798312,ext_hgb_all,2020
lag1_receiving_tds,0.00948423866746273,ext_hgb_all,2020
lag1_receiving_fumbles,-4.7306855436746176e-05,ext_hgb_all,2020
lag1_receiving_fumbles_lost,0.0,ext_hgb_all,2020
lag1_receiving_first_downs,0.0036853194864893135,ext_hgb_all,2020
lag1_receiving_10,0.013146865366615468,ext_hgb_all,2020
lag1_receiving_16,0.00048005574505249893,ext_hgb_all,2020
lag1_receiving_20,0.0035280335871474833,ext_hgb_all,2020
lag1_receiving_40,-0.00022060209662899677,ext_hgb_all,2020
lag1_special_teams_tds,0.0,ext_hgb_all,2020
lag1_fumbles_total,-0.001915970725616778,ext_hgb_all,2020
lag1_fumbles_lost_total,-0.0006292245794247142,ext_hgb_all,2020
lag1_punt_returns,0.00013044130204176163,ext_hgb_all,2020
lag1_punt_return_yards,0.0,ext_hgb_all,2020
lag1_kickoff_returns,-0.00032564995406370034,ext_hgb_all,2020
lag1_kickoff_return_yards,0.0002161152327292415,ext_hgb_all,2020
lag1_fg_made,0.0,ext_hgb_all,2020
lag1_fg_att,0.0,ext_hgb_all,2020
lag1_fg_missed,0.0,ext_hgb_all,2020
lag1_fg_blocked,0.0,ext_hgb_all,2020
lag1_fg_made_0_19,0.0,ext_hgb_all,2020
lag1_fg_made_20_29,0.0,ext_hgb_all,2020
lag1_fg_made_30_39,0.0,ext_hgb_all,2020
lag1_fg_made_40_49,0.0,ext_hgb_all,2020
lag1_fg_made_50_59,0.0,ext_hgb_all,2020
lag1_fg_made_60_,0.0,ext_hgb_all,2020
lag1_fg_missed_0_19,0.0,ext_hgb_all,2020
lag1_fg_missed_20_29,0.0,ext_hgb_all,2020
lag1_fg_missed_30_39,0.0,ext_hgb_all,2020
lag1_fg_missed_40_49,0.0,ext_hgb_all,2020
lag1_fg_missed_50_59,0.0,ext_hgb_all,2020
lag1_fg_missed_60_,0.0,ext_hgb_all,2020
lag1_fg_made_distance,0.0,ext_hgb_all,2020
lag1_fg_missed_distance,0.0,ext_hgb_all,2020
lag1_pat_made,0.0,ext_hgb_all,2020
lag1_pat_att,0.0,ext_hgb_all,2020
lag1_pat_missed,0.0,ext_hgb_all,2020
lag1_pat_blocked,0.0,ext_hgb_all,2020
lag1_gwfg_made,0.0,ext_hgb_all,2020
lag1_gwfg_att,0.0,ext_hgb_all,2020
lag1_gwfg_missed,0.0,ext_hgb_all,2020
lag1_gwfg_blocked,0.0,ext_hgb_all,2020
lag1_gwfg_distance,0.0,ext_hgb_all,2020
lag1_targets,0.006741914778810365,ext_hgb_all,2020
lag1_passing_air_yards,0.001618906927087771,ext_hgb_all,2020
lag1_passing_yards_after_catch,0.0017513382283743661,ext_hgb_all,2020
lag1_receiving_air_yards,0.010623681694139964,ext_hgb_all,2020
lag1_receiving_yards_after_catch,0.00103575122565025,ext_hgb_all,2020
lag1_games,0.02153282174840976,ext_hgb_all,2020
lag1_roster_weeks,0.00024531887791356954,ext_hgb_all,2020
lag1_offense_snaps,0.12707354482440236,ext_hgb_all,2020
lag2_history_available,0.0,ext_hgb_all,2020
lag2_completions,0.001076774613840259,ext_hgb_all,2020
lag2_attempts,0.0018217369070538947,ext_hgb_all,2020
lag2_passing_yards,-7.880994546949349e-05,ext_hgb_all,2020
lag2_passing_tds,0.0031938921530068054,ext_hgb_all,2020
lag2_passing_interceptions,0.0,ext_hgb_all,2020
lag2_sacks_suffered,0.0,ext_hgb_all,2020
lag2_sack_yards_lost,-0.0028047797460135637,ext_hgb_all,2020
lag2_sack_fumbles,0.00012544249451884593,ext_hgb_all,2020
lag2_sack_fumbles_lost,0.0,ext_hgb_all,2020
lag2_passing_first_downs,0.0017428933599406005,ext_hgb_all,2020
lag2_passing_10,-0.00034985533417564163,ext_hgb_all,2020
lag2_passing_16,0.0007215096559567424,ext_hgb_all,2020
lag2_passing_20,-0.0007407887603497754,ext_hgb_all,2020
lag2_passing_40,-0.0009660751594804395,ext_hgb_all,2020
lag2_carries,0.0004897527789158307,ext_hgb_all,2020
lag2_rushing_yards,6.58717683397203e-05,ext_hgb_all,2020
lag2_rushing_tds,7.631490493242854e-05,ext_hgb_all,2020
lag2_rushing_fumbles,-0.0023751821883087887,ext_hgb_all,2020
lag2_rushing_fumbles_lost,3.0304532930403028e-05,ext_hgb_all,2020
lag2_rushing_first_downs,0.0006784122800501668,ext_hgb_all,2020
lag2_rushing_10,-0.0003089253100139189,ext_hgb_all,2020
lag2_rushing_12,0.003080022897136936,ext_hgb_all,2020
lag2_rushing_20,-0.0007777960765494862,ext_hgb_all,2020
lag2_rushing_40,0.00022944369366340034,ext_hgb_all,2020
lag2_receptions,0.01316360055293253,ext_hgb_all,2020
lag2_receiving_yards,0.006011636290921829,ext_hgb_all,2020
lag2_receiving_tds,-0.0009594689190042249,ext_hgb_all,2020
lag2_receiving_fumbles,6.401759611629476e-05,ext_hgb_all,2020
lag2_receiving_fumbles_lost,0.0,ext_hgb_all,2020
lag2_receiving_first_downs,0.010442772882539697,ext_hgb_all,2020
lag2_receiving_10,0.0008850734198173615,ext_hgb_all,2020
lag2_receiving_16,0.0031622929100747488,ext_hgb_all,2020
lag2_receiving_20,0.0003993418235072044,ext_hgb_all,2020
lag2_receiving_40,-8.704690539818039e-06,ext_hgb_all,2020
lag2_special_teams_tds,0.0,ext_hgb_all,2020
lag2_fumbles_total,3.852646739888055e-05,ext_hgb_all,2020
lag2_fumbles_lost_total,0.0003895953052804879,ext_hgb_all,2020
lag2_punt_returns,2.1270031069553497e-05,ext_hgb_all,2020
lag2_punt_return_yards,0.00045053571112341206,ext_hgb_all,2020
lag2_kickoff_returns,0.0010227629093240154,ext_hgb_all,2020
lag2_kickoff_return_yards,-0.00025699891583119694,ext_hgb_all,2020
lag2_fg_made,0.0,ext_hgb_all,2020
lag2_fg_att,0.0,ext_hgb_all,2020
lag2_fg_missed,0.0,ext_hgb_all,2020
lag2_fg_blocked,0.0,ext_hgb_all,2020
lag2_fg_made_0_19,0.0,ext_hgb_all,2020
lag2_fg_made_20_29,0.0,ext_hgb_all,2020
lag2_fg_made_30_39,0.0,ext_hgb_all,2020
lag2_fg_made_40_49,0.0,ext_hgb_all,2020
lag2_fg_made_50_59,0.0,ext_hgb_all,2020
lag2_fg_made_60_,0.0,ext_hgb_all,2020
lag2_fg_missed_0_19,0.0,ext_hgb_all,2020
lag2_fg_missed_20_29,0.0,ext_hgb_all,2020
lag2_fg_missed_30_39,0.0,ext_hgb_all,2020
lag2_fg_missed_40_49,0.0,ext_hgb_all,2020
lag2_fg_missed_50_59,0.0,ext_hgb_all,2020
lag2_fg_missed_60_,0.0,ext_hgb_all,2020
lag2_fg_made_distance,0.0,ext_hgb_all,2020
lag2_fg_missed_distance,0.0,ext_hgb_all,2020
lag2_pat_made,0.0,ext_hgb_all,2020
lag2_pat_att,0.0,ext_hgb_all,2020
lag2_pat_missed,0.0,ext_hgb_all,2020
lag2_pat_blocked,0.0,ext_hgb_all,2020
lag2_gwfg_made,0.0,ext_hgb_all,2020
lag2_gwfg_att,0.0,ext_hgb_all,2020
lag2_gwfg_missed,0.0,ext_hgb_all,2020
lag2_gwfg_blocked,0.0,ext_hgb_all,2020
lag2_gwfg_distance,0.0,ext_hgb_all,2020
lag2_targets,0.0003492722781933688,ext_hgb_all,2020
lag2_passing_air_yards,-0.0018307272347231063,ext_hgb_all,2020
lag2_passing_yards_after_catch,-6.920144082400714e-05,ext_hgb_all,2020
lag2_receiving_air_yards,-6.52169157050464e-05,ext_hgb_all,2020
lag2_receiving_yards_after_catch,0.030268276373185188,ext_hgb_all,2020
lag2_games,-0.0007238877753507067,ext_hgb_all,2020
lag2_roster_weeks,-0.00018862150637566355,ext_hgb_all,2020
lag2_offense_snaps,0.008538135888416232,ext_hgb_all,2020
lag3_history_available,0.0,ext_hgb_all,2020
lag3_completions,0.0,ext_hgb_all,2020
lag3_attempts,0.0,ext_hgb_all,2020
lag3_passing_yards,0.0,ext_hgb_all,2020
lag3_passing_tds,-0.000184607352034738,ext_hgb_all,2020
lag3_passing_interceptions,0.0,ext_hgb_all,2020
lag3_sacks_suffered,-0.00022698153896194562,ext_hgb_all,2020
lag3_sack_yards_lost,-0.0010741066872399507,ext_hgb_all,2020
lag3_sack_fumbles,-0.0017252040609680996,ext_hgb_all,2020
lag3_sack_fumbles_lost,0.0,ext_hgb_all,2020
lag3_passing_first_downs,0.00017689215418292825,ext_hgb_all,2020
lag3_passing_10,0.0,ext_hgb_all,2020
lag3_passing_16,-4.903382219145769e-06,ext_hgb_all,2020
lag3_passing_20,0.0,ext_hgb_all,2020
lag3_passing_40,0.0,ext_hgb_all,2020
lag3_carries,-0.00014161622347741432,ext_hgb_all,2020
lag3_rushing_yards,-0.0006482551158317751,ext_hgb_all,2020
lag3_rushing_tds,0.0,ext_hgb_all,2020
lag3_rushing_fumbles,0.0,ext_hgb_all,2020
lag3_rushing_fumbles_lost,0.0,ext_hgb_all,2020
lag3_rushing_first_downs,-4.179359563760698e-06,ext_hgb_all,2020
lag3_rushing_10,-0.0005525306814406772,ext_hgb_all,2020
lag3_rushing_12,0.0,ext_hgb_all,2020
lag3_rushing_20,5.727560052171121e-05,ext_hgb_all,2020
lag3_rushing_40,0.0,ext_hgb_all,2020
lag3_receptions,-0.0003484896170642404,ext_hgb_all,2020
lag3_receiving_yards,0.00039341011682547666,ext_hgb_all,2020
lag3_receiving_tds,2.4589090853566198e-05,ext_hgb_all,2020
lag3_receiving_fumbles,2.3379455638128377e-06,ext_hgb_all,2020
lag3_receiving_fumbles_lost,0.0,ext_hgb_all,2020
lag3_receiving_first_downs,0.0006681390660497888,ext_hgb_all,2020
lag3_receiving_10,-6.796850524204423e-05,ext_hgb_all,2020
lag3_receiving_16,-0.0010432868213946511,ext_hgb_all,2020
lag3_receiving_20,0.0002233355999381459,ext_hgb_all,2020
lag3_receiving_40,-8.877932489381735e-06,ext_hgb_all,2020
lag3_special_teams_tds,0.0,ext_hgb_all,2020
lag3_fumbles_total,0.00013983706051812206,ext_hgb_all,2020
lag3_fumbles_lost_total,-8.903997340770076e-06,ext_hgb_all,2020
lag3_punt_returns,2.267917842324607e-05,ext_hgb_all,2020
lag3_punt_return_yards,0.000914716124039483,ext_hgb_all,2020
lag3_kickoff_returns,0.0,ext_hgb_all,2020
lag3_kickoff_return_yards,-1.7422761816709986e-05,ext_hgb_all,2020
lag3_fg_made,0.0,ext_hgb_all,2020
lag3_fg_att,0.0,ext_hgb_all,2020
lag3_fg_missed,0.0,ext_hgb_all,2020
lag3_fg_blocked,0.0,ext_hgb_all,2020
lag3_fg_made_0_19,0.0,ext_hgb_all,2020
lag3_fg_made_20_29,0.0,ext_hgb_all,2020
lag3_fg_made_30_39,0.0,ext_hgb_all,2020
lag3_fg_made_40_49,0.0,ext_hgb_all,2020
lag3_fg_made_50_59,0.0,ext_hgb_all,2020
lag3_fg_made_60_,0.0,ext_hgb_all,2020
lag3_fg_missed_0_19,0.0,ext_hgb_all,2020
lag3_fg_missed_20_29,0.0,ext_hgb_all,2020
lag3_fg_missed_30_39,0.0,ext_hgb_all,2020
lag3_fg_missed_40_49,0.0,ext_hgb_all,2020
lag3_fg_missed_50_59,0.0,ext_hgb_all,2020
lag3_fg_missed_60_,0.0,ext_hgb_all,2020
lag3_fg_made_distance,0.0,ext_hgb_all,2020
lag3_fg_missed_distance,0.0,ext_hgb_all,2020
lag3_pat_made,0.0,ext_hgb_all,2020
lag3_pat_att,0.0,ext_hgb_all,2020
lag3_pat_missed,0.0,ext_hgb_all,2020
lag3_pat_blocked,0.0,ext_hgb_all,2020
lag3_gwfg_made,0.0,ext_hgb_all,2020
lag3_gwfg_att,0.0,ext_hgb_all,2020
lag3_gwfg_missed,0.0,ext_hgb_all,2020
lag3_gwfg_blocked,0.0,ext_hgb_all,2020
lag3_gwfg_distance,0.0,ext_hgb_all,2020
lag3_targets,0.002261420241686185,ext_hgb_all,2020
lag3_passing_air_yards,6.53111998597522e-05,ext_hgb_all,2020
lag3_passing_yards_after_catch,0.00034344064528191165,ext_hgb_all,2020
lag3_receiving_air_yards,-0.0010683467423879822,ext_hgb_all,2020
lag3_receiving_yards_after_catch,0.000529381629345349,ext_hgb_all,2020
lag3_games,-0.001500437834321744,ext_hgb_all,2020
lag3_roster_weeks,-0.0011094003798355345,ext_hgb_all,2020
lag3_offense_snaps,0.0015825392329726906,ext_hgb_all,2020
lag4_history_available,0.0,ext_hgb_all,2020
lag4_completions,-0.0010896896094790831,ext_hgb_all,2020
lag4_attempts,0.0,ext_hgb_all,2020
lag4_passing_yards,-0.001272099469774246,ext_hgb_all,2020
lag4_passing_tds,0.0016054711858245474,ext_hgb_all,2020
lag4_passing_interceptions,0.0,ext_hgb_all,2020
lag4_sacks_suffered,-0.00043139789767110415,ext_hgb_all,2020
lag4_sack_yards_lost,0.0003507464661979265,ext_hgb_all,2020
lag4_sack_fumbles,0.0008227058339451698,ext_hgb_all,2020
lag4_sack_fumbles_lost,0.000333248052417634,ext_hgb_all,2020
lag4_passing_first_downs,0.0,ext_hgb_all,2020
lag4_passing_10,-0.001878177030981254,ext_hgb_all,2020
lag4_passing_16,0.0009106697287561971,ext_hgb_all,2020
lag4_passing_20,-0.0003813142394324398,ext_hgb_all,2020
lag4_passing_40,-0.0021051005118193356,ext_hgb_all,2020
lag4_carries,-0.000599057054089025,ext_hgb_all,2020
lag4_rushing_yards,-0.00029197070538677927,ext_hgb_all,2020
lag4_rushing_tds,-0.0001100582419956142,ext_hgb_all,2020
lag4_rushing_fumbles,0.0,ext_hgb_all,2020
lag4_rushing_fumbles_lost,0.0,ext_hgb_all,2020
lag4_rushing_first_downs,-0.0006319368004926718,ext_hgb_all,2020
lag4_rushing_10,0.0005131374009492706,ext_hgb_all,2020
lag4_rushing_12,0.0,ext_hgb_all,2020
lag4_rushing_20,-0.0004889627056416934,ext_hgb_all,2020
lag4_rushing_40,0.0,ext_hgb_all,2020
lag4_receptions,-0.00043229856153614854,ext_hgb_all,2020
lag4_receiving_yards,0.00010517774240703659,ext_hgb_all,2020
lag4_receiving_tds,-8.081818760330428e-05,ext_hgb_all,2020
lag4_receiving_fumbles,0.0,ext_hgb_all,2020
lag4_receiving_fumbles_lost,-0.00018832949150349165,ext_hgb_all,2020
lag4_receiving_first_downs,2.3010403864098805e-05,ext_hgb_all,2020
lag4_receiving_10,5.665425731149476e-05,ext_hgb_all,2020
lag4_receiving_16,0.00021077223458620953,ext_hgb_all,2020
lag4_receiving_20,0.00010151661049939698,ext_hgb_all,2020
lag4_receiving_40,-0.0004940002977048552,ext_hgb_all,2020
lag4_special_teams_tds,0.0,ext_hgb_all,2020
lag4_fumbles_total,0.00012284903387860258,ext_hgb_all,2020
lag4_fumbles_lost_total,0.0,ext_hgb_all,2020
lag4_punt_returns,0.0,ext_hgb_all,2020
lag4_punt_return_yards,0.0,ext_hgb_all,2020
lag4_kickoff_returns,0.0,ext_hgb_all,2020
lag4_kickoff_return_yards,-0.00014607514803499644,ext_hgb_all,2020
lag4_fg_made,0.0,ext_hgb_all,2020
lag4_fg_att,0.0,ext_hgb_all,2020
lag4_fg_missed,0.0,ext_hgb_all,2020
lag4_fg_blocked,0.0,ext_hgb_all,2020
lag4_fg_made_0_19,0.0,ext_hgb_all,2020
lag4_fg_made_20_29,0.0,ext_hgb_all,2020
lag4_fg_made_30_39,0.0,ext_hgb_all,2020
lag4_fg_made_40_49,0.0,ext_hgb_all,2020
lag4_fg_made_50_59,0.0,ext_hgb_all,2020
lag4_fg_made_60_,0.0,ext_hgb_all,2020
lag4_fg_missed_0_19,0.0,ext_hgb_all,2020
lag4_fg_missed_20_29,0.0,ext_hgb_all,2020
lag4_fg_missed_30_39,0.0,ext_hgb_all,2020
lag4_fg_missed_40_49,0.0,ext_hgb_all,2020
lag4_fg_missed_50_59,0.0,ext_hgb_all,2020
lag4_fg_missed_60_,0.0,ext_hgb_all,2020
lag4_fg_made_distance,0.0,ext_hgb_all,2020
lag4_fg_missed_distance,0.0,ext_hgb_all,2020
lag4_pat_made,0.0,ext_hgb_all,2020
lag4_pat_att,0.0,ext_hgb_all,2020
lag4_pat_missed,0.0,ext_hgb_all,2020
lag4_pat_blocked,0.0,ext_hgb_all,2020
lag4_gwfg_made,0.0,ext_hgb_all,2020
lag4_gwfg_att,0.0,ext_hgb_all,2020
lag4_gwfg_missed,0.0,ext_hgb_all,2020
lag4_gwfg_blocked,0.0,ext_hgb_all,2020
lag4_gwfg_distance,0.0,ext_hgb_all,2020
lag4_targets,0.000712093493918986,ext_hgb_all,2020
lag4_passing_air_yards,0.0,ext_hgb_all,2020
lag4_passing_yards_after_catch,0.00028928574691078346,ext_hgb_all,2020
lag4_receiving_air_yards,-0.0005859739071337744,ext_hgb_all,2020
lag4_receiving_yards_after_catch,0.00018452594499951402,ext_hgb_all,2020
lag4_games,-0.00022840453537287253,ext_hgb_all,2020
lag4_roster_weeks,-0.00015618069915501742,ext_hgb_all,2020
lag4_offense_snaps,-0.0019463267873111034,ext_hgb_all,2020
lag1_completion_rate,-0.0008489917235063871,ext_hgb_all,2020
lag1_pass_yards_per_attempt,0.0007768984200222651,ext_hgb_all,2020
lag1_pass_td_rate,0.0002244694402468994,ext_hgb_all,2020
lag1_interception_rate,0.0007250851982059103,ext_hgb_all,2020
lag1_rush_yards_per_carry,-0.0033348124434707804,ext_hgb_all,2020
lag1_rush_first_down_rate,-0.0014312393458625339,ext_hgb_all,2020
lag1_rush_20_rate,0.025858831902916046,ext_hgb_all,2020
lag1_receiving_yards_per_reception,0.0020583454817463265,ext_hgb_all,2020
lag1_receiving_first_down_rate,0.000448234712911999,ext_hgb_all,2020
lag1_receiving_20_rate,-0.0009037744864773822,ext_hgb_all,2020
lag1_field_goal_make_rate,0.0,ext_hgb_all,2020
lag1_made_field_goal_mean_distance,0.0,ext_hgb_all,2020
lag1_missed_field_goal_mean_distance,0.0,ext_hgb_all,2020
lag1_pat_make_rate,0.0,ext_hgb_all,2020
lag1_catch_rate,0.0038183794643401603,ext_hgb_all,2020
lag1_receiving_yards_per_target,0.0129263457084825,ext_hgb_all,2020
lag1_receiving_air_yards_per_target,0.0011535122070971404,ext_hgb_all,2020
lag1_receiving_yards_after_catch_per_reception,0.0010061238855928467,ext_hgb_all,2020
lag1_passing_air_yards_per_attempt,0.003984563041052103,ext_hgb_all,2020
lag1_passing_yards_after_catch_per_completion,0.004170042219990067,ext_hgb_all,2020
lag2_completion_rate,1.601639255477405e-05,ext_hgb_all,2020
lag2_pass_yards_per_attempt,0.0001433522304146173,ext_hgb_all,2020
lag2_pass_td_rate,-0.0011690000116366672,ext_hgb_all,2020
lag2_interception_rate,-0.0016336945326788088,ext_hgb_all,2020
lag2_rush_yards_per_carry,-0.0007068451985693391,ext_hgb_all,2020
lag2_rush_first_down_rate,0.0010051130134451913,ext_hgb_all,2020
lag2_rush_20_rate,-0.002215730098016455,ext_hgb_all,2020
lag2_receiving_yards_per_reception,0.00044575999279128364,ext_hgb_all,2020
lag2_receiving_first_down_rate,2.7661432992043267e-05,ext_hgb_all,2020
lag2_receiving_20_rate,0.0018523043417346674,ext_hgb_all,2020
lag2_field_goal_make_rate,0.0,ext_hgb_all,2020
lag2_made_field_goal_mean_distance,0.0,ext_hgb_all,2020
lag2_missed_field_goal_mean_distance,0.0,ext_hgb_all,2020
lag2_pat_make_rate,0.0,ext_hgb_all,2020
lag2_catch_rate,-0.0003308866929051524,ext_hgb_all,2020
lag2_receiving_yards_per_target,0.0005513358149258352,ext_hgb_all,2020
lag2_receiving_air_yards_per_target,-0.0002410530440910552,ext_hgb_all,2020
lag2_receiving_yards_after_catch_per_reception,0.0004590278410687709,ext_hgb_all,2020
lag2_passing_air_yards_per_attempt,-0.0017506210239179865,ext_hgb_all,2020
lag2_passing_yards_after_catch_per_completion,0.0028668432124392407,ext_hgb_all,2020
lag3_completion_rate,0.0,ext_hgb_all,2020
lag3_pass_yards_per_attempt,-0.0012410614287898802,ext_hgb_all,2020
lag3_pass_td_rate,0.00045795454565267235,ext_hgb_all,2020
lag3_interception_rate,-0.0006521504422025703,ext_hgb_all,2020
lag3_rush_yards_per_carry,0.00012686187564392437,ext_hgb_all,2020
lag3_rush_first_down_rate,0.00014018790903802536,ext_hgb_all,2020
lag3_rush_20_rate,0.00024513439786366664,ext_hgb_all,2020
lag3_receiving_yards_per_reception,4.5424079475830936e-05,ext_hgb_all,2020
lag3_receiving_first_down_rate,-1.8100597384496098e-05,ext_hgb_all,2020
lag3_receiving_20_rate,-0.0005467689519637053,ext_hgb_all,2020
lag3_field_goal_make_rate,0.0,ext_hgb_all,2020
lag3_made_field_goal_mean_distance,0.0,ext_hgb_all,2020
lag3_missed_field_goal_mean_distance,0.0,ext_hgb_all,2020
lag3_pat_make_rate,0.0,ext_hgb_all,2020
lag3_catch_rate,0.001284159063261625,ext_hgb_all,2020
lag3_receiving_yards_per_target,0.00029277477524880524,ext_hgb_all,2020
lag3_receiving_air_yards_per_target,0.00026352249571437447,ext_hgb_all,2020
lag3_receiving_yards_after_catch_per_reception,-0.0003994276387738749,ext_hgb_all,2020
lag3_passing_air_yards_per_attempt,-0.00011828829123128326,ext_hgb_all,2020
lag3_passing_yards_after_catch_per_completion,0.0002729165010978418,ext_hgb_all,2020
lag4_completion_rate,0.0,ext_hgb_all,2020
lag4_pass_yards_per_attempt,0.003248471807482889,ext_hgb_all,2020
lag4_pass_td_rate,0.0007946489151060554,ext_hgb_all,2020
lag4_interception_rate,0.0,ext_hgb_all,2020
lag4_rush_yards_per_carry,0.0001818317728395913,ext_hgb_all,2020
lag4_rush_first_down_rate,-0.00012588140250058277,ext_hgb_all,2020
lag4_rush_20_rate,0.0007457722391468469,ext_hgb_all,2020
lag4_receiving_yards_per_reception,-0.000296732548669687,ext_hgb_all,2020
lag4_receiving_first_down_rate,0.00013824974721043937,ext_hgb_all,2020
lag4_receiving_20_rate,0.00019882426121720087,ext_hgb_all,2020
lag4_field_goal_make_rate,0.0,ext_hgb_all,2020
lag4_made_field_goal_mean_distance,0.0,ext_hgb_all,2020
lag4_missed_field_goal_mean_distance,0.0,ext_hgb_all,2020
lag4_pat_make_rate,0.0,ext_hgb_all,2020
lag4_catch_rate,-0.00034894841247090636,ext_hgb_all,2020
lag4_receiving_yards_per_target,0.00024791042862171153,ext_hgb_all,2020
lag4_receiving_air_yards_per_target,0.00042479424019159495,ext_hgb_all,2020
lag4_receiving_yards_after_catch_per_reception,0.00011651604285844996,ext_hgb_all,2020
lag4_passing_air_yards_per_attempt,0.00023984633180218484,ext_hgb_all,2020
lag4_passing_yards_after_catch_per_completion,0.0,ext_hgb_all,2020
lag1_late6_attempts,0.00018580004077106693,ext_hgb_all,2020
lag1_weekly_slope_attempts,0.002468179307566043,ext_hgb_all,2020
lag1_late6_mean_delta_attempts,0.00424546467227116,ext_hgb_all,2020
lag1_late6_passing_yards,0.0030861407029432186,ext_hgb_all,2020
lag1_weekly_slope_passing_yards,3.089740187167678e-05,ext_hgb_all,2020
lag1_late6_mean_delta_passing_yards,0.0012643828034980542,ext_hgb_all,2020
lag1_late6_passing_first_downs,4.496726267400053e-05,ext_hgb_all,2020
lag1_weekly_slope_passing_first_downs,0.0013656727494911758,ext_hgb_all,2020
lag1_late6_mean_delta_passing_first_downs,-0.0003378192215294229,ext_hgb_all,2020
lag1_late6_passing_20,0.006013448360430496,ext_hgb_all,2020
lag1_weekly_slope_passing_20,0.0010471329474947,ext_hgb_all,2020
lag1_late6_mean_delta_passing_20,0.0012093118097084021,ext_hgb_all,2020
lag1_late6_carries,0.0013468916306735856,ext_hgb_all,2020
lag1_weekly_slope_carries,0.001399273187533967,ext_hgb_all,2020
lag1_late6_mean_delta_carries,0.007877942901538426,ext_hgb_all,2020
lag1_late6_rushing_yards,-0.0010893403211514885,ext_hgb_all,2020
lag1_weekly_slope_rushing_yards,0.0005606668003083071,ext_hgb_all,2020
lag1_late6_mean_delta_rushing_yards,-0.0003204473014559728,ext_hgb_all,2020
lag1_late6_rushing_first_downs,0.0005098541322554606,ext_hgb_all,2020
lag1_weekly_slope_rushing_first_downs,-0.0012514559907776945,ext_hgb_all,2020
lag1_late6_mean_delta_rushing_first_downs,0.0009668034287274585,ext_hgb_all,2020
lag1_late6_rushing_20,0.0012525783631431864,ext_hgb_all,2020
lag1_weekly_slope_rushing_20,-0.00013793719978316688,ext_hgb_all,2020
lag1_late6_mean_delta_rushing_20,0.0010261174800095807,ext_hgb_all,2020
lag1_late6_receptions,-0.0005301564086748201,ext_hgb_all,2020
lag1_weekly_slope_receptions,-0.0005950606116734702,ext_hgb_all,2020
lag1_late6_mean_delta_receptions,0.002527229904135231,ext_hgb_all,2020
lag1_late6_receiving_yards,-0.0001625594561245336,ext_hgb_all,2020
lag1_weekly_slope_receiving_yards,-0.0004705473497566004,ext_hgb_all,2020
lag1_late6_mean_delta_receiving_yards,0.001535208199257343,ext_hgb_all,2020
lag1_late6_receiving_first_downs,-0.0005129415185785025,ext_hgb_all,2020
lag1_weekly_slope_receiving_first_downs,0.0009035998222339803,ext_hgb_all,2020
lag1_late6_mean_delta_receiving_first_downs,0.0020614674406397304,ext_hgb_all,2020
lag1_late6_receiving_20,0.0014573612848054474,ext_hgb_all,2020
lag1_weekly_slope_receiving_20,0.0035997105467017176,ext_hgb_all,2020
lag1_late6_mean_delta_receiving_20,0.0008241975625041809,ext_hgb_all,2020
lag1_late6_punt_return_yards,0.0,ext_hgb_all,2020
lag1_weekly_slope_punt_return_yards,-0.0007001645403394985,ext_hgb_all,2020
lag1_late6_mean_delta_punt_return_yards,-0.00038008415599488643,ext_hgb_all,2020
lag1_late6_kickoff_return_yards,-4.825887640835802e-06,ext_hgb_all,2020
lag1_weekly_slope_kickoff_return_yards,0.005193041981730984,ext_hgb_all,2020
lag1_late6_mean_delta_kickoff_return_yards,-2.0711731139488876e-05,ext_hgb_all,2020
lag1_late6_fg_made,0.0,ext_hgb_all,2020
lag1_weekly_slope_fg_made,0.0,ext_hgb_all,2020
lag1_late6_mean_delta_fg_made,0.0,ext_hgb_all,2020
lag1_late6_fg_att,0.0,ext_hgb_all,2020
lag1_weekly_slope_fg_att,0.0,ext_hgb_all,2020
lag1_late6_mean_delta_fg_att,0.0,ext_hgb_all,2020
lag1_late6_pat_att,0.0,ext_hgb_all,2020
lag1_weekly_slope_pat_att,0.0,ext_hgb_all,2020
lag1_late6_mean_delta_pat_att,0.0,ext_hgb_all,2020
lag1_late6_targets,-3.909750888886343e-05,ext_hgb_all,2020
lag1_weekly_slope_targets,0.0008865185652442431,ext_hgb_all,2020
lag1_late6_mean_delta_targets,-8.71094907961556e-05,ext_hgb_all,2020
lag1_late6_passing_air_yards,1.899725155096732e-05,ext_hgb_all,2020
lag1_weekly_slope_passing_air_yards,0.004719367303215094,ext_hgb_all,2020
lag1_late6_mean_delta_passing_air_yards,0.0008152732023202214,ext_hgb_all,2020
lag1_late6_passing_yards_after_catch,0.0017593446870149965,ext_hgb_all,2020
lag1_weekly_slope_passing_yards_after_catch,-0.0004384627075594283,ext_hgb_all,2020
lag1_late6_mean_delta_passing_yards_after_catch,-0.0017101735840854282,ext_hgb_all,2020
lag1_late6_receiving_air_yards,0.006365548748697214,ext_hgb_all,2020
lag1_weekly_slope_receiving_air_yards,0.004058252432329268,ext_hgb_all,2020
lag1_late6_mean_delta_receiving_air_yards,0.003681921894696849,ext_hgb_all,2020
lag1_late6_receiving_yards_after_catch,0.007894930362575492,ext_hgb_all,2020
lag1_weekly_slope_receiving_yards_after_catch,0.0014787182612883143,ext_hgb_all,2020
lag1_late6_mean_delta_receiving_yards_after_catch,-0.00134254117160304,ext_hgb_all,2020
position_K,0.0,ext_hgb_all,2020
injury_lag2_injury_reported,6.738645476978e-05,ext_hgb_all,2020
injury_lag2_injury_report_weeks,0.0010807399626650005,ext_hgb_all,2020
injury_lag2_designation_count,-5.083243936887527e-05,ext_hgb_all,2020
injury_lag3_injury_reported,-0.00021532082353670212,ext_hgb_all,2020
injury_lag3_injury_report_weeks,-0.00033872019834157996,ext_hgb_all,2020
injury_lag3_designation_count,-0.00018453978652244185,ext_hgb_all,2020
injury_lag4_injury_reported,9.831403476390221e-05,ext_hgb_all,2020
injury_lag4_injury_report_weeks,0.00045950856071952373,ext_hgb_all,2020
injury_lag4_designation_count,0.00021928462696185758,ext_hgb_all,2020
injury_lag5_injury_reported,7.07394749843715e-06,ext_hgb_all,2020
injury_lag5_injury_report_weeks,-0.0011746162457824116,ext_hgb_all,2020
injury_lag5_designation_count,4.1588763308064713e-05,ext_hgb_all,2020
injury_lag1_reserve_weeks,0.001409142203967928,ext_hgb_all,2020
injury_lag2_reserve_weeks,0.0003953573766677376,ext_hgb_all,2020
injury_lag3_reserve_weeks,1.4414340522739266e-05,ext_hgb_all,2020
injury_lag4_reserve_weeks,0.0,ext_hgb_all,2020
injury_lag2_absence_report_weeks,-0.00029384381028874085,ext_hgb_all,2020
injury_lag2_absence_reported,0.0,ext_hgb_all,2020
injury_lag3_absence_report_weeks,0.00023019583486905137,ext_hgb_all,2020
injury_lag3_absence_reported,0.0,ext_hgb_all,2020
injury_lag4_absence_report_weeks,0.0,ext_hgb_all,2020
injury_lag4_absence_reported,0.0,ext_hgb_all,2020
injury_lag5_absence_report_weeks,0.0,ext_hgb_all,2020
injury_lag5_absence_reported,0.0,ext_hgb_all,2020
age,0.027888402773573406,ext_hgb_all,2021
missing_age,0.0,ext_hgb_all,2021
years_exp,0.011122630421925073,ext_hgb_all,2021
missing_years_exp,0.0,ext_hgb_all,2021
height,0.004284110200817648,ext_hgb_all,2021
missing_height,0.0,ext_hgb_all,2021
weight,7.540037194941895e-05,ext_hgb_all,2021
missing_weight,0.0,ext_hgb_all,2021
draft_number,0.062002119121246535,ext_hgb_all,2021
missing_draft_number,0.05137634203941688,ext_hgb_all,2021
draft_round,-0.00035987160416228736,ext_hgb_all,2021
missing_draft_round,0.0,ext_hgb_all,2021
was_drafted,0.0,ext_hgb_all,2021
missing_was_drafted,0.0,ext_hgb_all,2021
is_rookie,-0.0015483911979998766,ext_hgb_all,2021
missing_is_rookie,0.0,ext_hgb_all,2021
missing_team_changed,0.0,ext_hgb_all,2021
combine_forty,0.004723891756836185,ext_hgb_all,2021
missing_combine_forty,0.0,ext_hgb_all,2021
combine_bench,0.0007124776835801816,ext_hgb_all,2021
missing_combine_bench,-4.253942471610372e-06,ext_hgb_all,2021
combine_vertical,-0.002332160005477868,ext_hgb_all,2021
missing_combine_vertical,0.0,ext_hgb_all,2021
combine_broad_jump,-0.0016289692214362939,ext_hgb_all,2021
missing_combine_broad_jump,0.0,ext_hgb_all,2021
combine_cone,-0.0014939338363268995,ext_hgb_all,2021
missing_combine_cone,0.0,ext_hgb_all,2021
combine_shuttle,-0.0017439378912829095,ext_hgb_all,2021
missing_combine_shuttle,0.0,ext_hgb_all,2021
position_QB,-0.00011414184606284294,ext_hgb_all,2021
position_RB,-0.00039238598662372226,ext_hgb_all,2021
position_WR,0.0,ext_hgb_all,2021
position_TE,-1.1081208029950496e-05,ext_hgb_all,2021
lag1_history_available,0.0033314719787375102,ext_hgb_all,2021
lag1_completions,6.62594272241579e-05,ext_hgb_all,2021
lag1_attempts,-0.0004797067807844613,ext_hgb_all,2021
lag1_passing_yards,0.0002865847393326293,ext_hgb_all,2021
lag1_passing_tds,0.00037246656805245415,ext_hgb_all,2021
lag1_passing_interceptions,0.0025672968976750976,ext_hgb_all,2021
lag1_sacks_suffered,-0.00097283357587441,ext_hgb_all,2021
lag1_sack_yards_lost,0.0014990682814401968,ext_hgb_all,2021
lag1_sack_fumbles,-3.62349715118393e-05,ext_hgb_all,2021
lag1_sack_fumbles_lost,0.00015546115766351676,ext_hgb_all,2021
lag1_passing_first_downs,-7.235857302001492e-05,ext_hgb_all,2021
lag1_passing_10,7.668484283018806e-05,ext_hgb_all,2021
lag1_passing_16,0.0006782586659416223,ext_hgb_all,2021
lag1_passing_20,0.00020612206037751157,ext_hgb_all,2021
lag1_passing_40,0.0018150467893427447,ext_hgb_all,2021
lag1_carries,-0.0013302259885528134,ext_hgb_all,2021
lag1_rushing_yards,0.0001292310821473519,ext_hgb_all,2021
lag1_rushing_tds,0.003793874345446202,ext_hgb_all,2021
lag1_rushing_fumbles,-0.0013106279586294622,ext_hgb_all,2021
lag1_rushing_fumbles_lost,0.0007080322199624067,ext_hgb_all,2021
lag1_rushing_first_downs,0.0038523955736347038,ext_hgb_all,2021
lag1_rushing_10,0.013263877837798366,ext_hgb_all,2021
lag1_rushing_12,-8.809400440357162e-05,ext_hgb_all,2021
lag1_rushing_20,-0.001388439029342381,ext_hgb_all,2021
lag1_rushing_40,-0.0001844150164587166,ext_hgb_all,2021
lag1_receptions,0.01488537592907846,ext_hgb_all,2021
lag1_receiving_yards,0.010063026517108442,ext_hgb_all,2021
lag1_receiving_tds,0.0016214752170179425,ext_hgb_all,2021
lag1_receiving_fumbles,5.21426074336917e-05,ext_hgb_all,2021
lag1_receiving_fumbles_lost,-0.00038355548123036876,ext_hgb_all,2021
lag1_receiving_first_downs,0.000468173348516121,ext_hgb_all,2021
lag1_receiving_10,-0.0009318766277410795,ext_hgb_all,2021
lag1_receiving_16,-2.965714546532272e-05,ext_hgb_all,2021
lag1_receiving_20,-0.00016122732284962193,ext_hgb_all,2021
lag1_receiving_40,0.00017586744632092088,ext_hgb_all,2021
lag1_special_teams_tds,0.0,ext_hgb_all,2021
lag1_fumbles_total,0.0009915868742490508,ext_hgb_all,2021
lag1_fumbles_lost_total,-0.0003379953632839383,ext_hgb_all,2021
lag1_punt_returns,2.976867754389545e-05,ext_hgb_all,2021
lag1_punt_return_yards,0.0002044120999227239,ext_hgb_all,2021
lag1_kickoff_returns,-8.954857159348961e-06,ext_hgb_all,2021
lag1_kickoff_return_yards,-6.46129803429929e-05,ext_hgb_all,2021
lag1_fg_made,0.0,ext_hgb_all,2021
lag1_fg_att,0.0,ext_hgb_all,2021
lag1_fg_missed,0.0,ext_hgb_all,2021
lag1_fg_blocked,0.0,ext_hgb_all,2021
lag1_fg_made_0_19,0.0,ext_hgb_all,2021
lag1_fg_made_20_29,0.0,ext_hgb_all,2021
lag1_fg_made_30_39,0.0,ext_hgb_all,2021
lag1_fg_made_40_49,0.0,ext_hgb_all,2021
lag1_fg_made_50_59,0.0,ext_hgb_all,2021
lag1_fg_made_60_,0.0,ext_hgb_all,2021
lag1_fg_missed_0_19,0.0,ext_hgb_all,2021
lag1_fg_missed_20_29,0.0,ext_hgb_all,2021
lag1_fg_missed_30_39,0.0,ext_hgb_all,2021
lag1_fg_missed_40_49,0.0,ext_hgb_all,2021
lag1_fg_missed_50_59,0.0,ext_hgb_all,2021
lag1_fg_missed_60_,0.0,ext_hgb_all,2021
lag1_fg_made_distance,0.0,ext_hgb_all,2021
lag1_fg_missed_distance,0.0,ext_hgb_all,2021
lag1_pat_made,0.0,ext_hgb_all,2021
lag1_pat_att,0.0,ext_hgb_all,2021
lag1_pat_missed,0.0,ext_hgb_all,2021
lag1_pat_blocked,0.0,ext_hgb_all,2021
lag1_gwfg_made,0.0,ext_hgb_all,2021
lag1_gwfg_att,0.0,ext_hgb_all,2021
lag1_gwfg_missed,0.0,ext_hgb_all,2021
lag1_gwfg_blocked,0.0,ext_hgb_all,2021
lag1_gwfg_distance,0.0,ext_hgb_all,2021
lag1_targets,0.005338020611083016,ext_hgb_all,2021
lag1_passing_air_yards,0.00017107884248279692,ext_hgb_all,2021
lag1_passing_yards_after_catch,0.0001329191489565229,ext_hgb_all,2021
lag1_receiving_air_yards,-5.904059396966144e-05,ext_hgb_all,2021
lag1_receiving_yards_after_catch,0.004209408044905549,ext_hgb_all,2021
lag1_games,0.002610860033931406,ext_hgb_all,2021
lag1_roster_weeks,0.000230446970246323,ext_hgb_all,2021
lag1_offense_snaps,0.09175480570287542,ext_hgb_all,2021
lag2_history_available,0.0,ext_hgb_all,2021
lag2_completions,-0.0002026975029489897,ext_hgb_all,2021
lag2_attempts,0.00048515267156623576,ext_hgb_all,2021
lag2_passing_yards,0.0013630797401092964,ext_hgb_all,2021
lag2_passing_tds,0.002636342025944316,ext_hgb_all,2021
lag2_passing_interceptions,-0.00015258195263334606,ext_hgb_all,2021
lag2_sacks_suffered,0.002364450615883529,ext_hgb_all,2021
lag2_sack_yards_lost,0.00024118507713088988,ext_hgb_all,2021
lag2_sack_fumbles,-0.0004592221544305053,ext_hgb_all,2021
lag2_sack_fumbles_lost,-2.949981013578018e-05,ext_hgb_all,2021
lag2_passing_first_downs,0.00016158099833363249,ext_hgb_all,2021
lag2_passing_10,0.0011980721180807619,ext_hgb_all,2021
lag2_passing_16,0.0033745160888136727,ext_hgb_all,2021
lag2_passing_20,-0.001154485958178908,ext_hgb_all,2021
lag2_passing_40,-0.0013149842487213403,ext_hgb_all,2021
lag2_carries,-0.000159916986002262,ext_hgb_all,2021
lag2_rushing_yards,-0.000903119639988903,ext_hgb_all,2021
lag2_rushing_tds,0.000441872646457675,ext_hgb_all,2021
lag2_rushing_fumbles,8.615524631883087e-05,ext_hgb_all,2021
lag2_rushing_fumbles_lost,0.00025497836613019853,ext_hgb_all,2021
lag2_rushing_first_downs,-0.000984113798845887,ext_hgb_all,2021
lag2_rushing_10,0.0003541941106894875,ext_hgb_all,2021
lag2_rushing_12,-2.867297322894924e-05,ext_hgb_all,2021
lag2_rushing_20,0.00025421840066619517,ext_hgb_all,2021
lag2_rushing_40,0.0,ext_hgb_all,2021
lag2_receptions,0.012211000584285814,ext_hgb_all,2021
lag2_receiving_yards,0.001201953006081391,ext_hgb_all,2021
lag2_receiving_tds,-0.0005288833140461024,ext_hgb_all,2021
lag2_receiving_fumbles,0.0002192014167357037,ext_hgb_all,2021
lag2_receiving_fumbles_lost,-0.0002723702434692665,ext_hgb_all,2021
lag2_receiving_first_downs,0.004917206968881094,ext_hgb_all,2021
lag2_receiving_10,-0.00022532693321219988,ext_hgb_all,2021
lag2_receiving_16,0.0019435632302272632,ext_hgb_all,2021
lag2_receiving_20,0.00036093518557345217,ext_hgb_all,2021
lag2_receiving_40,0.00017237318653806621,ext_hgb_all,2021
lag2_special_teams_tds,0.0,ext_hgb_all,2021
lag2_fumbles_total,0.00022636844896517516,ext_hgb_all,2021
lag2_fumbles_lost_total,6.522688973853441e-05,ext_hgb_all,2021
lag2_punt_returns,-4.7594834609809844e-05,ext_hgb_all,2021
lag2_punt_return_yards,0.0,ext_hgb_all,2021
lag2_kickoff_returns,0.0,ext_hgb_all,2021
lag2_kickoff_return_yards,-1.3218656772506776e-06,ext_hgb_all,2021
lag2_fg_made,0.0,ext_hgb_all,2021
lag2_fg_att,0.0,ext_hgb_all,2021
lag2_fg_missed,0.0,ext_hgb_all,2021
lag2_fg_blocked,0.0,ext_hgb_all,2021
lag2_fg_made_0_19,0.0,ext_hgb_all,2021
lag2_fg_made_20_29,0.0,ext_hgb_all,2021
lag2_fg_made_30_39,0.0,ext_hgb_all,2021
lag2_fg_made_40_49,0.0,ext_hgb_all,2021
lag2_fg_made_50_59,0.0,ext_hgb_all,2021
lag2_fg_made_60_,0.0,ext_hgb_all,2021
lag2_fg_missed_0_19,0.0,ext_hgb_all,2021
lag2_fg_missed_20_29,0.0,ext_hgb_all,2021
lag2_fg_missed_30_39,0.0,ext_hgb_all,2021
lag2_fg_missed_40_49,0.0,ext_hgb_all,2021
lag2_fg_missed_50_59,0.0,ext_hgb_all,2021
lag2_fg_missed_60_,0.0,ext_hgb_all,2021
lag2_fg_made_distance,0.0,ext_hgb_all,2021
lag2_fg_missed_distance,0.0,ext_hgb_all,2021
lag2_pat_made,0.0,ext_hgb_all,2021
lag2_pat_att,0.0,ext_hgb_all,2021
lag2_pat_missed,0.0,ext_hgb_all,2021
lag2_pat_blocked,0.0,ext_hgb_all,2021
lag2_gwfg_made,0.0,ext_hgb_all,2021
lag2_gwfg_att,0.0,ext_hgb_all,2021
lag2_gwfg_missed,0.0,ext_hgb_all,2021
lag2_gwfg_blocked,0.0,ext_hgb_all,2021
lag2_gwfg_distance,0.0,ext_hgb_all,2021
lag2_targets,-0.0018910798231268622,ext_hgb_all,2021
lag2_passing_air_yards,8.700691797602911e-05,ext_hgb_all,2021
lag2_passing_yards_after_catch,0.0010187068217630824,ext_hgb_all,2021
lag2_receiving_air_yards,0.0006529733592799403,ext_hgb_all,2021
lag2_receiving_yards_after_catch,0.03112105301913659,ext_hgb_all,2021
lag2_games,-0.0007997554687400044,ext_hgb_all,2021
lag2_roster_weeks,-4.586798504957468e-05,ext_hgb_all,2021
lag2_offense_snaps,0.009221817205096072,ext_hgb_all,2021
lag3_history_available,2.128813439883359e-05,ext_hgb_all,2021
lag3_completions,0.0,ext_hgb_all,2021
lag3_attempts,0.0,ext_hgb_all,2021
lag3_passing_yards,-0.00018925872165742597,ext_hgb_all,2021
lag3_passing_tds,-7.266331355826328e-05,ext_hgb_all,2021
lag3_passing_interceptions,0.0021557859960452674,ext_hgb_all,2021
lag3_sacks_suffered,0.0029025394783286362,ext_hgb_all,2021
lag3_sack_yards_lost,-9.611228463568544e-05,ext_hgb_all,2021
lag3_sack_fumbles,0.00013227334222132292,ext_hgb_all,2021
lag3_sack_fumbles_lost,0.0,ext_hgb_all,2021
lag3_passing_first_downs,0.00022968346337681744,ext_hgb_all,2021
lag3_passing_10,0.0008509230382283128,ext_hgb_all,2021
lag3_passing_16,0.0006605937639614368,ext_hgb_all,2021
lag3_passing_20,0.0,ext_hgb_all,2021
lag3_passing_40,-0.0014086541740296887,ext_hgb_all,2021
lag3_carries,-8.116857930406951e-05,ext_hgb_all,2021
lag3_rushing_yards,7.703745857845501e-05,ext_hgb_all,2021
lag3_rushing_tds,-0.00023574214374855185,ext_hgb_all,2021
lag3_rushing_fumbles,-0.00020544020215162995,ext_hgb_all,2021
lag3_rushing_fumbles_lost,-1.918451406934807e-05,ext_hgb_all,2021
lag3_rushing_first_downs,0.0009357065736470549,ext_hgb_all,2021
lag3_rushing_10,0.0034260472848154366,ext_hgb_all,2021
lag3_rushing_12,0.0006332218737623574,ext_hgb_all,2021
lag3_rushing_20,-7.644146556851084e-05,ext_hgb_all,2021
lag3_rushing_40,0.0,ext_hgb_all,2021
lag3_receptions,0.0011520290393975952,ext_hgb_all,2021
lag3_receiving_yards,-0.0007373609752283627,ext_hgb_all,2021
lag3_receiving_tds,-4.36551388566242e-05,ext_hgb_all,2021
lag3_receiving_fumbles,0.00013249169445550546,ext_hgb_all,2021
lag3_receiving_fumbles_lost,0.0,ext_hgb_all,2021
lag3_receiving_first_downs,-0.002326449690102983,ext_hgb_all,2021
lag3_receiving_10,-0.00035704781629231075,ext_hgb_all,2021
lag3_receiving_16,7.815036162905908e-05,ext_hgb_all,2021
lag3_receiving_20,0.00022684932099914512,ext_hgb_all,2021
lag3_receiving_40,-7.766594036118235e-05,ext_hgb_all,2021
lag3_special_teams_tds,0.0,ext_hgb_all,2021
lag3_fumbles_total,3.594770027870453e-05,ext_hgb_all,2021
lag3_fumbles_lost_total,-0.000198775888038627,ext_hgb_all,2021
lag3_punt_returns,-0.0001137492041871635,ext_hgb_all,2021
lag3_punt_return_yards,-0.00038892669129642066,ext_hgb_all,2021
lag3_kickoff_returns,0.00011721842602829824,ext_hgb_all,2021
lag3_kickoff_return_yards,-0.0001247512009345808,ext_hgb_all,2021
lag3_fg_made,0.0,ext_hgb_all,2021
lag3_fg_att,0.0,ext_hgb_all,2021
lag3_fg_missed,0.0,ext_hgb_all,2021
lag3_fg_blocked,0.0,ext_hgb_all,2021
lag3_fg_made_0_19,0.0,ext_hgb_all,2021
lag3_fg_made_20_29,0.0,ext_hgb_all,2021
lag3_fg_made_30_39,0.0,ext_hgb_all,2021
lag3_fg_made_40_49,0.0,ext_hgb_all,2021
lag3_fg_made_50_59,0.0,ext_hgb_all,2021
lag3_fg_made_60_,0.0,ext_hgb_all,2021
lag3_fg_missed_0_19,0.0,ext_hgb_all,2021
lag3_fg_missed_20_29,0.0,ext_hgb_all,2021
lag3_fg_missed_30_39,0.0,ext_hgb_all,2021
lag3_fg_missed_40_49,0.0,ext_hgb_all,2021
lag3_fg_missed_50_59,0.0,ext_hgb_all,2021
lag3_fg_missed_60_,0.0,ext_hgb_all,2021
lag3_fg_made_distance,0.0,ext_hgb_all,2021
lag3_fg_missed_distance,0.0,ext_hgb_all,2021
lag3_pat_made,0.0,ext_hgb_all,2021
lag3_pat_att,0.0,ext_hgb_all,2021
lag3_pat_missed,0.0,ext_hgb_all,2021
lag3_pat_blocked,0.0,ext_hgb_all,2021
lag3_gwfg_made,0.0,ext_hgb_all,2021
lag3_gwfg_att,0.0,ext_hgb_all,2021
lag3_gwfg_missed,0.0,ext_hgb_all,2021
lag3_gwfg_blocked,0.0,ext_hgb_all,2021
lag3_gwfg_distance,0.0,ext_hgb_all,2021
lag3_targets,0.00014786956156798148,ext_hgb_all,2021
lag3_passing_air_yards,-0.00012294458566031174,ext_hgb_all,2021
lag3_passing_yards_after_catch,0.0,ext_hgb_all,2021
lag3_receiving_air_yards,6.726763170528116e-05,ext_hgb_all,2021
lag3_receiving_yards_after_catch,0.0028734239389150984,ext_hgb_all,2021
lag3_games,0.0002958677512526764,ext_hgb_all,2021
lag3_roster_weeks,0.000277543112221057,ext_hgb_all,2021
lag3_offense_snaps,0.0008044344255008218,ext_hgb_all,2021
lag4_history_available,0.0,ext_hgb_all,2021
lag4_completions,-0.00013147484809572507,ext_hgb_all,2021
lag4_attempts,0.0,ext_hgb_all,2021
lag4_passing_yards,-0.00032058480390140254,ext_hgb_all,2021
lag4_passing_tds,0.000936266056180246,ext_hgb_all,2021
lag4_passing_interceptions,-5.195171483241001e-05,ext_hgb_all,2021
lag4_sacks_suffered,-9.053988419016612e-05,ext_hgb_all,2021
lag4_sack_yards_lost,-8.855276804942136e-06,ext_hgb_all,2021
lag4_sack_fumbles,0.0007519607361416991,ext_hgb_all,2021
lag4_sack_fumbles_lost,0.0056639615703844015,ext_hgb_all,2021
lag4_passing_first_downs,0.0005982767638437192,ext_hgb_all,2021
lag4_passing_10,0.00021839713828897267,ext_hgb_all,2021
lag4_passing_16,0.0002518086489944338,ext_hgb_all,2021
lag4_passing_20,0.0011341384190167725,ext_hgb_all,2021
lag4_passing_40,0.000554989868779332,ext_hgb_all,2021
lag4_carries,0.00017328709048802793,ext_hgb_all,2021
lag4_rushing_yards,0.0002594487358618114,ext_hgb_all,2021
lag4_rushing_tds,1.6815782521995004e-05,ext_hgb_all,2021
lag4_rushing_fumbles,2.7723515723332426e-05,ext_hgb_all,2021
lag4_rushing_fumbles_lost,0.0,ext_hgb_all,2021
lag4_rushing_first_downs,-8.130023109653717e-05,ext_hgb_all,2021
lag4_rushing_10,-0.0004647260712380419,ext_hgb_all,2021
lag4_rushing_12,0.0013624265205802732,ext_hgb_all,2021
lag4_rushing_20,0.0,ext_hgb_all,2021
lag4_rushing_40,0.0,ext_hgb_all,2021
lag4_receptions,-4.872067449845918e-05,ext_hgb_all,2021
lag4_receiving_yards,3.628181368897643e-05,ext_hgb_all,2021
lag4_receiving_tds,-0.00010585787652050982,ext_hgb_all,2021
lag4_receiving_fumbles,2.6818332973244097e-06,ext_hgb_all,2021
lag4_receiving_fumbles_lost,0.00014942213686341965,ext_hgb_all,2021
lag4_receiving_first_downs,0.001234086292640657,ext_hgb_all,2021
lag4_receiving_10,-0.0003741078266356057,ext_hgb_all,2021
lag4_receiving_16,-0.00047998641408364406,ext_hgb_all,2021
lag4_receiving_20,-0.00011971521230902393,ext_hgb_all,2021
lag4_receiving_40,0.0007417496106181254,ext_hgb_all,2021
lag4_special_teams_tds,0.0,ext_hgb_all,2021
lag4_fumbles_total,0.0006517434157735646,ext_hgb_all,2021
lag4_fumbles_lost_total,-0.000992758210578204,ext_hgb_all,2021
lag4_punt_returns,0.0,ext_hgb_all,2021
lag4_punt_return_yards,-2.296512421229302e-06,ext_hgb_all,2021
lag4_kickoff_returns,0.0,ext_hgb_all,2021
lag4_kickoff_return_yards,-3.337295694416653e-05,ext_hgb_all,2021
lag4_fg_made,0.0,ext_hgb_all,2021
lag4_fg_att,0.0,ext_hgb_all,2021
lag4_fg_missed,0.0,ext_hgb_all,2021
lag4_fg_blocked,0.0,ext_hgb_all,2021
lag4_fg_made_0_19,0.0,ext_hgb_all,2021
lag4_fg_made_20_29,0.0,ext_hgb_all,2021
lag4_fg_made_30_39,0.0,ext_hgb_all,2021
lag4_fg_made_40_49,0.0,ext_hgb_all,2021
lag4_fg_made_50_59,0.0,ext_hgb_all,2021
lag4_fg_made_60_,0.0,ext_hgb_all,2021
lag4_fg_missed_0_19,0.0,ext_hgb_all,2021
lag4_fg_missed_20_29,0.0,ext_hgb_all,2021
lag4_fg_missed_30_39,0.0,ext_hgb_all,2021
lag4_fg_missed_40_49,0.0,ext_hgb_all,2021
lag4_fg_missed_50_59,0.0,ext_hgb_all,2021
lag4_fg_missed_60_,0.0,ext_hgb_all,2021
lag4_fg_made_distance,0.0,ext_hgb_all,2021
lag4_fg_missed_distance,0.0,ext_hgb_all,2021
lag4_pat_made,0.0,ext_hgb_all,2021
lag4_pat_att,0.0,ext_hgb_all,2021
lag4_pat_missed,0.0,ext_hgb_all,2021
lag4_pat_blocked,0.0,ext_hgb_all,2021
lag4_gwfg_made,0.0,ext_hgb_all,2021
lag4_gwfg_att,0.0,ext_hgb_all,2021
lag4_gwfg_missed,0.0,ext_hgb_all,2021
lag4_gwfg_blocked,0.0,ext_hgb_all,2021
lag4_gwfg_distance,0.0,ext_hgb_all,2021
lag4_targets,0.0001040253654207568,ext_hgb_all,2021
lag4_passing_air_yards,0.0,ext_hgb_all,2021
lag4_passing_yards_after_catch,-2.105811416464043e-06,ext_hgb_all,2021
lag4_receiving_air_yards,-0.0005015944101064429,ext_hgb_all,2021
lag4_receiving_yards_after_catch,0.0007572547780840821,ext_hgb_all,2021
lag4_games,-5.469031676885727e-05,ext_hgb_all,2021
lag4_roster_weeks,0.0008742742674229254,ext_hgb_all,2021
lag4_offense_snaps,0.0009359550235703562,ext_hgb_all,2021
lag1_completion_rate,0.0005547447483434942,ext_hgb_all,2021
lag1_pass_yards_per_attempt,0.006070925261814963,ext_hgb_all,2021
lag1_pass_td_rate,0.0023171325849642432,ext_hgb_all,2021
lag1_interception_rate,0.0009691229209914942,ext_hgb_all,2021
lag1_rush_yards_per_carry,-0.0003970786270370841,ext_hgb_all,2021
lag1_rush_first_down_rate,-0.0004861406416606373,ext_hgb_all,2021
lag1_rush_20_rate,0.0010269982528029464,ext_hgb_all,2021
lag1_receiving_yards_per_reception,-0.0006618821359625215,ext_hgb_all,2021
lag1_receiving_first_down_rate,-0.0011417394794953628,ext_hgb_all,2021
lag1_receiving_20_rate,-3.834284114079267e-05,ext_hgb_all,2021
lag1_field_goal_make_rate,0.0,ext_hgb_all,2021
lag1_made_field_goal_mean_distance,0.0,ext_hgb_all,2021
lag1_missed_field_goal_mean_distance,0.0,ext_hgb_all,2021
lag1_pat_make_rate,0.0,ext_hgb_all,2021
lag1_catch_rate,0.0002359391176456338,ext_hgb_all,2021
lag1_receiving_yards_per_target,0.005930061856398994,ext_hgb_all,2021
lag1_receiving_air_yards_per_target,0.004626362479424273,ext_hgb_all,2021
lag1_receiving_yards_after_catch_per_reception,-0.0009271411677698183,ext_hgb_all,2021
lag1_passing_air_yards_per_attempt,-0.0011032036643854326,ext_hgb_all,2021
lag1_passing_yards_after_catch_per_completion,0.000583111271842851,ext_hgb_all,2021
lag2_completion_rate,-0.0009055109390196936,ext_hgb_all,2021
lag2_pass_yards_per_attempt,0.001117398472511244,ext_hgb_all,2021
lag2_pass_td_rate,0.00048530872965768523,ext_hgb_all,2021
lag2_interception_rate,3.977698314772127e-05,ext_hgb_all,2021
lag2_rush_yards_per_carry,-0.0003681440372068634,ext_hgb_all,2021
lag2_rush_first_down_rate,-0.0007976251309490534,ext_hgb_all,2021
lag2_rush_20_rate,-0.001560249587984286,ext_hgb_all,2021
lag2_receiving_yards_per_reception,9.867731244783684e-06,ext_hgb_all,2021
lag2_receiving_first_down_rate,-8.665359160020536e-05,ext_hgb_all,2021
lag2_receiving_20_rate,0.0005985671738879539,ext_hgb_all,2021
lag2_field_goal_make_rate,0.0,ext_hgb_all,2021
lag2_made_field_goal_mean_distance,0.0,ext_hgb_all,2021
lag2_missed_field_goal_mean_distance,0.0,ext_hgb_all,2021
lag2_pat_make_rate,0.0,ext_hgb_all,2021
lag2_catch_rate,0.0008963991740600363,ext_hgb_all,2021
lag2_receiving_yards_per_target,-0.00025611227130317715,ext_hgb_all,2021
lag2_receiving_air_yards_per_target,-0.00025724404709426274,ext_hgb_all,2021
lag2_receiving_yards_after_catch_per_reception,-0.0005043808609781486,ext_hgb_all,2021
lag2_passing_air_yards_per_attempt,-0.0010261607835486686,ext_hgb_all,2021
lag2_passing_yards_after_catch_per_completion,-0.000311522280974863,ext_hgb_all,2021
lag3_completion_rate,0.0,ext_hgb_all,2021
lag3_pass_yards_per_attempt,0.0020193461130519896,ext_hgb_all,2021
lag3_pass_td_rate,0.00020459468221845079,ext_hgb_all,2021
lag3_interception_rate,0.0007610920539368182,ext_hgb_all,2021
lag3_rush_yards_per_carry,0.0001146284207166337,ext_hgb_all,2021
lag3_rush_first_down_rate,0.0004735848113581742,ext_hgb_all,2021
lag3_rush_20_rate,0.000491237995134175,ext_hgb_all,2021
lag3_receiving_yards_per_reception,0.00022075074214533696,ext_hgb_all,2021
lag3_receiving_first_down_rate,0.00011047626720672721,ext_hgb_all,2021
lag3_receiving_20_rate,-0.00012468928128162027,ext_hgb_all,2021
lag3_field_goal_make_rate,0.0,ext_hgb_all,2021
lag3_made_field_goal_mean_distance,0.0,ext_hgb_all,2021
lag3_missed_field_goal_mean_distance,0.0,ext_hgb_all,2021
lag3_pat_make_rate,0.0,ext_hgb_all,2021
lag3_catch_rate,-0.0006476676301248041,ext_hgb_all,2021
lag3_receiving_yards_per_target,-0.0008834813756202209,ext_hgb_all,2021
lag3_receiving_air_yards_per_target,-6.120214047244943e-05,ext_hgb_all,2021
lag3_receiving_yards_after_catch_per_reception,-0.0003161167732665948,ext_hgb_all,2021
lag3_passing_air_yards_per_attempt,0.0,ext_hgb_all,2021
lag3_passing_yards_after_catch_per_completion,0.002221636690195039,ext_hgb_all,2021
lag4_completion_rate,-0.00010182192530716616,ext_hgb_all,2021
lag4_pass_yards_per_attempt,5.328997959996862e-05,ext_hgb_all,2021
lag4_pass_td_rate,-0.0005111459072076885,ext_hgb_all,2021
lag4_interception_rate,-2.8548203357958712e-06,ext_hgb_all,2021
lag4_rush_yards_per_carry,-0.00027982170639795356,ext_hgb_all,2021
lag4_rush_first_down_rate,-0.00016487345197913061,ext_hgb_all,2021
lag4_rush_20_rate,-0.0006383740856999998,ext_hgb_all,2021
lag4_receiving_yards_per_reception,-3.093181057156613e-05,ext_hgb_all,2021
lag4_receiving_first_down_rate,-4.0726788008704773e-07,ext_hgb_all,2021
lag4_receiving_20_rate,-0.0007321485548573703,ext_hgb_all,2021
lag4_field_goal_make_rate,0.0,ext_hgb_all,2021
lag4_made_field_goal_mean_distance,0.0,ext_hgb_all,2021
lag4_missed_field_goal_mean_distance,0.0,ext_hgb_all,2021
lag4_pat_make_rate,0.0,ext_hgb_all,2021
lag4_catch_rate,-8.978840255136067e-05,ext_hgb_all,2021
lag4_receiving_yards_per_target,0.0004556282045964366,ext_hgb_all,2021
lag4_receiving_air_yards_per_target,-8.328344801578069e-05,ext_hgb_all,2021
lag4_receiving_yards_after_catch_per_reception,-0.00022634172136193342,ext_hgb_all,2021
lag4_passing_air_yards_per_attempt,-0.00045000077159151886,ext_hgb_all,2021
lag4_passing_yards_after_catch_per_completion,-0.00010848317275713448,ext_hgb_all,2021
lag1_late6_attempts,0.000438556128279588,ext_hgb_all,2021
lag1_weekly_slope_attempts,0.0006733493101014343,ext_hgb_all,2021
lag1_late6_mean_delta_attempts,0.000509188582430431,ext_hgb_all,2021
lag1_late6_passing_yards,0.004490090211601294,ext_hgb_all,2021
lag1_weekly_slope_passing_yards,-5.319772787670818e-05,ext_hgb_all,2021
lag1_late6_mean_delta_passing_yards,0.00045544927358798226,ext_hgb_all,2021
lag1_late6_passing_first_downs,0.00045258306886586386,ext_hgb_all,2021
lag1_weekly_slope_passing_first_downs,0.0033397369182159853,ext_hgb_all,2021
lag1_late6_mean_delta_passing_first_downs,0.002884853168342083,ext_hgb_all,2021
lag1_late6_passing_20,0.002322132025180723,ext_hgb_all,2021
lag1_weekly_slope_passing_20,-0.00037245618874626185,ext_hgb_all,2021
lag1_late6_mean_delta_passing_20,-0.0007815064246009529,ext_hgb_all,2021
lag1_late6_carries,0.006543437731929669,ext_hgb_all,2021
lag1_weekly_slope_carries,-0.002086959473738048,ext_hgb_all,2021
lag1_late6_mean_delta_carries,0.014987004478136168,ext_hgb_all,2021
lag1_late6_rushing_yards,0.0002462909158047477,ext_hgb_all,2021
lag1_weekly_slope_rushing_yards,0.0010242208160171629,ext_hgb_all,2021
lag1_late6_mean_delta_rushing_yards,0.0016564378311321182,ext_hgb_all,2021
lag1_late6_rushing_first_downs,-6.769416763330316e-05,ext_hgb_all,2021
lag1_weekly_slope_rushing_first_downs,0.0007777451545107894,ext_hgb_all,2021
lag1_late6_mean_delta_rushing_first_downs,0.0022890095192119597,ext_hgb_all,2021
lag1_late6_rushing_20,-0.00042852614017274693,ext_hgb_all,2021
lag1_weekly_slope_rushing_20,0.003036237326318858,ext_hgb_all,2021
lag1_late6_mean_delta_rushing_20,0.0006027548504820013,ext_hgb_all,2021
lag1_late6_receptions,0.0029182012066365504,ext_hgb_all,2021
lag1_weekly_slope_receptions,-0.0009985054658528947,ext_hgb_all,2021
lag1_late6_mean_delta_receptions,0.0008417443753819809,ext_hgb_all,2021
lag1_late6_receiving_yards,0.004620489663867744,ext_hgb_all,2021
lag1_weekly_slope_receiving_yards,-0.00010655593196251534,ext_hgb_all,2021
lag1_late6_mean_delta_receiving_yards,0.0012060642782256714,ext_hgb_all,2021
lag1_late6_receiving_first_downs,0.00044559238315922123,ext_hgb_all,2021
lag1_weekly_slope_receiving_first_downs,-0.0006943530176961588,ext_hgb_all,2021
lag1_late6_mean_delta_receiving_first_downs,0.00032457160006804653,ext_hgb_all,2021
lag1_late6_receiving_20,0.0028511172569741783,ext_hgb_all,2021
lag1_weekly_slope_receiving_20,0.009019743535340408,ext_hgb_all,2021
lag1_late6_mean_delta_receiving_20,0.0029080311508226098,ext_hgb_all,2021
lag1_late6_punt_return_yards,-0.0001906924799720544,ext_hgb_all,2021
lag1_weekly_slope_punt_return_yards,0.0001644997313071661,ext_hgb_all,2021
lag1_late6_mean_delta_punt_return_yards,-0.00040112601279274074,ext_hgb_all,2021
lag1_late6_kickoff_return_yards,-0.0001972311183968678,ext_hgb_all,2021
lag1_weekly_slope_kickoff_return_yards,0.0014467083793703317,ext_hgb_all,2021
lag1_late6_mean_delta_kickoff_return_yards,0.0,ext_hgb_all,2021
lag1_late6_fg_made,0.0,ext_hgb_all,2021
lag1_weekly_slope_fg_made,0.0,ext_hgb_all,2021
lag1_late6_mean_delta_fg_made,0.0,ext_hgb_all,2021
lag1_late6_fg_att,0.0,ext_hgb_all,2021
lag1_weekly_slope_fg_att,0.0,ext_hgb_all,2021
lag1_late6_mean_delta_fg_att,0.0,ext_hgb_all,2021
lag1_late6_pat_att,0.0,ext_hgb_all,2021
lag1_weekly_slope_pat_att,0.0,ext_hgb_all,2021
lag1_late6_mean_delta_pat_att,0.0,ext_hgb_all,2021
lag1_late6_targets,0.0017182225327303513,ext_hgb_all,2021
lag1_weekly_slope_targets,0.000513484021953059,ext_hgb_all,2021
lag1_late6_mean_delta_targets,0.0006114303850552893,ext_hgb_all,2021
lag1_late6_passing_air_yards,0.0005968038143123744,ext_hgb_all,2021
lag1_weekly_slope_passing_air_yards,0.0008845043515066653,ext_hgb_all,2021
lag1_late6_mean_delta_passing_air_yards,0.0,ext_hgb_all,2021
lag1_late6_passing_yards_after_catch,0.0016182301862929238,ext_hgb_all,2021
lag1_weekly_slope_passing_yards_after_catch,0.0005869638916091713,ext_hgb_all,2021
lag1_late6_mean_delta_passing_yards_after_catch,0.0017257058406181525,ext_hgb_all,2021
lag1_late6_receiving_air_yards,0.001910906469024365,ext_hgb_all,2021
lag1_weekly_slope_receiving_air_yards,0.0018064303542421056,ext_hgb_all,2021
lag1_late6_mean_delta_receiving_air_yards,-0.0012771503859414501,ext_hgb_all,2021
lag1_late6_receiving_yards_after_catch,0.003943215632840058,ext_hgb_all,2021
lag1_weekly_slope_receiving_yards_after_catch,-0.00045474541972712057,ext_hgb_all,2021
lag1_late6_mean_delta_receiving_yards_after_catch,0.009855765295083363,ext_hgb_all,2021
position_K,0.0,ext_hgb_all,2021
injury_lag2_injury_reported,0.0,ext_hgb_all,2021
injury_lag2_injury_report_weeks,-0.0005893136432529866,ext_hgb_all,2021
injury_lag2_designation_count,-0.0006885229939876947,ext_hgb_all,2021
injury_lag3_injury_reported,-7.480819472993616e-06,ext_hgb_all,2021
injury_lag3_injury_report_weeks,-0.0010355406933166833,ext_hgb_all,2021
injury_lag3_designation_count,0.0007752688307595124,ext_hgb_all,2021
injury_lag4_injury_reported,-0.00023496233268927025,ext_hgb_all,2021
injury_lag4_injury_report_weeks,2.7145018661745013e-05,ext_hgb_all,2021
injury_lag4_designation_count,0.00030852092243638385,ext_hgb_all,2021
injury_lag5_injury_reported,-5.728808418059561e-05,ext_hgb_all,2021
injury_lag5_injury_report_weeks,0.0016036895746208701,ext_hgb_all,2021
injury_lag5_designation_count,0.0009455739436967647,ext_hgb_all,2021
injury_lag1_reserve_weeks,0.0024496638201707555,ext_hgb_all,2021
injury_lag2_reserve_weeks,0.0,ext_hgb_all,2021
injury_lag3_reserve_weeks,0.0,ext_hgb_all,2021
injury_lag4_reserve_weeks,0.0,ext_hgb_all,2021
injury_lag2_absence_report_weeks,-0.0005825976483787576,ext_hgb_all,2021
injury_lag2_absence_reported,0.0,ext_hgb_all,2021
injury_lag3_absence_report_weeks,-5.04656647190016e-05,ext_hgb_all,2021
injury_lag3_absence_reported,0.0,ext_hgb_all,2021
injury_lag4_absence_report_weeks,1.2290058288844108e-05,ext_hgb_all,2021
injury_lag4_absence_reported,0.0,ext_hgb_all,2021
injury_lag5_absence_report_weeks,0.0,ext_hgb_all,2021
injury_lag5_absence_reported,0.0,ext_hgb_all,2021
age,0.031573307668116835,ext_xgb_all,2019
missing_age,0.0,ext_xgb_all,2019
years_exp,0.0006658831821318989,ext_xgb_all,2019
missing_years_exp,0.0,ext_xgb_all,2019
height,-9.081569727054095e-05,ext_xgb_all,2019
missing_height,0.0,ext_xgb_all,2019
weight,-0.00035450958228144813,ext_xgb_all,2019
missing_weight,0.0,ext_xgb_all,2019
draft_number,0.06473120823583445,ext_xgb_all,2019
missing_draft_number,0.0029744892970406944,ext_xgb_all,2019
draft_round,-0.00183092668779683,ext_xgb_all,2019
missing_draft_round,0.0004665305287027133,ext_xgb_all,2019
was_drafted,0.0,ext_xgb_all,2019
missing_was_drafted,0.0,ext_xgb_all,2019
is_rookie,-0.0006410740456020969,ext_xgb_all,2019
missing_is_rookie,0.0,ext_xgb_all,2019
missing_team_changed,0.0,ext_xgb_all,2019
combine_forty,-0.0003207801276875477,ext_xgb_all,2019
missing_combine_forty,0.0,ext_xgb_all,2019
combine_bench,0.0017737420914618607,ext_xgb_all,2019
missing_combine_bench,0.0,ext_xgb_all,2019
combine_vertical,0.00027909442210638513,ext_xgb_all,2019
missing_combine_vertical,0.0,ext_xgb_all,2019
combine_broad_jump,-9.702000928812904e-05,ext_xgb_all,2019
missing_combine_broad_jump,0.0,ext_xgb_all,2019
combine_cone,-0.00014453754074050806,ext_xgb_all,2019
missing_combine_cone,0.0,ext_xgb_all,2019
combine_shuttle,-5.6047736523789915e-05,ext_xgb_all,2019
missing_combine_shuttle,0.0,ext_xgb_all,2019
position_QB,0.0,ext_xgb_all,2019
position_RB,0.0,ext_xgb_all,2019
position_WR,0.0,ext_xgb_all,2019
position_TE,0.0,ext_xgb_all,2019
lag1_history_available,0.007636907150731731,ext_xgb_all,2019
lag1_completions,2.673339774716954e-05,ext_xgb_all,2019
lag1_attempts,-3.646790406452993e-05,ext_xgb_all,2019
lag1_passing_yards,0.00019468822600066105,ext_xgb_all,2019
lag1_passing_tds,-7.730098864611179e-05,ext_xgb_all,2019
lag1_passing_interceptions,-0.0017090331195183106,ext_xgb_all,2019
lag1_sacks_suffered,0.0011610166908522235,ext_xgb_all,2019
lag1_sack_yards_lost,0.0025118104268726515,ext_xgb_all,2019
lag1_sack_fumbles,0.0,ext_xgb_all,2019
lag1_sack_fumbles_lost,-0.00018704505633149182,ext_xgb_all,2019
lag1_passing_first_downs,-1.2325677388735912e-05,ext_xgb_all,2019
lag1_passing_10,-0.00021405104594462987,ext_xgb_all,2019
lag1_passing_16,0.0,ext_xgb_all,2019
lag1_passing_20,-1.4116608024972166e-05,ext_xgb_all,2019
lag1_passing_40,0.0,ext_xgb_all,2019
lag1_carries,0.00020140897981757444,ext_xgb_all,2019
lag1_rushing_yards,0.0026624212303715256,ext_xgb_all,2019
lag1_rushing_tds,-6.710890519046053e-05,ext_xgb_all,2019
lag1_rushing_fumbles,-2.2878094130263094e-06,ext_xgb_all,2019
lag1_rushing_fumbles_lost,0.0013048344535140366,ext_xgb_all,2019
lag1_rushing_first_downs,-0.001314829913805271,ext_xgb_all,2019
lag1_rushing_10,0.009022356048884794,ext_xgb_all,2019
lag1_rushing_12,0.0015611986244020715,ext_xgb_all,2019
lag1_rushing_20,0.0015123674764907502,ext_xgb_all,2019
lag1_rushing_40,0.00013775039506269682,ext_xgb_all,2019
lag1_receptions,0.020214203671610975,ext_xgb_all,2019
lag1_receiving_yards,0.000705731906684437,ext_xgb_all,2019
lag1_receiving_tds,0.011116839550248225,ext_xgb_all,2019
lag1_receiving_fumbles,0.0,ext_xgb_all,2019
lag1_receiving_fumbles_lost,6.76676023569911e-06,ext_xgb_all,2019
lag1_receiving_first_downs,0.003158167300881143,ext_xgb_all,2019
lag1_receiving_10,0.0020638869550518857,ext_xgb_all,2019
lag1_receiving_16,-4.367509792446711e-05,ext_xgb_all,2019
lag1_receiving_20,7.02161451756611e-05,ext_xgb_all,2019
lag1_receiving_40,0.00010289959627662881,ext_xgb_all,2019
lag1_special_teams_tds,0.0,ext_xgb_all,2019
lag1_fumbles_total,-0.0004307602221096385,ext_xgb_all,2019
lag1_fumbles_lost_total,-0.00028552856596608667,ext_xgb_all,2019
lag1_punt_returns,0.0,ext_xgb_all,2019
lag1_punt_return_yards,0.0,ext_xgb_all,2019
lag1_kickoff_returns,0.0,ext_xgb_all,2019
lag1_kickoff_return_yards,0.0,ext_xgb_all,2019
lag1_fg_made,0.0,ext_xgb_all,2019
lag1_fg_att,0.0,ext_xgb_all,2019
lag1_fg_missed,0.0,ext_xgb_all,2019
lag1_fg_blocked,0.0,ext_xgb_all,2019
lag1_fg_made_0_19,0.0,ext_xgb_all,2019
lag1_fg_made_20_29,0.0,ext_xgb_all,2019
lag1_fg_made_30_39,0.0,ext_xgb_all,2019
lag1_fg_made_40_49,0.0,ext_xgb_all,2019
lag1_fg_made_50_59,0.0,ext_xgb_all,2019
lag1_fg_made_60_,0.0,ext_xgb_all,2019
lag1_fg_missed_0_19,0.0,ext_xgb_all,2019
lag1_fg_missed_20_29,0.0,ext_xgb_all,2019
lag1_fg_missed_30_39,0.0,ext_xgb_all,2019
lag1_fg_missed_40_49,0.0,ext_xgb_all,2019
lag1_fg_missed_50_59,0.0,ext_xgb_all,2019
lag1_fg_missed_60_,0.0,ext_xgb_all,2019
lag1_fg_made_distance,0.0,ext_xgb_all,2019
lag1_fg_missed_distance,0.0,ext_xgb_all,2019
lag1_pat_made,0.0,ext_xgb_all,2019
lag1_pat_att,0.0,ext_xgb_all,2019
lag1_pat_missed,0.0,ext_xgb_all,2019
lag1_pat_blocked,0.0,ext_xgb_all,2019
lag1_gwfg_made,0.0,ext_xgb_all,2019
lag1_gwfg_att,0.0,ext_xgb_all,2019
lag1_gwfg_missed,0.0,ext_xgb_all,2019
lag1_gwfg_blocked,0.0,ext_xgb_all,2019
lag1_gwfg_distance,0.0,ext_xgb_all,2019
lag1_targets,0.004207598323007988,ext_xgb_all,2019
lag1_passing_air_yards,0.0006719244559039161,ext_xgb_all,2019
lag1_passing_yards_after_catch,0.00021889247708728465,ext_xgb_all,2019
lag1_receiving_air_yards,9.46536042356616e-06,ext_xgb_all,2019
lag1_receiving_yards_after_catch,0.0019997322523247485,ext_xgb_all,2019
lag1_games,0.003303996322628122,ext_xgb_all,2019
lag1_roster_weeks,0.0005786258268662969,ext_xgb_all,2019
lag1_offense_snaps,0.11821292069478329,ext_xgb_all,2019
lag2_history_available,3.4569954810215187e-05,ext_xgb_all,2019
lag2_completions,-1.4116608024972166e-05,ext_xgb_all,2019
lag2_attempts,0.0,ext_xgb_all,2019
lag2_passing_yards,0.001267341753475315,ext_xgb_all,2019
lag2_passing_tds,0.0016033284957411853,ext_xgb_all,2019
lag2_passing_interceptions,0.0,ext_xgb_all,2019
lag2_sacks_suffered,0.0,ext_xgb_all,2019
lag2_sack_yards_lost,-9.060419646167439e-05,ext_xgb_all,2019
lag2_sack_fumbles,-2.7166954050916736e-05,ext_xgb_all,2019
lag2_sack_fumbles_lost,0.0,ext_xgb_all,2019
lag2_passing_first_downs,0.0,ext_xgb_all,2019
lag2_passing_10,0.0,ext_xgb_all,2019
lag2_passing_16,-0.0003105653765504979,ext_xgb_all,2019
lag2_passing_20,-0.0004991167647977468,ext_xgb_all,2019
lag2_passing_40,-0.00024241598258722963,ext_xgb_all,2019
lag2_carries,0.0008496051606885491,ext_xgb_all,2019
lag2_rushing_yards,-5.806261086460651e-05,ext_xgb_all,2019
lag2_rushing_tds,-8.505431485383852e-05,ext_xgb_all,2019
lag2_rushing_fumbles,0.0,ext_xgb_all,2019
lag2_rushing_fumbles_lost,-6.021507277242932e-07,ext_xgb_all,2019
lag2_rushing_first_downs,4.2292646380448495e-05,ext_xgb_all,2019
lag2_rushing_10,-1.3801642765542965e-05,ext_xgb_all,2019
lag2_rushing_12,0.006131084326149616,ext_xgb_all,2019
lag2_rushing_20,0.0,ext_xgb_all,2019
lag2_rushing_40,0.0,ext_xgb_all,2019
lag2_receptions,0.0031878124585510426,ext_xgb_all,2019
lag2_receiving_yards,-0.000403327920562524,ext_xgb_all,2019
lag2_receiving_tds,-0.00028606970304434487,ext_xgb_all,2019
lag2_receiving_fumbles,-8.125296950600713e-06,ext_xgb_all,2019
lag2_receiving_fumbles_lost,0.0,ext_xgb_all,2019
lag2_receiving_first_downs,-0.0010683971205039944,ext_xgb_all,2019
lag2_receiving_10,-0.0006940202659805328,ext_xgb_all,2019
lag2_receiving_16,-0.0004384690739213104,ext_xgb_all,2019
lag2_receiving_20,0.00023750779831999136,ext_xgb_all,2019
lag2_receiving_40,0.0001823705507388862,ext_xgb_all,2019
lag2_special_teams_tds,0.0,ext_xgb_all,2019
lag2_fumbles_total,-6.027501407879221e-05,ext_xgb_all,2019
lag2_fumbles_lost_total,-2.2519096274375983e-05,ext_xgb_all,2019
lag2_punt_returns,0.0,ext_xgb_all,2019
lag2_punt_return_yards,0.0,ext_xgb_all,2019
lag2_kickoff_returns,0.0,ext_xgb_all,2019
lag2_kickoff_return_yards,0.0,ext_xgb_all,2019
lag2_fg_made,0.0,ext_xgb_all,2019
lag2_fg_att,0.0,ext_xgb_all,2019
lag2_fg_missed,0.0,ext_xgb_all,2019
lag2_fg_blocked,0.0,ext_xgb_all,2019
lag2_fg_made_0_19,0.0,ext_xgb_all,2019
lag2_fg_made_20_29,0.0,ext_xgb_all,2019
lag2_fg_made_30_39,0.0,ext_xgb_all,2019
lag2_fg_made_40_49,0.0,ext_xgb_all,2019
lag2_fg_made_50_59,0.0,ext_xgb_all,2019
lag2_fg_made_60_,0.0,ext_xgb_all,2019
lag2_fg_missed_0_19,0.0,ext_xgb_all,2019
lag2_fg_missed_20_29,0.0,ext_xgb_all,2019
lag2_fg_missed_30_39,0.0,ext_xgb_all,2019
lag2_fg_missed_40_49,0.0,ext_xgb_all,2019
lag2_fg_missed_50_59,0.0,ext_xgb_all,2019
lag2_fg_missed_60_,0.0,ext_xgb_all,2019
lag2_fg_made_distance,0.0,ext_xgb_all,2019
lag2_fg_missed_distance,0.0,ext_xgb_all,2019
lag2_pat_made,0.0,ext_xgb_all,2019
lag2_pat_att,0.0,ext_xgb_all,2019
lag2_pat_missed,0.0,ext_xgb_all,2019
lag2_pat_blocked,0.0,ext_xgb_all,2019
lag2_gwfg_made,0.0,ext_xgb_all,2019
lag2_gwfg_att,0.0,ext_xgb_all,2019
lag2_gwfg_missed,0.0,ext_xgb_all,2019
lag2_gwfg_blocked,0.0,ext_xgb_all,2019
lag2_gwfg_distance,0.0,ext_xgb_all,2019
lag2_targets,0.001821756520957285,ext_xgb_all,2019
lag2_passing_air_yards,0.0,ext_xgb_all,2019
lag2_passing_yards_after_catch,-9.352252816574591e-05,ext_xgb_all,2019
lag2_receiving_air_yards,0.0004576793564774473,ext_xgb_all,2019
lag2_receiving_yards_after_catch,-0.0042426891464626415,ext_xgb_all,2019
lag2_games,0.0016200417183227511,ext_xgb_all,2019
lag2_roster_weeks,-0.0004929918411297196,ext_xgb_all,2019
lag2_offense_snaps,0.005377572684590937,ext_xgb_all,2019
lag3_history_available,0.0,ext_xgb_all,2019
lag3_completions,0.0,ext_xgb_all,2019
lag3_attempts,0.00014587161625878586,ext_xgb_all,2019
lag3_passing_yards,0.0,ext_xgb_all,2019
lag3_passing_tds,0.0,ext_xgb_all,2019
lag3_passing_interceptions,0.0,ext_xgb_all,2019
lag3_sacks_suffered,0.0,ext_xgb_all,2019
lag3_sack_yards_lost,-9.411072016574096e-06,ext_xgb_all,2019
lag3_sack_fumbles,-0.00014587161625856382,ext_xgb_all,2019
lag3_sack_fumbles_lost,0.0,ext_xgb_all,2019
lag3_passing_first_downs,0.0,ext_xgb_all,2019
lag3_passing_10,0.0,ext_xgb_all,2019
lag3_passing_16,-9.411072016574096e-06,ext_xgb_all,2019
lag3_passing_20,0.0,ext_xgb_all,2019
lag3_passing_40,0.0,ext_xgb_all,2019
lag3_carries,0.00024828350152028555,ext_xgb_all,2019
lag3_rushing_yards,-0.0002999916586082785,ext_xgb_all,2019
lag3_rushing_tds,-7.673206895364437e-05,ext_xgb_all,2019
lag3_rushing_fumbles,0.0,ext_xgb_all,2019
lag3_rushing_fumbles_lost,0.0,ext_xgb_all,2019
lag3_rushing_first_downs,8.074262280999278e-06,ext_xgb_all,2019
lag3_rushing_10,0.00036155120442449284,ext_xgb_all,2019
lag3_rushing_12,0.0005968460081932081,ext_xgb_all,2019
lag3_rushing_20,0.0,ext_xgb_all,2019
lag3_rushing_40,0.0,ext_xgb_all,2019
lag3_receptions,-0.00021818165290610203,ext_xgb_all,2019
lag3_receiving_yards,2.530356058183525e-05,ext_xgb_all,2019
lag3_receiving_tds,-8.231358981081183e-05,ext_xgb_all,2019
lag3_receiving_fumbles,7.488143116685109e-07,ext_xgb_all,2019
lag3_receiving_fumbles_lost,0.0,ext_xgb_all,2019
lag3_receiving_first_downs,0.0,ext_xgb_all,2019
lag3_receiving_10,0.0,ext_xgb_all,2019
lag3_receiving_16,1.0721652088596656e-05,ext_xgb_all,2019
lag3_receiving_20,-0.0008273641460688763,ext_xgb_all,2019
lag3_receiving_40,0.0,ext_xgb_all,2019
lag3_special_teams_tds,0.0,ext_xgb_all,2019
lag3_fumbles_total,4.430946163902494e-05,ext_xgb_all,2019
lag3_fumbles_lost_total,-0.00021475023637396173,ext_xgb_all,2019
lag3_punt_returns,0.0,ext_xgb_all,2019
lag3_punt_return_yards,0.0,ext_xgb_all,2019
lag3_kickoff_returns,7.514187118418114e-06,ext_xgb_all,2019
lag3_kickoff_return_yards,4.126266810122736e-06,ext_xgb_all,2019
lag3_fg_made,0.0,ext_xgb_all,2019
lag3_fg_att,0.0,ext_xgb_all,2019
lag3_fg_missed,0.0,ext_xgb_all,2019
lag3_fg_blocked,0.0,ext_xgb_all,2019
lag3_fg_made_0_19,0.0,ext_xgb_all,2019
lag3_fg_made_20_29,0.0,ext_xgb_all,2019
lag3_fg_made_30_39,0.0,ext_xgb_all,2019
lag3_fg_made_40_49,0.0,ext_xgb_all,2019
lag3_fg_made_50_59,0.0,ext_xgb_all,2019
lag3_fg_made_60_,0.0,ext_xgb_all,2019
lag3_fg_missed_0_19,0.0,ext_xgb_all,2019
lag3_fg_missed_20_29,0.0,ext_xgb_all,2019
lag3_fg_missed_30_39,0.0,ext_xgb_all,2019
lag3_fg_missed_40_49,0.0,ext_xgb_all,2019
lag3_fg_missed_50_59,0.0,ext_xgb_all,2019
lag3_fg_missed_60_,0.0,ext_xgb_all,2019
lag3_fg_made_distance,0.0,ext_xgb_all,2019
lag3_fg_missed_distance,0.0,ext_xgb_all,2019
lag3_pat_made,0.0,ext_xgb_all,2019
lag3_pat_att,0.0,ext_xgb_all,2019
lag3_pat_missed,0.0,ext_xgb_all,2019
lag3_pat_blocked,0.0,ext_xgb_all,2019
lag3_gwfg_made,0.0,ext_xgb_all,2019
lag3_gwfg_att,0.0,ext_xgb_all,2019
lag3_gwfg_missed,0.0,ext_xgb_all,2019
lag3_gwfg_blocked,0.0,ext_xgb_all,2019
lag3_gwfg_distance,0.0,ext_xgb_all,2019
lag3_targets,0.00013714051859348153,ext_xgb_all,2019
lag3_passing_air_yards,0.00015528268827535996,ext_xgb_all,2019
lag3_passing_yards_after_catch,-2.7087875259512728e-05,ext_xgb_all,2019
lag3_receiving_air_yards,0.00030128473522539334,ext_xgb_all,2019
lag3_receiving_yards_after_catch,0.00046156674453989854,ext_xgb_all,2019
lag3_games,0.0,ext_xgb_all,2019
lag3_roster_weeks,-5.5197995443401204e-05,ext_xgb_all,2019
lag3_offense_snaps,9.995873974744107e-05,ext_xgb_all,2019
lag4_history_available,0.0,ext_xgb_all,2019
lag4_completions,9.20579625081075e-05,ext_xgb_all,2019
lag4_attempts,0.0,ext_xgb_all,2019
lag4_passing_yards,0.0,ext_xgb_all,2019
lag4_passing_tds,-0.0002486465664960358,ext_xgb_all,2019
lag4_passing_interceptions,0.0,ext_xgb_all,2019
lag4_sacks_suffered,0.0,ext_xgb_all,2019
lag4_sack_yards_lost,0.0,ext_xgb_all,2019
lag4_sack_fumbles,0.0,ext_xgb_all,2019
lag4_sack_fumbles_lost,0.0,ext_xgb_all,2019
lag4_passing_first_downs,-8.85823199293645e-05,ext_xgb_all,2019
lag4_passing_10,0.0,ext_xgb_all,2019
lag4_passing_16,0.0003560084752233239,ext_xgb_all,2019
lag4_passing_20,0.0002393976327007552,ext_xgb_all,2019
lag4_passing_40,0.0,ext_xgb_all,2019
lag4_carries,-0.00032329831031674416,ext_xgb_all,2019
lag4_rushing_yards,0.0,ext_xgb_all,2019
lag4_rushing_tds,0.0,ext_xgb_all,2019
lag4_rushing_fumbles,0.0,ext_xgb_all,2019
lag4_rushing_fumbles_lost,0.0,ext_xgb_all,2019
lag4_rushing_first_downs,-3.668378195820221e-05,ext_xgb_all,2019
lag4_rushing_10,-0.0003170772218954454,ext_xgb_all,2019
lag4_rushing_12,0.0,ext_xgb_all,2019
lag4_rushing_20,0.0,ext_xgb_all,2019
lag4_rushing_40,0.0,ext_xgb_all,2019
lag4_receptions,-0.00011298328459019569,ext_xgb_all,2019
lag4_receiving_yards,-0.00018718686524610284,ext_xgb_all,2019
lag4_receiving_tds,0.0,ext_xgb_all,2019
lag4_receiving_fumbles,0.0,ext_xgb_all,2019
lag4_receiving_fumbles_lost,-7.313348083903826e-05,ext_xgb_all,2019
lag4_receiving_first_downs,-3.5859819130013015e-05,ext_xgb_all,2019
lag4_receiving_10,0.0003360052411053305,ext_xgb_all,2019
lag4_receiving_16,0.0002866896938085173,ext_xgb_all,2019
lag4_receiving_20,0.0,ext_xgb_all,2019
lag4_receiving_40,0.0,ext_xgb_all,2019
lag4_special_teams_tds,0.0,ext_xgb_all,2019
lag4_fumbles_total,-0.00038949610381866506,ext_xgb_all,2019
lag4_fumbles_lost_total,0.0,ext_xgb_all,2019
lag4_punt_returns,0.0,ext_xgb_all,2019
lag4_punt_return_yards,0.0,ext_xgb_all,2019
lag4_kickoff_returns,0.0,ext_xgb_all,2019
lag4_kickoff_return_yards,0.0,ext_xgb_all,2019
lag4_fg_made,0.0,ext_xgb_all,2019
lag4_fg_att,0.0,ext_xgb_all,2019
lag4_fg_missed,0.0,ext_xgb_all,2019
lag4_fg_blocked,0.0,ext_xgb_all,2019
lag4_fg_made_0_19,0.0,ext_xgb_all,2019
lag4_fg_made_20_29,0.0,ext_xgb_all,2019
lag4_fg_made_30_39,0.0,ext_xgb_all,2019
lag4_fg_made_40_49,0.0,ext_xgb_all,2019
lag4_fg_made_50_59,0.0,ext_xgb_all,2019
lag4_fg_made_60_,0.0,ext_xgb_all,2019
lag4_fg_missed_0_19,0.0,ext_xgb_all,2019
lag4_fg_missed_20_29,0.0,ext_xgb_all,2019
lag4_fg_missed_30_39,0.0,ext_xgb_all,2019
lag4_fg_missed_40_49,0.0,ext_xgb_all,2019
lag4_fg_missed_50_59,0.0,ext_xgb_all,2019
lag4_fg_missed_60_,0.0,ext_xgb_all,2019
lag4_fg_made_distance,0.0,ext_xgb_all,2019
lag4_fg_missed_distance,0.0,ext_xgb_all,2019
lag4_pat_made,0.0,ext_xgb_all,2019
lag4_pat_att,0.0,ext_xgb_all,2019
lag4_pat_missed,0.0,ext_xgb_all,2019
lag4_pat_blocked,0.0,ext_xgb_all,2019
lag4_gwfg_made,0.0,ext_xgb_all,2019
lag4_gwfg_att,0.0,ext_xgb_all,2019
lag4_gwfg_missed,0.0,ext_xgb_all,2019
lag4_gwfg_blocked,0.0,ext_xgb_all,2019
lag4_gwfg_distance,0.0,ext_xgb_all,2019
lag4_targets,0.00047225459652644464,ext_xgb_all,2019
lag4_passing_air_yards,-0.00014587161625856382,ext_xgb_all,2019
lag4_passing_yards_after_catch,-1.4116608024972166e-05,ext_xgb_all,2019
lag4_receiving_air_yards,-0.0001435911191631778,ext_xgb_all,2019
lag4_receiving_yards_after_catch,3.43370292399392e-06,ext_xgb_all,2019
lag4_games,0.00016582975330925454,ext_xgb_all,2019
lag4_roster_weeks,0.0,ext_xgb_all,2019
lag4_offense_snaps,-5.394558350146905e-05,ext_xgb_all,2019
lag1_completion_rate,0.00045536915791255517,ext_xgb_all,2019
lag1_pass_yards_per_attempt,0.008157642101493279,ext_xgb_all,2019
lag1_pass_td_rate,2.756729997077656e-05,ext_xgb_all,2019
lag1_interception_rate,0.0004828230397048161,ext_xgb_all,2019
lag1_rush_yards_per_carry,0.00030617501119711843,ext_xgb_all,2019
lag1_rush_first_down_rate,-0.0004486651255924956,ext_xgb_all,2019
lag1_rush_20_rate,-0.0004793371267624025,ext_xgb_all,2019
lag1_receiving_yards_per_reception,0.0006639963322603304,ext_xgb_all,2019
lag1_receiving_first_down_rate,-0.00018238204367182487,ext_xgb_all,2019
lag1_receiving_20_rate,-2.649998758030847e-05,ext_xgb_all,2019
lag1_field_goal_make_rate,0.0,ext_xgb_all,2019
lag1_made_field_goal_mean_distance,0.0,ext_xgb_all,2019
lag1_missed_field_goal_mean_distance,0.0,ext_xgb_all,2019
lag1_pat_make_rate,0.0,ext_xgb_all,2019
lag1_catch_rate,3.4951293838569875e-05,ext_xgb_all,2019
lag1_receiving_yards_per_target,0.012035724931584335,ext_xgb_all,2019
lag1_receiving_air_yards_per_target,0.000682331802169589,ext_xgb_all,2019
lag1_receiving_yards_after_catch_per_reception,4.6976233633477804e-05,ext_xgb_all,2019
lag1_passing_air_yards_per_attempt,0.0008837669465505682,ext_xgb_all,2019
lag1_passing_yards_after_catch_per_completion,0.00040430005820646375,ext_xgb_all,2019
lag2_completion_rate,-7.233073491097475e-05,ext_xgb_all,2019
lag2_pass_yards_per_attempt,-4.447683809727376e-05,ext_xgb_all,2019
lag2_pass_td_rate,-6.470112011469631e-05,ext_xgb_all,2019
lag2_interception_rate,0.00020116166435668603,ext_xgb_all,2019
lag2_rush_yards_per_carry,-1.3803839775339277e-05,ext_xgb_all,2019
lag2_rush_first_down_rate,0.0004179685277060363,ext_xgb_all,2019
lag2_rush_20_rate,-7.88052654956406e-05,ext_xgb_all,2019
lag2_receiving_yards_per_reception,-1.7694802329382142e-05,ext_xgb_all,2019
lag2_receiving_first_down_rate,1.828584133478639e-05,ext_xgb_all,2019
lag2_receiving_20_rate,-6.596932000801914e-05,ext_xgb_all,2019
lag2_field_goal_make_rate,0.0,ext_xgb_all,2019
lag2_made_field_goal_mean_distance,0.0,ext_xgb_all,2019
lag2_missed_field_goal_mean_distance,0.0,ext_xgb_all,2019
lag2_pat_make_rate,0.0,ext_xgb_all,2019
lag2_catch_rate,7.930576393377908e-05,ext_xgb_all,2019
lag2_receiving_yards_per_target,0.0,ext_xgb_all,2019
lag2_receiving_air_yards_per_target,-9.775108454168624e-05,ext_xgb_all,2019
lag2_receiving_yards_after_catch_per_reception,-7.818245103430321e-06,ext_xgb_all,2019
lag2_passing_air_yards_per_attempt,0.0017462630768015908,ext_xgb_all,2019
lag2_passing_yards_after_catch_per_completion,0.0,ext_xgb_all,2019
lag3_completion_rate,0.0,ext_xgb_all,2019
lag3_pass_yards_per_attempt,-0.0005193735369208863,ext_xgb_all,2019
lag3_pass_td_rate,0.0,ext_xgb_all,2019
lag3_interception_rate,6.293654411160254e-05,ext_xgb_all,2019
lag3_rush_yards_per_carry,-0.00031629489233708785,ext_xgb_all,2019
lag3_rush_first_down_rate,0.00010060952021639924,ext_xgb_all,2019
lag3_rush_20_rate,4.874892169515199e-05,ext_xgb_all,2019
lag3_receiving_yards_per_reception,0.0002931756622476245,ext_xgb_all,2019
lag3_receiving_first_down_rate,2.899611186535367e-05,ext_xgb_all,2019
lag3_receiving_20_rate,-4.5141687126437624e-05,ext_xgb_all,2019
lag3_field_goal_make_rate,0.0,ext_xgb_all,2019
lag3_made_field_goal_mean_distance,0.0,ext_xgb_all,2019
lag3_missed_field_goal_mean_distance,0.0,ext_xgb_all,2019
lag3_pat_make_rate,0.0,ext_xgb_all,2019
lag3_catch_rate,1.0152410448882598e-05,ext_xgb_all,2019
lag3_receiving_yards_per_target,-4.656960830029533e-05,ext_xgb_all,2019
lag3_receiving_air_yards_per_target,-3.579042771995056e-05,ext_xgb_all,2019
lag3_receiving_yards_after_catch_per_reception,9.47129685701098e-05,ext_xgb_all,2019
lag3_passing_air_yards_per_attempt,0.0,ext_xgb_all,2019
lag3_passing_yards_after_catch_per_completion,0.0,ext_xgb_all,2019
lag4_completion_rate,0.0,ext_xgb_all,2019
lag4_pass_yards_per_attempt,2.9587709317491218e-05,ext_xgb_all,2019
lag4_pass_td_rate,0.0019959899121816393,ext_xgb_all,2019
lag4_interception_rate,-1.4116608024972166e-05,ext_xgb_all,2019
lag4_rush_yards_per_carry,1.5144653860987844e-06,ext_xgb_all,2019
lag4_rush_first_down_rate,-0.00012472536220808905,ext_xgb_all,2019
lag4_rush_20_rate,0.0,ext_xgb_all,2019
lag4_receiving_yards_per_reception,-4.0596282895433156e-05,ext_xgb_all,2019
lag4_receiving_first_down_rate,-4.4048386867556744e-05,ext_xgb_all,2019
lag4_receiving_20_rate,0.0,ext_xgb_all,2019
lag4_field_goal_make_rate,0.0,ext_xgb_all,2019
lag4_made_field_goal_mean_distance,0.0,ext_xgb_all,2019
lag4_missed_field_goal_mean_distance,0.0,ext_xgb_all,2019
lag4_pat_make_rate,0.0,ext_xgb_all,2019
lag4_catch_rate,9.811587483943285e-05,ext_xgb_all,2019
lag4_receiving_yards_per_target,-6.760472866906841e-05,ext_xgb_all,2019
lag4_receiving_air_yards_per_target,-3.185923472570629e-05,ext_xgb_all,2019
lag4_receiving_yards_after_catch_per_reception,-4.476339945980179e-05,ext_xgb_all,2019
lag4_passing_air_yards_per_attempt,0.00031814798750950946,ext_xgb_all,2019
lag4_passing_yards_after_catch_per_completion,0.0,ext_xgb_all,2019
lag1_late6_attempts,0.0,ext_xgb_all,2019
lag1_weekly_slope_attempts,0.0,ext_xgb_all,2019
lag1_late6_mean_delta_attempts,0.0,ext_xgb_all,2019
lag1_late6_passing_yards,-3.2960805629644874e-05,ext_xgb_all,2019
lag1_weekly_slope_passing_yards,-0.00016939929630033213,ext_xgb_all,2019
lag1_late6_mean_delta_passing_yards,0.0,ext_xgb_all,2019
lag1_late6_passing_first_downs,9.587529617016699e-05,ext_xgb_all,2019
lag1_weekly_slope_passing_first_downs,8.943121508064866e-05,ext_xgb_all,2019
lag1_late6_mean_delta_passing_first_downs,0.0001916004150676054,ext_xgb_all,2019
lag1_late6_passing_20,0.00023998233642563704,ext_xgb_all,2019
lag1_weekly_slope_passing_20,0.0,ext_xgb_all,2019
lag1_late6_mean_delta_passing_20,-0.001295247551671097,ext_xgb_all,2019
lag1_late6_carries,0.00046404518786491433,ext_xgb_all,2019
lag1_weekly_slope_carries,-5.6225409760468636e-05,ext_xgb_all,2019
lag1_late6_mean_delta_carries,-0.00025008641518131647,ext_xgb_all,2019
lag1_late6_rushing_yards,0.0011778123493579873,ext_xgb_all,2019
lag1_weekly_slope_rushing_yards,9.852878377292207e-06,ext_xgb_all,2019
lag1_late6_mean_delta_rushing_yards,0.0019354032417669975,ext_xgb_all,2019
lag1_late6_rushing_first_downs,0.0003946764649128687,ext_xgb_all,2019
lag1_weekly_slope_rushing_first_downs,-0.0007804329005470789,ext_xgb_all,2019
lag1_late6_mean_delta_rushing_first_downs,-0.005645160580799891,ext_xgb_all,2019
lag1_late6_rushing_20,0.0018735964511137349,ext_xgb_all,2019
lag1_weekly_slope_rushing_20,2.6936872991489835e-05,ext_xgb_all,2019
lag1_late6_mean_delta_rushing_20,0.00048441262720644307,ext_xgb_all,2019
lag1_late6_receptions,0.00024946552932425536,ext_xgb_all,2019
lag1_weekly_slope_receptions,0.0006245717053680044,ext_xgb_all,2019
lag1_late6_mean_delta_receptions,0.00010372355065468852,ext_xgb_all,2019
lag1_late6_receiving_yards,-0.00031156354206485215,ext_xgb_all,2019
lag1_weekly_slope_receiving_yards,0.0020151186482884054,ext_xgb_all,2019
lag1_late6_mean_delta_receiving_yards,-0.0013829811002888936,ext_xgb_all,2019
lag1_late6_receiving_first_downs,0.00022998839380727887,ext_xgb_all,2019
lag1_weekly_slope_receiving_first_downs,0.0001381556092222569,ext_xgb_all,2019
lag1_late6_mean_delta_receiving_first_downs,0.002214969784459342,ext_xgb_all,2019
lag1_late6_receiving_20,-8.558819002801865e-05,ext_xgb_all,2019
lag1_weekly_slope_receiving_20,0.0011808592754393166,ext_xgb_all,2019
lag1_late6_mean_delta_receiving_20,0.0007747623158199657,ext_xgb_all,2019
lag1_late6_punt_return_yards,0.0,ext_xgb_all,2019
lag1_weekly_slope_punt_return_yards,0.0,ext_xgb_all,2019
lag1_late6_mean_delta_punt_return_yards,0.0,ext_xgb_all,2019
lag1_late6_kickoff_return_yards,0.0,ext_xgb_all,2019
lag1_weekly_slope_kickoff_return_yards,0.0,ext_xgb_all,2019
lag1_late6_mean_delta_kickoff_return_yards,0.0,ext_xgb_all,2019
lag1_late6_fg_made,0.0,ext_xgb_all,2019
lag1_weekly_slope_fg_made,0.0,ext_xgb_all,2019
lag1_late6_mean_delta_fg_made,0.0,ext_xgb_all,2019
lag1_late6_fg_att,0.0,ext_xgb_all,2019
lag1_weekly_slope_fg_att,0.0,ext_xgb_all,2019
lag1_late6_mean_delta_fg_att,0.0,ext_xgb_all,2019
lag1_late6_pat_att,0.0,ext_xgb_all,2019
lag1_weekly_slope_pat_att,0.0,ext_xgb_all,2019
lag1_late6_mean_delta_pat_att,0.0,ext_xgb_all,2019
lag1_late6_targets,-2.769172073491255e-05,ext_xgb_all,2019
lag1_weekly_slope_targets,-0.0025128497403758,ext_xgb_all,2019
lag1_late6_mean_delta_targets,-0.000507676808091384,ext_xgb_all,2019
lag1_late6_passing_air_yards,0.0,ext_xgb_all,2019
lag1_weekly_slope_passing_air_yards,0.00042653046831409025,ext_xgb_all,2019
lag1_late6_mean_delta_passing_air_yards,0.0,ext_xgb_all,2019
lag1_late6_passing_yards_after_catch,0.0,ext_xgb_all,2019
lag1_weekly_slope_passing_yards_after_catch,-6.270149797116265e-05,ext_xgb_all,2019
lag1_late6_mean_delta_passing_yards_after_catch,-0.00030466572070697584,ext_xgb_all,2019
lag1_late6_receiving_air_yards,-0.00025802298878707663,ext_xgb_all,2019
lag1_weekly_slope_receiving_air_yards,-0.0002113044626598226,ext_xgb_all,2019
lag1_late6_mean_delta_receiving_air_yards,-9.770421178789679e-05,ext_xgb_all,2019
lag1_late6_receiving_yards_after_catch,0.001980177406386452,ext_xgb_all,2019
lag1_weekly_slope_receiving_yards_after_catch,2.268623755741217e-06,ext_xgb_all,2019
lag1_late6_mean_delta_receiving_yards_after_catch,0.0005422643306995933,ext_xgb_all,2019
position_K,0.0,ext_xgb_all,2019
injury_lag2_injury_reported,0.0,ext_xgb_all,2019
injury_lag2_injury_report_weeks,0.00012611431893405634,ext_xgb_all,2019
injury_lag2_designation_count,0.00010853851338687992,ext_xgb_all,2019
injury_lag3_injury_reported,-9.352252816574591e-05,ext_xgb_all,2019
injury_lag3_injury_report_weeks,3.2273651670244874e-05,ext_xgb_all,2019
injury_lag3_designation_count,-8.355444375973686e-05,ext_xgb_all,2019
injury_lag4_injury_reported,0.0,ext_xgb_all,2019
injury_lag4_injury_report_weeks,3.834497466881359e-06,ext_xgb_all,2019
injury_lag4_designation_count,0.0003718021759108181,ext_xgb_all,2019
injury_lag5_injury_reported,-0.00011170009402550196,ext_xgb_all,2019
injury_lag5_injury_report_weeks,0.0,ext_xgb_all,2019
injury_lag5_designation_count,0.0005818142717094466,ext_xgb_all,2019
injury_lag1_reserve_weeks,6.89720608206823e-05,ext_xgb_all,2019
injury_lag2_reserve_weeks,1.2631285773223588e-05,ext_xgb_all,2019
injury_lag3_reserve_weeks,-0.00022280329182156056,ext_xgb_all,2019
injury_lag4_reserve_weeks,0.0,ext_xgb_all,2019
injury_lag2_absence_report_weeks,0.00033881327364004843,ext_xgb_all,2019
injury_lag2_absence_reported,0.0,ext_xgb_all,2019
injury_lag3_absence_report_weeks,0.00023479965029027383,ext_xgb_all,2019
injury_lag3_absence_reported,0.0,ext_xgb_all,2019
injury_lag4_absence_report_weeks,-0.00012140805406313238,ext_xgb_all,2019
injury_lag4_absence_reported,0.0,ext_xgb_all,2019
injury_lag5_absence_report_weeks,0.0,ext_xgb_all,2019
injury_lag5_absence_reported,0.0,ext_xgb_all,2019
age,0.013913216367424153,ext_xgb_all,2020
missing_age,0.0,ext_xgb_all,2020
years_exp,0.000992570979086227,ext_xgb_all,2020
missing_years_exp,0.0,ext_xgb_all,2020
height,-1.9453074565189965e-05,ext_xgb_all,2020
missing_height,0.0,ext_xgb_all,2020
weight,0.0017334231067915873,ext_xgb_all,2020
missing_weight,0.0,ext_xgb_all,2020
draft_number,0.1006381490098549,ext_xgb_all,2020
missing_draft_number,0.005309349897665294,ext_xgb_all,2020
draft_round,0.00047271672232385153,ext_xgb_all,2020
missing_draft_round,0.0024460510980900407,ext_xgb_all,2020
was_drafted,0.0,ext_xgb_all,2020
missing_was_drafted,0.0,ext_xgb_all,2020
is_rookie,0.0,ext_xgb_all,2020
missing_is_rookie,0.0,ext_xgb_all,2020
missing_team_changed,0.0,ext_xgb_all,2020
combine_forty,7.506336847062922e-05,ext_xgb_all,2020
missing_combine_forty,0.0,ext_xgb_all,2020
combine_bench,4.2297072178065775e-08,ext_xgb_all,2020
missing_combine_bench,-0.00010508762496896917,ext_xgb_all,2020
combine_vertical,0.00015790166866302968,ext_xgb_all,2020
missing_combine_vertical,0.0,ext_xgb_all,2020
combine_broad_jump,0.0008473506122003149,ext_xgb_all,2020
missing_combine_broad_jump,0.0,ext_xgb_all,2020
combine_cone,-0.0002495199617503774,ext_xgb_all,2020
missing_combine_cone,0.0,ext_xgb_all,2020
combine_shuttle,0.0003131175523924945,ext_xgb_all,2020
missing_combine_shuttle,0.0,ext_xgb_all,2020
position_QB,0.0,ext_xgb_all,2020
position_RB,0.0,ext_xgb_all,2020
position_WR,0.0,ext_xgb_all,2020
position_TE,0.0,ext_xgb_all,2020
lag1_history_available,0.006888951439294466,ext_xgb_all,2020
lag1_completions,-1.6367134387129667e-05,ext_xgb_all,2020
lag1_attempts,1.5256467618351977e-05,ext_xgb_all,2020
lag1_passing_yards,0.00043376734101097103,ext_xgb_all,2020
lag1_passing_tds,0.0013647817428146247,ext_xgb_all,2020
lag1_passing_interceptions,0.0004929540668645593,ext_xgb_all,2020
lag1_sacks_suffered,-0.00045571351336937127,ext_xgb_all,2020
lag1_sack_yards_lost,0.0012465340473002406,ext_xgb_all,2020
lag1_sack_fumbles,6.865410428269492e-05,ext_xgb_all,2020
lag1_sack_fumbles_lost,0.0,ext_xgb_all,2020
lag1_passing_first_downs,0.0003750673214362177,ext_xgb_all,2020
lag1_passing_10,0.000119203933110823,ext_xgb_all,2020
lag1_passing_16,-4.974874183050204e-06,ext_xgb_all,2020
lag1_passing_20,2.3838230653661086e-05,ext_xgb_all,2020
lag1_passing_40,-1.3186095220607541e-05,ext_xgb_all,2020
lag1_carries,0.00101179352848757,ext_xgb_all,2020
lag1_rushing_yards,0.00013814259768019088,ext_xgb_all,2020
lag1_rushing_tds,0.0006269236171778658,ext_xgb_all,2020
lag1_rushing_fumbles,-3.9769674021750134e-06,ext_xgb_all,2020
lag1_rushing_fumbles_lost,0.00045511961182620464,ext_xgb_all,2020
lag1_rushing_first_downs,0.0005622677349121918,ext_xgb_all,2020
lag1_rushing_10,0.00527589803934847,ext_xgb_all,2020
lag1_rushing_12,7.003293200469329e-06,ext_xgb_all,2020
lag1_rushing_20,0.0003247575793134949,ext_xgb_all,2020
lag1_rushing_40,-0.00011591715365844024,ext_xgb_all,2020
lag1_receptions,0.014150060509892759,ext_xgb_all,2020
lag1_receiving_yards,0.0030747845550755937,ext_xgb_all,2020
lag1_receiving_tds,0.01297881682032831,ext_xgb_all,2020
lag1_receiving_fumbles,0.0,ext_xgb_all,2020
lag1_receiving_fumbles_lost,0.0,ext_xgb_all,2020
lag1_receiving_first_downs,0.0026199828874527986,ext_xgb_all,2020
lag1_receiving_10,0.0005133678042326117,ext_xgb_all,2020
lag1_receiving_16,0.0005689764593428404,ext_xgb_all,2020
lag1_receiving_20,0.00023119880924804548,ext_xgb_all,2020
lag1_receiving_40,0.0,ext_xgb_all,2020
lag1_special_teams_tds,0.0,ext_xgb_all,2020
lag1_fumbles_total,-0.0001726187931375689,ext_xgb_all,2020
lag1_fumbles_lost_total,7.740124006838656e-06,ext_xgb_all,2020
lag1_punt_returns,2.0785144793866728e-05,ext_xgb_all,2020
lag1_punt_return_yards,0.0,ext_xgb_all,2020
lag1_kickoff_returns,0.0,ext_xgb_all,2020
lag1_kickoff_return_yards,0.0,ext_xgb_all,2020
lag1_fg_made,0.0,ext_xgb_all,2020
lag1_fg_att,0.0,ext_xgb_all,2020
lag1_fg_missed,0.0,ext_xgb_all,2020
lag1_fg_blocked,0.0,ext_xgb_all,2020
lag1_fg_made_0_19,0.0,ext_xgb_all,2020
lag1_fg_made_20_29,0.0,ext_xgb_all,2020
lag1_fg_made_30_39,0.0,ext_xgb_all,2020
lag1_fg_made_40_49,0.0,ext_xgb_all,2020
lag1_fg_made_50_59,0.0,ext_xgb_all,2020
lag1_fg_made_60_,0.0,ext_xgb_all,2020
lag1_fg_missed_0_19,0.0,ext_xgb_all,2020
lag1_fg_missed_20_29,0.0,ext_xgb_all,2020
lag1_fg_missed_30_39,0.0,ext_xgb_all,2020
lag1_fg_missed_40_49,0.0,ext_xgb_all,2020
lag1_fg_missed_50_59,0.0,ext_xgb_all,2020
lag1_fg_missed_60_,0.0,ext_xgb_all,2020
lag1_fg_made_distance,0.0,ext_xgb_all,2020
lag1_fg_missed_distance,0.0,ext_xgb_all,2020
lag1_pat_made,0.0,ext_xgb_all,2020
lag1_pat_att,0.0,ext_xgb_all,2020
lag1_pat_missed,0.0,ext_xgb_all,2020
lag1_pat_blocked,0.0,ext_xgb_all,2020
lag1_gwfg_made,0.0,ext_xgb_all,2020
lag1_gwfg_att,0.0,ext_xgb_all,2020
lag1_gwfg_missed,0.0,ext_xgb_all,2020
lag1_gwfg_blocked,0.0,ext_xgb_all,2020
lag1_gwfg_distance,0.0,ext_xgb_all,2020
lag1_targets,0.001239637160689866,ext_xgb_all,2020
lag1_passing_air_yards,-5.721175356909747e-06,ext_xgb_all,2020
lag1_passing_yards_after_catch,0.00029225670781451996,ext_xgb_all,2020
lag1_receiving_air_yards,0.0009559567541556069,ext_xgb_all,2020
lag1_receiving_yards_after_catch,0.01208541549283848,ext_xgb_all,2020
lag1_games,0.004415099803536382,ext_xgb_all,2020
lag1_roster_weeks,-0.0005568335198158358,ext_xgb_all,2020
lag1_offense_snaps,0.1605838368846313,ext_xgb_all,2020
lag2_history_available,-8.194278033157865e-05,ext_xgb_all,2020
lag2_completions,0.0,ext_xgb_all,2020
lag2_attempts,0.00024839436341173027,ext_xgb_all,2020
lag2_passing_yards,0.0003236201118412829,ext_xgb_all,2020
lag2_passing_tds,-0.00037078071712270955,ext_xgb_all,2020
lag2_passing_interceptions,0.0,ext_xgb_all,2020
lag2_sacks_suffered,-5.892958932718351e-05,ext_xgb_all,2020
lag2_sack_yards_lost,-1.602062706640428e-05,ext_xgb_all,2020
lag2_sack_fumbles,0.0,ext_xgb_all,2020
lag2_sack_fumbles_lost,0.0,ext_xgb_all,2020
lag2_passing_first_downs,0.0,ext_xgb_all,2020
lag2_passing_10,0.0,ext_xgb_all,2020
lag2_passing_16,0.0027717202457826495,ext_xgb_all,2020
lag2_passing_20,0.0,ext_xgb_all,2020
lag2_passing_40,0.0005984785958695893,ext_xgb_all,2020
lag2_carries,2.810589938162522e-05,ext_xgb_all,2020
lag2_rushing_yards,0.00029627679136745577,ext_xgb_all,2020
lag2_rushing_tds,0.000390282388582186,ext_xgb_all,2020
lag2_rushing_fumbles,-0.0009605092575462049,ext_xgb_all,2020
lag2_rushing_fumbles_lost,-9.983819356951251e-05,ext_xgb_all,2020
lag2_rushing_first_downs,0.0,ext_xgb_all,2020
lag2_rushing_10,0.0,ext_xgb_all,2020
lag2_rushing_12,0.0010610498511719468,ext_xgb_all,2020
lag2_rushing_20,0.0001392764896479548,ext_xgb_all,2020
lag2_rushing_40,0.0001571925705174948,ext_xgb_all,2020
lag2_receptions,0.010456402199603643,ext_xgb_all,2020
lag2_receiving_yards,0.0003361233000279684,ext_xgb_all,2020
lag2_receiving_tds,9.573663932527232e-05,ext_xgb_all,2020
lag2_receiving_fumbles,5.203401972408983e-06,ext_xgb_all,2020
lag2_receiving_fumbles_lost,0.0,ext_xgb_all,2020
lag2_receiving_first_downs,0.0022285732414948356,ext_xgb_all,2020
lag2_receiving_10,-5.493288459179624e-05,ext_xgb_all,2020
lag2_receiving_16,0.001211903928493241,ext_xgb_all,2020
lag2_receiving_20,-0.00030223522536443337,ext_xgb_all,2020
lag2_receiving_40,0.0004036624856040838,ext_xgb_all,2020
lag2_special_teams_tds,0.0,ext_xgb_all,2020
lag2_fumbles_total,0.0004399968508573826,ext_xgb_all,2020
lag2_fumbles_lost_total,0.0,ext_xgb_all,2020
lag2_punt_returns,0.0,ext_xgb_all,2020
lag2_punt_return_yards,4.640274559530866e-05,ext_xgb_all,2020
lag2_kickoff_returns,0.0,ext_xgb_all,2020
lag2_kickoff_return_yards,0.0,ext_xgb_all,2020
lag2_fg_made,0.0,ext_xgb_all,2020
lag2_fg_att,0.0,ext_xgb_all,2020
lag2_fg_missed,0.0,ext_xgb_all,2020
lag2_fg_blocked,0.0,ext_xgb_all,2020
lag2_fg_made_0_19,0.0,ext_xgb_all,2020
lag2_fg_made_20_29,0.0,ext_xgb_all,2020
lag2_fg_made_30_39,0.0,ext_xgb_all,2020
lag2_fg_made_40_49,0.0,ext_xgb_all,2020
lag2_fg_made_50_59,0.0,ext_xgb_all,2020
lag2_fg_made_60_,0.0,ext_xgb_all,2020
lag2_fg_missed_0_19,0.0,ext_xgb_all,2020
lag2_fg_missed_20_29,0.0,ext_xgb_all,2020
lag2_fg_missed_30_39,0.0,ext_xgb_all,2020
lag2_fg_missed_40_49,0.0,ext_xgb_all,2020
lag2_fg_missed_50_59,0.0,ext_xgb_all,2020
lag2_fg_missed_60_,0.0,ext_xgb_all,2020
lag2_fg_made_distance,0.0,ext_xgb_all,2020
lag2_fg_missed_distance,0.0,ext_xgb_all,2020
lag2_pat_made,0.0,ext_xgb_all,2020
lag2_pat_att,0.0,ext_xgb_all,2020
lag2_pat_missed,0.0,ext_xgb_all,2020
lag2_pat_blocked,0.0,ext_xgb_all,2020
lag2_gwfg_made,0.0,ext_xgb_all,2020
lag2_gwfg_att,0.0,ext_xgb_all,2020
lag2_gwfg_missed,0.0,ext_xgb_all,2020
lag2_gwfg_blocked,0.0,ext_xgb_all,2020
lag2_gwfg_distance,0.0,ext_xgb_all,2020
lag2_targets,0.00038281792325101094,ext_xgb_all,2020
lag2_passing_air_yards,4.153298069242695e-06,ext_xgb_all,2020
lag2_passing_yards_after_catch,0.00037160599764274327,ext_xgb_all,2020
lag2_receiving_air_yards,-9.157091762412861e-06,ext_xgb_all,2020
lag2_receiving_yards_after_catch,0.018458472654302227,ext_xgb_all,2020
lag2_games,-0.00016546672443928934,ext_xgb_all,2020
lag2_roster_weeks,-1.7579060718198036e-07,ext_xgb_all,2020
lag2_offense_snaps,0.012550928228243885,ext_xgb_all,2020
lag3_history_available,0.0,ext_xgb_all,2020
lag3_completions,9.296909954947807e-05,ext_xgb_all,2020
lag3_attempts,-0.0004749455583682449,ext_xgb_all,2020
lag3_passing_yards,0.0,ext_xgb_all,2020
lag3_passing_tds,0.0,ext_xgb_all,2020
lag3_passing_interceptions,6.853278577212407e-05,ext_xgb_all,2020
lag3_sacks_suffered,2.3838230653661086e-05,ext_xgb_all,2020
lag3_sack_yards_lost,1.811705529686236e-05,ext_xgb_all,2020
lag3_sack_fumbles,0.0,ext_xgb_all,2020
lag3_sack_fumbles_lost,6.197939969965205e-05,ext_xgb_all,2020
lag3_passing_first_downs,0.0,ext_xgb_all,2020
lag3_passing_10,0.00011108615484634043,ext_xgb_all,2020
lag3_passing_16,-2.015201777405551e-05,ext_xgb_all,2020
lag3_passing_20,4.672293208130007e-05,ext_xgb_all,2020
lag3_passing_40,0.0,ext_xgb_all,2020
lag3_carries,-1.700602755871916e-05,ext_xgb_all,2020
lag3_rushing_yards,0.0005403740484467567,ext_xgb_all,2020
lag3_rushing_tds,0.00020803360311894004,ext_xgb_all,2020
lag3_rushing_fumbles,0.0,ext_xgb_all,2020
lag3_rushing_fumbles_lost,6.190173335218763e-05,ext_xgb_all,2020
lag3_rushing_first_downs,-0.00044883200424639114,ext_xgb_all,2020
lag3_rushing_10,-0.0012364168076072213,ext_xgb_all,2020
lag3_rushing_12,-0.00014096755500347946,ext_xgb_all,2020
lag3_rushing_20,0.0,ext_xgb_all,2020
lag3_rushing_40,0.0,ext_xgb_all,2020
lag3_receptions,4.859553548364204e-05,ext_xgb_all,2020
lag3_receiving_yards,1.5805799807533383e-05,ext_xgb_all,2020
lag3_receiving_tds,0.0,ext_xgb_all,2020
lag3_receiving_fumbles,0.0,ext_xgb_all,2020
lag3_receiving_fumbles_lost,0.0,ext_xgb_all,2020
lag3_receiving_first_downs,0.00051280160669398,ext_xgb_all,2020
lag3_receiving_10,0.0,ext_xgb_all,2020
lag3_receiving_16,-0.00020946893984785664,ext_xgb_all,2020
lag3_receiving_20,6.510782864066478e-06,ext_xgb_all,2020
lag3_receiving_40,1.7227479503167942e-05,ext_xgb_all,2020
lag3_special_teams_tds,0.0,ext_xgb_all,2020
lag3_fumbles_total,-6.84792566643111e-05,ext_xgb_all,2020
lag3_fumbles_lost_total,0.00048295004747511694,ext_xgb_all,2020
lag3_punt_returns,0.0,ext_xgb_all,2020
lag3_punt_return_yards,0.0,ext_xgb_all,2020
lag3_kickoff_returns,0.0,ext_xgb_all,2020
lag3_kickoff_return_yards,6.0204082581449825e-06,ext_xgb_all,2020
lag3_fg_made,0.0,ext_xgb_all,2020
lag3_fg_att,0.0,ext_xgb_all,2020
lag3_fg_missed,0.0,ext_xgb_all,2020
lag3_fg_blocked,0.0,ext_xgb_all,2020
lag3_fg_made_0_19,0.0,ext_xgb_all,2020
lag3_fg_made_20_29,0.0,ext_xgb_all,2020
lag3_fg_made_30_39,0.0,ext_xgb_all,2020
lag3_fg_made_40_49,0.0,ext_xgb_all,2020
lag3_fg_made_50_59,0.0,ext_xgb_all,2020
lag3_fg_made_60_,0.0,ext_xgb_all,2020
lag3_fg_missed_0_19,0.0,ext_xgb_all,2020
lag3_fg_missed_20_29,0.0,ext_xgb_all,2020
lag3_fg_missed_30_39,0.0,ext_xgb_all,2020
lag3_fg_missed_40_49,0.0,ext_xgb_all,2020
lag3_fg_missed_50_59,0.0,ext_xgb_all,2020
lag3_fg_missed_60_,0.0,ext_xgb_all,2020
lag3_fg_made_distance,0.0,ext_xgb_all,2020
lag3_fg_missed_distance,0.0,ext_xgb_all,2020
lag3_pat_made,0.0,ext_xgb_all,2020
lag3_pat_att,0.0,ext_xgb_all,2020
lag3_pat_missed,0.0,ext_xgb_all,2020
lag3_pat_blocked,0.0,ext_xgb_all,2020
lag3_gwfg_made,0.0,ext_xgb_all,2020
lag3_gwfg_att,0.0,ext_xgb_all,2020
lag3_gwfg_missed,0.0,ext_xgb_all,2020
lag3_gwfg_blocked,0.0,ext_xgb_all,2020
lag3_gwfg_distance,0.0,ext_xgb_all,2020
lag3_targets,-1.897777345749585e-05,ext_xgb_all,2020
lag3_passing_air_yards,4.1001756724390326e-05,ext_xgb_all,2020
lag3_passing_yards_after_catch,0.0,ext_xgb_all,2020
lag3_receiving_air_yards,-3.775350253076848e-05,ext_xgb_all,2020
lag3_receiving_yards_after_catch,0.0004441868766614787,ext_xgb_all,2020
lag3_games,0.0001725887899328704,ext_xgb_all,2020
lag3_roster_weeks,0.0,ext_xgb_all,2020
lag3_offense_snaps,0.0008290627842640896,ext_xgb_all,2020
lag4_history_available,0.0,ext_xgb_all,2020
lag4_completions,0.0,ext_xgb_all,2020
lag4_attempts,0.0,ext_xgb_all,2020
lag4_passing_yards,0.0,ext_xgb_all,2020
lag4_passing_tds,0.00011108615484634043,ext_xgb_all,2020
lag4_passing_interceptions,0.0,ext_xgb_all,2020
lag4_sacks_suffered,0.0,ext_xgb_all,2020
lag4_sack_yards_lost,0.0,ext_xgb_all,2020
lag4_sack_fumbles,0.0,ext_xgb_all,2020
lag4_sack_fumbles_lost,0.0,ext_xgb_all,2020
lag4_passing_first_downs,0.0,ext_xgb_all,2020
lag4_passing_10,-0.003865823702002169,ext_xgb_all,2020
lag4_passing_16,0.00047335921643743006,ext_xgb_all,2020
lag4_passing_20,0.0008851744882979462,ext_xgb_all,2020
lag4_passing_40,-0.0003351681101160242,ext_xgb_all,2020
lag4_carries,-4.259826984442938e-05,ext_xgb_all,2020
lag4_rushing_yards,-1.4405132808925636e-05,ext_xgb_all,2020
lag4_rushing_tds,0.0,ext_xgb_all,2020
lag4_rushing_fumbles,0.0,ext_xgb_all,2020
lag4_rushing_fumbles_lost,0.0,ext_xgb_all,2020
lag4_rushing_first_downs,0.0,ext_xgb_all,2020
lag4_rushing_10,0.0,ext_xgb_all,2020
lag4_rushing_12,2.4370303607357258e-06,ext_xgb_all,2020
lag4_rushing_20,-2.718057396133844e-05,ext_xgb_all,2020
lag4_rushing_40,0.00013630287456045664,ext_xgb_all,2020
lag4_receptions,-1.445623922824435e-05,ext_xgb_all,2020
lag4_receiving_yards,0.0007997890212072534,ext_xgb_all,2020
lag4_receiving_tds,0.0,ext_xgb_all,2020
lag4_receiving_fumbles,0.0,ext_xgb_all,2020
lag4_receiving_fumbles_lost,-4.1106883615471546e-05,ext_xgb_all,2020
lag4_receiving_first_downs,-0.000284733004756732,ext_xgb_all,2020
lag4_receiving_10,4.299733143753315e-05,ext_xgb_all,2020
lag4_receiving_16,0.00014201778483147187,ext_xgb_all,2020
lag4_receiving_20,0.0,ext_xgb_all,2020
lag4_receiving_40,-9.471355576029516e-05,ext_xgb_all,2020
lag4_special_teams_tds,0.0,ext_xgb_all,2020
lag4_fumbles_total,0.0,ext_xgb_all,2020
lag4_fumbles_lost_total,0.0005240665127765887,ext_xgb_all,2020
lag4_punt_returns,0.0,ext_xgb_all,2020
lag4_punt_return_yards,0.0,ext_xgb_all,2020
lag4_kickoff_returns,0.0,ext_xgb_all,2020
lag4_kickoff_return_yards,4.130455904416408e-06,ext_xgb_all,2020
lag4_fg_made,0.0,ext_xgb_all,2020
lag4_fg_att,0.0,ext_xgb_all,2020
lag4_fg_missed,0.0,ext_xgb_all,2020
lag4_fg_blocked,0.0,ext_xgb_all,2020
lag4_fg_made_0_19,0.0,ext_xgb_all,2020
lag4_fg_made_20_29,0.0,ext_xgb_all,2020
lag4_fg_made_30_39,0.0,ext_xgb_all,2020
lag4_fg_made_40_49,0.0,ext_xgb_all,2020
lag4_fg_made_50_59,0.0,ext_xgb_all,2020
lag4_fg_made_60_,0.0,ext_xgb_all,2020
lag4_fg_missed_0_19,0.0,ext_xgb_all,2020
lag4_fg_missed_20_29,0.0,ext_xgb_all,2020
lag4_fg_missed_30_39,0.0,ext_xgb_all,2020
lag4_fg_missed_40_49,0.0,ext_xgb_all,2020
lag4_fg_missed_50_59,0.0,ext_xgb_all,2020
lag4_fg_missed_60_,0.0,ext_xgb_all,2020
lag4_fg_made_distance,0.0,ext_xgb_all,2020
lag4_fg_missed_distance,0.0,ext_xgb_all,2020
lag4_pat_made,0.0,ext_xgb_all,2020
lag4_pat_att,0.0,ext_xgb_all,2020
lag4_pat_missed,0.0,ext_xgb_all,2020
lag4_pat_blocked,0.0,ext_xgb_all,2020
lag4_gwfg_made,0.0,ext_xgb_all,2020
lag4_gwfg_att,0.0,ext_xgb_all,2020
lag4_gwfg_missed,0.0,ext_xgb_all,2020
lag4_gwfg_blocked,0.0,ext_xgb_all,2020
lag4_gwfg_distance,0.0,ext_xgb_all,2020
lag4_targets,3.844641126349302e-06,ext_xgb_all,2020
lag4_passing_air_yards,0.0,ext_xgb_all,2020
lag4_passing_yards_after_catch,1.7163526070618218e-05,ext_xgb_all,2020
lag4_receiving_air_yards,0.00039733717744550034,ext_xgb_all,2020
lag4_receiving_yards_after_catch,0.0004312108573435447,ext_xgb_all,2020
lag4_games,-5.1387167355754215e-06,ext_xgb_all,2020
lag4_roster_weeks,-5.596000521412847e-06,ext_xgb_all,2020
lag4_offense_snaps,0.00015536699129592435,ext_xgb_all,2020
lag1_completion_rate,0.0003491808776693306,ext_xgb_all,2020
lag1_pass_yards_per_attempt,0.001586643245269359,ext_xgb_all,2020
lag1_pass_td_rate,0.0004029549791285669,ext_xgb_all,2020
lag1_interception_rate,0.0,ext_xgb_all,2020
lag1_rush_yards_per_carry,0.007674901582119142,ext_xgb_all,2020
lag1_rush_first_down_rate,0.00011038142503849713,ext_xgb_all,2020
lag1_rush_20_rate,0.01725913459666284,ext_xgb_all,2020
lag1_receiving_yards_per_reception,0.00014163871979888665,ext_xgb_all,2020
lag1_receiving_first_down_rate,-7.588993828988588e-05,ext_xgb_all,2020
lag1_receiving_20_rate,7.752365776436676e-06,ext_xgb_all,2020
lag1_field_goal_make_rate,0.0,ext_xgb_all,2020
lag1_made_field_goal_mean_distance,0.0,ext_xgb_all,2020
lag1_missed_field_goal_mean_distance,0.0,ext_xgb_all,2020
lag1_pat_make_rate,0.0,ext_xgb_all,2020
lag1_catch_rate,0.0012698246880563646,ext_xgb_all,2020
lag1_receiving_yards_per_target,0.014405451198250208,ext_xgb_all,2020
lag1_receiving_air_yards_per_target,-8.50301377930407e-06,ext_xgb_all,2020
lag1_receiving_yards_after_catch_per_reception,0.00024928447486505245,ext_xgb_all,2020
lag1_passing_air_yards_per_attempt,0.000695332689892969,ext_xgb_all,2020
lag1_passing_yards_after_catch_per_completion,0.004028479888648184,ext_xgb_all,2020
lag2_completion_rate,0.0,ext_xgb_all,2020
lag2_pass_yards_per_attempt,0.0017911267542660703,ext_xgb_all,2020
lag2_pass_td_rate,0.0001501808531183535,ext_xgb_all,2020
lag2_interception_rate,0.0,ext_xgb_all,2020
lag2_rush_yards_per_carry,-0.000108804047929012,ext_xgb_all,2020
lag2_rush_first_down_rate,3.2077514798278806e-05,ext_xgb_all,2020
lag2_rush_20_rate,0.0,ext_xgb_all,2020
lag2_receiving_yards_per_reception,-2.3164940262887512e-05,ext_xgb_all,2020
lag2_receiving_first_down_rate,-0.00018666104893672042,ext_xgb_all,2020
lag2_receiving_20_rate,-5.162873090380771e-06,ext_xgb_all,2020
lag2_field_goal_make_rate,0.0,ext_xgb_all,2020
lag2_made_field_goal_mean_distance,0.0,ext_xgb_all,2020
lag2_missed_field_goal_mean_distance,0.0,ext_xgb_all,2020
lag2_pat_make_rate,0.0,ext_xgb_all,2020
lag2_catch_rate,-6.141857672892215e-06,ext_xgb_all,2020
lag2_receiving_yards_per_target,9.601385584057098e-05,ext_xgb_all,2020
lag2_receiving_air_yards_per_target,-0.00010191620706989646,ext_xgb_all,2020
lag2_receiving_yards_after_catch_per_reception,-5.5437508055700135e-05,ext_xgb_all,2020
lag2_passing_air_yards_per_attempt,-0.002781411891256913,ext_xgb_all,2020
lag2_passing_yards_after_catch_per_completion,0.0,ext_xgb_all,2020
lag3_completion_rate,1.3712691680378697e-05,ext_xgb_all,2020
lag3_pass_yards_per_attempt,0.0,ext_xgb_all,2020
lag3_pass_td_rate,2.3838230653661086e-05,ext_xgb_all,2020
lag3_interception_rate,0.0,ext_xgb_all,2020
lag3_rush_yards_per_carry,-0.00031400870895537114,ext_xgb_all,2020
lag3_rush_first_down_rate,0.0,ext_xgb_all,2020
lag3_rush_20_rate,2.6163119321021e-06,ext_xgb_all,2020
lag3_receiving_yards_per_reception,-5.273718215459411e-07,ext_xgb_all,2020
lag3_receiving_first_down_rate,1.255221099027981e-05,ext_xgb_all,2020
lag3_receiving_20_rate,1.1022071069843875e-05,ext_xgb_all,2020
lag3_field_goal_make_rate,0.0,ext_xgb_all,2020
lag3_made_field_goal_mean_distance,0.0,ext_xgb_all,2020
lag3_missed_field_goal_mean_distance,0.0,ext_xgb_all,2020
lag3_pat_make_rate,0.0,ext_xgb_all,2020
lag3_catch_rate,-5.305299195623725e-06,ext_xgb_all,2020
lag3_receiving_yards_per_target,1.1372738034420848e-05,ext_xgb_all,2020
lag3_receiving_air_yards_per_target,1.1953761287486486e-06,ext_xgb_all,2020
lag3_receiving_yards_after_catch_per_reception,0.0,ext_xgb_all,2020
lag3_passing_air_yards_per_attempt,0.00015494849924913012,ext_xgb_all,2020
lag3_passing_yards_after_catch_per_completion,7.37255563287853e-06,ext_xgb_all,2020
lag4_completion_rate,0.0001516125627190057,ext_xgb_all,2020
lag4_pass_yards_per_attempt,0.00025455515989136757,ext_xgb_all,2020
lag4_pass_td_rate,0.0003628005894228403,ext_xgb_all,2020
lag4_interception_rate,0.0,ext_xgb_all,2020
lag4_rush_yards_per_carry,8.787979272706359e-05,ext_xgb_all,2020
lag4_rush_first_down_rate,-9.920341353664153e-05,ext_xgb_all,2020
lag4_rush_20_rate,-7.700815113642623e-05,ext_xgb_all,2020
lag4_receiving_yards_per_reception,-1.6647326597230006e-06,ext_xgb_all,2020
lag4_receiving_first_down_rate,0.0,ext_xgb_all,2020
lag4_receiving_20_rate,3.849814297129939e-06,ext_xgb_all,2020
lag4_field_goal_make_rate,0.0,ext_xgb_all,2020
lag4_made_field_goal_mean_distance,0.0,ext_xgb_all,2020
lag4_missed_field_goal_mean_distance,0.0,ext_xgb_all,2020
lag4_pat_make_rate,0.0,ext_xgb_all,2020
lag4_catch_rate,-2.2073124932520116e-05,ext_xgb_all,2020
lag4_receiving_yards_per_target,0.0,ext_xgb_all,2020
lag4_receiving_air_yards_per_target,0.0,ext_xgb_all,2020
lag4_receiving_yards_after_catch_per_reception,-2.0058388637611557e-05,ext_xgb_all,2020
lag4_passing_air_yards_per_attempt,-0.0004735302608397385,ext_xgb_all,2020
lag4_passing_yards_after_catch_per_completion,9.296909954947807e-05,ext_xgb_all,2020
lag1_late6_attempts,6.6747045830428675e-06,ext_xgb_all,2020
lag1_weekly_slope_attempts,-0.00023267746296973257,ext_xgb_all,2020
lag1_late6_mean_delta_attempts,0.0,ext_xgb_all,2020
lag1_late6_passing_yards,-0.00024309712110126558,ext_xgb_all,2020
lag1_weekly_slope_passing_yards,0.0,ext_xgb_all,2020
lag1_late6_mean_delta_passing_yards,0.0004073425749083759,ext_xgb_all,2020
lag1_late6_passing_first_downs,0.0001374800364126738,ext_xgb_all,2020
lag1_weekly_slope_passing_first_downs,7.889642188230184e-05,ext_xgb_all,2020
lag1_late6_mean_delta_passing_first_downs,0.00026353651046795434,ext_xgb_all,2020
lag1_late6_passing_20,0.004471807383886195,ext_xgb_all,2020
lag1_weekly_slope_passing_20,0.00040192876153799517,ext_xgb_all,2020
lag1_late6_mean_delta_passing_20,-0.0004591362449033465,ext_xgb_all,2020
lag1_late6_carries,0.00024475681109970004,ext_xgb_all,2020
lag1_weekly_slope_carries,0.0008012643042527579,ext_xgb_all,2020
lag1_late6_mean_delta_carries,0.002045374474186179,ext_xgb_all,2020
lag1_late6_rushing_yards,0.0007987018067334706,ext_xgb_all,2020
lag1_weekly_slope_rushing_yards,0.0010332623209410308,ext_xgb_all,2020
lag1_late6_mean_delta_rushing_yards,0.0014041725904745395,ext_xgb_all,2020
lag1_late6_rushing_first_downs,-4.915706707753209e-05,ext_xgb_all,2020
lag1_weekly_slope_rushing_first_downs,0.0004605985468306706,ext_xgb_all,2020
lag1_late6_mean_delta_rushing_first_downs,-0.00021509425751620181,ext_xgb_all,2020
lag1_late6_rushing_20,0.0004838284615970023,ext_xgb_all,2020
lag1_weekly_slope_rushing_20,4.89289629258538e-05,ext_xgb_all,2020
lag1_late6_mean_delta_rushing_20,-0.0001454225083535876,ext_xgb_all,2020
lag1_late6_receptions,1.217073269388358e-06,ext_xgb_all,2020
lag1_weekly_slope_receptions,0.0006757804438894954,ext_xgb_all,2020
lag1_late6_mean_delta_receptions,0.000545261230185945,ext_xgb_all,2020
lag1_late6_receiving_yards,0.0024101346549301184,ext_xgb_all,2020
lag1_weekly_slope_receiving_yards,0.003182609396929381,ext_xgb_all,2020
lag1_late6_mean_delta_receiving_yards,0.0005338379719310726,ext_xgb_all,2020
lag1_late6_receiving_first_downs,1.7512554287613114e-05,ext_xgb_all,2020
lag1_weekly_slope_receiving_first_downs,-5.7957750462356294e-05,ext_xgb_all,2020
lag1_late6_mean_delta_receiving_first_downs,-0.00017550779743324973,ext_xgb_all,2020
lag1_late6_receiving_20,0.0005448131757832542,ext_xgb_all,2020
lag1_weekly_slope_receiving_20,-0.002971150858896543,ext_xgb_all,2020
lag1_late6_mean_delta_receiving_20,0.001451249867872706,ext_xgb_all,2020
lag1_late6_punt_return_yards,4.469867103951142e-05,ext_xgb_all,2020
lag1_weekly_slope_punt_return_yards,0.0,ext_xgb_all,2020
lag1_late6_mean_delta_punt_return_yards,0.0,ext_xgb_all,2020
lag1_late6_kickoff_return_yards,0.0,ext_xgb_all,2020
lag1_weekly_slope_kickoff_return_yards,0.0,ext_xgb_all,2020
lag1_late6_mean_delta_kickoff_return_yards,0.0,ext_xgb_all,2020
lag1_late6_fg_made,0.0,ext_xgb_all,2020
lag1_weekly_slope_fg_made,0.0,ext_xgb_all,2020
lag1_late6_mean_delta_fg_made,0.0,ext_xgb_all,2020
lag1_late6_fg_att,0.0,ext_xgb_all,2020
lag1_weekly_slope_fg_att,0.0,ext_xgb_all,2020
lag1_late6_mean_delta_fg_att,0.0,ext_xgb_all,2020
lag1_late6_pat_att,0.0,ext_xgb_all,2020
lag1_weekly_slope_pat_att,0.0,ext_xgb_all,2020
lag1_late6_mean_delta_pat_att,0.0,ext_xgb_all,2020
lag1_late6_targets,1.0547436430918822e-06,ext_xgb_all,2020
lag1_weekly_slope_targets,-6.816232764050856e-05,ext_xgb_all,2020
lag1_late6_mean_delta_targets,6.193011807875681e-05,ext_xgb_all,2020
lag1_late6_passing_air_yards,8.486410112729104e-05,ext_xgb_all,2020
lag1_weekly_slope_passing_air_yards,-0.00015590596379144728,ext_xgb_all,2020
lag1_late6_mean_delta_passing_air_yards,6.6747045830428675e-06,ext_xgb_all,2020
lag1_late6_passing_yards_after_catch,0.0,ext_xgb_all,2020
lag1_weekly_slope_passing_yards_after_catch,4.526783153169234e-05,ext_xgb_all,2020
lag1_late6_mean_delta_passing_yards_after_catch,0.0,ext_xgb_all,2020
lag1_late6_receiving_air_yards,0.00037366199996480276,ext_xgb_all,2020
lag1_weekly_slope_receiving_air_yards,0.0006811866206744011,ext_xgb_all,2020
lag1_late6_mean_delta_receiving_air_yards,0.0013622826938268773,ext_xgb_all,2020
lag1_late6_receiving_yards_after_catch,0.0022656915047267745,ext_xgb_all,2020
lag1_weekly_slope_receiving_yards_after_catch,-2.3981603181733036e-05,ext_xgb_all,2020
lag1_late6_mean_delta_receiving_yards_after_catch,3.054621179598982e-05,ext_xgb_all,2020
position_K,0.0,ext_xgb_all,2020
injury_lag2_injury_reported,0.0,ext_xgb_all,2020
injury_lag2_injury_report_weeks,2.7459517161432245e-05,ext_xgb_all,2020
injury_lag2_designation_count,-1.6624253679653478e-05,ext_xgb_all,2020
injury_lag3_injury_reported,0.0,ext_xgb_all,2020
injury_lag3_injury_report_weeks,-8.364930649573665e-05,ext_xgb_all,2020
injury_lag3_designation_count,0.0,ext_xgb_all,2020
injury_lag4_injury_reported,0.0,ext_xgb_all,2020
injury_lag4_injury_report_weeks,-0.00018918033758064112,ext_xgb_all,2020
injury_lag4_designation_count,-0.00015768419400741251,ext_xgb_all,2020
injury_lag5_injury_reported,0.0,ext_xgb_all,2020
injury_lag5_injury_report_weeks,-0.0004443544657674048,ext_xgb_all,2020
injury_lag5_designation_count,0.0002747438829808768,ext_xgb_all,2020
injury_lag1_reserve_weeks,0.0014576910920132136,ext_xgb_all,2020
injury_lag2_reserve_weeks,0.0,ext_xgb_all,2020
injury_lag3_reserve_weeks,0.0,ext_xgb_all,2020
injury_lag4_reserve_weeks,0.0,ext_xgb_all,2020
injury_lag2_absence_report_weeks,0.00021483984684056434,ext_xgb_all,2020
injury_lag2_absence_reported,0.0,ext_xgb_all,2020
injury_lag3_absence_report_weeks,0.00016717205873506558,ext_xgb_all,2020
injury_lag3_absence_reported,0.0,ext_xgb_all,2020
injury_lag4_absence_report_weeks,-3.337352291521434e-05,ext_xgb_all,2020
injury_lag4_absence_reported,0.0,ext_xgb_all,2020
injury_lag5_absence_report_weeks,0.0,ext_xgb_all,2020
injury_lag5_absence_reported,0.0,ext_xgb_all,2020
age,0.0011289366679025914,ext_xgb_all,2021
missing_age,0.0,ext_xgb_all,2021
years_exp,0.0044384838241023905,ext_xgb_all,2021
missing_years_exp,0.0,ext_xgb_all,2021
height,-0.00013808033626505622,ext_xgb_all,2021
missing_height,0.0,ext_xgb_all,2021
weight,0.0004725088735674232,ext_xgb_all,2021
missing_weight,0.0,ext_xgb_all,2021
draft_number,0.08144470521405178,ext_xgb_all,2021
missing_draft_number,0.0082369105438439,ext_xgb_all,2021
draft_round,-0.0009851434884203814,ext_xgb_all,2021
missing_draft_round,0.0,ext_xgb_all,2021
was_drafted,0.0,ext_xgb_all,2021
missing_was_drafted,0.0,ext_xgb_all,2021
is_rookie,-0.003743606341694461,ext_xgb_all,2021
missing_is_rookie,0.0,ext_xgb_all,2021
missing_team_changed,0.0,ext_xgb_all,2021
combine_forty,4.11259645761719e-05,ext_xgb_all,2021
missing_combine_forty,0.0,ext_xgb_all,2021
combine_bench,-2.6268124052597486e-06,ext_xgb_all,2021
missing_combine_bench,0.0,ext_xgb_all,2021
combine_vertical,0.00018211509733967457,ext_xgb_all,2021
missing_combine_vertical,0.0,ext_xgb_all,2021
combine_broad_jump,-0.0029356376932742068,ext_xgb_all,2021
missing_combine_broad_jump,0.0,ext_xgb_all,2021
combine_cone,-0.0003655521971498432,ext_xgb_all,2021
missing_combine_cone,0.0,ext_xgb_all,2021
combine_shuttle,0.0,ext_xgb_all,2021
missing_combine_shuttle,0.0,ext_xgb_all,2021
position_QB,0.0,ext_xgb_all,2021
position_RB,0.0,ext_xgb_all,2021
position_WR,0.0,ext_xgb_all,2021
position_TE,0.0,ext_xgb_all,2021
lag1_history_available,-0.013474739212606446,ext_xgb_all,2021
lag1_completions,-0.000160094167186986,ext_xgb_all,2021
lag1_attempts,0.0,ext_xgb_all,2021
lag1_passing_yards,5.3862458584519324e-05,ext_xgb_all,2021
lag1_passing_tds,0.00016612641147095708,ext_xgb_all,2021
lag1_passing_interceptions,0.0014620782232545038,ext_xgb_all,2021
lag1_sacks_suffered,-0.0002886585168716538,ext_xgb_all,2021
lag1_sack_yards_lost,7.054728233157892e-05,ext_xgb_all,2021
lag1_sack_fumbles,6.778273897201093e-05,ext_xgb_all,2021
lag1_sack_fumbles_lost,-1.902521190333406e-05,ext_xgb_all,2021
lag1_passing_first_downs,8.289115106807632e-05,ext_xgb_all,2021
lag1_passing_10,-0.0003514331548755134,ext_xgb_all,2021
lag1_passing_16,-9.512605951833564e-07,ext_xgb_all,2021
lag1_passing_20,0.0005037019353157923,ext_xgb_all,2021
lag1_passing_40,-0.0014644421549842024,ext_xgb_all,2021
lag1_carries,0.0031781883990750215,ext_xgb_all,2021
lag1_rushing_yards,0.00024308690509233788,ext_xgb_all,2021
lag1_rushing_tds,0.0019469102896680912,ext_xgb_all,2021
lag1_rushing_fumbles,-8.698537899620717e-05,ext_xgb_all,2021
lag1_rushing_fumbles_lost,7.03093498746199e-05,ext_xgb_all,2021
lag1_rushing_first_downs,-0.00018589741282359906,ext_xgb_all,2021
lag1_rushing_10,0.007356425106441855,ext_xgb_all,2021
lag1_rushing_12,6.193326302139646e-06,ext_xgb_all,2021
lag1_rushing_20,-0.0021371052341004892,ext_xgb_all,2021
lag1_rushing_40,0.0,ext_xgb_all,2021
lag1_receptions,0.00837862574945869,ext_xgb_all,2021
lag1_receiving_yards,-0.0002548925687284598,ext_xgb_all,2021
lag1_receiving_tds,0.006329212902802639,ext_xgb_all,2021
lag1_receiving_fumbles,0.0,ext_xgb_all,2021
lag1_receiving_fumbles_lost,8.895919265461405e-05,ext_xgb_all,2021
lag1_receiving_first_downs,-0.0034116588567917328,ext_xgb_all,2021
lag1_receiving_10,0.00023381490221185963,ext_xgb_all,2021
lag1_receiving_16,0.00021158225334816372,ext_xgb_all,2021
lag1_receiving_20,0.0001577658764516654,ext_xgb_all,2021
lag1_receiving_40,0.0,ext_xgb_all,2021
lag1_special_teams_tds,0.0,ext_xgb_all,2021
lag1_fumbles_total,-0.00011468662623881354,ext_xgb_all,2021
lag1_fumbles_lost_total,-0.0010354338704861021,ext_xgb_all,2021
lag1_punt_returns,0.0,ext_xgb_all,2021
lag1_punt_return_yards,0.0,ext_xgb_all,2021
lag1_kickoff_returns,6.842931499551064e-06,ext_xgb_all,2021
lag1_kickoff_return_yards,0.0,ext_xgb_all,2021
lag1_fg_made,0.0,ext_xgb_all,2021
lag1_fg_att,0.0,ext_xgb_all,2021
lag1_fg_missed,0.0,ext_xgb_all,2021
lag1_fg_blocked,0.0,ext_xgb_all,2021
lag1_fg_made_0_19,0.0,ext_xgb_all,2021
lag1_fg_made_20_29,0.0,ext_xgb_all,2021
lag1_fg_made_30_39,0.0,ext_xgb_all,2021
lag1_fg_made_40_49,0.0,ext_xgb_all,2021
lag1_fg_made_50_59,0.0,ext_xgb_all,2021
lag1_fg_made_60_,0.0,ext_xgb_all,2021
lag1_fg_missed_0_19,0.0,ext_xgb_all,2021
lag1_fg_missed_20_29,0.0,ext_xgb_all,2021
lag1_fg_missed_30_39,0.0,ext_xgb_all,2021
lag1_fg_missed_40_49,0.0,ext_xgb_all,2021
lag1_fg_missed_50_59,0.0,ext_xgb_all,2021
lag1_fg_missed_60_,0.0,ext_xgb_all,2021
lag1_fg_made_distance,0.0,ext_xgb_all,2021
lag1_fg_missed_distance,0.0,ext_xgb_all,2021
lag1_pat_made,0.0,ext_xgb_all,2021
lag1_pat_att,0.0,ext_xgb_all,2021
lag1_pat_missed,0.0,ext_xgb_all,2021
lag1_pat_blocked,0.0,ext_xgb_all,2021
lag1_gwfg_made,0.0,ext_xgb_all,2021
lag1_gwfg_att,0.0,ext_xgb_all,2021
lag1_gwfg_missed,0.0,ext_xgb_all,2021
lag1_gwfg_blocked,0.0,ext_xgb_all,2021
lag1_gwfg_distance,0.0,ext_xgb_all,2021
lag1_targets,0.002834336787422398,ext_xgb_all,2021
lag1_passing_air_yards,0.0,ext_xgb_all,2021
lag1_passing_yards_after_catch,0.0,ext_xgb_all,2021
lag1_receiving_air_yards,3.5038337117376805e-05,ext_xgb_all,2021
lag1_receiving_yards_after_catch,0.008568360602838943,ext_xgb_all,2021
lag1_games,0.0016080396425112164,ext_xgb_all,2021
lag1_roster_weeks,-0.0018322036509664796,ext_xgb_all,2021
lag1_offense_snaps,0.09853835760673657,ext_xgb_all,2021
lag2_history_available,0.0,ext_xgb_all,2021
lag2_completions,-1.0463866546905898e-05,ext_xgb_all,2021
lag2_attempts,4.477836589744655e-06,ext_xgb_all,2021
lag2_passing_yards,-4.756302975916782e-06,ext_xgb_all,2021
lag2_passing_tds,0.002809706437033932,ext_xgb_all,2021
lag2_passing_interceptions,0.0,ext_xgb_all,2021
lag2_sacks_suffered,0.00010680104925742118,ext_xgb_all,2021
lag2_sack_yards_lost,-0.00011401802731381139,ext_xgb_all,2021
lag2_sack_fumbles,0.00013491166711288027,ext_xgb_all,2021
lag2_sack_fumbles_lost,0.0,ext_xgb_all,2021
lag2_passing_first_downs,0.0,ext_xgb_all,2021
lag2_passing_10,2.663529666468989e-05,ext_xgb_all,2021
lag2_passing_16,1.9025211902556904e-06,ext_xgb_all,2021
lag2_passing_20,0.00014164969771590652,ext_xgb_all,2021
lag2_passing_40,-0.0010623809468545131,ext_xgb_all,2021
lag2_carries,-0.0003245317502108547,ext_xgb_all,2021
lag2_rushing_yards,-0.00013397783412305575,ext_xgb_all,2021
lag2_rushing_tds,0.0012901834921819066,ext_xgb_all,2021
lag2_rushing_fumbles,0.0,ext_xgb_all,2021
lag2_rushing_fumbles_lost,0.0002710550317338578,ext_xgb_all,2021
lag2_rushing_first_downs,-0.0005145301325991669,ext_xgb_all,2021
lag2_rushing_10,-8.26717739016436e-05,ext_xgb_all,2021
lag2_rushing_12,0.0004173418916549876,ext_xgb_all,2021
lag2_rushing_20,-1.6171430117895014e-05,ext_xgb_all,2021
lag2_rushing_40,0.0,ext_xgb_all,2021
lag2_receptions,-0.0013988989881582592,ext_xgb_all,2021
lag2_receiving_yards,0.000308045858050221,ext_xgb_all,2021
lag2_receiving_tds,-0.0001614492514786514,ext_xgb_all,2021
lag2_receiving_fumbles,-2.8695061376260433e-05,ext_xgb_all,2021
lag2_receiving_fumbles_lost,-8.630724414038227e-07,ext_xgb_all,2021
lag2_receiving_first_downs,-0.0006836081416036199,ext_xgb_all,2021
lag2_receiving_10,0.0009297132363913496,ext_xgb_all,2021
lag2_receiving_16,-0.0010566124136260902,ext_xgb_all,2021
lag2_receiving_20,0.0005963614800860162,ext_xgb_all,2021
lag2_receiving_40,0.0,ext_xgb_all,2021
lag2_special_teams_tds,0.0,ext_xgb_all,2021
lag2_fumbles_total,0.0021324697095750356,ext_xgb_all,2021
lag2_fumbles_lost_total,3.2342860235679005e-05,ext_xgb_all,2021
lag2_punt_returns,0.0,ext_xgb_all,2021
lag2_punt_return_yards,0.0,ext_xgb_all,2021
lag2_kickoff_returns,0.0,ext_xgb_all,2021
lag2_kickoff_return_yards,0.0,ext_xgb_all,2021
lag2_fg_made,0.0,ext_xgb_all,2021
lag2_fg_att,0.0,ext_xgb_all,2021
lag2_fg_missed,0.0,ext_xgb_all,2021
lag2_fg_blocked,0.0,ext_xgb_all,2021
lag2_fg_made_0_19,0.0,ext_xgb_all,2021
lag2_fg_made_20_29,0.0,ext_xgb_all,2021
lag2_fg_made_30_39,0.0,ext_xgb_all,2021
lag2_fg_made_40_49,0.0,ext_xgb_all,2021
lag2_fg_made_50_59,0.0,ext_xgb_all,2021
lag2_fg_made_60_,0.0,ext_xgb_all,2021
lag2_fg_missed_0_19,0.0,ext_xgb_all,2021
lag2_fg_missed_20_29,0.0,ext_xgb_all,2021
lag2_fg_missed_30_39,0.0,ext_xgb_all,2021
lag2_fg_missed_40_49,0.0,ext_xgb_all,2021
lag2_fg_missed_50_59,0.0,ext_xgb_all,2021
lag2_fg_missed_60_,0.0,ext_xgb_all,2021
lag2_fg_made_distance,0.0,ext_xgb_all,2021
lag2_fg_missed_distance,0.0,ext_xgb_all,2021
lag2_pat_made,0.0,ext_xgb_all,2021
lag2_pat_att,0.0,ext_xgb_all,2021
lag2_pat_missed,0.0,ext_xgb_all,2021
lag2_pat_blocked,0.0,ext_xgb_all,2021
lag2_gwfg_made,0.0,ext_xgb_all,2021
lag2_gwfg_att,0.0,ext_xgb_all,2021
lag2_gwfg_missed,0.0,ext_xgb_all,2021
lag2_gwfg_blocked,0.0,ext_xgb_all,2021
lag2_gwfg_distance,0.0,ext_xgb_all,2021
lag2_targets,0.00010297109433221596,ext_xgb_all,2021
lag2_passing_air_yards,-1.6171430117895014e-05,ext_xgb_all,2021
lag2_passing_yards_after_catch,0.0,ext_xgb_all,2021
lag2_receiving_air_yards,0.0,ext_xgb_all,2021
lag2_receiving_yards_after_catch,0.009675881941860198,ext_xgb_all,2021
lag2_games,-9.409768419121889e-06,ext_xgb_all,2021
lag2_roster_weeks,0.0,ext_xgb_all,2021
lag2_offense_snaps,0.00526312086834646,ext_xgb_all,2021
lag3_history_available,0.0,ext_xgb_all,2021
lag3_completions,0.0007515821048610372,ext_xgb_all,2021
lag3_attempts,0.0,ext_xgb_all,2021
lag3_passing_yards,0.0,ext_xgb_all,2021
lag3_passing_tds,0.0,ext_xgb_all,2021
lag3_passing_interceptions,0.0,ext_xgb_all,2021
lag3_sacks_suffered,0.0,ext_xgb_all,2021
lag3_sack_yards_lost,0.0,ext_xgb_all,2021
lag3_sack_fumbles,0.0,ext_xgb_all,2021
lag3_sack_fumbles_lost,0.0,ext_xgb_all,2021
lag3_passing_first_downs,0.0,ext_xgb_all,2021
lag3_passing_10,0.0,ext_xgb_all,2021
lag3_passing_16,4.4399863445399035e-05,ext_xgb_all,2021
lag3_passing_20,0.0003160362691921881,ext_xgb_all,2021
lag3_passing_40,0.0,ext_xgb_all,2021
lag3_carries,2.3537023972619586e-05,ext_xgb_all,2021
lag3_rushing_yards,0.000151888182987725,ext_xgb_all,2021
lag3_rushing_tds,0.0,ext_xgb_all,2021
lag3_rushing_fumbles,-2.7329157806676996e-05,ext_xgb_all,2021
lag3_rushing_fumbles_lost,-8.561345356505878e-05,ext_xgb_all,2021
lag3_rushing_first_downs,0.0011177406023329395,ext_xgb_all,2021
lag3_rushing_10,0.0013186152812685314,ext_xgb_all,2021
lag3_rushing_12,9.707723558260994e-05,ext_xgb_all,2021
lag3_rushing_20,0.0,ext_xgb_all,2021
lag3_rushing_40,0.0,ext_xgb_all,2021
lag3_receptions,0.0,ext_xgb_all,2021
lag3_receiving_yards,3.114720191188525e-05,ext_xgb_all,2021
lag3_receiving_tds,0.00010778293647650816,ext_xgb_all,2021
lag3_receiving_fumbles,0.0,ext_xgb_all,2021
lag3_receiving_fumbles_lost,0.0,ext_xgb_all,2021
lag3_receiving_first_downs,-0.001270986054633716,ext_xgb_all,2021
lag3_receiving_10,-0.00010570525549435938,ext_xgb_all,2021
lag3_receiving_16,-2.9630345759978916e-05,ext_xgb_all,2021
lag3_receiving_20,0.0005017928461343857,ext_xgb_all,2021
lag3_receiving_40,0.0,ext_xgb_all,2021
lag3_special_teams_tds,0.0,ext_xgb_all,2021
lag3_fumbles_total,-3.101323545218193e-05,ext_xgb_all,2021
lag3_fumbles_lost_total,0.0,ext_xgb_all,2021
lag3_punt_returns,0.0,ext_xgb_all,2021
lag3_punt_return_yards,0.0,ext_xgb_all,2021
lag3_kickoff_returns,3.2056976394523318e-06,ext_xgb_all,2021
lag3_kickoff_return_yards,0.0,ext_xgb_all,2021
lag3_fg_made,0.0,ext_xgb_all,2021
lag3_fg_att,0.0,ext_xgb_all,2021
lag3_fg_missed,0.0,ext_xgb_all,2021
lag3_fg_blocked,0.0,ext_xgb_all,2021
lag3_fg_made_0_19,0.0,ext_xgb_all,2021
lag3_fg_made_20_29,0.0,ext_xgb_all,2021
lag3_fg_made_30_39,0.0,ext_xgb_all,2021
lag3_fg_made_40_49,0.0,ext_xgb_all,2021
lag3_fg_made_50_59,0.0,ext_xgb_all,2021
lag3_fg_made_60_,0.0,ext_xgb_all,2021
lag3_fg_missed_0_19,0.0,ext_xgb_all,2021
lag3_fg_missed_20_29,0.0,ext_xgb_all,2021
lag3_fg_missed_30_39,0.0,ext_xgb_all,2021
lag3_fg_missed_40_49,0.0,ext_xgb_all,2021
lag3_fg_missed_50_59,0.0,ext_xgb_all,2021
lag3_fg_missed_60_,0.0,ext_xgb_all,2021
lag3_fg_made_distance,0.0,ext_xgb_all,2021
lag3_fg_missed_distance,0.0,ext_xgb_all,2021
lag3_pat_made,0.0,ext_xgb_all,2021
lag3_pat_att,0.0,ext_xgb_all,2021
lag3_pat_missed,0.0,ext_xgb_all,2021
lag3_pat_blocked,0.0,ext_xgb_all,2021
lag3_gwfg_made,0.0,ext_xgb_all,2021
lag3_gwfg_att,0.0,ext_xgb_all,2021
lag3_gwfg_missed,0.0,ext_xgb_all,2021
lag3_gwfg_blocked,0.0,ext_xgb_all,2021
lag3_gwfg_distance,0.0,ext_xgb_all,2021
lag3_targets,0.0,ext_xgb_all,2021
lag3_passing_air_yards,0.00019933081924605744,ext_xgb_all,2021
lag3_passing_yards_after_catch,0.0,ext_xgb_all,2021
lag3_receiving_air_yards,0.00019734040472985104,ext_xgb_all,2021
lag3_receiving_yards_after_catch,0.00017814946999239467,ext_xgb_all,2021
lag3_games,0.0,ext_xgb_all,2021
lag3_roster_weeks,0.0,ext_xgb_all,2021
lag3_offense_snaps,0.00012593359108703517,ext_xgb_all,2021
lag4_history_available,0.0,ext_xgb_all,2021
lag4_completions,0.0,ext_xgb_all,2021
lag4_attempts,0.0,ext_xgb_all,2021
lag4_passing_yards,0.0,ext_xgb_all,2021
lag4_passing_tds,0.0,ext_xgb_all,2021
lag4_passing_interceptions,-4.004843972560401e-05,ext_xgb_all,2021
lag4_sacks_suffered,0.0,ext_xgb_all,2021
lag4_sack_yards_lost,0.0,ext_xgb_all,2021
lag4_sack_fumbles,0.0,ext_xgb_all,2021
lag4_sack_fumbles_lost,0.00013047923938747097,ext_xgb_all,2021
lag4_passing_first_downs,0.00028978479639407695,ext_xgb_all,2021
lag4_passing_10,-0.0006709709730724489,ext_xgb_all,2021
lag4_passing_16,0.0006224185033766316,ext_xgb_all,2021
lag4_passing_20,0.0005910171534266873,ext_xgb_all,2021
lag4_passing_40,0.0,ext_xgb_all,2021
lag4_carries,4.5275980069980903e-05,ext_xgb_all,2021
lag4_rushing_yards,0.0,ext_xgb_all,2021
lag4_rushing_tds,0.0,ext_xgb_all,2021
lag4_rushing_fumbles,0.0,ext_xgb_all,2021
lag4_rushing_fumbles_lost,0.0,ext_xgb_all,2021
lag4_rushing_first_downs,-4.901855267580579e-06,ext_xgb_all,2021
lag4_rushing_10,0.0,ext_xgb_all,2021
lag4_rushing_12,-1.9976472498517417e-05,ext_xgb_all,2021
lag4_rushing_20,0.00016148297530582667,ext_xgb_all,2021
lag4_rushing_40,0.00026535778681602284,ext_xgb_all,2021
lag4_receptions,0.0,ext_xgb_all,2021
lag4_receiving_yards,0.0,ext_xgb_all,2021
lag4_receiving_tds,7.675952468311209e-06,ext_xgb_all,2021
lag4_receiving_fumbles,0.0,ext_xgb_all,2021
lag4_receiving_fumbles_lost,-1.6363628880133874e-05,ext_xgb_all,2021
lag4_receiving_first_downs,-3.2177124032695126e-05,ext_xgb_all,2021
lag4_receiving_10,0.0008516766877445514,ext_xgb_all,2021
lag4_receiving_16,0.0,ext_xgb_all,2021
lag4_receiving_20,4.3394999146406654e-05,ext_xgb_all,2021
lag4_receiving_40,0.0,ext_xgb_all,2021
lag4_special_teams_tds,0.0,ext_xgb_all,2021
lag4_fumbles_total,0.0,ext_xgb_all,2021
lag4_fumbles_lost_total,-3.976992998555584e-05,ext_xgb_all,2021
lag4_punt_returns,0.0,ext_xgb_all,2021
lag4_punt_return_yards,0.0,ext_xgb_all,2021
lag4_kickoff_returns,0.0,ext_xgb_all,2021
lag4_kickoff_return_yards,0.0,ext_xgb_all,2021
lag4_fg_made,0.0,ext_xgb_all,2021
lag4_fg_att,0.0,ext_xgb_all,2021
lag4_fg_missed,0.0,ext_xgb_all,2021
lag4_fg_blocked,0.0,ext_xgb_all,2021
lag4_fg_made_0_19,0.0,ext_xgb_all,2021
lag4_fg_made_20_29,0.0,ext_xgb_all,2021
lag4_fg_made_30_39,0.0,ext_xgb_all,2021
lag4_fg_made_40_49,0.0,ext_xgb_all,2021
lag4_fg_made_50_59,0.0,ext_xgb_all,2021
lag4_fg_made_60_,0.0,ext_xgb_all,2021
lag4_fg_missed_0_19,0.0,ext_xgb_all,2021
lag4_fg_missed_20_29,0.0,ext_xgb_all,2021
lag4_fg_missed_30_39,0.0,ext_xgb_all,2021
lag4_fg_missed_40_49,0.0,ext_xgb_all,2021
lag4_fg_missed_50_59,0.0,ext_xgb_all,2021
lag4_fg_missed_60_,0.0,ext_xgb_all,2021
lag4_fg_made_distance,0.0,ext_xgb_all,2021
lag4_fg_missed_distance,0.0,ext_xgb_all,2021
lag4_pat_made,0.0,ext_xgb_all,2021
lag4_pat_att,0.0,ext_xgb_all,2021
lag4_pat_missed,0.0,ext_xgb_all,2021
lag4_pat_blocked,0.0,ext_xgb_all,2021
lag4_gwfg_made,0.0,ext_xgb_all,2021
lag4_gwfg_att,0.0,ext_xgb_all,2021
lag4_gwfg_missed,0.0,ext_xgb_all,2021
lag4_gwfg_blocked,0.0,ext_xgb_all,2021
lag4_gwfg_distance,0.0,ext_xgb_all,2021
lag4_targets,0.0,ext_xgb_all,2021
lag4_passing_air_yards,0.0001559350364449541,ext_xgb_all,2021
lag4_passing_yards_after_catch,0.0,ext_xgb_all,2021
lag4_receiving_air_yards,1.8642481536490507e-05,ext_xgb_all,2021
lag4_receiving_yards_after_catch,-6.683746627011988e-05,ext_xgb_all,2021
lag4_games,-0.0002658854190139559,ext_xgb_all,2021
lag4_roster_weeks,-0.00012597533020597407,ext_xgb_all,2021
lag4_offense_snaps,0.0005843885308307595,ext_xgb_all,2021
lag1_completion_rate,-1.829075635406685e-05,ext_xgb_all,2021
lag1_pass_yards_per_attempt,0.006549048961055348,ext_xgb_all,2021
lag1_pass_td_rate,0.0016368409897563607,ext_xgb_all,2021
lag1_interception_rate,-6.438905666494854e-05,ext_xgb_all,2021
lag1_rush_yards_per_carry,0.005257138109110326,ext_xgb_all,2021
lag1_rush_first_down_rate,-4.950208786447252e-05,ext_xgb_all,2021
lag1_rush_20_rate,0.0017572687142014543,ext_xgb_all,2021
lag1_receiving_yards_per_reception,6.028490692644439e-06,ext_xgb_all,2021
lag1_receiving_first_down_rate,-6.489786015584365e-05,ext_xgb_all,2021
lag1_receiving_20_rate,2.3893201893776528e-05,ext_xgb_all,2021
lag1_field_goal_make_rate,0.0,ext_xgb_all,2021
lag1_made_field_goal_mean_distance,0.0,ext_xgb_all,2021
lag1_missed_field_goal_mean_distance,0.0,ext_xgb_all,2021
lag1_pat_make_rate,0.0,ext_xgb_all,2021
lag1_catch_rate,3.733015608009538e-05,ext_xgb_all,2021
lag1_receiving_yards_per_target,0.008799782151289626,ext_xgb_all,2021
lag1_receiving_air_yards_per_target,0.0007242323419777152,ext_xgb_all,2021
lag1_receiving_yards_after_catch_per_reception,0.0002442174732556479,ext_xgb_all,2021
lag1_passing_air_yards_per_attempt,0.0015853393797036208,ext_xgb_all,2021
lag1_passing_yards_after_catch_per_completion,8.66781642316905e-05,ext_xgb_all,2021
lag2_completion_rate,-8.035069763345781e-05,ext_xgb_all,2021
lag2_pass_yards_per_attempt,-0.0004894655191665098,ext_xgb_all,2021
lag2_pass_td_rate,0.0006678170958536178,ext_xgb_all,2021
lag2_interception_rate,9.13210171360479e-05,ext_xgb_all,2021
lag2_rush_yards_per_carry,0.00010884230260166383,ext_xgb_all,2021
lag2_rush_first_down_rate,-3.332802923095013e-05,ext_xgb_all,2021
lag2_rush_20_rate,0.00027830804002559884,ext_xgb_all,2021
lag2_receiving_yards_per_reception,-7.515281670622542e-05,ext_xgb_all,2021
lag2_receiving_first_down_rate,0.0012979816914019393,ext_xgb_all,2021
lag2_receiving_20_rate,-5.2486304493615243e-05,ext_xgb_all,2021
lag2_field_goal_make_rate,0.0,ext_xgb_all,2021
lag2_made_field_goal_mean_distance,0.0,ext_xgb_all,2021
lag2_missed_field_goal_mean_distance,0.0,ext_xgb_all,2021
lag2_pat_make_rate,0.0,ext_xgb_all,2021
lag2_catch_rate,4.468088406739401e-05,ext_xgb_all,2021
lag2_receiving_yards_per_target,3.082401578424765e-08,ext_xgb_all,2021
lag2_receiving_air_yards_per_target,0.0,ext_xgb_all,2021
lag2_receiving_yards_after_catch_per_reception,0.0,ext_xgb_all,2021
lag2_passing_air_yards_per_attempt,0.00011688441653689985,ext_xgb_all,2021
lag2_passing_yards_after_catch_per_completion,-0.00022069245807887494,ext_xgb_all,2021
lag3_completion_rate,0.0,ext_xgb_all,2021
lag3_pass_yards_per_attempt,0.0,ext_xgb_all,2021
lag3_pass_td_rate,-0.00012723423162186442,ext_xgb_all,2021
lag3_interception_rate,2.378151487913982e-05,ext_xgb_all,2021
lag3_rush_yards_per_carry,7.14499795749779e-05,ext_xgb_all,2021
lag3_rush_first_down_rate,-6.928665014072077e-05,ext_xgb_all,2021
lag3_rush_20_rate,0.0,ext_xgb_all,2021
lag3_receiving_yards_per_reception,1.7107328749155215e-06,ext_xgb_all,2021
lag3_receiving_first_down_rate,-1.4396952628170645e-05,ext_xgb_all,2021
lag3_receiving_20_rate,-5.8581136435642556e-05,ext_xgb_all,2021
lag3_field_goal_make_rate,0.0,ext_xgb_all,2021
lag3_made_field_goal_mean_distance,0.0,ext_xgb_all,2021
lag3_missed_field_goal_mean_distance,0.0,ext_xgb_all,2021
lag3_pat_make_rate,0.0,ext_xgb_all,2021
lag3_catch_rate,-7.841574387590367e-05,ext_xgb_all,2021
lag3_receiving_yards_per_target,-3.2330336646180236e-05,ext_xgb_all,2021
lag3_receiving_air_yards_per_target,0.0,ext_xgb_all,2021
lag3_receiving_yards_after_catch_per_reception,7.060240810619067e-05,ext_xgb_all,2021
lag3_passing_air_yards_per_attempt,0.0,ext_xgb_all,2021
lag3_passing_yards_after_catch_per_completion,3.519664202111805e-05,ext_xgb_all,2021
lag4_completion_rate,-0.00019786220379480746,ext_xgb_all,2021
lag4_pass_yards_per_attempt,4.186108727877169e-06,ext_xgb_all,2021
lag4_pass_td_rate,8.095927740270348e-05,ext_xgb_all,2021
lag4_interception_rate,0.00012176135618136019,ext_xgb_all,2021
lag4_rush_yards_per_carry,5.231933273419642e-05,ext_xgb_all,2021
lag4_rush_first_down_rate,0.0,ext_xgb_all,2021
lag4_rush_20_rate,-0.00044193230276667883,ext_xgb_all,2021
lag4_receiving_yards_per_reception,0.0,ext_xgb_all,2021
lag4_receiving_first_down_rate,2.5125151153049252e-05,ext_xgb_all,2021
lag4_receiving_20_rate,6.519279334038508e-06,ext_xgb_all,2021
lag4_field_goal_make_rate,0.0,ext_xgb_all,2021
lag4_made_field_goal_mean_distance,0.0,ext_xgb_all,2021
lag4_missed_field_goal_mean_distance,0.0,ext_xgb_all,2021
lag4_pat_make_rate,0.0,ext_xgb_all,2021
lag4_catch_rate,0.0,ext_xgb_all,2021
lag4_receiving_yards_per_target,1.195971811618346e-05,ext_xgb_all,2021
lag4_receiving_air_yards_per_target,1.4268908927528301e-05,ext_xgb_all,2021
lag4_receiving_yards_after_catch_per_reception,-7.042361958886634e-05,ext_xgb_all,2021
lag4_passing_air_yards_per_attempt,0.00047188306204004604,ext_xgb_all,2021
lag4_passing_yards_after_catch_per_completion,0.0,ext_xgb_all,2021
lag1_late6_attempts,1.2716036532633979e-05,ext_xgb_all,2021
lag1_weekly_slope_attempts,0.0005244664156996981,ext_xgb_all,2021
lag1_late6_mean_delta_attempts,-8.561345356505878e-05,ext_xgb_all,2021
lag1_late6_passing_yards,5.168476363470731e-05,ext_xgb_all,2021
lag1_weekly_slope_passing_yards,-4.591247487595318e-05,ext_xgb_all,2021
lag1_late6_mean_delta_passing_yards,0.000223972947330342,ext_xgb_all,2021
lag1_late6_passing_first_downs,0.00011672704489429364,ext_xgb_all,2021
lag1_weekly_slope_passing_first_downs,0.000779540422699343,ext_xgb_all,2021
lag1_late6_mean_delta_passing_first_downs,0.0016693405515302295,ext_xgb_all,2021
lag1_late6_passing_20,0.0009282433379058652,ext_xgb_all,2021
lag1_weekly_slope_passing_20,-0.0002273944795958549,ext_xgb_all,2021
lag1_late6_mean_delta_passing_20,-0.000557655459697215,ext_xgb_all,2021
lag1_late6_carries,0.0005109251193299302,ext_xgb_all,2021
lag1_weekly_slope_carries,0.0004323726335558886,ext_xgb_all,2021
lag1_late6_mean_delta_carries,0.0012612424184418325,ext_xgb_all,2021
lag1_late6_rushing_yards,-0.0007080870050776289,ext_xgb_all,2021
lag1_weekly_slope_rushing_yards,0.0007980812279492211,ext_xgb_all,2021
lag1_late6_mean_delta_rushing_yards,0.001101199319750279,ext_xgb_all,2021
lag1_late6_rushing_first_downs,9.250455263554169e-05,ext_xgb_all,2021
lag1_weekly_slope_rushing_first_downs,-0.002874292736402828,ext_xgb_all,2021
lag1_late6_mean_delta_rushing_first_downs,-0.0003776442642501321,ext_xgb_all,2021
lag1_late6_rushing_20,-0.00023306534854194982,ext_xgb_all,2021
lag1_weekly_slope_rushing_20,0.00016253482738104452,ext_xgb_all,2021
lag1_late6_mean_delta_rushing_20,-0.0008331462150417135,ext_xgb_all,2021
lag1_late6_receptions,0.0011931394728895706,ext_xgb_all,2021
lag1_weekly_slope_receptions,0.0003937874855285406,ext_xgb_all,2021
lag1_late6_mean_delta_receptions,-0.000582427110106587,ext_xgb_all,2021
lag1_late6_receiving_yards,-0.0012561503024012266,ext_xgb_all,2021
lag1_weekly_slope_receiving_yards,-0.00038554659358791543,ext_xgb_all,2021
lag1_late6_mean_delta_receiving_yards,-0.0017311195041077587,ext_xgb_all,2021
lag1_late6_receiving_first_downs,6.1801212083434365e-06,ext_xgb_all,2021
lag1_weekly_slope_receiving_first_downs,-0.00010425910595224241,ext_xgb_all,2021
lag1_late6_mean_delta_receiving_first_downs,0.0003762114909123815,ext_xgb_all,2021
lag1_late6_receiving_20,-0.00015028079961398877,ext_xgb_all,2021
lag1_weekly_slope_receiving_20,-0.0006287310566933657,ext_xgb_all,2021
lag1_late6_mean_delta_receiving_20,-0.00045413642631764173,ext_xgb_all,2021
lag1_late6_punt_return_yards,0.0,ext_xgb_all,2021
lag1_weekly_slope_punt_return_yards,0.0,ext_xgb_all,2021
lag1_late6_mean_delta_punt_return_yards,-1.2958078849600874e-05,ext_xgb_all,2021
lag1_late6_kickoff_return_yards,0.0,ext_xgb_all,2021
lag1_weekly_slope_kickoff_return_yards,0.0,ext_xgb_all,2021
lag1_late6_mean_delta_kickoff_return_yards,0.0,ext_xgb_all,2021
lag1_late6_fg_made,0.0,ext_xgb_all,2021
lag1_weekly_slope_fg_made,0.0,ext_xgb_all,2021
lag1_late6_mean_delta_fg_made,0.0,ext_xgb_all,2021
lag1_late6_fg_att,0.0,ext_xgb_all,2021
lag1_weekly_slope_fg_att,0.0,ext_xgb_all,2021
lag1_late6_mean_delta_fg_att,0.0,ext_xgb_all,2021
lag1_late6_pat_att,0.0,ext_xgb_all,2021
lag1_weekly_slope_pat_att,0.0,ext_xgb_all,2021
lag1_late6_mean_delta_pat_att,0.0,ext_xgb_all,2021
lag1_late6_targets,0.0,ext_xgb_all,2021
lag1_weekly_slope_targets,0.00013087115470555855,ext_xgb_all,2021
lag1_late6_mean_delta_targets,0.00019133883461397438,ext_xgb_all,2021
lag1_late6_passing_air_yards,0.0,ext_xgb_all,2021
lag1_weekly_slope_passing_air_yards,0.00045039071969832367,ext_xgb_all,2021
lag1_late6_mean_delta_passing_air_yards,0.0,ext_xgb_all,2021
lag1_late6_passing_yards_after_catch,0.0,ext_xgb_all,2021
lag1_weekly_slope_passing_yards_after_catch,1.1415127141978232e-05,ext_xgb_all,2021
lag1_late6_mean_delta_passing_yards_after_catch,-0.00021285035995721735,ext_xgb_all,2021
lag1_late6_receiving_air_yards,-2.2193291349115185e-06,ext_xgb_all,2021
lag1_weekly_slope_receiving_air_yards,2.3734492138327568e-06,ext_xgb_all,2021
lag1_late6_mean_delta_receiving_air_yards,0.00023096618283935388,ext_xgb_all,2021
lag1_late6_receiving_yards_after_catch,-0.0010558424368252162,ext_xgb_all,2021
lag1_weekly_slope_receiving_yards_after_catch,1.1387605787116506e-05,ext_xgb_all,2021
lag1_late6_mean_delta_receiving_yards_after_catch,0.0005547777086311045,ext_xgb_all,2021
position_K,0.0,ext_xgb_all,2021
injury_lag2_injury_reported,0.0,ext_xgb_all,2021
injury_lag2_injury_report_weeks,0.0,ext_xgb_all,2021
injury_lag2_designation_count,0.00010653872606025683,ext_xgb_all,2021
injury_lag3_injury_reported,0.0,ext_xgb_all,2021
injury_lag3_injury_report_weeks,6.180665080057768e-05,ext_xgb_all,2021
injury_lag3_designation_count,2.183653295328991e-05,ext_xgb_all,2021
injury_lag4_injury_reported,0.0,ext_xgb_all,2021
injury_lag4_injury_report_weeks,0.0,ext_xgb_all,2021
injury_lag4_designation_count,-1.5151183835326876e-06,ext_xgb_all,2021
injury_lag5_injury_reported,0.0,ext_xgb_all,2021
injury_lag5_injury_report_weeks,0.0021510662183139573,ext_xgb_all,2021
injury_lag5_designation_count,0.00013882803655529408,ext_xgb_all,2021
injury_lag1_reserve_weeks,0.002642154903404803,ext_xgb_all,2021
injury_lag2_reserve_weeks,0.0,ext_xgb_all,2021
injury_lag3_reserve_weeks,-1.5835676776876362e-05,ext_xgb_all,2021
injury_lag4_reserve_weeks,0.0,ext_xgb_all,2021
injury_lag2_absence_report_weeks,2.206098093959774e-05,ext_xgb_all,2021
injury_lag2_absence_reported,0.0,ext_xgb_all,2021
injury_lag3_absence_report_weeks,-3.21437368389077e-07,ext_xgb_all,2021
injury_lag3_absence_reported,0.0,ext_xgb_all,2021
injury_lag4_absence_report_weeks,0.0,ext_xgb_all,2021
injury_lag4_absence_reported,0.0,ext_xgb_all,2021
injury_lag5_absence_report_weeks,9.07035906128062e-06,ext_xgb_all,2021
injury_lag5_absence_reported,0.0,ext_xgb_all,2021
